arm,target,step,recipient,donor,text_same_class_cosine,scaled_logits_delta_rms,centered_scaled_logits_delta_rms,prediction_flip_rate,kl_altered_to_original,descriptor_used
r1_shared,art,0,clipart,product,0.9921590685844421,0.44969460368156433,0.33763882517814636,0.24639472365379333,0.04359632730484009,True
r1_shared,art,0,clipart,real_world,0.9903088808059692,0.4552628993988037,0.348308801651001,0.2678203582763672,0.04857524111866951,True
r1_shared,art,0,clipart,pooled,0.9960597157478333,0.29091063141822815,0.2131749838590622,0.16604861617088318,0.01940813660621643,True
r1_shared,art,0,clipart,art,0.9887690544128418,0.5318071842193604,0.411958783864975,0.2838895618915558,0.06347969174385071,True
r1_shared,art,0,product,clipart,0.9921590685844421,0.44969460368156433,0.33763882517814636,0.24639472365379333,0.04569973796606064,True
r1_shared,art,0,product,real_world,0.9929652214050293,0.457563579082489,0.37070560455322266,0.24103832244873047,0.04667576402425766,True
r1_shared,art,0,product,pooled,0.9980351328849792,0.21513070166110992,0.17814278602600098,0.13185001909732819,0.01277367677539587,True
r1_shared,art,0,product,art,0.9871753454208374,0.637648344039917,0.49735909700393677,0.30696332454681396,0.08889614790678024,True
r1_shared,art,0,real_world,clipart,0.9903088808059692,0.4552628993988037,0.348308801651001,0.2678203582763672,0.04739171266555786,True
r1_shared,art,0,real_world,product,0.9929652214050293,0.457563579082489,0.37070560455322266,0.24103832244873047,0.04173276200890541,True
r1_shared,art,0,real_world,pooled,0.9955286979675293,0.3647724390029907,0.2879362404346466,0.18541409075260162,0.024373462423682213,True
r1_shared,art,0,real_world,art,0.9969444870948792,0.23098428547382355,0.16966599225997925,0.11990111321210861,0.012367376126348972,True
r1_shared,art,0,pooled,clipart,0.9960597157478333,0.29091063141822815,0.2131749838590622,0.16604861617088318,0.019893771037459373,True
r1_shared,art,0,pooled,product,0.9980351328849792,0.21513070166110992,0.17814278602600098,0.13185001909732819,0.012412000447511673,True
r1_shared,art,0,pooled,real_world,0.9955286979675293,0.3647724390029907,0.2879362404346466,0.18541409075260162,0.026203231886029243,True
r1_shared,art,0,pooled,art,0.9909297227859497,0.5294207334518433,0.40504351258277893,0.24763081967830658,0.05541764572262764,True
r1_shared,art,0,art,clipart,0.9887690544128418,0.5318071842193604,0.411958783864975,0.2838895618915558,0.060235172510147095,True
r1_shared,art,0,art,product,0.9871753454208374,0.637648344039917,0.49735909700393677,0.30696332454681396,0.07572078704833984,True
r1_shared,art,0,art,real_world,0.9969444870948792,0.23098428547382355,0.16966599225997925,0.11990111321210861,0.01173391006886959,True
r1_shared,art,0,art,pooled,0.9909297227859497,0.5294207334518433,0.40504351258277893,0.24763081967830658,0.04949833080172539,True
r1_shared,art,200,clipart,product,0.9998043179512024,0.06826148182153702,0.04784942790865898,0.0090646892786026,0.0003617210895754397,True
r1_shared,art,200,clipart,real_world,0.9997340440750122,0.0823545902967453,0.0542854443192482,0.010712813585996628,0.0004896542523056269,True
r1_shared,art,200,clipart,pooled,0.9998992681503296,0.05048319697380066,0.034006211906671524,0.007004532031714916,0.00018736891797743738,True
r1_shared,art,200,clipart,art,0.9997572898864746,0.0765942633152008,0.05123358219861984,0.0090646892786026,0.0004217579844407737,True
r1_shared,art,200,product,clipart,0.9998043179512024,0.06826148182153702,0.04784942790865898,0.0090646892786026,0.00036091639776714146,True
r1_shared,art,200,product,real_world,0.9999450445175171,0.033339858055114746,0.02188483625650406,0.004120313096791506,7.59329050197266e-05,True
r1_shared,art,200,product,pooled,0.99997478723526,0.02235063910484314,0.016586098819971085,0.0032962504774332047,4.0897986764321104e-05,True
r1_shared,art,200,product,art,0.9998803734779358,0.04678645730018616,0.03296217322349548,0.006592500954866409,0.0001631973427720368,True
r1_shared,art,200,real_world,clipart,0.9997340440750122,0.0823545902967453,0.0542854443192482,0.010712813585996628,0.00048824833356775343,True
r1_shared,art,200,real_world,product,0.9999450445175171,0.033339858055114746,0.02188483625650406,0.004120313096791506,7.589710730826482e-05,True
r1_shared,art,200,real_world,pooled,0.9999535083770752,0.033849168568849564,0.021839745342731476,0.004120313096791506,8.105735469143838e-05,True
r1_shared,art,200,real_world,art,0.9999729990959167,0.023835482075810432,0.016246091574430466,0.004120313096791506,4.136563075007871e-05,True
r1_shared,art,200,pooled,clipart,0.9998992681503296,0.05048319697380066,0.034006211906671524,0.007004532031714916,0.00018704771355260164,True
r1_shared,art,200,pooled,product,0.99997478723526,0.02235063910484314,0.016586098819971085,0.0032962504774332047,4.092500239494257e-05,True
r1_shared,art,200,pooled,real_world,0.9999535083770752,0.033849168568849564,0.021839745342731476,0.004120313096791506,8.115213859127834e-05,True
r1_shared,art,200,pooled,art,0.9999300241470337,0.0375923216342926,0.02579628862440586,0.004944375716149807,0.00010251264757243916,True
r1_shared,art,200,art,clipart,0.9997572898864746,0.0765942633152008,0.05123358219861984,0.0090646892786026,0.0004208345781080425,True
r1_shared,art,200,art,product,0.9998803734779358,0.04678645730018616,0.03296217322349548,0.006592500954866409,0.0001631888299016282,True
r1_shared,art,200,art,real_world,0.9999729990959167,0.023835482075810432,0.016246091574430466,0.004120313096791506,4.138272925047204e-05,True
r1_shared,art,200,art,pooled,0.9999300241470337,0.0375923216342926,0.02579628862440586,0.004944375716149807,0.00010245297744404525,True
r1_shared,art,400,clipart,product,0.9998756051063538,0.05262507125735283,0.03849060833454132,0.005356406792998314,0.00022159238869789988,True
r1_shared,art,400,clipart,real_world,0.9998301863670349,0.06224459409713745,0.04267178103327751,0.005356406792998314,0.0002820944646373391,True
r1_shared,art,400,clipart,pooled,0.9999366402626038,0.038115665316581726,0.02682655118405819,0.004944375716149807,0.0001100156077882275,True
r1_shared,art,400,clipart,art,0.9998314380645752,0.060170259326696396,0.0409708097577095,0.007004532031714916,0.00025941175408661366,True
r1_shared,art,400,product,clipart,0.9998756051063538,0.05262507125735283,0.03849060833454132,0.005356406792998314,0.0002210855600424111,True
r1_shared,art,400,product,real_world,0.9999591708183289,0.02762037143111229,0.01892239786684513,0.0016481252387166023,5.2768358727917075e-05,True
r1_shared,art,400,product,pooled,0.9999826550483704,0.018513688817620277,0.014179596677422523,0.0004120313096791506,2.8523076252895407e-05,True
r1_shared,art,400,product,art,0.9999058842658997,0.04116126149892807,0.029353132471442223,0.004120313096791506,0.00012874504318460822,True
r1_shared,art,400,real_world,clipart,0.9998301863670349,0.06224459409713745,0.04267178103327751,0.005356406792998314,0.0002812384918797761,True
r1_shared,art,400,real_world,product,0.9999591708183289,0.02762037143111229,0.01892239786684513,0.0016481252387166023,5.271580084809102e-05,True
r1_shared,art,400,real_world,pooled,0.9999687671661377,0.026041116565465927,0.017365284264087677,0.0012360939290374517,4.7089819418033585e-05,True
r1_shared,art,400,real_world,art,0.9999797940254211,0.020750781521201134,0.013935001567006111,0.0024721878580749035,3.0992599931778386e-05,True
r1_shared,art,400,pooled,clipart,0.9999366402626038,0.038115665316581726,0.02682655118405819,0.004944375716149807,0.00010981702507706359,True
r1_shared,art,400,pooled,product,0.9999826550483704,0.018513688817620277,0.014179596677422523,0.0004120313096791506,2.8532611395348795e-05,True
r1_shared,art,400,pooled,real_world,0.9999687671661377,0.026041116565465927,0.017365284264087677,0.0012360939290374517,4.714955866802484e-05,True
r1_shared,art,400,pooled,art,0.9999446272850037,0.03252852335572243,0.02209404483437538,0.0037082817871123552,7.566725980723277e-05,True
r1_shared,art,400,art,clipart,0.9998314380645752,0.060170259326696396,0.0409708097577095,0.007004532031714916,0.00025863919290713966,True
r1_shared,art,400,art,product,0.9999058842658997,0.04116126149892807,0.029353132471442223,0.004120313096791506,0.00012857804540544748,True
r1_shared,art,400,art,real_world,0.9999797940254211,0.020750781521201134,0.013935001567006111,0.0024721878580749035,3.099159584962763e-05,True
r1_shared,art,400,art,pooled,0.9999446272850037,0.03252852335572243,0.02209404483437538,0.0037082817871123552,7.556179480161518e-05,True
r1_shared,art,600,clipart,product,0.9998941421508789,0.04852715879678726,0.03578175976872444,0.004120313096791506,0.00019623700063675642,True
r1_shared,art,600,clipart,real_world,0.9998393058776855,0.06057362258434296,0.04199494048953056,0.004944375716149807,0.0002800559741444886,True
r1_shared,art,600,clipart,pooled,0.9999433159828186,0.03604212775826454,0.02567472867667675,0.0024721878580749035,0.00010293522063875571,True
r1_shared,art,600,clipart,art,0.9998164176940918,0.06368347257375717,0.0429665669798851,0.004120313096791506,0.00028405265766195953,True
r1_shared,art,600,product,clipart,0.9998941421508789,0.04852715879678726,0.03578175976872444,0.004120313096791506,0.00019547152623999864,True
r1_shared,art,600,product,real_world,0.9999569058418274,0.02805286832153797,0.01907135359942913,0.0024721878580749035,5.527736357180402e-05,True
r1_shared,art,600,product,pooled,0.9999850988388062,0.016791298985481262,0.012851095758378506,0.0016481252387166023,2.4170625692931935e-05,True
r1_shared,art,600,product,art,0.9998929500579834,0.04414978250861168,0.0306844525039196,0.0032962504774332047,0.0001389222452417016,True
r1_shared,art,600,real_world,clipart,0.9998393058776855,0.06057362258434296,0.04199494048953056,0.004944375716149807,0.0002784759853966534,True
r1_shared,art,600,real_world,product,0.9999569058418274,0.02805286832153797,0.01907135359942913,0.0024721878580749035,5.518467878573574e-05,True
r1_shared,art,600,real_world,pooled,0.9999681711196899,0.02632046304643154,0.01770075410604477,0.0024721878580749035,5.002904435968958e-05,True
r1_shared,art,600,real_world,art,0.9999779462814331,0.021342482417821884,0.014627397060394287,0.0024721878580749035,3.267496867920272e-05,True
r1_shared,art,600,pooled,clipart,0.9999433159828186,0.03604212775826454,0.02567472867667675,0.0024721878580749035,0.0001026064928737469,True
r1_shared,art,600,pooled,product,0.9999850988388062,0.016791298985481262,0.012851095758378506,0.0016481252387166023,2.41856887441827e-05,True
r1_shared,art,600,pooled,real_world,0.9999681711196899,0.02632046304643154,0.01770075410604477,0.0024721878580749035,5.014764974475838e-05,True
r1_shared,art,600,pooled,art,0.999932050704956,0.03691376745700836,0.024558493867516518,0.0024721878580749035,9.009654604597017e-05,True
r1_shared,art,600,art,clipart,0.9998164176940918,0.06368347257375717,0.0429665669798851,0.004120313096791506,0.00028240864048711956,True
r1_shared,art,600,art,product,0.9998929500579834,0.04414978250861168,0.0306844525039196,0.0032962504774332047,0.0001387291558785364,True
r1_shared,art,600,art,real_world,0.9999779462814331,0.021342482417821884,0.014627397060394287,0.0024721878580749035,3.2681869924999774e-05,True
r1_shared,art,600,art,pooled,0.999932050704956,0.03691376745700836,0.024558493867516518,0.0024721878580749035,8.989007619675249e-05,True
r1_shared,art,800,clipart,product,0.9999021291732788,0.04681440070271492,0.03333056718111038,0.004120313096791506,0.00016684579895809293,True
r1_shared,art,800,clipart,real_world,0.9998241662979126,0.0666474848985672,0.04308818280696869,0.0045323446393013,0.00026354851434007287,True
r1_shared,art,800,clipart,pooled,0.9999427199363708,0.037208620458841324,0.02504793368279934,0.0037082817871123552,9.092759864870459e-05,True
r1_shared,art,800,clipart,art,0.9997671246528625,0.07969607412815094,0.04879528284072876,0.005356406792998314,0.0003272428293712437,True
r1_shared,art,800,product,clipart,0.9999021291732788,0.04681440070271492,0.03333056718111038,0.004120313096791506,0.0001663036091485992,True
r1_shared,art,800,product,real_world,0.9999481439590454,0.0342283770442009,0.02209828794002533,0.0012360939290374517,6.992737326072529e-05,True
r1_shared,art,800,product,pooled,0.9999866485595703,0.01576145552098751,0.01210092194378376,0.0012360939290374517,2.288976793352049e-05,True
r1_shared,art,800,product,art,0.9998692274093628,0.055961720645427704,0.03586198762059212,0.002884219167754054,0.00018671606085263193,True
r1_shared,art,800,real_world,clipart,0.9998241662979126,0.0666474848985672,0.04308818280696869,0.0045323446393013,0.0002620838931761682,True
r1_shared,art,800,real_world,product,0.9999481439590454,0.0342283770442009,0.02209828794002533,0.0012360939290374517,6.97995419614017e-05,True
r1_shared,art,800,real_world,pooled,0.9999619722366333,0.031169388443231583,0.01948687620460987,0.0008240626193583012,5.2892435633111745e-05,True
r1_shared,art,800,real_world,art,0.999975323677063,0.024982832372188568,0.015957964584231377,0.0016481252387166023,3.836842006421648e-05,True
r1_shared,art,800,pooled,clipart,0.9999427199363708,0.037208620458841324,0.02504793368279934,0.0037082817871123552,9.066241909749806e-05,True
r1_shared,art,800,pooled,product,0.9999866485595703,0.01576145552098751,0.01210092194378376,0.0012360939290374517,2.290445627295412e-05,True
r1_shared,art,800,pooled,real_world,0.9999619722366333,0.031169388443231583,0.01948687620460987,0.0008240626193583012,5.3027306421427056e-05,True
r1_shared,art,800,pooled,art,0.9999086856842041,0.04964366555213928,0.030007297173142433,0.0024721878580749035,0.0001253838709089905,True
r1_shared,art,800,art,clipart,0.9997671246528625,0.07969607412815094,0.04879528284072876,0.005356406792998314,0.00032518774969503284,True
r1_shared,art,800,art,product,0.9998692274093628,0.055961720645427704,0.03586198762059212,0.002884219167754054,0.00018627394456416368,True
r1_shared,art,800,art,real_world,0.999975323677063,0.024982832372188568,0.015957964584231377,0.0016481252387166023,3.8342743209796026e-05,True
r1_shared,art,800,art,pooled,0.9999086856842041,0.04964366555213928,0.030007297173142433,0.0024721878580749035,0.0001249966153409332,True
r1_shared,art,1000,clipart,product,0.9998939037322998,0.0480634905397892,0.035125963389873505,0.005768438335508108,0.00015726976562291384,True
r1_shared,art,1000,clipart,real_world,0.9997493028640747,0.07492473721504211,0.05087081715464592,0.007828595116734505,0.0003342042618896812,True
r1_shared,art,1000,clipart,pooled,0.9999263882637024,0.04042042791843414,0.028291864320635796,0.006180469878017902,0.00010190909961238503,True
r1_shared,art,1000,clipart,art,0.9996274709701538,0.09305735677480698,0.060745395720005035,0.0090646892786026,0.0004860551271121949,True
r1_shared,art,1000,product,clipart,0.9998939037322998,0.0480634905397892,0.035125963389873505,0.005768438335508108,0.0001567419240018353,True
r1_shared,art,1000,product,real_world,0.9999253749847412,0.039403386414051056,0.026217974722385406,0.002060156548395753,9.856563701760024e-05,True
r1_shared,art,1000,product,pooled,0.999987781047821,0.015169375576078892,0.011699847877025604,0.0004120313096791506,1.9531342331902124e-05,True
r1_shared,art,1000,product,art,0.9998111724853516,0.06458008289337158,0.04211723059415817,0.006180469878017902,0.00026009854627773166,True
r1_shared,art,1000,real_world,clipart,0.9997493028640747,0.07492473721504211,0.05087081715464592,0.007828595116734505,0.0003324223798699677,True
r1_shared,art,1000,real_world,product,0.9999253749847412,0.039403386414051056,0.026217974722385406,0.002060156548395753,9.842068539001048e-05,True
r1_shared,art,1000,real_world,pooled,0.9999417662620544,0.03602242097258568,0.023820511996746063,0.0016481252387166023,7.514070603065193e-05,True
r1_shared,art,1000,real_world,art,0.9999676942825317,0.027864744886755943,0.017718588933348656,0.004120313096791506,4.793499829247594e-05,True
r1_shared,art,1000,pooled,clipart,0.9999263882637024,0.04042042791843414,0.028291864320635796,0.006180469878017902,0.00010160481906495988,True
r1_shared,art,1000,pooled,product,0.999987781047821,0.015169375576078892,0.011699847877025604,0.0004120313096791506,1.9534065359039232e-05,True
r1_shared,art,1000,pooled,real_world,0.9999417662620544,0.03602242097258568,0.023820511996746063,0.0016481252387166023,7.531191658927128e-05,True
r1_shared,art,1000,pooled,art,0.9998530745506287,0.058592263609170914,0.037315890192985535,0.005768438335508108,0.00019431218970566988,True
r1_shared,art,1000,art,clipart,0.9996274709701538,0.09305735677480698,0.060745395720005035,0.0090646892786026,0.00048360161599703133,True
r1_shared,art,1000,art,product,0.9998111724853516,0.06458008289337158,0.04211723059415817,0.006180469878017902,0.0002597537240944803,True
r1_shared,art,1000,art,real_world,0.9999676942825317,0.027864744886755943,0.017718588933348656,0.004120313096791506,4.793448169948533e-05,True
r1_shared,art,1000,art,pooled,0.9998530745506287,0.058592263609170914,0.037315890192985535,0.005768438335508108,0.00019392809190321714,True
r1_shared,clipart,0,art,product,0.9908484816551208,0.3618043065071106,0.29716256260871887,0.23528064787387848,0.0462968684732914,True
r1_shared,clipart,0,art,real_world,0.9974536895751953,0.14757958054542542,0.11661455780267715,0.09415807574987411,0.007149061653763056,True
r1_shared,clipart,0,art,pooled,0.9963071346282959,0.2102474719285965,0.16806918382644653,0.12714776396751404,0.014078157022595406,True
r1_shared,clipart,0,art,clipart,0.9907991886138916,0.3926639258861542,0.3083227872848511,0.23848797380924225,0.04695054888725281,True
r1_shared,clipart,0,product,art,0.9908484816551208,0.3618043065071106,0.29716256260871887,0.23528064787387848,0.04750730097293854,True
r1_shared,clipart,0,product,real_world,0.9950911402702332,0.2563745081424713,0.21521992981433868,0.1878579705953598,0.025733787566423416,True
r1_shared,clipart,0,product,pooled,0.9978182315826416,0.17630857229232788,0.148546501994133,0.13562428951263428,0.012450735084712505,True
r1_shared,clipart,0,product,clipart,0.9936206340789795,0.3238489627838135,0.26460883021354675,0.21970218420028687,0.041543059051036835,True
r1_shared,clipart,0,real_world,art,0.9974536895751953,0.14757958054542542,0.11661455780267715,0.09415807574987411,0.0072287931106984615,True
r1_shared,clipart,0,real_world,product,0.9950911402702332,0.2563745081424713,0.21521992981433868,0.1878579705953598,0.024821249768137932,True
r1_shared,clipart,0,real_world,pooled,0.999286949634552,0.09298505634069443,0.07743190973997116,0.06781214475631714,0.0031638089567422867,True
r1_shared,clipart,0,real_world,clipart,0.9917096495628357,0.36036279797554016,0.28384989500045776,0.2506300210952759,0.04598144069314003,True
r1_shared,clipart,0,pooled,art,0.9963071346282959,0.2102474719285965,0.16806918382644653,0.12714776396751404,0.0141501659527421,True
r1_shared,clipart,0,pooled,product,0.9978182315826416,0.17630857229232788,0.148546501994133,0.13562428951263428,0.012102106586098671,True
r1_shared,clipart,0,pooled,real_world,0.999286949634552,0.09298505634069443,0.07743190973997116,0.06781214475631714,0.0031851399689912796,True
r1_shared,clipart,0,pooled,clipart,0.9935845136642456,0.32729631662368774,0.2585701644420624,0.22268041968345642,0.03752681240439415,True
r1_shared,clipart,0,clipart,art,0.9907991886138916,0.3926639258861542,0.3083227872848511,0.23848797380924225,0.047357019037008286,True
r1_shared,clipart,0,clipart,product,0.9936206340789795,0.3238489627838135,0.26460883021354675,0.21970218420028687,0.04012086242437363,True
r1_shared,clipart,0,clipart,real_world,0.9917096495628357,0.36036279797554016,0.28384989500045776,0.2506300210952759,0.04564423859119415,True
r1_shared,clipart,0,clipart,pooled,0.9935845136642456,0.32729631662368774,0.2585701644420624,0.22268041968345642,0.037153277546167374,True
r1_shared,clipart,200,art,product,0.9996321201324463,0.07389874756336212,0.048395901918411255,0.016036655753850937,0.0005052596097812057,True
r1_shared,clipart,200,art,real_world,0.9999315738677979,0.03240092471241951,0.021136486902832985,0.007101947441697121,9.439078712603077e-05,True
r1_shared,clipart,200,art,pooled,0.9998923540115356,0.04020919278264046,0.02629803493618965,0.00870561320334673,0.00014802964869886637,True
r1_shared,clipart,200,art,clipart,0.9995447993278503,0.08110130578279495,0.05481107160449028,0.018098510801792145,0.000708460109308362,True
r1_shared,clipart,200,product,art,0.9996321201324463,0.07389874756336212,0.048395901918411255,0.016036655753850937,0.000504516763612628,True
r1_shared,clipart,200,product,real_world,0.9998508095741272,0.04619952291250229,0.030372902750968933,0.009851088747382164,0.0002053177304333076,True
r1_shared,clipart,200,product,pooled,0.9999189972877502,0.03440043702721596,0.022582771256566048,0.007331042550504208,0.00011123390140710399,True
r1_shared,clipart,200,product,clipart,0.9998896718025208,0.041075315326452255,0.027972210198640823,0.00939289852976799,0.00019537309708539397,True
r1_shared,clipart,200,real_world,art,0.9999315738677979,0.03240092471241951,0.021136486902832985,0.007101947441697121,9.435097308596596e-05,True
r1_shared,clipart,200,real_world,product,0.9998508095741272,0.04619952291250229,0.030372902750968933,0.009851088747382164,0.0002055351942544803,True
r1_shared,clipart,200,real_world,pooled,0.9999875426292419,0.013104205951094627,0.008635413832962513,0.0025200459640473127,1.7503483832115307e-05,True
r1_shared,clipart,200,real_world,clipart,0.9997185468673706,0.06337215006351471,0.04299043118953705,0.01282932423055172,0.0004639055987354368,True
r1_shared,clipart,200,pooled,art,0.9998923540115356,0.04020919278264046,0.02629803493618965,0.00870561320334673,0.00014792248839512467,True
r1_shared,clipart,200,pooled,product,0.9999189972877502,0.03440043702721596,0.022582771256566048,0.007331042550504208,0.00011131651262985542,True
r1_shared,clipart,200,pooled,real_world,0.9999875426292419,0.013104205951094627,0.008635413832962513,0.0025200459640473127,1.7498321540188044e-05,True
r1_shared,clipart,200,pooled,clipart,0.9998053908348083,0.05302632227540016,0.03638722375035286,0.010767469182610512,0.00033399619860574603,True
r1_shared,clipart,200,clipart,art,0.9995447993278503,0.08110130578279495,0.05481107160449028,0.018098510801792145,0.0007097246125340462,True
r1_shared,clipart,200,clipart,product,0.9998896718025208,0.041075315326452255,0.027972210198640823,0.00939289852976799,0.00019594274635892361,True
r1_shared,clipart,200,clipart,real_world,0.9997185468673706,0.06337215006351471,0.04299043118953705,0.01282932423055172,0.0004650757182389498,True
r1_shared,clipart,200,clipart,pooled,0.9998053908348083,0.05302632227540016,0.03638722375035286,0.010767469182610512,0.00033489306224510074,True
r1_shared,clipart,400,art,product,0.9996657371520996,0.06754832714796066,0.04821925237774849,0.013745704665780067,0.0004514788743108511,True
r1_shared,clipart,400,art,real_world,0.9999340176582336,0.032709475606679916,0.022286584600806236,0.005956471897661686,9.395838424097747e-05,True
r1_shared,clipart,400,art,pooled,0.9998997449874878,0.03786448761820793,0.026770228520035744,0.0075601376593112946,0.0001372215774608776,True
r1_shared,clipart,400,art,clipart,0.999609112739563,0.07299972325563431,0.05348704382777214,0.014891180209815502,0.0005542027647607028,True
r1_shared,clipart,400,product,art,0.9996657371520996,0.06754832714796066,0.04821925237774849,0.013745704665780067,0.00045175408013164997,True
r1_shared,clipart,400,product,real_world,0.9998727440834045,0.039993610233068466,0.028582977131009102,0.008247422985732555,0.0001672629441600293,True
r1_shared,clipart,400,product,pooled,0.9999286532402039,0.03047153912484646,0.0218588225543499,0.006643757224082947,9.49509339989163e-05,True
r1_shared,clipart,400,product,clipart,0.9999091625213623,0.04346180334687233,0.024655930697917938,0.005727376788854599,0.00013958587078377604,True
r1_shared,clipart,400,real_world,art,0.9999340176582336,0.032709475606679916,0.022286584600806236,0.005956471897661686,9.403686271980405e-05,True
r1_shared,clipart,400,real_world,product,0.9998727440834045,0.039993610233068466,0.028582977131009102,0.008247422985732555,0.0001673190708970651,True
r1_shared,clipart,400,real_world,pooled,0.9999900460243225,0.011299053207039833,0.007647669408470392,0.001603665528818965,1.31269043777138e-05,True
r1_shared,clipart,400,real_world,clipart,0.999774158000946,0.05951304733753204,0.039348021149635315,0.011225658468902111,0.00032443366944789886,True
r1_shared,clipart,400,pooled,art,0.9998997449874878,0.03786448761820793,0.026770228520035744,0.0075601376593112946,0.00013729753845836967,True
r1_shared,clipart,400,pooled,product,0.9999286532402039,0.03047153912484646,0.0218588225543499,0.006643757224082947,9.494456753600389e-05,True
r1_shared,clipart,400,pooled,real_world,0.9999900460243225,0.011299053207039833,0.007647669408470392,0.001603665528818965,1.3120866242388729e-05,True
r1_shared,clipart,400,pooled,clipart,0.9998429417610168,0.050695884972810745,0.03342472016811371,0.009621993638575077,0.00023245452030096203,True
r1_shared,clipart,400,clipart,art,0.999609112739563,0.07299972325563431,0.05348704382777214,0.014891180209815502,0.0005538238328881562,True
r1_shared,clipart,400,clipart,product,0.9999091625213623,0.04346180334687233,0.024655930697917938,0.005727376788854599,0.00013948703417554498,True
r1_shared,clipart,400,clipart,real_world,0.999774158000946,0.05951304733753204,0.039348021149635315,0.011225658468902111,0.00032396955066360533,True
r1_shared,clipart,400,clipart,pooled,0.9998429417610168,0.050695884972810745,0.03342472016811371,0.009621993638575077,0.00023216180852614343,True
r1_shared,clipart,600,art,product,0.9996737241744995,0.0644092932343483,0.04633417725563049,0.013745704665780067,0.00042357973870821297,True
r1_shared,clipart,600,art,real_world,0.999937117099762,0.02888450026512146,0.02143365703523159,0.005956471897661686,9.403141302755103e-05,True
r1_shared,clipart,600,art,pooled,0.9999021291732788,0.035042013972997665,0.02573675662279129,0.0077892327681183815,0.0001320058072451502,True
r1_shared,clipart,600,art,clipart,0.9995747208595276,0.08812093734741211,0.054556068032979965,0.016036655753850937,0.0005861280369572341,True
r1_shared,clipart,600,product,art,0.9996737241744995,0.0644092932343483,0.04633417725563049,0.013745704665780067,0.0004231899802107364,True
r1_shared,clipart,600,product,real_world,0.9998753666877747,0.04189540818333626,0.027860157191753387,0.00870561320334673,0.00015308351430576295,True
r1_shared,clipart,600,product,pooled,0.9999306201934814,0.030282817780971527,0.021057361736893654,0.005956471897661686,8.701324259163812e-05,True
r1_shared,clipart,600,product,clipart,0.999897301197052,0.05238460376858711,0.027550535276532173,0.006185567006468773,0.00014879308582749218,True
r1_shared,clipart,600,real_world,art,0.999937117099762,0.02888450026512146,0.02143365703523159,0.005956471897661686,9.408307232661173e-05,True
r1_shared,clipart,600,real_world,product,0.9998753666877747,0.04189540818333626,0.027860157191753387,0.00870561320334673,0.00015330036694649607,True
r1_shared,clipart,600,real_world,pooled,0.9999901652336121,0.01313165295869112,0.007734728045761585,0.002749140840023756,1.2253673958184663e-05,True
r1_shared,clipart,600,real_world,clipart,0.9997459053993225,0.07775673270225525,0.042396027594804764,0.01282932423055172,0.00035912852035835385,True
r1_shared,clipart,600,pooled,art,0.9999021291732788,0.035042013972997665,0.02573675662279129,0.0077892327681183815,0.0001319938019150868,True
r1_shared,clipart,600,pooled,product,0.9999306201934814,0.030282817780971527,0.021057361736893654,0.005956471897661686,8.708205859875306e-05,True
r1_shared,clipart,600,pooled,real_world,0.9999901652336121,0.01313165295869112,0.007734728045761585,0.002749140840023756,1.2248061466380022e-05,True
r1_shared,clipart,600,pooled,clipart,0.9998193383216858,0.06653402000665665,0.036290720105171204,0.010080183856189251,0.0002607170899864286,True
r1_shared,clipart,600,clipart,art,0.9995747208595276,0.08812093734741211,0.054556068032979965,0.016036655753850937,0.0005842405371367931,True
r1_shared,clipart,600,clipart,product,0.999897301197052,0.05238460376858711,0.027550535276532173,0.006185567006468773,0.000148483450175263,True
r1_shared,clipart,600,clipart,real_world,0.9997459053993225,0.07775673270225525,0.042396027594804764,0.01282932423055172,0.0003579450713004917,True
r1_shared,clipart,600,clipart,pooled,0.9998193383216858,0.06653402000665665,0.036290720105171204,0.010080183856189251,0.0002599909494165331,True
r1_shared,clipart,800,art,product,0.9996356964111328,0.0662478432059288,0.048354316502809525,0.01351660955697298,0.0004425732768140733,True
r1_shared,clipart,800,art,real_world,0.9999265074729919,0.03113303706049919,0.022412505000829697,0.0075601376593112946,0.00010031535202870145,True
r1_shared,clipart,800,art,pooled,0.9998887181282043,0.03642598167061806,0.026929272338747978,0.009163803420960903,0.0001396589505020529,True
r1_shared,clipart,800,art,clipart,0.9994877576828003,0.0939474105834961,0.05928077921271324,0.014662085101008415,0.0006748506566509604,True
r1_shared,clipart,800,product,art,0.9996356964111328,0.0662478432059288,0.048354316502809525,0.01351660955697298,0.0004422422789502889,True
r1_shared,clipart,800,product,real_world,0.9998652338981628,0.043261077255010605,0.029039083048701286,0.00641466211527586,0.00015504358452744782,True
r1_shared,clipart,800,product,pooled,0.9999241828918457,0.0310371071100235,0.021906036883592606,0.004352806601673365,8.907151641324162e-05,True
r1_shared,clipart,800,product,clipart,0.9998619556427002,0.05894553288817406,0.03139670193195343,0.008476518094539642,0.00019835103012155741,True
r1_shared,clipart,800,real_world,art,0.9999265074729919,0.03113303706049919,0.022412505000829697,0.0075601376593112946,0.00010040618508355692,True
r1_shared,clipart,800,real_world,product,0.9998652338981628,0.043261077255010605,0.029039083048701286,0.00641466211527586,0.00015528810035903007,True
r1_shared,clipart,800,real_world,pooled,0.9999896883964539,0.014069298282265663,0.00809461995959282,0.002061855746433139,1.2173570212326013e-05,True
r1_shared,clipart,800,real_world,clipart,0.999678373336792,0.0865098312497139,0.04769261181354523,0.010767469182610512,0.00043913128320127726,True
r1_shared,clipart,800,pooled,art,0.9998887181282043,0.03642598167061806,0.026929272338747978,0.009163803420960903,0.0001396731531713158,True
r1_shared,clipart,800,pooled,product,0.9999241828918457,0.0310371071100235,0.021906036883592606,0.004352806601673365,8.914405771065503e-05,True
r1_shared,clipart,800,pooled,real_world,0.9999896883964539,0.014069298282265663,0.00809461995959282,0.002061855746433139,1.2161465747340117e-05,True
r1_shared,clipart,800,pooled,clipart,0.999765932559967,0.07389355450868607,0.04096011072397232,0.00870561320334673,0.00032721058232709765,True
r1_shared,clipart,800,clipart,art,0.9994877576828003,0.0939474105834961,0.05928077921271324,0.014662085101008415,0.0006725593120791018,True
r1_shared,clipart,800,clipart,product,0.9998619556427002,0.05894553288817406,0.03139670193195343,0.008476518094539642,0.00019787893688771874,True
r1_shared,clipart,800,clipart,real_world,0.999678373336792,0.0865098312497139,0.04769261181354523,0.010767469182610512,0.00043748729513026774,True
r1_shared,clipart,800,clipart,pooled,0.999765932559967,0.07389355450868607,0.04096011072397232,0.00870561320334673,0.00032616351381875575,True
r1_shared,clipart,1000,art,product,0.9995749592781067,0.07695411145687103,0.055410634726285934,0.015349370427429676,0.000602215004619211,True
r1_shared,clipart,1000,art,real_world,0.9999193549156189,0.03323463350534439,0.024980872869491577,0.007331042550504208,0.00012934936967212707,True
r1_shared,clipart,1000,art,pooled,0.9998718500137329,0.04135731980204582,0.030671659857034683,0.00939289852976799,0.0001883803925011307,True
r1_shared,clipart,1000,art,clipart,0.999282717704773,0.11993718892335892,0.07390096038579941,0.01855670101940632,0.0009637785842642188,True
r1_shared,clipart,1000,product,art,0.9995749592781067,0.07695411145687103,0.055410634726285934,0.015349370427429676,0.0006023106980137527,True
r1_shared,clipart,1000,product,real_world,0.999839186668396,0.05182156339287758,0.03355415537953377,0.008934708312153816,0.00021190026018302888,True
r1_shared,clipart,1000,product,pooled,0.9999107718467712,0.036787793040275574,0.02523033693432808,0.005956471897661686,0.0001217554381582886,True
r1_shared,clipart,1000,product,clipart,0.9997936487197876,0.07203485071659088,0.03972534090280533,0.010538374073803425,0.00029703506152145565,True
r1_shared,clipart,1000,real_world,art,0.9999193549156189,0.03323463350534439,0.024980872869491577,0.007331042550504208,0.00012948390212841332,True
r1_shared,clipart,1000,real_world,product,0.999839186668396,0.05182156339287758,0.03355415537953377,0.008934708312153816,0.00021213621948845685,True
r1_shared,clipart,1000,real_world,pooled,0.9999875426292419,0.016613852232694626,0.009240567684173584,0.002978235948830843,1.5735231500002556e-05,True
r1_shared,clipart,1000,real_world,clipart,0.9995294213294983,0.10895460098981857,0.060366954654455185,0.015349370427429676,0.0006291394820436835,True
r1_shared,clipart,1000,pooled,art,0.9998718500137329,0.04135731980204582,0.030671659857034683,0.00939289852976799,0.0001884816592792049,True
r1_shared,clipart,1000,pooled,product,0.9999107718467712,0.036787793040275574,0.02523033693432808,0.005956471897661686,0.00012180415069451556,True
r1_shared,clipart,1000,pooled,real_world,0.9999875426292419,0.016613852232694626,0.009240567684173584,0.002978235948830843,1.572374276292976e-05,True
r1_shared,clipart,1000,pooled,clipart,0.9996464848518372,0.09383507072925568,0.05251569673418999,0.013745704665780067,0.0004786482313647866,True
r1_shared,clipart,1000,clipart,art,0.999282717704773,0.11993718892335892,0.07390096038579941,0.01855670101940632,0.0009603972430340946,True
r1_shared,clipart,1000,clipart,product,0.9997936487197876,0.07203485071659088,0.03972534090280533,0.010538374073803425,0.0002965603198390454,True
r1_shared,clipart,1000,clipart,real_world,0.9995294213294983,0.10895460098981857,0.060366954654455185,0.015349370427429676,0.0006268190336413682,True
r1_shared,clipart,1000,clipart,pooled,0.9996464848518372,0.09383507072925568,0.05251569673418999,0.013745704665780067,0.00047715799883008003,True
r1_shared,product,0,art,clipart,0.989812433719635,0.5037769675254822,0.42109033465385437,0.2872268557548523,0.06775956600904465,True
r1_shared,product,0,art,real_world,0.9973291158676147,0.20708224177360535,0.18186575174331665,0.1705338954925537,0.015065787360072136,True
r1_shared,product,0,art,pooled,0.9958170056343079,0.3162311911582947,0.27677902579307556,0.18382517993450165,0.024313081055879593,True
r1_shared,product,0,art,product,0.9881497025489807,0.5748438835144043,0.5284528732299805,0.33611172437667847,0.0964154452085495,True
r1_shared,product,0,clipart,art,0.989812433719635,0.5037769675254822,0.42109033465385437,0.2872268557548523,0.06774349510669708,True
r1_shared,product,0,clipart,real_world,0.9913676381111145,0.44045525789260864,0.3455840051174164,0.26650145649909973,0.059883963316679,True
r1_shared,product,0,clipart,pooled,0.9965987205505371,0.2756003737449646,0.22721819579601288,0.18044604361057281,0.026514027267694473,True
r1_shared,product,0,clipart,product,0.9922560453414917,0.4666254222393036,0.38988205790519714,0.2707816958427429,0.07139163464307785,True
r1_shared,product,0,real_world,art,0.9973291158676147,0.20708224177360535,0.18186575174331665,0.1705338954925537,0.016043156385421753,True
r1_shared,product,0,real_world,clipart,0.9913676381111145,0.44045525789260864,0.3455840051174164,0.26650145649909973,0.06097053736448288,True
r1_shared,product,0,real_world,pooled,0.9977414608001709,0.2166031450033188,0.16883864998817444,0.120522640645504,0.013160252943634987,True
r1_shared,product,0,real_world,product,0.9933800101280212,0.43150341510772705,0.3985844552516937,0.22054515779018402,0.05383675917983055,True
r1_shared,product,0,pooled,art,0.9958170056343079,0.3162311911582947,0.27677902579307556,0.18382517993450165,0.02479967474937439,True
r1_shared,product,0,pooled,clipart,0.9965987205505371,0.2756003737449646,0.22721819579601288,0.18044604361057281,0.026568101719021797,True
r1_shared,product,0,pooled,real_world,0.9977414608001709,0.2166031450033188,0.16883864998817444,0.120522640645504,0.013096235692501068,True
r1_shared,product,0,pooled,product,0.9949613213539124,0.39647823572158813,0.3597743809223175,0.2270781695842743,0.05325261130928993,True
r1_shared,product,0,product,art,0.9881497025489807,0.5748438835144043,0.5284528732299805,0.33611172437667847,0.12022041529417038,True
r1_shared,product,0,product,clipart,0.9922560453414917,0.4666254222393036,0.38988205790519714,0.2707816958427429,0.0907045379281044,True
r1_shared,product,0,product,real_world,0.9933800101280212,0.43150341510772705,0.3985844552516937,0.22054515779018402,0.0635514184832573,True
r1_shared,product,0,product,pooled,0.9949613213539124,0.39647823572158813,0.3597743809223175,0.2270781695842743,0.06443159282207489,True
r1_shared,product,200,art,clipart,0.9998608231544495,0.0639893189072609,0.03862708434462547,0.005181347019970417,0.00014199853467289358,True
r1_shared,product,200,art,real_world,0.9999640583992004,0.03640788793563843,0.020539449527859688,0.002703311387449503,4.268034899723716e-05,True
r1_shared,product,200,art,pooled,0.9999591708183289,0.03714225813746452,0.02138158120214939,0.003153863362967968,4.34440589742735e-05,True
r1_shared,product,200,art,product,0.9998586773872375,0.07343823462724686,0.04020360857248306,0.005406622774899006,0.00017121515702456236,True
r1_shared,product,200,clipart,art,0.9998608231544495,0.0639893189072609,0.03862708434462547,0.005181347019970417,0.00014163316518533975,True
r1_shared,product,200,clipart,real_world,0.9999344944953918,0.037239909172058105,0.025895576924085617,0.0029285873752087355,6.92164758220315e-05,True
r1_shared,product,200,clipart,pooled,0.9999663233757019,0.028658313676714897,0.01865336298942566,0.002027483657002449,3.4342250728514045e-05,True
r1_shared,product,200,clipart,product,0.9999585747718811,0.030922839418053627,0.020996786653995514,0.0011263798223808408,5.632339889416471e-05,True
r1_shared,product,200,real_world,art,0.9999640583992004,0.03640788793563843,0.020539449527859688,0.002703311387449503,4.255990279489197e-05,True
r1_shared,product,200,real_world,clipart,0.9999344944953918,0.037239909172058105,0.025895576924085617,0.0029285873752087355,6.91819004714489e-05,True
r1_shared,product,200,real_world,pooled,0.9999924898147583,0.01171961985528469,0.008856500498950481,0.0009011038346216083,8.910900760383811e-06,True
r1_shared,product,200,real_world,product,0.9999605417251587,0.03816596046090126,0.021041786298155785,0.002703311387449503,4.7681613068562e-05,True
r1_shared,product,200,pooled,art,0.9999591708183289,0.03714225813746452,0.02138158120214939,0.003153863362967968,4.334995901444927e-05,True
r1_shared,product,200,pooled,clipart,0.9999663233757019,0.028658313676714897,0.01865336298942566,0.002027483657002449,3.43538195011206e-05,True
r1_shared,product,200,pooled,real_world,0.9999924898147583,0.01171961985528469,0.008856500498950481,0.0009011038346216083,8.913179954106454e-06,True
r1_shared,product,200,pooled,product,0.9999613761901855,0.03850683942437172,0.021059900522232056,0.002703311387449503,5.23923481523525e-05,True
r1_shared,product,200,product,art,0.9998586773872375,0.07343823462724686,0.04020360857248306,0.005406622774899006,0.00017024969565682113,True
r1_shared,product,200,product,clipart,0.9999585747718811,0.030922839418053627,0.020996786653995514,0.0011263798223808408,5.6169694289565086e-05,True
r1_shared,product,200,product,real_world,0.9999605417251587,0.03816596046090126,0.021041786298155785,0.002703311387449503,4.7539080696878955e-05,True
r1_shared,product,200,product,pooled,0.9999613761901855,0.03850683942437172,0.021059900522232056,0.002703311387449503,5.221622632234357e-05,True
r1_shared,product,400,art,clipart,0.9998756051063538,0.05797905847430229,0.03667256236076355,0.0029285873752087355,9.289351874031126e-05,True
r1_shared,product,400,art,real_world,0.9999675154685974,0.03579738736152649,0.019202809780836105,0.001576931681483984,2.6236919438815676e-05,True
r1_shared,product,400,art,pooled,0.9999626874923706,0.034780047833919525,0.020289961248636246,0.0009011038346216083,2.75077109108679e-05,True
r1_shared,product,400,art,product,0.9998716115951538,0.0710800439119339,0.03848383203148842,0.002703311387449503,0.00010136208584299311,True
r1_shared,product,400,clipart,art,0.9998756051063538,0.05797905847430229,0.03667256236076355,0.0029285873752087355,9.27290238905698e-05,True
r1_shared,product,400,clipart,real_world,0.9999454021453857,0.03197023272514343,0.024100933223962784,0.002703311387449503,4.7815756261115894e-05,True
r1_shared,product,400,clipart,pooled,0.9999709129333496,0.02505035139620304,0.017560359090566635,0.002027483657002449,2.3277925720321946e-05,True
r1_shared,product,400,clipart,product,0.9999687671661377,0.030255112797021866,0.019249949604272842,0.0011263798223808408,3.53678988176398e-05,True
r1_shared,product,400,real_world,art,0.9999675154685974,0.03579738736152649,0.019202809780836105,0.001576931681483984,2.6186688046436757e-05,True
r1_shared,product,400,real_world,clipart,0.9999454021453857,0.03197023272514343,0.024100933223962784,0.002703311387449503,4.780040399054997e-05,True
r1_shared,product,400,real_world,pooled,0.999994158744812,0.01063342485576868,0.008023742586374283,0.0006758278468623757,6.163649686641293e-06,True
r1_shared,product,400,real_world,product,0.9999647736549377,0.03612088784575462,0.0202457457780838,0.002478035632520914,2.7512218366609886e-05,True
r1_shared,product,400,pooled,art,0.9999626874923706,0.034780047833919525,0.020289961248636246,0.0009011038346216083,2.746915015450213e-05,True
r1_shared,product,400,pooled,clipart,0.9999709129333496,0.02505035139620304,0.017560359090566635,0.002027483657002449,2.3284634153242223e-05,True
r1_shared,product,400,pooled,real_world,0.999994158744812,0.01063342485576868,0.008023742586374283,0.0006758278468623757,6.163023499539122e-06,True
r1_shared,product,400,pooled,product,0.999966561794281,0.0380965992808342,0.020126553252339363,0.0018022076692432165,2.9700642699026503e-05,True
r1_shared,product,400,product,art,0.9998716115951538,0.0710800439119339,0.03848383203148842,0.002703311387449503,0.00010095217294292524,True
r1_shared,product,400,product,clipart,0.9999687671661377,0.030255112797021866,0.019249949604272842,0.0011263798223808408,3.5274886613478884e-05,True
r1_shared,product,400,product,real_world,0.9999647736549377,0.03612088784575462,0.0202457457780838,0.002478035632520914,2.7458108888822608e-05,True
r1_shared,product,400,product,pooled,0.999966561794281,0.0380965992808342,0.020126553252339363,0.0018022076692432165,2.962221515190322e-05,True
r1_shared,product,600,art,clipart,0.9998654723167419,0.06082147732377052,0.038310837000608444,0.003153863362967968,0.00010134087642654777,True
r1_shared,product,600,art,real_world,0.9999631643295288,0.0395064614713192,0.020827164873480797,0.0011263798223808408,2.820255031110719e-05,True
r1_shared,product,600,art,pooled,0.9999592900276184,0.03711135312914848,0.021483128890395164,0.001576931681483984,2.9944365451228805e-05,True
r1_shared,product,600,art,product,0.9998558759689331,0.07817085087299347,0.041682835668325424,0.0033791393507272005,0.00011157464905409142,True
r1_shared,product,600,clipart,art,0.9998654723167419,0.06082147732377052,0.038310837000608444,0.003153863362967968,0.00010120507067767903,True
r1_shared,product,600,clipart,real_world,0.9999403953552246,0.03363673761487007,0.024849040433764458,0.002478035632520914,5.196552228881046e-05,True
r1_shared,product,600,clipart,pooled,0.9999686479568481,0.02604692615568638,0.018147308379411697,0.001576931681483984,2.5310680939583108e-05,True
r1_shared,product,600,clipart,product,0.9999617338180542,0.03561943769454956,0.02061431109905243,0.001576931681483984,3.910876694135368e-05,True
r1_shared,product,600,real_world,art,0.9999631643295288,0.0395064614713192,0.020827164873480797,0.0011263798223808408,2.8143922463641502e-05,True
r1_shared,product,600,real_world,clipart,0.9999403953552246,0.03363673761487007,0.024849040433764458,0.002478035632520914,5.1954812079202384e-05,True
r1_shared,product,600,real_world,pooled,0.9999932050704956,0.012087254785001278,0.008422791957855225,0.0009011038346216083,6.6593966039363295e-06,True
r1_shared,product,600,real_world,product,0.9999611377716064,0.03949582949280739,0.021802840754389763,0.0022527596447616816,3.0848561436869204e-05,True
r1_shared,product,600,pooled,art,0.9999592900276184,0.03711135312914848,0.021483128890395164,0.001576931681483984,2.9912594982306473e-05,True
r1_shared,product,600,pooled,clipart,0.9999686479568481,0.02604692615568638,0.018147308379411697,0.001576931681483984,2.5319137421320193e-05,True
r1_shared,product,600,pooled,real_world,0.9999932050704956,0.012087254785001278,0.008422791957855225,0.0009011038346216083,6.667950401606504e-06,True
r1_shared,product,600,pooled,product,0.9999608993530273,0.043047744780778885,0.022083673626184464,0.0018022076692432165,3.3243271900573745e-05,True
r1_shared,product,600,product,art,0.9998558759689331,0.07817085087299347,0.041682835668325424,0.0033791393507272005,0.00011117366375401616,True
r1_shared,product,600,product,clipart,0.9999617338180542,0.03561943769454956,0.02061431109905243,0.001576931681483984,3.903050674125552e-05,True
r1_shared,product,600,product,real_world,0.9999611377716064,0.03949582949280739,0.021802840754389763,0.0022527596447616816,3.080117312492803e-05,True
r1_shared,product,600,product,pooled,0.9999608993530273,0.043047744780778885,0.022083673626184464,0.0018022076692432165,3.3162701583933085e-05,True
r1_shared,product,800,art,clipart,0.9998488426208496,0.05467993766069412,0.039714157581329346,0.0029285873752087355,0.00011007887223968282,True
r1_shared,product,800,art,real_world,0.9999604225158691,0.033652279525995255,0.019982926547527313,0.0013516556937247515,3.0423303542193025e-05,True
r1_shared,product,800,art,pooled,0.999954104423523,0.03194580227136612,0.021776456385850906,0.0011263798223808408,3.3432595955673605e-05,True
r1_shared,product,800,art,product,0.9998410940170288,0.0668032094836235,0.04084436222910881,0.004054967314004898,0.00012429070193320513,True
r1_shared,product,800,clipart,art,0.9998488426208496,0.05467993766069412,0.039714157581329346,0.0029285873752087355,0.00011026434367522597,True
r1_shared,product,800,clipart,real_world,0.9999354481697083,0.03521842882037163,0.026270845904946327,0.002478035632520914,5.2828589105047286e-05,True
r1_shared,product,800,clipart,pooled,0.999965488910675,0.0253155454993248,0.019074970856308937,0.0018022076692432165,2.63855963567039e-05,True
r1_shared,product,800,clipart,product,0.9999631643295288,0.03628307953476906,0.020408226177096367,0.002478035632520914,4.001721754320897e-05,True
r1_shared,product,800,real_world,art,0.9999604225158691,0.033652279525995255,0.019982926547527313,0.0013516556937247515,3.0430581318796612e-05,True
r1_shared,product,800,real_world,clipart,0.9999354481697083,0.03521842882037163,0.026270845904946327,0.002478035632520914,5.2771822083741426e-05,True
r1_shared,product,800,real_world,pooled,0.9999932050704956,0.013304200954735279,0.0086121316999197,0.0006758278468623757,6.406390639313031e-06,True
r1_shared,product,800,real_world,product,0.9999567866325378,0.033973511308431625,0.021596316248178482,0.002703311387449503,3.446794653427787e-05,True
r1_shared,product,800,pooled,art,0.999954104423523,0.03194580227136612,0.021776456385850906,0.0011263798223808408,3.3460379199823365e-05,True
r1_shared,product,800,pooled,clipart,0.999965488910675,0.0253155454993248,0.019074970856308937,0.0018022076692432165,2.636448152770754e-05,True
r1_shared,product,800,pooled,real_world,0.9999932050704956,0.013304200954735279,0.0086121316999197,0.0006758278468623757,6.407522505469387e-06,True
r1_shared,product,800,pooled,product,0.9999589323997498,0.03780132159590721,0.021149661391973495,0.0029285873752087355,3.644079333753325e-05,True
r1_shared,product,800,product,art,0.9998410940170288,0.0668032094836235,0.04084436222910881,0.004054967314004898,0.0001243829756276682,True
r1_shared,product,800,product,clipart,0.9999631643295288,0.03628307953476906,0.020408226177096367,0.002478035632520914,3.9990907680476084e-05,True
r1_shared,product,800,product,real_world,0.9999567866325378,0.033973511308431625,0.021596316248178482,0.002703311387449503,3.448440111242235e-05,True
r1_shared,product,800,product,pooled,0.9999589323997498,0.03780132159590721,0.021149661391973495,0.0029285873752087355,3.643636955530383e-05,True
r1_shared,product,1000,art,clipart,0.9998548030853271,0.05237335339188576,0.03768545016646385,0.003604415338486433,0.00010982028470607474,True
r1_shared,product,1000,art,real_world,0.99996417760849,0.031878139823675156,0.018802933394908905,0.0022527596447616816,2.8936678063473664e-05,True
r1_shared,product,1000,art,pooled,0.9999576210975647,0.03011409379541874,0.020404314622282982,0.0022527596447616816,3.292481051175855e-05,True
r1_shared,product,1000,art,product,0.9998533725738525,0.06429988145828247,0.03894742205739021,0.0038296913262456656,0.00012474495451897383,True
r1_shared,product,1000,clipart,art,0.9998548030853271,0.05237335339188576,0.03768545016646385,0.003604415338486433,0.00010972184827551246,True
r1_shared,product,1000,clipart,real_world,0.9999309778213501,0.035825539380311966,0.026002846658229828,0.003153863362967968,5.16895524924621e-05,True
r1_shared,product,1000,clipart,pooled,0.9999648928642273,0.025027606636285782,0.018492037430405617,0.0018022076692432165,2.610152296256274e-05,True
r1_shared,product,1000,clipart,product,0.9999555349349976,0.03866789862513542,0.021920636296272278,0.001576931681483984,3.9935315726324916e-05,True
r1_shared,product,1000,real_world,art,0.99996417760849,0.031878139823675156,0.018802933394908905,0.0022527596447616816,2.892306656576693e-05,True
r1_shared,product,1000,real_world,clipart,0.9999309778213501,0.035825539380311966,0.026002846658229828,0.003153863362967968,5.1693135901587084e-05,True
r1_shared,product,1000,real_world,pooled,0.9999921321868896,0.013868731446564198,0.008859208784997463,0.0013516556937247515,6.1153818933235016e-06,True
r1_shared,product,1000,real_world,product,0.9999595284461975,0.033164046704769135,0.02080089971423149,0.002478035632520914,3.586151797208004e-05,True
r1_shared,product,1000,pooled,art,0.9999576210975647,0.03011409379541874,0.020404314622282982,0.0022527596447616816,3.290645690867677e-05,True
r1_shared,product,1000,pooled,clipart,0.9999648928642273,0.025027606636285782,0.018492037430405617,0.0018022076692432165,2.6106179575435817e-05,True
r1_shared,product,1000,pooled,real_world,0.9999921321868896,0.013868731446564198,0.008859208784997463,0.0013516556937247515,6.114001735113561e-06,True
r1_shared,product,1000,pooled,product,0.9999597668647766,0.03775939717888832,0.02107737585902214,0.001576931681483984,3.769481190829538e-05,True
r1_shared,product,1000,product,art,0.9998533725738525,0.06429988145828247,0.03894742205739021,0.0038296913262456656,0.0001246559404535219,True
r1_shared,product,1000,product,clipart,0.9999555349349976,0.03866789862513542,0.021920636296272278,0.001576931681483984,3.9906346501084045e-05,True
r1_shared,product,1000,product,real_world,0.9999595284461975,0.033164046704769135,0.02080089971423149,0.002478035632520914,3.5849938285537064e-05,True
r1_shared,product,1000,product,pooled,0.9999597668647766,0.03775939717888832,0.02107737585902214,0.001576931681483984,3.767849921132438e-05,True
r1_shared,real_world,0,art,clipart,0.9900667667388916,0.4748712480068207,0.3514057397842407,0.2818453013896942,0.06724554300308228,True
r1_shared,real_world,0,art,product,0.9892209768295288,0.49486297369003296,0.35496723651885986,0.2997475266456604,0.07467114925384521,True
r1_shared,real_world,0,art,pooled,0.9923708438873291,0.41736456751823425,0.30048853158950806,0.23158136010169983,0.047365281730890274,True
r1_shared,real_world,0,art,real_world,0.9972335696220398,0.19585378468036652,0.1348203718662262,0.12302042543888092,0.011141176335513592,True
r1_shared,real_world,0,clipart,art,0.9900667667388916,0.4748712480068207,0.3514057397842407,0.2818453013896942,0.06742409616708755,True
r1_shared,real_world,0,clipart,product,0.9932298064231873,0.41335758566856384,0.29832664132118225,0.2974523603916168,0.05534936860203743,True
r1_shared,real_world,0,clipart,pooled,0.9974133968353271,0.24115189909934998,0.17696590721607208,0.16938260197639465,0.01848236471414566,True
r1_shared,real_world,0,clipart,real_world,0.9912658929824829,0.432571142911911,0.31841281056404114,0.2811567485332489,0.057756561785936356,True
r1_shared,real_world,0,product,art,0.9892209768295288,0.49486297369003296,0.35496723651885986,0.2997475266456604,0.07921341061592102,True
r1_shared,real_world,0,product,clipart,0.9932298064231873,0.41335758566856384,0.29832664132118225,0.2974523603916168,0.06000301241874695,True
r1_shared,real_world,0,product,pooled,0.998023509979248,0.21431156992912292,0.1648789346218109,0.17535001039505005,0.0182673167437315,True
r1_shared,real_world,0,product,real_world,0.9942269921302795,0.351155549287796,0.26633480191230774,0.224236860871315,0.04381376504898071,True
r1_shared,real_world,0,pooled,art,0.9923708438873291,0.41736456751823425,0.30048853158950806,0.23158136010169983,0.04835275188088417,True
r1_shared,real_world,0,pooled,clipart,0.9974133968353271,0.24115189909934998,0.17696590721607208,0.16938260197639465,0.01892552152276039,True
r1_shared,real_world,0,pooled,product,0.998023509979248,0.21431156992912292,0.1648789346218109,0.17535001039505005,0.017309319227933884,True
r1_shared,real_world,0,pooled,real_world,0.9955834150314331,0.30730876326560974,0.22823572158813477,0.1859077364206314,0.027646858245134354,True
r1_shared,real_world,0,real_world,art,0.9972335696220398,0.19585378468036652,0.1348203718662262,0.12302042543888092,0.011313972994685173,True
r1_shared,real_world,0,real_world,clipart,0.9912658929824829,0.432571142911911,0.31841281056404114,0.2811567485332489,0.06049652770161629,True
r1_shared,real_world,0,real_world,product,0.9942269921302795,0.351155549287796,0.26633480191230774,0.224236860871315,0.04136316478252411,True
r1_shared,real_world,0,real_world,pooled,0.9955834150314331,0.30730876326560974,0.22823572158813477,0.1859077364206314,0.027581196278333664,True
r1_shared,real_world,200,art,clipart,0.9996718168258667,0.07757863402366638,0.053572412580251694,0.0039017670787870884,0.0002875049540307373,True
r1_shared,real_world,200,art,product,0.9998052716255188,0.05989105626940727,0.038392893970012665,0.002524673007428646,0.00015048809291329235,True
r1_shared,real_world,200,art,pooled,0.9998672604560852,0.0490453764796257,0.03256453201174736,0.0022951571736484766,0.00010820442548720166,True
r1_shared,real_world,200,art,real_world,0.9999619722366333,0.025880005210638046,0.01748865842819214,0.0011475785868242383,3.0474880986730568e-05,True
r1_shared,real_world,200,clipart,art,0.9996718168258667,0.07757863402366638,0.053572412580251694,0.0039017670787870884,0.00028717858367599547,True
r1_shared,real_world,200,clipart,product,0.9998632669448853,0.049608584493398666,0.03761918470263481,0.0032132200431078672,0.00013567405403591692,True
r1_shared,real_world,200,clipart,pooled,0.9999350905418396,0.034569740295410156,0.02532680705189705,0.0016066100215539336,6.254790059756488e-05,True
r1_shared,real_world,200,clipart,real_world,0.9997338056564331,0.06924767792224884,0.04983575642108917,0.0036722514778375626,0.00024661372299306095,True
r1_shared,real_world,200,product,art,0.9998052716255188,0.05989105626940727,0.038392893970012665,0.002524673007428646,0.0001506457629147917,True
r1_shared,real_world,200,product,clipart,0.9998632669448853,0.049608584493398666,0.03761918470263481,0.0032132200431078672,0.00013544516696128994,True
r1_shared,real_world,200,product,pooled,0.9999710321426392,0.023128245025873184,0.01651931367814541,0.0016066100215539336,2.604976725706365e-05,True
r1_shared,real_world,200,product,real_world,0.9999219179153442,0.038172993808984756,0.024252263829112053,0.001377094304189086,6.128758832346648e-05,True
r1_shared,real_world,200,pooled,art,0.9998672604560852,0.0490453764796257,0.03256453201174736,0.0022951571736484766,0.00010824687342392281,True
r1_shared,real_world,200,pooled,clipart,0.9999350905418396,0.034569740295410156,0.02532680705189705,0.0016066100215539336,6.257199129322544e-05,True
r1_shared,real_world,200,pooled,product,0.9999710321426392,0.023128245025873184,0.01651931367814541,0.0016066100215539336,2.6094568966072984e-05,True
r1_shared,real_world,200,pooled,real_world,0.9999281764030457,0.03563421592116356,0.02515685372054577,0.002065641339868307,6.413355731638148e-05,True
r1_shared,real_world,200,real_world,art,0.9999619722366333,0.025880005210638046,0.01748865842819214,0.0011475785868242383,3.0501025321427733e-05,True
r1_shared,real_world,200,real_world,clipart,0.9997338056564331,0.06924767792224884,0.04983575642108917,0.0036722514778375626,0.00024698683409951627,True
r1_shared,real_world,200,real_world,product,0.9999219179153442,0.038172993808984756,0.024252263829112053,0.001377094304189086,6.129558460088447e-05,True
r1_shared,real_world,200,real_world,pooled,0.9999281764030457,0.03563421592116356,0.02515685372054577,0.002065641339868307,6.419716373784468e-05,True
r1_shared,real_world,400,art,clipart,0.999745786190033,0.06681306660175323,0.04844614863395691,0.0034427358768880367,0.00020944276184309274,True
r1_shared,real_world,400,art,product,0.9998589158058167,0.04974127933382988,0.03454447537660599,0.002754188608378172,9.977201989386231e-05,True
r1_shared,real_world,400,art,pooled,0.9998997449874878,0.041657764464616776,0.029760511592030525,0.0016066100215539336,7.727609772700816e-05,True
r1_shared,real_world,400,art,real_world,0.9999720454216003,0.02199067920446396,0.015706278383731842,0.001377094304189086,2.140754986612592e-05,True
r1_shared,real_world,400,clipart,art,0.999745786190033,0.06681306660175323,0.04844614863395691,0.0034427358768880367,0.00021012075012549758,True
r1_shared,real_world,400,clipart,product,0.9998924732208252,0.04330262914299965,0.032632868736982346,0.002524673007428646,9.339194366475567e-05,True
r1_shared,real_world,400,clipart,pooled,0.9999486804008484,0.03016134910285473,0.02228279411792755,0.0022951571736484766,4.4597174564842135e-05,True
r1_shared,real_world,400,clipart,real_world,0.9997930526733398,0.05987609922885895,0.04417114332318306,0.0034427358768880367,0.00017993984511122108,True
r1_shared,real_world,400,product,art,0.9998589158058167,0.04974127933382988,0.03454447537660599,0.002754188608378172,0.00010002862836699933,True
r1_shared,real_world,400,product,clipart,0.9998924732208252,0.04330262914299965,0.032632868736982346,0.002524673007428646,9.329659951617941e-05,True
r1_shared,real_world,400,product,pooled,0.9999786615371704,0.019459564238786697,0.014190059155225754,0.0016066100215539336,1.659028566791676e-05,True
r1_shared,real_world,400,product,real_world,0.9999434351921082,0.03152739256620407,0.02181699313223362,0.0018361257389187813,4.106151754967868e-05,True
r1_shared,real_world,400,pooled,art,0.9998997449874878,0.041657764464616776,0.029760511592030525,0.0016066100215539336,7.745613402221352e-05,True
r1_shared,real_world,400,pooled,clipart,0.9999486804008484,0.03016134910285473,0.02228279411792755,0.0022951571736484766,4.455244561540894e-05,True
r1_shared,real_world,400,pooled,product,0.9999786615371704,0.019459564238786697,0.014190059155225754,0.0016066100215539336,1.659212284721434e-05,True
r1_shared,real_world,400,pooled,real_world,0.9999450445175171,0.030575057491660118,0.02251477539539337,0.0011475785868242383,4.74210137326736e-05,True
r1_shared,real_world,400,real_world,art,0.9999720454216003,0.02199067920446396,0.015706278383731842,0.001377094304189086,2.144300378859043e-05,True
r1_shared,real_world,400,real_world,clipart,0.9997930526733398,0.05987609922885895,0.04417114332318306,0.0034427358768880367,0.00017957708041649312,True
r1_shared,real_world,400,real_world,product,0.9999434351921082,0.03152739256620407,0.02181699313223362,0.0018361257389187813,4.101917875232175e-05,True
r1_shared,real_world,400,real_world,pooled,0.9999450445175171,0.030575057491660118,0.02251477539539337,0.0011475785868242383,4.737474591820501e-05,True
r1_shared,real_world,600,art,clipart,0.999743640422821,0.07228729873895645,0.04969469830393791,0.004360798746347427,0.0002179660659749061,True
r1_shared,real_world,600,art,product,0.9998573660850525,0.05144187808036804,0.036239929497241974,0.0032132200431078672,0.00011229226947762072,True
r1_shared,real_world,600,art,pooled,0.9998969435691833,0.04478273540735245,0.03109632432460785,0.002524673007428646,8.622537279734388e-05,True
r1_shared,real_world,600,art,real_world,0.9999711513519287,0.02314709685742855,0.017202993854880333,0.001377094304189086,2.392173519183416e-05,True
r1_shared,real_world,600,clipart,art,0.999743640422821,0.07228729873895645,0.04969469830393791,0.004360798746347427,0.00021775421919301152,True
r1_shared,real_world,600,clipart,product,0.9999004602432251,0.044516295194625854,0.032192278653383255,0.0029837042093276978,7.927550177555531e-05,True
r1_shared,real_world,600,clipart,pooled,0.9999507069587708,0.03206222876906395,0.022280629724264145,0.0022951571736484766,4.0828359487932175e-05,True
r1_shared,real_world,600,clipart,real_world,0.9998016357421875,0.06350605189800262,0.04418317228555679,0.0034427358768880367,0.00016812377725727856,True
r1_shared,real_world,600,product,art,0.9998573660850525,0.05144187808036804,0.036239929497241974,0.0032132200431078672,0.00011241651372984052,True
r1_shared,real_world,600,product,clipart,0.9999004602432251,0.044516295194625854,0.032192278653383255,0.0029837042093276978,7.945608376758173e-05,True
r1_shared,real_world,600,product,pooled,0.9999805092811584,0.018789438530802727,0.014064811170101166,0.0011475785868242383,1.4354191989696119e-05,True
r1_shared,real_world,600,product,real_world,0.9999447464942932,0.03205204755067825,0.021916264668107033,0.0018361257389187813,4.347405047155917e-05,True
r1_shared,real_world,600,pooled,art,0.9998969435691833,0.04478273540735245,0.03109632432460785,0.002524673007428646,8.623541361885145e-05,True
r1_shared,real_world,600,pooled,clipart,0.9999507069587708,0.03206222876906395,0.022280629724264145,0.0022951571736484766,4.087699198862538e-05,True
r1_shared,real_world,600,pooled,product,0.9999805092811584,0.018789438530802727,0.014064811170101166,0.0011475785868242383,1.4338160326587968e-05,True
r1_shared,real_world,600,pooled,real_world,0.9999473094940186,0.03219094127416611,0.022442081943154335,0.0011475785868242383,4.5189874072093517e-05,True
r1_shared,real_world,600,real_world,art,0.9999711513519287,0.02314709685742855,0.017202993854880333,0.001377094304189086,2.394516923232004e-05,True
r1_shared,real_world,600,real_world,clipart,0.9998016357421875,0.06350605189800262,0.04418317228555679,0.0034427358768880367,0.00016844688798300922,True
r1_shared,real_world,600,real_world,product,0.9999447464942932,0.03205204755067825,0.021916264668107033,0.0018361257389187813,4.346733112470247e-05,True
r1_shared,real_world,600,real_world,pooled,0.9999473094940186,0.03219094127416611,0.022442081943154335,0.0011475785868242383,4.5224063796922565e-05,True
r1_shared,real_world,800,art,clipart,0.9997677206993103,0.06806939840316772,0.04813640937209129,0.005278861615806818,0.00021817559900227934,True
r1_shared,real_world,800,art,product,0.999869704246521,0.047984834760427475,0.03432716056704521,0.0029837042093276978,0.0001074414249160327,True
r1_shared,real_world,800,art,pooled,0.9999076128005981,0.04169526696205139,0.02982812374830246,0.002524673007428646,8.372445881832391e-05,True
r1_shared,real_world,800,art,real_world,0.9999738335609436,0.02131517603993416,0.015823407098650932,0.0016066100215539336,2.164348916267045e-05,True
r1_shared,real_world,800,clipart,art,0.9997677206993103,0.06806939840316772,0.04813640937209129,0.005278861615806818,0.0002180589217459783,True
r1_shared,real_world,800,clipart,product,0.9999003410339355,0.04395226389169693,0.031341586261987686,0.004590314347296953,8.53163146530278e-05,True
r1_shared,real_world,800,clipart,pooled,0.9999529123306274,0.031042009592056274,0.021756885573267937,0.0036722514778375626,4.3014420953113586e-05,True
r1_shared,real_world,800,clipart,real_world,0.999812662601471,0.061481963843107224,0.04317409172654152,0.005049346014857292,0.00017449153529014438,True
r1_shared,real_world,800,product,art,0.999869704246521,0.047984834760427475,0.03432716056704521,0.0029837042093276978,0.0001075798281817697,True
r1_shared,real_world,800,product,clipart,0.9999003410339355,0.04395226389169693,0.031341586261987686,0.004590314347296953,8.548054029233754e-05,True
r1_shared,real_world,800,product,pooled,0.9999801516532898,0.018517935648560524,0.013415605761110783,0.0009180628694593906,1.492628416599473e-05,True
r1_shared,real_world,800,product,real_world,0.9999483823776245,0.030657747760415077,0.02133614383637905,0.001377094304189086,4.334326513344422e-05,True
r1_shared,real_world,800,pooled,art,0.9999076128005981,0.04169526696205139,0.02982812374830246,0.002524673007428646,8.376062760362402e-05,True
r1_shared,real_world,800,pooled,clipart,0.9999529123306274,0.031042009592056274,0.021756885573267937,0.0036722514778375626,4.30608524766285e-05,True
r1_shared,real_world,800,pooled,product,0.9999801516532898,0.018517935648560524,0.013415605761110783,0.0009180628694593906,1.4911542166373692e-05,True
r1_shared,real_world,800,pooled,real_world,0.9999503493309021,0.03125794231891632,0.022011270746588707,0.001377094304189086,4.6350913180503994e-05,True
r1_shared,real_world,800,real_world,art,0.9999738335609436,0.02131517603993416,0.015823407098650932,0.0016066100215539336,2.166692866012454e-05,True
r1_shared,real_world,800,real_world,clipart,0.999812662601471,0.061481963843107224,0.04317409172654152,0.005049346014857292,0.0001747707574395463,True
r1_shared,real_world,800,real_world,product,0.9999483823776245,0.030657747760415077,0.02133614383637905,0.001377094304189086,4.3331274355296046e-05,True
r1_shared,real_world,800,real_world,pooled,0.9999503493309021,0.03125794231891632,0.022011270746588707,0.001377094304189086,4.63767719338648e-05,True
r1_shared,real_world,1000,art,clipart,0.9997857809066772,0.06324193626642227,0.045399852097034454,0.0022951571736484766,0.00018802798877004534,True
r1_shared,real_world,1000,art,product,0.9998911023139954,0.043174006044864655,0.030594445765018463,0.002065641339868307,7.876266317907721e-05,True
r1_shared,real_world,1000,art,pooled,0.9999182820320129,0.038337964564561844,0.02739175781607628,0.0018361257389187813,6.726496940245852e-05,True
r1_shared,real_world,1000,art,real_world,0.9999796748161316,0.018498951569199562,0.013674763962626457,0.0016066100215539336,1.4183240637066774e-05,True
r1_shared,real_world,1000,clipart,art,0.9997857809066772,0.06324193626642227,0.045399852097034454,0.0022951571736484766,0.00018738280050456524,True
r1_shared,real_world,1000,clipart,product,0.9999071359634399,0.040570419281721115,0.03010985441505909,0.0011475785868242383,7.60555558372289e-05,True
r1_shared,real_world,1000,clipart,pooled,0.9999555349349976,0.028871867805719376,0.02099243551492691,0.0004590314347296953,3.8928556023165584e-05,True
r1_shared,real_world,1000,clipart,real_world,0.9998212456703186,0.05754287540912628,0.04193400219082832,0.002524673007428646,0.00016096513718366623,True
r1_shared,real_world,1000,product,art,0.9998911023139954,0.043174006044864655,0.030594445765018463,0.002065641339868307,7.873277354519814e-05,True
r1_shared,real_world,1000,product,clipart,0.9999071359634399,0.040570419281721115,0.03010985441505909,0.0011475785868242383,7.628957973793149e-05,True
r1_shared,real_world,1000,product,pooled,0.9999829530715942,0.01661643013358116,0.012334500439465046,0.000688547152094543,1.1667105354717933e-05,True
r1_shared,real_world,1000,product,real_world,0.9999535083770752,0.028475577011704445,0.020033100619912148,0.0018361257389187813,3.6255853046895936e-05,True
r1_shared,real_world,1000,pooled,art,0.9999182820320129,0.038337964564561844,0.02739175781607628,0.0018361257389187813,6.717752694385126e-05,True
r1_shared,real_world,1000,pooled,clipart,0.9999555349349976,0.028871867805719376,0.02099243551492691,0.0004590314347296953,3.9014652429614216e-05,True
r1_shared,real_world,1000,pooled,product,0.9999829530715942,0.01661643013358116,0.012334500439465046,0.000688547152094543,1.1659267329378054e-05,True
r1_shared,real_world,1000,pooled,real_world,0.9999521374702454,0.029504403471946716,0.021542012691497803,0.002065641339868307,4.3399100832175463e-05,True
r1_shared,real_world,1000,real_world,art,0.9999796748161316,0.018498951569199562,0.013674763962626457,0.0016066100215539336,1.4190846741257701e-05,True
r1_shared,real_world,1000,real_world,clipart,0.9998212456703186,0.05754287540912628,0.04193400219082832,0.002524673007428646,0.00016158565995283425,True
r1_shared,real_world,1000,real_world,product,0.9999535083770752,0.028475577011704445,0.020033100619912148,0.0018361257389187813,3.629129787441343e-05,True
r1_shared,real_world,1000,real_world,pooled,0.9999521374702454,0.029504403471946716,0.021542012691497803,0.002065641339868307,4.34725297964178e-05,True
r2_pooled,art,0,clipart,product,0.9921590685844421,0.44969460368156433,0.33763882517814636,0.24639472365379333,0.04359632730484009,True
r2_pooled,art,0,clipart,real_world,0.9903088808059692,0.4552628993988037,0.348308801651001,0.2678203582763672,0.04857524111866951,True
r2_pooled,art,0,clipart,pooled,0.9960597157478333,0.29091063141822815,0.2131749838590622,0.16604861617088318,0.01940813660621643,True
r2_pooled,art,0,clipart,art,0.9887690544128418,0.5318071842193604,0.411958783864975,0.2838895618915558,0.06347969174385071,True
r2_pooled,art,0,product,clipart,0.9921590685844421,0.44969460368156433,0.33763882517814636,0.24639472365379333,0.04569973796606064,True
r2_pooled,art,0,product,real_world,0.9929652214050293,0.457563579082489,0.37070560455322266,0.24103832244873047,0.04667576402425766,True
r2_pooled,art,0,product,pooled,0.9980351328849792,0.21513070166110992,0.17814278602600098,0.13185001909732819,0.01277367677539587,True
r2_pooled,art,0,product,art,0.9871753454208374,0.637648344039917,0.49735909700393677,0.30696332454681396,0.08889614790678024,True
r2_pooled,art,0,real_world,clipart,0.9903088808059692,0.4552628993988037,0.348308801651001,0.2678203582763672,0.04739171266555786,True
r2_pooled,art,0,real_world,product,0.9929652214050293,0.457563579082489,0.37070560455322266,0.24103832244873047,0.04173276200890541,True
r2_pooled,art,0,real_world,pooled,0.9955286979675293,0.3647724390029907,0.2879362404346466,0.18541409075260162,0.024373462423682213,True
r2_pooled,art,0,real_world,art,0.9969444870948792,0.23098428547382355,0.16966599225997925,0.11990111321210861,0.012367376126348972,True
r2_pooled,art,0,pooled,clipart,1.0,0.0,0.0,0.0,1.7463386292604355e-09,False
r2_pooled,art,0,pooled,product,1.0,0.0,0.0,0.0,1.7463386292604355e-09,False
r2_pooled,art,0,pooled,real_world,1.0,0.0,0.0,0.0,1.7463386292604355e-09,False
r2_pooled,art,0,pooled,art,1.0,0.0,0.0,0.0,1.7463386292604355e-09,False
r2_pooled,art,0,art,clipart,0.9887690544128418,0.5318071842193604,0.411958783864975,0.2838895618915558,0.060235172510147095,True
r2_pooled,art,0,art,product,0.9871753454208374,0.637648344039917,0.49735909700393677,0.30696332454681396,0.07572078704833984,True
r2_pooled,art,0,art,real_world,0.9969444870948792,0.23098428547382355,0.16966599225997925,0.11990111321210861,0.01173391006886959,True
r2_pooled,art,0,art,pooled,0.9909297227859497,0.5294207334518433,0.40504351258277893,0.24763081967830658,0.04949833080172539,True
r2_pooled,art,200,clipart,product,0.9996092319488525,0.10394982993602753,0.06492001563310623,0.009888751432299614,0.0006585103110410273,True
r2_pooled,art,200,clipart,real_world,0.9995399117469788,0.11333277821540833,0.0685843750834465,0.010712813585996628,0.0008054088102653623,True
r2_pooled,art,200,clipart,pooled,0.9998103380203247,0.07394048571586609,0.04457222297787666,0.007828595116734505,0.00032464988180436194,True
r2_pooled,art,200,clipart,art,0.9996320009231567,0.09525034576654434,0.05835988372564316,0.0074165635742247105,0.0005948031903244555,True
r2_pooled,art,200,product,clipart,0.9996092319488525,0.10394982993602753,0.06492001563310623,0.009888751432299614,0.0006564497598446906,True
r2_pooled,art,200,product,real_world,0.9999237060546875,0.039983365684747696,0.02625930868089199,0.0037082817871123552,0.00010280252899974585,True
r2_pooled,art,200,product,pooled,0.9999504685401917,0.034314870834350586,0.023096421733498573,0.002884219167754054,7.567407010355964e-05,True
r2_pooled,art,200,product,art,0.9998239278793335,0.059709787368774414,0.04076779633760452,0.006180469878017902,0.00022654369240626693,True
r2_pooled,art,200,real_world,clipart,0.9995399117469788,0.11333277821540833,0.0685843750834465,0.010712813585996628,0.0008021874236874282,True
r2_pooled,art,200,real_world,product,0.9999237060546875,0.039983365684747696,0.02625930868089199,0.0037082817871123552,0.00010269095946568996,True
r2_pooled,art,200,real_world,pooled,0.9999292492866516,0.04254180192947388,0.02629093825817108,0.004120313096791506,0.00012241823424119502,True
r2_pooled,art,200,real_world,art,0.9999545812606812,0.0337987057864666,0.021887117996811867,0.0032962504774332047,6.959461461519822e-05,True
r2_pooled,art,200,pooled,clipart,1.0,0.0,0.0,0.0,-5.132692604270517e-10,False
r2_pooled,art,200,pooled,product,1.0,0.0,0.0,0.0,-5.132692604270517e-10,False
r2_pooled,art,200,pooled,real_world,1.0,0.0,0.0,0.0,-5.132692604270517e-10,False
r2_pooled,art,200,pooled,art,1.0,0.0,0.0,0.0,-5.132692604270517e-10,False
r2_pooled,art,200,art,clipart,0.9996320009231567,0.09525034576654434,0.05835988372564316,0.0074165635742247105,0.000593166274484247,True
r2_pooled,art,200,art,product,0.9998239278793335,0.059709787368774414,0.04076779633760452,0.006180469878017902,0.00022658021771349013,True
r2_pooled,art,200,art,real_world,0.9999545812606812,0.0337987057864666,0.021887117996811867,0.0032962504774332047,6.967308581806719e-05,True
r2_pooled,art,200,art,pooled,0.9999091625213623,0.04153110459446907,0.027735093608498573,0.0032962504774332047,0.00011974532390013337,True
r2_pooled,art,400,clipart,product,0.9997742772102356,0.075704425573349,0.0522422268986702,0.0074165635742247105,0.0003645004180725664,True
r2_pooled,art,400,clipart,real_world,0.9997342824935913,0.07917827367782593,0.05491601675748825,0.009888751432299614,0.00044149765744805336,True
r2_pooled,art,400,clipart,pooled,0.9998921155929565,0.05177265405654907,0.035523053258657455,0.006592500954866409,0.00017582230793777853,True
r2_pooled,art,400,clipart,art,0.9997605681419373,0.07135928422212601,0.04990150034427643,0.0090646892786026,0.000385052029741928,True
r2_pooled,art,400,product,clipart,0.9997742772102356,0.075704425573349,0.0522422268986702,0.0074165635742247105,0.0003635121101979166,True
r2_pooled,art,400,product,real_world,0.9999436736106873,0.0362238846719265,0.024197250604629517,0.004944375716149807,8.772212459007278e-05,True
r2_pooled,art,400,product,pooled,0.9999686479568481,0.02811913751065731,0.019567251205444336,0.0032962504774332047,4.961847298545763e-05,True
r2_pooled,art,400,product,art,0.9998559951782227,0.05996101722121239,0.0397300161421299,0.006592500954866409,0.0002124445600202307,True
r2_pooled,art,400,real_world,clipart,0.9997342824935913,0.07917827367782593,0.05491601675748825,0.009888751432299614,0.0004398194432724267,True
r2_pooled,art,400,real_world,product,0.9999436736106873,0.0362238846719265,0.024197250604629517,0.004944375716149807,8.760850323596969e-05,True
r2_pooled,art,400,real_world,pooled,0.9999561309814453,0.03136451542377472,0.02169710397720337,0.0032962504774332047,7.28034065105021e-05,True
r2_pooled,art,400,real_world,art,0.9999647736549377,0.03113487735390663,0.020341696217656136,0.0024721878580749035,5.1159437134629115e-05,True
r2_pooled,art,400,pooled,clipart,1.0,0.0,0.0,0.0,3.2444025244160457e-10,False
r2_pooled,art,400,pooled,product,1.0,0.0,0.0,0.0,3.2444025244160457e-10,False
r2_pooled,art,400,pooled,real_world,1.0,0.0,0.0,0.0,3.2444025244160457e-10,False
r2_pooled,art,400,pooled,art,1.0,0.0,0.0,0.0,3.2444025244160457e-10,False
r2_pooled,art,400,art,clipart,0.9997605681419373,0.07135928422212601,0.04990150034427643,0.0090646892786026,0.0003838645061478019,True
r2_pooled,art,400,art,product,0.9998559951782227,0.05996101722121239,0.0397300161421299,0.006592500954866409,0.0002124226448358968,True
r2_pooled,art,400,art,real_world,0.9999647736549377,0.03113487735390663,0.020341696217656136,0.0024721878580749035,5.120882633491419e-05,True
r2_pooled,art,400,art,pooled,0.999922513961792,0.04191024601459503,0.02791101112961769,0.004120313096791506,0.00011365829413989559,True
r2_pooled,art,600,clipart,product,0.9998319149017334,0.06055839732289314,0.04415040463209152,0.0074165635742247105,0.00027385790599510074,True
r2_pooled,art,600,clipart,real_world,0.9997464418411255,0.07361064851284027,0.054661352187395096,0.011536876671016216,0.0004049346607644111,True
r2_pooled,art,600,clipart,pooled,0.9999103546142578,0.043422747403383255,0.03236612677574158,0.006592500954866409,0.0001452626456739381,True
r2_pooled,art,600,clipart,art,0.9996995329856873,0.08243181556463242,0.05871056765317917,0.010712813585996628,0.0004550485173240304,True
r2_pooled,art,600,product,clipart,0.9998319149017334,0.06055839732289314,0.04415040463209152,0.0074165635742247105,0.0002731031854636967,True
r2_pooled,art,600,product,real_world,0.9999294877052307,0.043825581669807434,0.028384137898683548,0.004120313096791506,0.00010337388084735721,True
r2_pooled,art,600,product,pooled,0.9999762773513794,0.02438558079302311,0.016413729637861252,0.0024721878580749035,3.745417416212149e-05,True
r2_pooled,art,600,product,art,0.9998182058334351,0.0717550590634346,0.04512663185596466,0.0074165635742247105,0.0002689427346922457,True
r2_pooled,art,600,real_world,clipart,0.9997464418411255,0.07361064851284027,0.054661352187395096,0.011536876671016216,0.000403481419198215,True
r2_pooled,art,600,real_world,product,0.9999294877052307,0.043825581669807434,0.028384137898683548,0.004120313096791506,0.00010321365698473528,True
r2_pooled,art,600,real_world,pooled,0.999949038028717,0.03461124747991562,0.024519262835383415,0.004944375716149807,7.824219937901944e-05,True
r2_pooled,art,600,real_world,art,0.9999626874923706,0.032237470149993896,0.020125504583120346,0.004120313096791506,5.733932994189672e-05,True
r2_pooled,art,600,pooled,clipart,1.0,0.0,0.0,0.0,2.828754452899318e-10,False
r2_pooled,art,600,pooled,product,1.0,0.0,0.0,0.0,2.828754452899318e-10,False
r2_pooled,art,600,pooled,real_world,1.0,0.0,0.0,0.0,2.828754452899318e-10,False
r2_pooled,art,600,pooled,art,1.0,0.0,0.0,0.0,2.828754452899318e-10,False
r2_pooled,art,600,art,clipart,0.9996995329856873,0.08243181556463242,0.05871056765317917,0.010712813585996628,0.00045360057265497744,True
r2_pooled,art,600,art,product,0.9998182058334351,0.0717550590634346,0.04512663185596466,0.0074165635742247105,0.0002686878724489361,True
r2_pooled,art,600,art,real_world,0.9999626874923706,0.032237470149993896,0.020125504583120346,0.004120313096791506,5.73790239286609e-05,True
r2_pooled,art,600,art,pooled,0.9998831152915955,0.05590420961380005,0.03610031679272652,0.006592500954866409,0.0001692589867161587,True
r2_pooled,art,800,clipart,product,0.999822735786438,0.05960230156779289,0.04503849893808365,0.008240626193583012,0.0002774295280687511,True
r2_pooled,art,800,clipart,real_world,0.999643862247467,0.0875970795750618,0.06653490662574768,0.012772970832884312,0.000570004980545491,True
r2_pooled,art,800,clipart,pooled,0.9998891949653625,0.04689432680606842,0.036577194929122925,0.0074165635742247105,0.0001773794210748747,True
r2_pooled,art,800,clipart,art,0.9995089173316956,0.1089911162853241,0.07737003266811371,0.013185001909732819,0.0007576609496027231,True
r2_pooled,art,800,product,clipart,0.999822735786438,0.05960230156779289,0.04503849893808365,0.008240626193583012,0.00027629599208012223,True
r2_pooled,art,800,product,real_world,0.9998878836631775,0.057995930314064026,0.03656389191746712,0.008240626193583012,0.0001659383560763672,True
r2_pooled,art,800,product,pooled,0.9999762773513794,0.02541869506239891,0.015780314803123474,0.0016481252387166023,3.413848753552884e-05,True
r2_pooled,art,800,product,art,0.9997232556343079,0.09309770166873932,0.056099094450473785,0.009476720355451107,0.000399434327846393,True
r2_pooled,art,800,real_world,clipart,0.999643862247467,0.0875970795750618,0.06653490662574768,0.012772970832884312,0.0005667383666150272,True
r2_pooled,art,800,real_world,product,0.9998878836631775,0.057995930314064026,0.03656389191746712,0.008240626193583012,0.00016567679995205253,True
r2_pooled,art,800,real_world,pooled,0.9999189972877502,0.045010700821876526,0.03185555711388588,0.0074165635742247105,0.0001262171135749668,True
r2_pooled,art,800,real_world,art,0.999953031539917,0.03817346692085266,0.0222120750695467,0.002060156548395753,6.685355765512213e-05,True
r2_pooled,art,800,pooled,clipart,1.0,0.0,0.0,0.0,-2.2171944835669422e-10,False
r2_pooled,art,800,pooled,product,1.0,0.0,0.0,0.0,-2.2171944835669422e-10,False
r2_pooled,art,800,pooled,real_world,1.0,0.0,0.0,0.0,-2.2171944835669422e-10,False
r2_pooled,art,800,pooled,art,1.0,0.0,0.0,0.0,-2.2171944835669422e-10,False
r2_pooled,art,800,art,clipart,0.9995089173316956,0.1089911162853241,0.07737003266811371,0.013185001909732819,0.0007543020765297115,True
r2_pooled,art,800,art,product,0.9997232556343079,0.09309770166873932,0.056099094450473785,0.009476720355451107,0.0003991840058006346,True
r2_pooled,art,800,art,real_world,0.999953031539917,0.03817346692085266,0.0222120750695467,0.002060156548395753,6.691026646876708e-05,True
r2_pooled,art,800,art,pooled,0.9998035430908203,0.07559458911418915,0.04791586101055145,0.008652657270431519,0.0002876410726457834,True
r2_pooled,art,1000,clipart,product,0.9998033046722412,0.06167692318558693,0.04841097444295883,0.004944375716149807,0.00032655216637067497,True
r2_pooled,art,1000,clipart,real_world,0.9994170069694519,0.11519341170787811,0.08237844705581665,0.008652657270431519,0.0009568964596837759,True
r2_pooled,art,1000,clipart,pooled,0.9998416900634766,0.05722567066550255,0.04322692006826401,0.0032962504774332047,0.00026514666387811303,True
r2_pooled,art,1000,clipart,art,0.9991145133972168,0.14854669570922852,0.09979284554719925,0.011536876671016216,0.0014100918779149652,True
r2_pooled,art,1000,product,clipart,0.9998033046722412,0.06167692318558693,0.04841097444295883,0.004944375716149807,0.00032582797575742006,True
r2_pooled,art,1000,product,real_world,0.9998096227645874,0.0737752839922905,0.045413535088300705,0.006180469878017902,0.00028228535666130483,True
r2_pooled,art,1000,product,pooled,0.9999793171882629,0.02360781468451023,0.014842692762613297,0.0024721878580749035,2.8513657525763847e-05,True
r2_pooled,art,1000,product,art,0.999553382396698,0.1151420921087265,0.06871143728494644,0.010300782509148121,0.0006466185441240668,True
r2_pooled,art,1000,real_world,clipart,0.9994170069694519,0.11519341170787811,0.08237844705581665,0.008652657270431519,0.000953890208620578,True
r2_pooled,art,1000,real_world,product,0.9998096227645874,0.0737752839922905,0.045413535088300705,0.006180469878017902,0.00028206894057802856,True
r2_pooled,art,1000,real_world,pooled,0.9998551607131958,0.06067122519016266,0.04058092087507248,0.005356406792998314,0.00022843456827104092,True
r2_pooled,art,1000,real_world,art,0.9999375343322754,0.04344175383448601,0.02518610656261444,0.004120313096791506,8.691860421095043e-05,True
r2_pooled,art,1000,pooled,clipart,1.0,0.0,0.0,0.0,5.870098296334447e-10,False
r2_pooled,art,1000,pooled,product,1.0,0.0,0.0,0.0,5.870098296334447e-10,False
r2_pooled,art,1000,pooled,real_world,1.0,0.0,0.0,0.0,5.870098296334447e-10,False
r2_pooled,art,1000,pooled,art,1.0,0.0,0.0,0.0,5.870098296334447e-10,False
r2_pooled,art,1000,art,clipart,0.9991145133972168,0.14854669570922852,0.09979284554719925,0.011536876671016216,0.0014064055867493153,True
r2_pooled,art,1000,art,product,0.999553382396698,0.1151420921087265,0.06871143728494644,0.010300782509148121,0.0006463906029239297,True
r2_pooled,art,1000,art,real_world,0.9999375343322754,0.04344175383448601,0.02518610656261444,0.004120313096791506,8.695641008671373e-05,True
r2_pooled,art,1000,art,pooled,0.9996497631072998,0.09925620257854462,0.06151500716805458,0.0090646892786026,0.0005258587771095335,True
r2_pooled,clipart,0,art,product,0.9908484816551208,0.3618043065071106,0.29716256260871887,0.23528064787387848,0.0462968684732914,True
r2_pooled,clipart,0,art,real_world,0.9974536895751953,0.14757958054542542,0.11661455780267715,0.09415807574987411,0.007149061653763056,True
r2_pooled,clipart,0,art,pooled,0.9963071346282959,0.2102474719285965,0.16806918382644653,0.12714776396751404,0.014078157022595406,True
r2_pooled,clipart,0,art,clipart,0.9907991886138916,0.3926639258861542,0.3083227872848511,0.23848797380924225,0.04695054888725281,True
r2_pooled,clipart,0,product,art,0.9908484816551208,0.3618043065071106,0.29716256260871887,0.23528064787387848,0.04750730097293854,True
r2_pooled,clipart,0,product,real_world,0.9950911402702332,0.2563745081424713,0.21521992981433868,0.1878579705953598,0.025733787566423416,True
r2_pooled,clipart,0,product,pooled,0.9978182315826416,0.17630857229232788,0.148546501994133,0.13562428951263428,0.012450735084712505,True
r2_pooled,clipart,0,product,clipart,0.9936206340789795,0.3238489627838135,0.26460883021354675,0.21970218420028687,0.041543059051036835,True
r2_pooled,clipart,0,real_world,art,0.9974536895751953,0.14757958054542542,0.11661455780267715,0.09415807574987411,0.0072287931106984615,True
r2_pooled,clipart,0,real_world,product,0.9950911402702332,0.2563745081424713,0.21521992981433868,0.1878579705953598,0.024821249768137932,True
r2_pooled,clipart,0,real_world,pooled,0.999286949634552,0.09298505634069443,0.07743190973997116,0.06781214475631714,0.0031638089567422867,True
r2_pooled,clipart,0,real_world,clipart,0.9917096495628357,0.36036279797554016,0.28384989500045776,0.2506300210952759,0.04598144069314003,True
r2_pooled,clipart,0,pooled,art,1.0,0.0,0.0,0.0,2.4824513555898875e-09,False
r2_pooled,clipart,0,pooled,product,1.0,0.0,0.0,0.0,2.4824513555898875e-09,False
r2_pooled,clipart,0,pooled,real_world,1.0,0.0,0.0,0.0,2.4824513555898875e-09,False
r2_pooled,clipart,0,pooled,clipart,1.0,0.0,0.0,0.0,2.4824513555898875e-09,False
r2_pooled,clipart,0,clipart,art,0.9907991886138916,0.3926639258861542,0.3083227872848511,0.23848797380924225,0.047357019037008286,True
r2_pooled,clipart,0,clipart,product,0.9936206340789795,0.3238489627838135,0.26460883021354675,0.21970218420028687,0.04012086242437363,True
r2_pooled,clipart,0,clipart,real_world,0.9917096495628357,0.36036279797554016,0.28384989500045776,0.2506300210952759,0.04564423859119415,True
r2_pooled,clipart,0,clipart,pooled,0.9935845136642456,0.32729631662368774,0.2585701644420624,0.22268041968345642,0.037153277546167374,True
r2_pooled,clipart,200,art,product,0.9988030195236206,0.1810143142938614,0.0884018987417221,0.03298969194293022,0.002187243429943919,True
r2_pooled,clipart,200,art,real_world,0.9998342394828796,0.08233746886253357,0.035974930971860886,0.01351660955697298,0.00034150146530009806,True
r2_pooled,clipart,200,art,pooled,0.9996645450592041,0.10316416621208191,0.04791748523712158,0.019243987277150154,0.000638283439911902,True
r2_pooled,clipart,200,art,clipart,0.9987112283706665,0.13982108235359192,0.0860067680478096,0.03046964481472969,0.0018993631238117814,True
r2_pooled,clipart,200,product,art,0.9988030195236206,0.1810143142938614,0.0884018987417221,0.03298969194293022,0.0021833202335983515,True
r2_pooled,clipart,200,product,real_world,0.9994651079177856,0.10340447723865509,0.05638827383518219,0.019702177494764328,0.0008737032767385244,True
r2_pooled,clipart,200,product,pooled,0.9997265338897705,0.07888976484537125,0.04131559655070305,0.013974799774587154,0.00047410919796675444,True
r2_pooled,clipart,200,product,clipart,0.9998091459274292,0.0793074443936348,0.039069969207048416,0.010996563360095024,0.00035591807682067156,True
r2_pooled,clipart,200,real_world,art,0.9998342394828796,0.08233746886253357,0.035974930971860886,0.01351660955697298,0.0003414677339605987,True
r2_pooled,clipart,200,real_world,product,0.9994651079177856,0.10340447723865509,0.05638827383518219,0.019702177494764328,0.000875162601005286,True
r2_pooled,clipart,200,real_world,pooled,0.9999532699584961,0.025801556184887886,0.015940163284540176,0.005727376788854599,6.554803985636681e-05,True
r2_pooled,clipart,200,real_world,clipart,0.999274730682373,0.08742144703865051,0.06342244893312454,0.019243987277150154,0.0009230122086592019,True
r2_pooled,clipart,200,pooled,art,1.0,0.0,0.0,0.0,2.5954394189398045e-10,False
r2_pooled,clipart,200,pooled,product,1.0,0.0,0.0,0.0,2.5954394189398045e-10,False
r2_pooled,clipart,200,pooled,real_world,1.0,0.0,0.0,0.0,2.5954394189398045e-10,False
r2_pooled,clipart,200,pooled,clipart,1.0,0.0,0.0,0.0,2.5954394189398045e-10,False
r2_pooled,clipart,200,clipart,art,0.9987112283706665,0.13982108235359192,0.0860067680478096,0.03046964481472969,0.0018973968690261245,True
r2_pooled,clipart,200,clipart,product,0.9998091459274292,0.0793074443936348,0.039069969207048416,0.010996563360095024,0.0003557046293281019,True
r2_pooled,clipart,200,clipart,real_world,0.999274730682373,0.08742144703865051,0.06342244893312454,0.019243987277150154,0.0009217463666573167,True
r2_pooled,clipart,200,clipart,pooled,0.9995551705360413,0.06924377381801605,0.050655487924814224,0.013974799774587154,0.0005703074275515974,True
r2_pooled,clipart,400,art,product,0.9988796710968018,0.16615545749664307,0.09083646535873413,0.027262315154075623,0.002067090477794409,True
r2_pooled,clipart,400,art,real_world,0.9998389482498169,0.07735149562358856,0.03755362704396248,0.009621993638575077,0.0003405457828193903,True
r2_pooled,clipart,400,art,pooled,0.9996808767318726,0.09561034291982651,0.04947475343942642,0.015578465536236763,0.0006134823779575527,True
r2_pooled,clipart,400,art,clipart,0.998838484287262,0.1304343193769455,0.08743546158075333,0.026345934718847275,0.0017310663824900985,True
r2_pooled,clipart,400,product,art,0.9988796710968018,0.16615545749664307,0.09083646535873413,0.027262315154075623,0.0020554165821522474,True
r2_pooled,clipart,400,product,real_world,0.999519944190979,0.09383135288953781,0.05698280781507492,0.018098510801792145,0.0007977729546837509,True
r2_pooled,clipart,400,product,pooled,0.9997497797012329,0.07171988487243652,0.042176250368356705,0.012142038904130459,0.00043841780279763043,True
r2_pooled,clipart,400,product,clipart,0.9998409748077393,0.07288838922977448,0.036412838846445084,0.01282932423055172,0.00027972247335128486,True
r2_pooled,clipart,400,real_world,art,0.9998389482498169,0.07735149562358856,0.03755362704396248,0.009621993638575077,0.0003402124566491693,True
r2_pooled,clipart,400,real_world,product,0.999519944190979,0.09383135288953781,0.05698280781507492,0.018098510801792145,0.0008011542377062142,True
r2_pooled,clipart,400,real_world,pooled,0.9999600648880005,0.02339455485343933,0.015606311149895191,0.005956471897661686,5.801739462185651e-05,True
r2_pooled,clipart,400,real_world,clipart,0.9993834495544434,0.08312461525201797,0.06252213567495346,0.019243987277150154,0.0007799282902851701,True
r2_pooled,clipart,400,pooled,art,1.0,0.0,0.0,0.0,5.907661027038102e-10,False
r2_pooled,clipart,400,pooled,product,1.0,0.0,0.0,0.0,5.907661027038102e-10,False
r2_pooled,clipart,400,pooled,real_world,1.0,0.0,0.0,0.0,5.907661027038102e-10,False
r2_pooled,clipart,400,pooled,clipart,1.0,0.0,0.0,0.0,5.907661027038102e-10,False
r2_pooled,clipart,400,clipart,art,0.998838484287262,0.1304343193769455,0.08743546158075333,0.026345934718847275,0.0017201123991981149,True
r2_pooled,clipart,400,clipart,product,0.9998409748077393,0.07288838922977448,0.036412838846445084,0.01282932423055172,0.00027921891887672246,True
r2_pooled,clipart,400,clipart,real_world,0.9993834495544434,0.08312461525201797,0.06252213567495346,0.019243987277150154,0.0007756626582704484,True
r2_pooled,clipart,400,clipart,pooled,0.9996241927146912,0.0661914125084877,0.04945293813943863,0.015120275318622589,0.0004700967110693455,True
r2_pooled,clipart,600,art,product,0.9989120364189148,0.13580182194709778,0.08700992912054062,0.024971364066004753,0.00169477635063231,True
r2_pooled,clipart,600,art,real_world,0.9998456239700317,0.06442131102085114,0.034155458211898804,0.010309278964996338,0.0002648342924658209,True
r2_pooled,clipart,600,art,pooled,0.9996887445449829,0.07844510674476624,0.0468466617166996,0.01351660955697298,0.0004982793470844626,True
r2_pooled,clipart,600,art,clipart,0.998809814453125,0.11526010185480118,0.08907250314950943,0.02565864846110344,0.0015963624464347959,True
r2_pooled,clipart,600,product,art,0.9989120364189148,0.13580182194709778,0.08700992912054062,0.024971364066004753,0.00168812763877213,True
r2_pooled,clipart,600,product,real_world,0.9995386004447937,0.07863844186067581,0.05605703964829445,0.014891180209815502,0.0006678804638795555,True
r2_pooled,clipart,600,product,pooled,0.9997593760490417,0.059094443917274475,0.04087258130311966,0.011683848686516285,0.0003627775877248496,True
r2_pooled,clipart,600,product,clipart,0.9998325109481812,0.08159541338682175,0.03576568514108658,0.008018327876925468,0.00027082808082923293,True
r2_pooled,clipart,600,real_world,art,0.9998456239700317,0.06442131102085114,0.034155458211898804,0.010309278964996338,0.00026461484958417714,True
r2_pooled,clipart,600,real_world,product,0.9995386004447937,0.07863844186067581,0.05605703964829445,0.014891180209815502,0.0006699693622067571,True
r2_pooled,clipart,600,real_world,pooled,0.9999622106552124,0.021055275574326515,0.015779897570610046,0.00320733105763793,4.9282149120699614e-05,True
r2_pooled,clipart,600,real_world,clipart,0.9993624091148376,0.09376449137926102,0.06577830761671066,0.017182130366563797,0.0007779140723869205,True
r2_pooled,clipart,600,pooled,art,1.0,0.0,0.0,0.0,1.2052708830978531e-09,False
r2_pooled,clipart,600,pooled,product,1.0,0.0,0.0,0.0,1.2052708830978531e-09,False
r2_pooled,clipart,600,pooled,real_world,1.0,0.0,0.0,0.0,1.2052708830978531e-09,False
r2_pooled,clipart,600,pooled,clipart,1.0,0.0,0.0,0.0,1.2052708830978531e-09,False
r2_pooled,clipart,600,clipart,art,0.998809814453125,0.11526010185480118,0.08907250314950943,0.02565864846110344,0.0015822489513084292,True
r2_pooled,clipart,600,clipart,product,0.9998325109481812,0.08159541338682175,0.03576568514108658,0.008018327876925468,0.00026999428519047797,True
r2_pooled,clipart,600,clipart,real_world,0.9993624091148376,0.09376449137926102,0.06577830761671066,0.017182130366563797,0.0007711845682933927,True
r2_pooled,clipart,600,clipart,pooled,0.9996029138565063,0.07926934957504272,0.052322983741760254,0.014432989992201328,0.0004894922021776438,True
r2_pooled,clipart,800,art,product,0.9987177848815918,0.14228393137454987,0.09442473948001862,0.033218786120414734,0.0018138421000912786,True
r2_pooled,clipart,800,art,real_world,0.9998193383216858,0.06600817292928696,0.03651534393429756,0.015349370427429676,0.000294442375889048,True
r2_pooled,clipart,800,art,pooled,0.9996314644813538,0.08148075640201569,0.05070878565311432,0.019014891237020493,0.0005377196939662099,True
r2_pooled,clipart,800,art,clipart,0.9984902143478394,0.12808828055858612,0.10027158260345459,0.03138602524995804,0.0019004503265023232,True
r2_pooled,clipart,800,product,art,0.9987177848815918,0.14228393137454987,0.09442473948001862,0.033218786120414734,0.001807540189474821,True
r2_pooled,clipart,800,product,real_world,0.9994590282440186,0.08381029963493347,0.061191197484731674,0.019014891237020493,0.0007038955809548497,True
r2_pooled,clipart,800,product,pooled,0.9997180700302124,0.06255792826414108,0.04443510249257088,0.014662085101008415,0.00038608626346103847,True
r2_pooled,clipart,800,product,clipart,0.9997767806053162,0.0856485441327095,0.04115850105881691,0.010767469182610512,0.0003480715677142143,True
r2_pooled,clipart,800,real_world,art,0.9998193383216858,0.06600817292928696,0.03651534393429756,0.015349370427429676,0.0002943213621620089,True
r2_pooled,clipart,800,real_world,product,0.9994590282440186,0.08381029963493347,0.061191197484731674,0.019014891237020493,0.0007062888471409678,True
r2_pooled,clipart,800,real_world,pooled,0.9999557733535767,0.0227870661765337,0.017366141080856323,0.0050400919280946255,5.125029565533623e-05,True
r2_pooled,clipart,800,real_world,clipart,0.9991722702980042,0.10436447709798813,0.07525988668203354,0.020618557929992676,0.0009824467124417424,True
r2_pooled,clipart,800,pooled,art,1.0,0.0,0.0,0.0,1.4648261492666848e-09,False
r2_pooled,clipart,800,pooled,product,1.0,0.0,0.0,0.0,1.4648261492666848e-09,False
r2_pooled,clipart,800,pooled,real_world,1.0,0.0,0.0,0.0,1.4648261492666848e-09,False
r2_pooled,clipart,800,pooled,clipart,1.0,0.0,0.0,0.0,1.4648261492666848e-09,False
r2_pooled,clipart,800,clipart,art,0.9984902143478394,0.12808828055858612,0.10027158260345459,0.03138602524995804,0.0018828122410923243,True
r2_pooled,clipart,800,clipart,product,0.9997767806053162,0.0856485441327095,0.04115850105881691,0.010767469182610512,0.0003466215275693685,True
r2_pooled,clipart,800,clipart,real_world,0.9991722702980042,0.10436447709798813,0.07525988668203354,0.020618557929992676,0.0009734806371852756,True
r2_pooled,clipart,800,clipart,pooled,0.9994701743125916,0.08796610683202744,0.06046289950609207,0.015807559713721275,0.0006490508676506579,True
r2_pooled,clipart,1000,art,product,0.9987049102783203,0.13341714441776276,0.09628813713788986,0.030240550637245178,0.0017855551559478045,True
r2_pooled,clipart,1000,art,real_world,0.9998167753219604,0.06239426136016846,0.03692013397812843,0.014432989992201328,0.0002784963871818036,True
r2_pooled,clipart,1000,art,pooled,0.999625563621521,0.07650397717952728,0.0517849437892437,0.016953036189079285,0.0005287055391818285,True
r2_pooled,clipart,1000,art,clipart,0.9982890486717224,0.13874578475952148,0.10890993475914001,0.030927835032343864,0.002117530209943652,True
r2_pooled,clipart,1000,product,art,0.9987049102783203,0.13341714441776276,0.09628813713788986,0.030240550637245178,0.0017729524988681078,True
r2_pooled,clipart,1000,product,real_world,0.9994574785232544,0.08099143952131271,0.062785305082798,0.01878579705953598,0.0007099685608409345,True
r2_pooled,clipart,1000,product,pooled,0.9997175931930542,0.0593457892537117,0.04527515545487404,0.013745704665780067,0.00037946581142023206,True
r2_pooled,clipart,1000,product,clipart,0.9997079968452454,0.09742915630340576,0.047955408692359924,0.011683848686516285,0.00044994245399720967,True
r2_pooled,clipart,1000,real_world,art,0.9998167753219604,0.06239426136016846,0.03692013397812843,0.014432989992201328,0.00027811466134153306,True
r2_pooled,clipart,1000,real_world,product,0.9994574785232544,0.08099143952131271,0.062785305082798,0.01878579705953598,0.0007140628877095878,True
r2_pooled,clipart,1000,real_world,pooled,0.9999557733535767,0.023210324347019196,0.018046529963612556,0.005498281680047512,5.479766332427971e-05,True
r2_pooled,clipart,1000,real_world,clipart,0.9990126490592957,0.12481571733951569,0.08497337996959686,0.020618557929992676,0.001207292778417468,True
r2_pooled,clipart,1000,pooled,art,1.0,0.0,0.0,0.0,2.434365209413869e-10,False
r2_pooled,clipart,1000,pooled,product,1.0,0.0,0.0,0.0,2.434365209413869e-10,False
r2_pooled,clipart,1000,pooled,real_world,1.0,0.0,0.0,0.0,2.434365209413869e-10,False
r2_pooled,clipart,1000,pooled,clipart,1.0,0.0,0.0,0.0,2.434365209413869e-10,False
r2_pooled,clipart,1000,clipart,art,0.9982890486717224,0.13874578475952148,0.10890993475914001,0.030927835032343864,0.0020912792533636093,True
r2_pooled,clipart,1000,clipart,product,0.9997079968452454,0.09742915630340576,0.047955408692359924,0.011683848686516285,0.0004478741029743105,True
r2_pooled,clipart,1000,clipart,real_world,0.9990126490592957,0.12481571733951569,0.08497337996959686,0.020618557929992676,0.0011943026911467314,True
r2_pooled,clipart,1000,clipart,pooled,0.9993396401405334,0.10728010535240173,0.06956764310598373,0.015578465536236763,0.0008225766941905022,True
r2_pooled,product,0,art,clipart,0.989812433719635,0.5037769675254822,0.42109033465385437,0.2872268557548523,0.06775956600904465,True
r2_pooled,product,0,art,real_world,0.9973291158676147,0.20708224177360535,0.18186575174331665,0.1705338954925537,0.015065787360072136,True
r2_pooled,product,0,art,pooled,0.9958170056343079,0.3162311911582947,0.27677902579307556,0.18382517993450165,0.024313081055879593,True
r2_pooled,product,0,art,product,0.9881497025489807,0.5748438835144043,0.5284528732299805,0.33611172437667847,0.0964154452085495,True
r2_pooled,product,0,clipart,art,0.989812433719635,0.5037769675254822,0.42109033465385437,0.2872268557548523,0.06774349510669708,True
r2_pooled,product,0,clipart,real_world,0.9913676381111145,0.44045525789260864,0.3455840051174164,0.26650145649909973,0.059883963316679,True
r2_pooled,product,0,clipart,pooled,0.9965987205505371,0.2756003737449646,0.22721819579601288,0.18044604361057281,0.026514027267694473,True
r2_pooled,product,0,clipart,product,0.9922560453414917,0.4666254222393036,0.38988205790519714,0.2707816958427429,0.07139163464307785,True
r2_pooled,product,0,real_world,art,0.9973291158676147,0.20708224177360535,0.18186575174331665,0.1705338954925537,0.016043156385421753,True
r2_pooled,product,0,real_world,clipart,0.9913676381111145,0.44045525789260864,0.3455840051174164,0.26650145649909973,0.06097053736448288,True
r2_pooled,product,0,real_world,pooled,0.9977414608001709,0.2166031450033188,0.16883864998817444,0.120522640645504,0.013160252943634987,True
r2_pooled,product,0,real_world,product,0.9933800101280212,0.43150341510772705,0.3985844552516937,0.22054515779018402,0.05383675917983055,True
r2_pooled,product,0,pooled,art,1.0,0.0,0.0,0.0,1.5551545606840023e-09,False
r2_pooled,product,0,pooled,clipart,1.0,0.0,0.0,0.0,1.5551545606840023e-09,False
r2_pooled,product,0,pooled,real_world,1.0,0.0,0.0,0.0,1.5551545606840023e-09,False
r2_pooled,product,0,pooled,product,1.0,0.0,0.0,0.0,1.5551545606840023e-09,False
r2_pooled,product,0,product,art,0.9881497025489807,0.5748438835144043,0.5284528732299805,0.33611172437667847,0.12022041529417038,True
r2_pooled,product,0,product,clipart,0.9922560453414917,0.4666254222393036,0.38988205790519714,0.2707816958427429,0.0907045379281044,True
r2_pooled,product,0,product,real_world,0.9933800101280212,0.43150341510772705,0.3985844552516937,0.22054515779018402,0.0635514184832573,True
r2_pooled,product,0,product,pooled,0.9949613213539124,0.39647823572158813,0.3597743809223175,0.2270781695842743,0.06443159282207489,True
r2_pooled,product,200,art,clipart,0.9994688630104065,0.09806055575609207,0.07109642773866653,0.006533002946525812,0.00040317262755706906,True
r2_pooled,product,200,art,real_world,0.9999102354049683,0.04028184339404106,0.029726646840572357,0.002478035632520914,7.002784695941955e-05,True
r2_pooled,product,200,art,pooled,0.9998631477355957,0.04922753944993019,0.03545992076396942,0.002703311387449503,9.771306940820068e-05,True
r2_pooled,product,200,art,product,0.9996274709701538,0.08078458905220032,0.0600539892911911,0.004280243068933487,0.00027880529523827136,True
r2_pooled,product,200,clipart,art,0.9994688630104065,0.09806055575609207,0.07109642773866653,0.006533002946525812,0.0004033339791931212,True
r2_pooled,product,200,clipart,real_world,0.9997169971466064,0.07456288486719131,0.056008510291576385,0.004505519289523363,0.000262674962868914,True
r2_pooled,product,200,clipart,pooled,0.9998586773872375,0.051605403423309326,0.038037724792957306,0.0038296913262456656,0.00011903046106453985,True
r2_pooled,product,200,clipart,product,0.9998887181282043,0.04860591143369675,0.03893924504518509,0.002703311387449503,0.00013319791469257325,True
r2_pooled,product,200,real_world,art,0.9999102354049683,0.04028184339404106,0.029726646840572357,0.002478035632520914,6.993018178036436e-05,True
r2_pooled,product,200,real_world,clipart,0.9997169971466064,0.07456288486719131,0.056008510291576385,0.004505519289523363,0.0002624262124300003,True
r2_pooled,product,200,real_world,pooled,0.9999706745147705,0.025039268657565117,0.01957358792424202,0.0006758278468623757,3.315706999273971e-05,True
r2_pooled,product,200,real_world,product,0.9998868703842163,0.04486840218305588,0.033662211149930954,0.0022527596447616816,8.857290231389925e-05,True
r2_pooled,product,200,pooled,art,1.0,0.0,0.0,0.0,2.963491396723583e-10,False
r2_pooled,product,200,pooled,clipart,1.0,0.0,0.0,0.0,2.963491396723583e-10,False
r2_pooled,product,200,pooled,real_world,1.0,0.0,0.0,0.0,2.963491396723583e-10,False
r2_pooled,product,200,pooled,product,1.0,0.0,0.0,0.0,2.963491396723583e-10,False
r2_pooled,product,200,product,art,0.9996274709701538,0.08078458905220032,0.0600539892911911,0.004280243068933487,0.00027832287014462054,True
r2_pooled,product,200,product,clipart,0.9998887181282043,0.04860591143369675,0.03893924504518509,0.002703311387449503,0.00013326035696081817,True
r2_pooled,product,200,product,real_world,0.9998868703842163,0.04486840218305588,0.033662211149930954,0.0022527596447616816,8.856702334014699e-05,True
r2_pooled,product,200,product,pooled,0.9999233484268188,0.037100017070770264,0.029265107586979866,0.002027483657002449,6.897682033013552e-05,True
r2_pooled,product,400,art,clipart,0.9995837807655334,0.08962038159370422,0.06320895254611969,0.004730795044451952,0.00030642381170764565,True
r2_pooled,product,400,art,real_world,0.9999271035194397,0.03835539519786835,0.02806192636489868,0.001576931681483984,6.30059075774625e-05,True
r2_pooled,product,400,art,pooled,0.9998929500579834,0.04525170475244522,0.03160428628325462,0.002027483657002449,7.784114131936803e-05,True
r2_pooled,product,400,art,product,0.9997053742408752,0.07546091824769974,0.054352447390556335,0.003153863362967968,0.00023166905157268047,True
r2_pooled,product,400,clipart,art,0.9995837807655334,0.08962038159370422,0.06320895254611969,0.004730795044451952,0.0003062345494981855,True
r2_pooled,product,400,clipart,real_world,0.9997765421867371,0.06788954883813858,0.0506761409342289,0.004054967314004898,0.0001917854679049924,True
r2_pooled,product,400,clipart,pooled,0.9998882412910461,0.04714592546224594,0.03420457988977432,0.002703311387449503,8.853961480781436e-05,True
r2_pooled,product,400,clipart,product,0.9999051690101624,0.04652433842420578,0.03797478601336479,0.0029285873752087355,0.0001098788998206146,True
r2_pooled,product,400,real_world,art,0.9999271035194397,0.03835539519786835,0.02806192636489868,0.001576931681483984,6.308424781309441e-05,True
r2_pooled,product,400,real_world,clipart,0.9997765421867371,0.06788954883813858,0.0506761409342289,0.004054967314004898,0.00019187710131518543,True
r2_pooled,product,400,real_world,pooled,0.9999767541885376,0.022897832095623016,0.018121229484677315,0.0018022076692432165,2.4209957700804807e-05,True
r2_pooled,product,400,real_world,product,0.9999129176139832,0.04070529341697693,0.029269065707921982,0.002027483657002449,6.598834443138912e-05,True
r2_pooled,product,400,pooled,art,1.0,0.0,0.0,0.0,1.1860620818815448e-10,False
r2_pooled,product,400,pooled,clipart,1.0,0.0,0.0,0.0,1.1860620818815448e-10,False
r2_pooled,product,400,pooled,real_world,1.0,0.0,0.0,0.0,1.1860620818815448e-10,False
r2_pooled,product,400,pooled,product,1.0,0.0,0.0,0.0,1.1860620818815448e-10,False
r2_pooled,product,400,product,art,0.9997053742408752,0.07546091824769974,0.054352447390556335,0.003153863362967968,0.00023222831077873707,True
r2_pooled,product,400,product,clipart,0.9999051690101624,0.04652433842420578,0.03797478601336479,0.0029285873752087355,0.00010986897541442886,True
r2_pooled,product,400,product,real_world,0.9999129176139832,0.04070529341697693,0.029269065707921982,0.002027483657002449,6.606736860703677e-05,True
r2_pooled,product,400,product,pooled,0.9999372959136963,0.03566302731633186,0.027519024908542633,0.0011263798223808408,5.970533675281331e-05,True
r2_pooled,product,600,art,clipart,0.9995808601379395,0.08713933080434799,0.06398741155862808,0.007208830676972866,0.00030048011103644967,True
r2_pooled,product,600,art,real_world,0.9999268651008606,0.03852599859237671,0.027580784633755684,0.0029285873752087355,5.874820999451913e-05,True
r2_pooled,product,600,art,pooled,0.9998925924301147,0.044797129929065704,0.032087694853544235,0.0033791393507272005,7.493127486668527e-05,True
r2_pooled,product,600,art,product,0.999704897403717,0.07714527100324631,0.05531971529126167,0.004730795044451952,0.00022240992984734476,True
r2_pooled,product,600,clipart,art,0.9995808601379395,0.08713933080434799,0.06398741155862808,0.007208830676972866,0.00030021319980733097,True
r2_pooled,product,600,clipart,real_world,0.9997704029083252,0.06464341282844543,0.050611842423677444,0.005181347019970417,0.00019605281704571098,True
r2_pooled,product,600,clipart,pooled,0.9998866319656372,0.045113705098629,0.03431957960128784,0.0038296913262456656,8.883177360985428e-05,True
r2_pooled,product,600,clipart,product,0.9998939037322998,0.0459035262465477,0.037667471915483475,0.004280243068933487,0.00012085732305422425,True
r2_pooled,product,600,real_world,art,0.9999268651008606,0.03852599859237671,0.027580784633755684,0.0029285873752087355,5.876125578652136e-05,True
r2_pooled,product,600,real_world,clipart,0.9997704029083252,0.06464341282844543,0.050611842423677444,0.005181347019970417,0.0001962406386155635,True
r2_pooled,product,600,real_world,pooled,0.9999754428863525,0.021722974255681038,0.017772400751709938,0.0018022076692432165,2.4991477403091267e-05,True
r2_pooled,product,600,real_world,product,0.9999146461486816,0.041539404541254044,0.030312703922390938,0.0018022076692432165,6.34690368315205e-05,True
r2_pooled,product,600,pooled,art,1.0,0.0,0.0,0.0,-6.927489137886766e-10,False
r2_pooled,product,600,pooled,clipart,1.0,0.0,0.0,0.0,-6.927489137886766e-10,False
r2_pooled,product,600,pooled,real_world,1.0,0.0,0.0,0.0,-6.927489137886766e-10,False
r2_pooled,product,600,pooled,product,1.0,0.0,0.0,0.0,-6.927489137886766e-10,False
r2_pooled,product,600,product,art,0.999704897403717,0.07714527100324631,0.05531971529126167,0.004730795044451952,0.00022251679911278188,True
r2_pooled,product,600,product,clipart,0.9998939037322998,0.0459035262465477,0.037667471915483475,0.004280243068933487,0.00012100177991669625,True
r2_pooled,product,600,product,real_world,0.9999146461486816,0.041539404541254044,0.030312703922390938,0.0018022076692432165,6.350000330712646e-05,True
r2_pooled,product,600,product,pooled,0.9999353289604187,0.03776261582970619,0.028006412088871002,0.0022527596447616816,5.9940601204289123e-05,True
r2_pooled,product,800,art,clipart,0.9995405673980713,0.08725833892822266,0.06296669691801071,0.004280243068933487,0.000339874328346923,True
r2_pooled,product,800,art,real_world,0.9999263882637024,0.03717385232448578,0.026248086243867874,0.001576931681483984,6.175433372845873e-05,True
r2_pooled,product,800,art,pooled,0.9998862743377686,0.04428879916667938,0.031094389036297798,0.002027483657002449,7.905982783995569e-05,True
r2_pooled,product,800,art,product,0.9996961355209351,0.07614828646183014,0.05299132317304611,0.0038296913262456656,0.0002344318199902773,True
r2_pooled,product,800,clipart,art,0.9995405673980713,0.08725833892822266,0.06296669691801071,0.004280243068933487,0.00033865589648485184,True
r2_pooled,product,800,clipart,real_world,0.9997333288192749,0.06539833545684814,0.05080411583185196,0.004054967314004898,0.00024514543474651873,True
r2_pooled,product,800,clipart,pooled,0.9998714923858643,0.045554667711257935,0.03421797230839729,0.0022527596447616816,0.00010790601663757116,True
r2_pooled,product,800,clipart,product,0.9998655915260315,0.04711274802684784,0.03852899372577667,0.002703311387449503,0.00016644771676510572,True
r2_pooled,product,800,real_world,art,0.9999263882637024,0.03717385232448578,0.026248086243867874,0.001576931681483984,6.184067024150863e-05,True
r2_pooled,product,800,real_world,clipart,0.9997333288192749,0.06539833545684814,0.05080411583185196,0.004054967314004898,0.00024605190264992416,True
r2_pooled,product,800,real_world,pooled,0.9999706745147705,0.021888144314289093,0.017937080934643745,0.0018022076692432165,3.225490581826307e-05,True
r2_pooled,product,800,real_world,product,0.9999114871025085,0.04159253090620041,0.02909764274954796,0.003153863362967968,6.67054919176735e-05,True
r2_pooled,product,800,pooled,art,1.0,0.0,0.0,0.0,-4.790994823089534e-10,False
r2_pooled,product,800,pooled,clipart,1.0,0.0,0.0,0.0,-4.790994823089534e-10,False
r2_pooled,product,800,pooled,real_world,1.0,0.0,0.0,0.0,-4.790994823089534e-10,False
r2_pooled,product,800,pooled,product,1.0,0.0,0.0,0.0,-4.790994823089534e-10,False
r2_pooled,product,800,product,art,0.9996961355209351,0.07614828646183014,0.05299132317304611,0.0038296913262456656,0.00023480644449591637,True
r2_pooled,product,800,product,clipart,0.9998655915260315,0.04711274802684784,0.03852899372577667,0.002703311387449503,0.0001669981429586187,True
r2_pooled,product,800,product,real_world,0.9999114871025085,0.04159253090620041,0.02909764274954796,0.003153863362967968,6.670512811979279e-05,True
r2_pooled,product,800,product,pooled,0.9999306201934814,0.03791747987270355,0.02714330144226551,0.0022527596447616816,6.966007640585303e-05,True
r2_pooled,product,1000,art,clipart,0.9993994832038879,0.0999131128191948,0.07320073246955872,0.005181347019970417,0.0004688037442974746,True
r2_pooled,product,1000,art,real_world,0.9999246597290039,0.03878762945532799,0.027016326785087585,0.0022527596447616816,6.793323700549081e-05,True
r2_pooled,product,1000,art,pooled,0.9998635053634644,0.0491974875330925,0.03481943532824516,0.0029285873752087355,0.00010295098763890564,True
r2_pooled,product,1000,art,product,0.9996774792671204,0.08068744093179703,0.055048830807209015,0.0038296913262456656,0.0002585809852462262,True
r2_pooled,product,1000,clipart,art,0.9993994832038879,0.0999131128191948,0.07320073246955872,0.005181347019970417,0.0004669837362598628,True
r2_pooled,product,1000,clipart,real_world,0.9996107816696167,0.07737204432487488,0.06063508614897728,0.0038296913262456656,0.0003438910935074091,True
r2_pooled,product,1000,clipart,pooled,0.9998206496238708,0.05324484407901764,0.040552202612161636,0.0022527596447616816,0.0001507137349108234,True
r2_pooled,product,1000,clipart,product,0.9997968077659607,0.055596329271793365,0.044900767505168915,0.003153863362967968,0.00021025371097493917,True
r2_pooled,product,1000,real_world,art,0.9999246597290039,0.03878762945532799,0.027016326785087585,0.0022527596447616816,6.809269689256325e-05,True
r2_pooled,product,1000,real_world,clipart,0.9996107816696167,0.07737204432487488,0.06063508614897728,0.0038296913262456656,0.0003461164596956223,True
r2_pooled,product,1000,real_world,pooled,0.9999549388885498,0.026038944721221924,0.021314682438969612,0.002027483657002449,4.4414173316909e-05,True
r2_pooled,product,1000,real_world,product,0.9999018907546997,0.04460272938013077,0.030628202483057976,0.001576931681483984,7.539778016507626e-05,True
r2_pooled,product,1000,pooled,art,1.0,0.0,0.0,0.0,2.970224066700666e-11,False
r2_pooled,product,1000,pooled,clipart,1.0,0.0,0.0,0.0,2.970224066700666e-11,False
r2_pooled,product,1000,pooled,real_world,1.0,0.0,0.0,0.0,2.970224066700666e-11,False
r2_pooled,product,1000,pooled,product,1.0,0.0,0.0,0.0,2.970224066700666e-11,False
r2_pooled,product,1000,product,art,0.9996774792671204,0.08068744093179703,0.055048830807209015,0.0038296913262456656,0.00025920613552443683,True
r2_pooled,product,1000,product,clipart,0.9997968077659607,0.055596329271793365,0.044900767505168915,0.003153863362967968,0.00021155412832740694,True
r2_pooled,product,1000,product,real_world,0.9999018907546997,0.04460272938013077,0.030628202483057976,0.001576931681483984,7.538894715253264e-05,True
r2_pooled,product,1000,product,pooled,0.9999272227287292,0.03962714597582817,0.02724372409284115,0.0018022076692432165,6.911937816767022e-05,True
r2_pooled,real_world,0,art,clipart,0.9900667667388916,0.4748712480068207,0.3514057397842407,0.2818453013896942,0.06724554300308228,True
r2_pooled,real_world,0,art,product,0.9892209768295288,0.49486297369003296,0.35496723651885986,0.2997475266456604,0.07467114925384521,True
r2_pooled,real_world,0,art,pooled,0.9923708438873291,0.41736456751823425,0.30048853158950806,0.23158136010169983,0.047365281730890274,True
r2_pooled,real_world,0,art,real_world,0.9972335696220398,0.19585378468036652,0.1348203718662262,0.12302042543888092,0.011141176335513592,True
r2_pooled,real_world,0,clipart,art,0.9900667667388916,0.4748712480068207,0.3514057397842407,0.2818453013896942,0.06742409616708755,True
r2_pooled,real_world,0,clipart,product,0.9932298064231873,0.41335758566856384,0.29832664132118225,0.2974523603916168,0.05534936860203743,True
r2_pooled,real_world,0,clipart,pooled,0.9974133968353271,0.24115189909934998,0.17696590721607208,0.16938260197639465,0.01848236471414566,True
r2_pooled,real_world,0,clipart,real_world,0.9912658929824829,0.432571142911911,0.31841281056404114,0.2811567485332489,0.057756561785936356,True
r2_pooled,real_world,0,product,art,0.9892209768295288,0.49486297369003296,0.35496723651885986,0.2997475266456604,0.07921341061592102,True
r2_pooled,real_world,0,product,clipart,0.9932298064231873,0.41335758566856384,0.29832664132118225,0.2974523603916168,0.06000301241874695,True
r2_pooled,real_world,0,product,pooled,0.998023509979248,0.21431156992912292,0.1648789346218109,0.17535001039505005,0.0182673167437315,True
r2_pooled,real_world,0,product,real_world,0.9942269921302795,0.351155549287796,0.26633480191230774,0.224236860871315,0.04381376504898071,True
r2_pooled,real_world,0,pooled,art,1.0,0.0,0.0,0.0,2.1851780385162556e-09,False
r2_pooled,real_world,0,pooled,clipart,1.0,0.0,0.0,0.0,2.1851780385162556e-09,False
r2_pooled,real_world,0,pooled,product,1.0,0.0,0.0,0.0,2.1851780385162556e-09,False
r2_pooled,real_world,0,pooled,real_world,1.0,0.0,0.0,0.0,2.1851780385162556e-09,False
r2_pooled,real_world,0,real_world,art,0.9972335696220398,0.19585378468036652,0.1348203718662262,0.12302042543888092,0.011313972994685173,True
r2_pooled,real_world,0,real_world,clipart,0.9912658929824829,0.432571142911911,0.31841281056404114,0.2811567485332489,0.06049652770161629,True
r2_pooled,real_world,0,real_world,product,0.9942269921302795,0.351155549287796,0.26633480191230774,0.224236860871315,0.04136316478252411,True
r2_pooled,real_world,0,real_world,pooled,0.9955834150314331,0.30730876326560974,0.22823572158813477,0.1859077364206314,0.027581196278333664,True
r2_pooled,real_world,200,art,clipart,0.9993605613708496,0.11120808869600296,0.08236708492040634,0.010557723231613636,0.0006579272449016571,True
r2_pooled,real_world,200,art,product,0.9995900988578796,0.10592595487833023,0.05871303379535675,0.007574018556624651,0.0003060045710299164,True
r2_pooled,real_world,200,art,pooled,0.9997720718383789,0.07423607259988785,0.04670577496290207,0.0068854717537760735,0.00020574568770825863,True
r2_pooled,real_world,200,art,real_world,0.9998934268951416,0.052144140005111694,0.030919840559363365,0.0039017670787870884,8.419136429438367e-05,True
r2_pooled,real_world,200,clipart,art,0.9993605613708496,0.11120808869600296,0.08236708492040634,0.010557723231613636,0.0006557683227583766,True
r2_pooled,real_world,200,clipart,product,0.9994481205940247,0.1067623496055603,0.07595480233430862,0.007574018556624651,0.0005312739522196352,True
r2_pooled,real_world,200,clipart,pooled,0.9998052716255188,0.06052180379629135,0.04587442800402641,0.004131282679736614,0.0001995259226532653,True
r2_pooled,real_world,200,clipart,real_world,0.9993105530738831,0.11170162260532379,0.08690842986106873,0.009869175963103771,0.0007239359547384083,True
r2_pooled,real_world,200,product,art,0.9995900988578796,0.10592595487833023,0.05871303379535675,0.007574018556624651,0.0003062001778744161,True
r2_pooled,real_world,200,product,clipart,0.9994481205940247,0.1067623496055603,0.07595480233430862,0.007574018556624651,0.000532495032530278,True
r2_pooled,real_world,200,product,pooled,0.9998756051063538,0.05396467447280884,0.03441987559199333,0.0039017670787870884,0.00010562557145021856,True
r2_pooled,real_world,200,product,real_world,0.9998570084571838,0.06041081249713898,0.03499804809689522,0.004590314347296953,0.00011232169345021248,True
r2_pooled,real_world,200,pooled,art,1.0,0.0,0.0,0.0,-9.463235056683672e-11,False
r2_pooled,real_world,200,pooled,clipart,1.0,0.0,0.0,0.0,-9.463235056683672e-11,False
r2_pooled,real_world,200,pooled,product,1.0,0.0,0.0,0.0,-9.463235056683672e-11,False
r2_pooled,real_world,200,pooled,real_world,1.0,0.0,0.0,0.0,-9.463235056683672e-11,False
r2_pooled,real_world,200,real_world,art,0.9998934268951416,0.052144140005111694,0.030919840559363365,0.0039017670787870884,8.422966493526474e-05,True
r2_pooled,real_world,200,real_world,clipart,0.9993105530738831,0.11170162260532379,0.08690842986106873,0.009869175963103771,0.0007263122824952006,True
r2_pooled,real_world,200,real_world,product,0.9998570084571838,0.06041081249713898,0.03499804809689522,0.004590314347296953,0.00011237001308472827,True
r2_pooled,real_world,200,real_world,pooled,0.9998368620872498,0.05473397672176361,0.04221276566386223,0.006196924485266209,0.0001721731823636219,True
r2_pooled,real_world,400,art,clipart,0.9994239211082458,0.1061725988984108,0.0772460475564003,0.005508377216756344,0.00047274326789192855,True
r2_pooled,real_world,400,art,product,0.9996393322944641,0.09569522738456726,0.05713149160146713,0.004131282679736614,0.0002537911059334874,True
r2_pooled,real_world,400,art,pooled,0.9997914433479309,0.07056527584791183,0.04580191150307655,0.002524673007428646,0.0001599132810952142,True
r2_pooled,real_world,400,art,real_world,0.9999117255210876,0.044351015239953995,0.02792021445930004,0.002524673007428646,6.475851841969416e-05,True
r2_pooled,real_world,400,clipart,art,0.9994239211082458,0.1061725988984108,0.0772460475564003,0.005508377216756344,0.0004715228860732168,True
r2_pooled,real_world,400,clipart,product,0.9995434284210205,0.09087114036083221,0.06538353115320206,0.005049346014857292,0.0003551566042006016,True
r2_pooled,real_world,400,clipart,pooled,0.9998354315757751,0.053363051265478134,0.04026113823056221,0.0029837042093276978,0.00013426956138573587,True
r2_pooled,real_world,400,clipart,real_world,0.9994166493415833,0.1006062775850296,0.07679764181375504,0.007114987354725599,0.00048207223881036043,True
r2_pooled,real_world,400,product,art,0.9996393322944641,0.09569522738456726,0.05713149160146713,0.004131282679736614,0.0002543243463151157,True
r2_pooled,real_world,400,product,clipart,0.9995434284210205,0.09087114036083221,0.06538353115320206,0.005049346014857292,0.0003556240408215672,True
r2_pooled,real_world,400,product,pooled,0.9998969435691833,0.04571197181940079,0.030108053237199783,0.0029837042093276978,7.499424827983603e-05,True
r2_pooled,real_world,400,product,real_world,0.9998725056648254,0.05669533833861351,0.03449134901165962,0.0034427358768880367,9.091640094993636e-05,True
r2_pooled,real_world,400,pooled,art,1.0,0.0,0.0,0.0,-2.1092394497657097e-10,False
r2_pooled,real_world,400,pooled,clipart,1.0,0.0,0.0,0.0,-2.1092394497657097e-10,False
r2_pooled,real_world,400,pooled,product,1.0,0.0,0.0,0.0,-2.1092394497657097e-10,False
r2_pooled,real_world,400,pooled,real_world,1.0,0.0,0.0,0.0,-2.1092394497657097e-10,False
r2_pooled,real_world,400,real_world,art,0.9999117255210876,0.044351015239953995,0.02792021445930004,0.002524673007428646,6.480130105046555e-05,True
r2_pooled,real_world,400,real_world,clipart,0.9994166493415833,0.1006062775850296,0.07679764181375504,0.007114987354725599,0.0004831989936064929,True
r2_pooled,real_world,400,real_world,product,0.9998725056648254,0.05669533833861351,0.03449134901165962,0.0034427358768880367,9.08539368538186e-05,True
r2_pooled,real_world,400,real_world,pooled,0.9998615980148315,0.050461623817682266,0.03768802434206009,0.004131282679736614,0.00011395660840207711,True
r2_pooled,real_world,600,art,clipart,0.9995342493057251,0.0971541553735733,0.07065977156162262,0.007574018556624651,0.0003792651405092329,True
r2_pooled,real_world,600,art,product,0.9997239112854004,0.08488264679908752,0.04940665140748024,0.005049346014857292,0.00019190313469152898,True
r2_pooled,real_world,600,art,pooled,0.9998423457145691,0.06298844516277313,0.040122903883457184,0.004131282679736614,0.00011842178355436772,True
r2_pooled,real_world,600,art,real_world,0.9999297857284546,0.03897808492183685,0.02552640438079834,0.002524673007428646,5.482492997543886e-05,True
r2_pooled,real_world,600,clipart,art,0.9995342493057251,0.0971541553735733,0.07065977156162262,0.007574018556624651,0.0003791991912294179,True
r2_pooled,real_world,600,clipart,product,0.999586820602417,0.08510583639144897,0.06338877230882645,0.0068854717537760735,0.00033434227225370705,True
r2_pooled,real_world,600,clipart,pooled,0.9998548030853271,0.049765415489673615,0.03849212825298309,0.004131282679736614,0.00012068450450897217,True
r2_pooled,real_world,600,clipart,real_world,0.9994845986366272,0.0954214483499527,0.07363670319318771,0.007574018556624651,0.0004292998055461794,True
r2_pooled,real_world,600,product,art,0.9997239112854004,0.08488264679908752,0.04940665140748024,0.005049346014857292,0.00019225293362978846,True
r2_pooled,real_world,600,product,clipart,0.999586820602417,0.08510583639144897,0.06338877230882645,0.0068854717537760735,0.00033541646553203464,True
r2_pooled,real_world,600,product,pooled,0.9999089241027832,0.04232845827937126,0.028688544407486916,0.002754188608378172,6.965204374864697e-05,True
r2_pooled,real_world,600,product,real_world,0.9998990297317505,0.05201518535614014,0.03006003610789776,0.0029837042093276978,6.732474867021665e-05,True
r2_pooled,real_world,600,pooled,art,1.0,0.0,0.0,0.0,-1.2259433745942516e-10,False
r2_pooled,real_world,600,pooled,clipart,1.0,0.0,0.0,0.0,-1.2259433745942516e-10,False
r2_pooled,real_world,600,pooled,product,1.0,0.0,0.0,0.0,-1.2259433745942516e-10,False
r2_pooled,real_world,600,pooled,real_world,1.0,0.0,0.0,0.0,-1.2259433745942516e-10,False
r2_pooled,real_world,600,real_world,art,0.9999297857284546,0.03897808492183685,0.02552640438079834,0.002524673007428646,5.487214002641849e-05,True
r2_pooled,real_world,600,real_world,clipart,0.9994845986366272,0.0954214483499527,0.07363670319318771,0.007574018556624651,0.00043017289135605097,True
r2_pooled,real_world,600,real_world,product,0.9998990297317505,0.05201518535614014,0.03006003610789776,0.0029837042093276978,6.723692786181346e-05,True
r2_pooled,real_world,600,real_world,pooled,0.9998776912689209,0.04853978008031845,0.036125607788562775,0.0034427358768880367,0.00010001732152886689,True
r2_pooled,real_world,800,art,clipart,0.9995444416999817,0.09473052620887756,0.07002439349889755,0.0068854717537760735,0.0003661205992102623,True
r2_pooled,real_world,800,art,product,0.9997315406799316,0.08402454853057861,0.05327695235610008,0.0064264400862157345,0.00022323230223264545,True
r2_pooled,real_world,800,art,pooled,0.9998468160629272,0.061136726289987564,0.040500540286302567,0.0039017670787870884,0.00012113745469832793,True
r2_pooled,real_world,800,art,real_world,0.9999292492866516,0.039987798780202866,0.02811015583574772,0.0029837042093276978,6.469382788054645e-05,True
r2_pooled,real_world,800,clipart,art,0.9995444416999817,0.09473052620887756,0.07002439349889755,0.0068854717537760735,0.00036548072239384055,True
r2_pooled,real_world,800,clipart,product,0.9995856881141663,0.08700205385684967,0.06749468296766281,0.007344502955675125,0.00036540444125421345,True
r2_pooled,real_world,800,clipart,pooled,0.9998562335968018,0.049936652183532715,0.03945466876029968,0.0039017670787870884,0.00012213883746881038,True
r2_pooled,real_world,800,clipart,real_world,0.9994897842407227,0.09439316391944885,0.07440979778766632,0.007574018556624651,0.0004221453273203224,True
r2_pooled,real_world,800,product,art,0.9997315406799316,0.08402454853057861,0.05327695235610008,0.0064264400862157345,0.00022384639305528253,True
r2_pooled,real_world,800,product,clipart,0.9995856881141663,0.08700205385684967,0.06749468296766281,0.007344502955675125,0.0003671583835966885,True
r2_pooled,real_world,800,product,pooled,0.9999085664749146,0.04351901635527611,0.03172702714800835,0.004819829948246479,8.261807670351118e-05,True
r2_pooled,real_world,800,product,real_world,0.999904453754425,0.04978938028216362,0.030790705233812332,0.0034427358768880367,7.005067891441286e-05,True
r2_pooled,real_world,800,pooled,art,1.0,0.0,0.0,0.0,-1.2327912302101396e-10,False
r2_pooled,real_world,800,pooled,clipart,1.0,0.0,0.0,0.0,-1.2327912302101396e-10,False
r2_pooled,real_world,800,pooled,product,1.0,0.0,0.0,0.0,-1.2327912302101396e-10,False
r2_pooled,real_world,800,pooled,real_world,1.0,0.0,0.0,0.0,-1.2327912302101396e-10,False
r2_pooled,real_world,800,real_world,art,0.9999292492866516,0.039987798780202866,0.02811015583574772,0.0029837042093276978,6.478252180386335e-05,True
r2_pooled,real_world,800,real_world,clipart,0.9994897842407227,0.09439316391944885,0.07440979778766632,0.007574018556624651,0.0004236475215293467,True
r2_pooled,real_world,800,real_world,product,0.999904453754425,0.04978938028216362,0.030790705233812332,0.0034427358768880367,6.994780414970592e-05,True
r2_pooled,real_world,800,real_world,pooled,0.9998792409896851,0.047121863812208176,0.036081500351428986,0.0036722514778375626,9.609984408598393e-05,True
r2_pooled,real_world,1000,art,clipart,0.9994924664497375,0.08992885798215866,0.0674767941236496,0.004360798746347427,0.0003706469142343849,True
r2_pooled,real_world,1000,art,product,0.9997902512550354,0.06574182957410812,0.045670971274375916,0.0029837042093276978,0.00016483498620800674,True
r2_pooled,real_world,1000,art,pooled,0.9998542070388794,0.05149415135383606,0.03650108724832535,0.0022951571736484766,0.00010305616160621867,True
r2_pooled,real_world,1000,art,real_world,0.9999415278434753,0.03289639577269554,0.02464350126683712,0.0018361257389187813,4.999174052500166e-05,True
r2_pooled,real_world,1000,clipart,art,0.9994924664497375,0.08992885798215866,0.0674767941236496,0.004360798746347427,0.00036854323116131127,True
r2_pooled,real_world,1000,clipart,product,0.9995567798614502,0.08367259055376053,0.06532079726457596,0.0059674084186553955,0.000363807164831087,True
r2_pooled,real_world,1000,clipart,pooled,0.999837338924408,0.0497734397649765,0.03883050009608269,0.0039017670787870884,0.0001283722376683727,True
r2_pooled,real_world,1000,clipart,real_world,0.9994105696678162,0.09390506893396378,0.07311899960041046,0.005278861615806818,0.00044391481787897646,True
r2_pooled,real_world,1000,product,art,0.9997902512550354,0.06574182957410812,0.045670971274375916,0.0029837042093276978,0.0001648396282689646,True
r2_pooled,real_world,1000,product,clipart,0.9995567798614502,0.08367259055376053,0.06532079726457596,0.0059674084186553955,0.000366055901395157,True
r2_pooled,real_world,1000,product,pooled,0.99991375207901,0.03870871663093567,0.029533669352531433,0.002065641339868307,7.384434866253287e-05,True
r2_pooled,real_world,1000,product,real_world,0.999918520450592,0.039719514548778534,0.026968566700816154,0.0016066100215539336,5.54427424503956e-05,True
r2_pooled,real_world,1000,pooled,art,1.0,0.0,0.0,0.0,-1.8697382531129847e-10,False
r2_pooled,real_world,1000,pooled,clipart,1.0,0.0,0.0,0.0,-1.8697382531129847e-10,False
r2_pooled,real_world,1000,pooled,product,1.0,0.0,0.0,0.0,-1.8697382531129847e-10,False
r2_pooled,real_world,1000,pooled,real_world,1.0,0.0,0.0,0.0,-1.8697382531129847e-10,False
r2_pooled,real_world,1000,real_world,art,0.9999415278434753,0.03289639577269554,0.02464350126683712,0.0018361257389187813,5.003256956115365e-05,True
r2_pooled,real_world,1000,real_world,clipart,0.9994105696678162,0.09390506893396378,0.07311899960041046,0.005278861615806818,0.00044682968291454017,True
r2_pooled,real_world,1000,real_world,product,0.999918520450592,0.039719514548778534,0.026968566700816154,0.0016066100215539336,5.5473668908234686e-05,True
r2_pooled,real_world,1000,real_world,pooled,0.9998607039451599,0.045711204409599304,0.03513799235224724,0.001377094304189086,9.971432882593945e-05,True
r3_split,art,0,clipart,product,0.9921590685844421,0.44969460368156433,0.33763882517814636,0.24639472365379333,0.04359632730484009,True
r3_split,art,0,clipart,real_world,0.9903088808059692,0.4552628993988037,0.348308801651001,0.2678203582763672,0.04857524111866951,True
r3_split,art,0,clipart,pooled,0.9960597157478333,0.29091063141822815,0.2131749838590622,0.16604861617088318,0.01940813660621643,True
r3_split,art,0,clipart,art,0.9887690544128418,0.5318071842193604,0.411958783864975,0.2838895618915558,0.06347969174385071,True
r3_split,art,0,product,clipart,0.9921590685844421,0.44969460368156433,0.33763882517814636,0.24639472365379333,0.04569973796606064,True
r3_split,art,0,product,real_world,0.9929652214050293,0.457563579082489,0.37070560455322266,0.24103832244873047,0.04667576402425766,True
r3_split,art,0,product,pooled,0.9980351328849792,0.21513070166110992,0.17814278602600098,0.13185001909732819,0.01277367677539587,True
r3_split,art,0,product,art,0.9871753454208374,0.637648344039917,0.49735909700393677,0.30696332454681396,0.08889614790678024,True
r3_split,art,0,real_world,clipart,0.9903088808059692,0.4552628993988037,0.348308801651001,0.2678203582763672,0.04739171266555786,True
r3_split,art,0,real_world,product,0.9929652214050293,0.457563579082489,0.37070560455322266,0.24103832244873047,0.04173276200890541,True
r3_split,art,0,real_world,pooled,0.9955286979675293,0.3647724390029907,0.2879362404346466,0.18541409075260162,0.024373462423682213,True
r3_split,art,0,real_world,art,0.9969444870948792,0.23098428547382355,0.16966599225997925,0.11990111321210861,0.012367376126348972,True
r3_split,art,0,pooled,clipart,1.0,0.0,0.0,0.0,1.7463386292604355e-09,False
r3_split,art,0,pooled,product,1.0,0.0,0.0,0.0,1.7463386292604355e-09,False
r3_split,art,0,pooled,real_world,1.0,0.0,0.0,0.0,1.7463386292604355e-09,False
r3_split,art,0,pooled,art,1.0,0.0,0.0,0.0,1.7463386292604355e-09,False
r3_split,art,0,art,clipart,0.9887690544128418,0.5318071842193604,0.411958783864975,0.2838895618915558,0.060235172510147095,True
r3_split,art,0,art,product,0.9871753454208374,0.637648344039917,0.49735909700393677,0.30696332454681396,0.07572078704833984,True
r3_split,art,0,art,real_world,0.9969444870948792,0.23098428547382355,0.16966599225997925,0.11990111321210861,0.01173391006886959,True
r3_split,art,0,art,pooled,0.9909297227859497,0.5294207334518433,0.40504351258277893,0.24763081967830658,0.04949833080172539,True
r3_split,art,200,clipart,product,0.9993414282798767,0.13223955035209656,0.0916372612118721,0.02018953487277031,0.0013446402736008167,True
r3_split,art,200,clipart,real_world,0.9992114901542664,0.14647670090198517,0.10018336027860641,0.02018953487277031,0.0016896185697987676,True
r3_split,art,200,clipart,pooled,0.9996759295463562,0.09510902315378189,0.06427892297506332,0.013597032986581326,0.0006761083495803177,True
r3_split,art,200,clipart,art,0.9993926882743835,0.12962119281291962,0.08647006750106812,0.018953440710902214,0.001286825048737228,True
r3_split,art,200,product,clipart,0.9993414282798767,0.13223955035209656,0.0916372612118721,0.02018953487277031,0.0013358123833313584,True
r3_split,art,200,product,real_world,0.9999098777770996,0.045151229947805405,0.029469015076756477,0.005768438335508108,0.00014732939598616213,True
r3_split,art,200,product,pooled,0.9999254941940308,0.04193561524152756,0.030115561559796333,0.006592500954866409,0.00013703735021408647,True
r3_split,art,200,product,art,0.9998253583908081,0.06229738891124725,0.04203152656555176,0.01112484559416771,0.00026769613032229245,True
r3_split,art,200,real_world,clipart,0.9992114901542664,0.14647670090198517,0.10018336027860641,0.02018953487277031,0.001676463522017002,True
r3_split,art,200,real_world,product,0.9999098777770996,0.045151229947805405,0.029469015076756477,0.005768438335508108,0.00014718419697601348,True
r3_split,art,200,real_world,pooled,0.9998844861984253,0.054186414927244186,0.03764507174491882,0.008240626193583012,0.00024782089167274535,True
r3_split,art,200,real_world,art,0.999959409236908,0.03072560578584671,0.022635996341705322,0.006180469878017902,7.378760346909985e-05,True
r3_split,art,200,pooled,clipart,1.0,0.0,0.0,0.0,-5.462355012753051e-10,False
r3_split,art,200,pooled,product,1.0,0.0,0.0,0.0,-5.462355012753051e-10,False
r3_split,art,200,pooled,real_world,1.0,0.0,0.0,0.0,-5.462355012753051e-10,False
r3_split,art,200,pooled,art,1.0,0.0,0.0,0.0,-5.462355012753051e-10,False
r3_split,art,200,art,clipart,0.9999697208404541,0.026270562782883644,0.01804887130856514,0.0032962504774332047,4.253901352058165e-05,True
r3_split,art,200,art,product,0.9999831914901733,0.019469205290079117,0.013413237407803535,0.0024721878580749035,2.4169676180463284e-05,True
r3_split,art,200,art,real_world,0.9999962449073792,0.009234030731022358,0.0063903736881911755,0.0012360939290374517,5.520973900274839e-06,True
r3_split,art,200,art,pooled,0.9999854564666748,0.01816532202064991,0.01251449715346098,0.0024721878580749035,2.075201518891845e-05,True
r3_split,art,400,clipart,product,0.9996384978294373,0.0911310538649559,0.0659705102443695,0.011948907747864723,0.0006503862678073347,True
r3_split,art,400,clipart,real_world,0.9995624423027039,0.10083965957164764,0.0721219852566719,0.01112484559416771,0.0007634665817022324,True
r3_split,art,400,clipart,pooled,0.9998229742050171,0.06457281857728958,0.04596243426203728,0.007004532031714916,0.0003102935152128339,True
r3_split,art,400,clipart,art,0.9996395707130432,0.0924050435423851,0.06537854671478271,0.01112484559416771,0.000606370682362467,True
r3_split,art,400,product,clipart,0.9996384978294373,0.0911310538649559,0.0659705102443695,0.011948907747864723,0.0006461210432462394,True
r3_split,art,400,product,real_world,0.9999390840530396,0.037481337785720825,0.024904822930693626,0.0032962504774332047,9.014884562930092e-05,True
r3_split,art,400,product,pooled,0.9999567866325378,0.03110029548406601,0.022699767723679543,0.004944375716149807,7.786485366523266e-05,True
r3_split,art,400,product,art,0.9998748898506165,0.053491197526454926,0.036879584193229675,0.004944375716149807,0.00019613935728557408,True
r3_split,art,400,real_world,clipart,0.9995624423027039,0.10083965957164764,0.0721219852566719,0.01112484559416771,0.0007599364034831524,True
r3_split,art,400,real_world,product,0.9999390840530396,0.037481337785720825,0.024904822930693626,0.0032962504774332047,9.024195605888963e-05,True
r3_split,art,400,real_world,pooled,0.9999326467514038,0.039000075310468674,0.027831906452775,0.004120313096791506,0.00011371352593414485,True
r3_split,art,400,real_world,art,0.9999731183052063,0.024126484990119934,0.017855728045105934,0.0024721878580749035,4.760299634654075e-05,True
r3_split,art,400,pooled,clipart,1.0,0.0,0.0,0.0,-4.354141769358222e-10,False
r3_split,art,400,pooled,product,1.0,0.0,0.0,0.0,-4.354141769358222e-10,False
r3_split,art,400,pooled,real_world,1.0,0.0,0.0,0.0,-4.354141769358222e-10,False
r3_split,art,400,pooled,art,1.0,0.0,0.0,0.0,-4.354141769358222e-10,False
r3_split,art,400,art,clipart,0.9999632835388184,0.030090145766735077,0.020857956260442734,0.0016481252387166023,5.5089629313442856e-05,True
r3_split,art,400,art,product,0.9999793171882629,0.022392502054572105,0.015486751683056355,0.0016481252387166023,3.16272271447815e-05,True
r3_split,art,400,art,real_world,0.9999952912330627,0.010558363050222397,0.007342435419559479,0.0,7.051271495583933e-06,True
r3_split,art,400,art,pooled,0.9999821782112122,0.0208272784948349,0.014441637322306633,0.0016481252387166023,2.6908961444860324e-05,True
r3_split,art,600,clipart,product,0.9996767640113831,0.0842403918504715,0.0653405487537384,0.011948907747864723,0.0006126615917310119,True
r3_split,art,600,clipart,real_world,0.9996052384376526,0.08954866230487823,0.06903333961963654,0.014833127148449421,0.0007032706635072827,True
r3_split,art,600,clipart,pooled,0.9998419880867004,0.05779466778039932,0.04464388266205788,0.008652657270431519,0.0002874605415854603,True
r3_split,art,600,clipart,art,0.9996657371520996,0.08107530325651169,0.0618470199406147,0.013185001909732819,0.0005561442812904716,True
r3_split,art,600,product,clipart,0.9996767640113831,0.0842403918504715,0.0653405487537384,0.011948907747864723,0.000607543159276247,True
r3_split,art,600,product,real_world,0.9999410510063171,0.0352669432759285,0.023418854922056198,0.0037082817871123552,7.78998073656112e-05,True
r3_split,art,600,product,pooled,0.9999607801437378,0.030328933149576187,0.02298460528254509,0.004120313096791506,7.40244286134839e-05,True
r3_split,art,600,product,art,0.9998787641525269,0.05192623659968376,0.03593505546450615,0.006180469878017902,0.00017407111590728164,True
r3_split,art,600,real_world,clipart,0.9996052384376526,0.08954866230487823,0.06903333961963654,0.014833127148449421,0.0006975404103286564,True
r3_split,art,600,real_world,product,0.9999410510063171,0.0352669432759285,0.023418854922056198,0.0037082817871123552,7.79768088250421e-05,True
r3_split,art,600,real_world,pooled,0.9999374151229858,0.034859947860240936,0.026126137003302574,0.006180469878017902,0.00010319025022909045,True
r3_split,art,600,real_world,art,0.999975323677063,0.023656373843550682,0.017633194103837013,0.0032962504774332047,4.304327012505382e-05,True
r3_split,art,600,pooled,clipart,1.0,0.0,0.0,0.0,-1.2635335833177663e-10,False
r3_split,art,600,pooled,product,1.0,0.0,0.0,0.0,-1.2635335833177663e-10,False
r3_split,art,600,pooled,real_world,1.0,0.0,0.0,0.0,-1.2635335833177663e-10,False
r3_split,art,600,pooled,art,1.0,0.0,0.0,0.0,-1.2635335833177663e-10,False
r3_split,art,600,art,clipart,0.9999547004699707,0.03299800306558609,0.021666716784238815,0.002884219167754054,6.072749965824187e-05,True
r3_split,art,600,art,product,0.9999744296073914,0.024949029088020325,0.016179604455828667,0.002060156548395753,3.549245957401581e-05,True
r3_split,art,600,art,real_world,0.9999943375587463,0.011431582272052765,0.007650675252079964,0.0008240626193583012,7.72856583353132e-06,True
r3_split,art,600,art,pooled,0.9999779462814331,0.022944912314414978,0.015052421018481255,0.002060156548395753,2.987935658893548e-05,True
r3_split,art,800,clipart,product,0.9997307658195496,0.07498004287481308,0.05841066688299179,0.011536876671016216,0.0004927219706587493,True
r3_split,art,800,clipart,real_world,0.9996483325958252,0.08281754702329636,0.06446012854576111,0.01112484559416771,0.0005916468217037618,True
r3_split,art,800,clipart,pooled,0.9998641014099121,0.052066460251808167,0.040774647146463394,0.008652657270431519,0.00023776513990014791,True
r3_split,art,800,clipart,art,0.9996711015701294,0.07929202914237976,0.06112472712993622,0.01112484559416771,0.000524964474607259,True
r3_split,art,800,product,clipart,0.9997307658195496,0.07498004287481308,0.05841066688299179,0.011536876671016216,0.0004899587947875261,True
r3_split,art,800,product,real_world,0.9999439120292664,0.03431237116456032,0.02333623729646206,0.002884219167754054,7.760356675134972e-05,True
r3_split,art,800,product,pooled,0.9999680519104004,0.026981299743056297,0.020196380093693733,0.002884219167754054,5.945970769971609e-05,True
r3_split,art,800,product,art,0.9998802542686462,0.050560593605041504,0.03540844842791557,0.006180469878017902,0.00018354917119722813,True
r3_split,art,800,real_world,clipart,0.9996483325958252,0.08281754702329636,0.06446012854576111,0.01112484559416771,0.0005888230516575277,True
r3_split,art,800,real_world,product,0.9999439120292664,0.03431237116456032,0.02333623729646206,0.002884219167754054,7.765537884552032e-05,True
r3_split,art,800,real_world,pooled,0.9999414086341858,0.03358456864953041,0.025319794192910194,0.0024721878580749035,9.054209658643231e-05,True
r3_split,art,800,real_world,art,0.9999771118164062,0.02210930921137333,0.01627560518682003,0.0032962504774332047,4.076258483109996e-05,True
r3_split,art,800,pooled,clipart,1.0,0.0,0.0,0.0,7.539855961802289e-10,False
r3_split,art,800,pooled,product,1.0,0.0,0.0,0.0,7.539855961802289e-10,False
r3_split,art,800,pooled,real_world,1.0,0.0,0.0,0.0,7.539855961802289e-10,False
r3_split,art,800,pooled,art,1.0,0.0,0.0,0.0,7.539855961802289e-10,False
r3_split,art,800,art,clipart,0.9999575018882751,0.03152810409665108,0.021084491163492203,0.004120313096791506,5.70008996874094e-05,True
r3_split,art,800,art,product,0.9999759197235107,0.023780759423971176,0.015867026522755623,0.0032962504774332047,3.391400969121605e-05,True
r3_split,art,800,art,real_world,0.9999945759773254,0.010955608449876308,0.007530880160629749,0.0004120313096791506,7.525556156906532e-06,True
r3_split,art,800,art,pooled,0.9999793171882629,0.021908003836870193,0.014713947661221027,0.002060156548395753,2.8415130145731382e-05,True
r3_split,art,1000,clipart,product,0.9997247457504272,0.07355871796607971,0.05883246660232544,0.01112484559416771,0.0004996796487830579,True
r3_split,art,1000,clipart,real_world,0.9996145367622375,0.08376028388738632,0.06749504059553146,0.012360939756035805,0.000657410710118711,True
r3_split,art,1000,clipart,pooled,0.9998551607131958,0.051881905645132065,0.04199211671948433,0.008652657270431519,0.0002548848569858819,True
r3_split,art,1000,clipart,art,0.9996163249015808,0.08312113583087921,0.06620007753372192,0.011948907747864723,0.000634791620541364,True
r3_split,art,1000,product,clipart,0.9997247457504272,0.07355871796607971,0.05883246660232544,0.01112484559416771,0.0004960364894941449,True
r3_split,art,1000,product,real_world,0.9999410510063171,0.034689683467149734,0.02462714910507202,0.004120313096791506,8.64212415763177e-05,True
r3_split,art,1000,product,pooled,0.9999699592590332,0.025873495265841484,0.019649799913167953,0.0032962504774332047,5.549469278776087e-05,True
r3_split,art,1000,product,art,0.9998741745948792,0.051605645567178726,0.036690596491098404,0.0074165635742247105,0.0001952315797097981,True
r3_split,art,1000,real_world,clipart,0.9996145367622375,0.08376028388738632,0.06749504059553146,0.012360939756035805,0.0006536476430483162,True
r3_split,art,1000,real_world,product,0.9999410510063171,0.034689683467149734,0.02462714910507202,0.004120313096791506,8.652846736367792e-05,True
r3_split,art,1000,real_world,pooled,0.9999344944953918,0.03455322980880737,0.027059342712163925,0.0045323446393013,0.0001044369419105351,True
r3_split,art,1000,real_world,art,0.999977707862854,0.02177862636744976,0.01579434610903263,0.0037082817871123552,3.7368718039942905e-05,True
r3_split,art,1000,pooled,clipart,1.0,0.0,0.0,0.0,1.3764954731598777e-09,False
r3_split,art,1000,pooled,product,1.0,0.0,0.0,0.0,1.3764954731598777e-09,False
r3_split,art,1000,pooled,real_world,1.0,0.0,0.0,0.0,1.3764954731598777e-09,False
r3_split,art,1000,pooled,art,1.0,0.0,0.0,0.0,1.3764954731598777e-09,False
r3_split,art,1000,art,clipart,0.9999527931213379,0.034089166671037674,0.021843118593096733,0.0045323446393013,6.50201691314578e-05,True
r3_split,art,1000,art,product,0.9999729990959167,0.025993891060352325,0.0165094006806612,0.002060156548395753,3.8899721403140575e-05,True
r3_split,art,1000,art,real_world,0.9999939203262329,0.011922206729650497,0.007757886778563261,0.0008240626193583012,8.568815246690065e-06,True
r3_split,art,1000,art,pooled,0.9999768733978271,0.02382667176425457,0.015260735526680946,0.0016481252387166023,3.2494994229637086e-05,True
r3_split,clipart,0,art,product,0.9908484816551208,0.3618043065071106,0.29716256260871887,0.23528064787387848,0.0462968684732914,True
r3_split,clipart,0,art,real_world,0.9974536895751953,0.14757958054542542,0.11661455780267715,0.09415807574987411,0.007149061653763056,True
r3_split,clipart,0,art,pooled,0.9963071346282959,0.2102474719285965,0.16806918382644653,0.12714776396751404,0.014078157022595406,True
r3_split,clipart,0,art,clipart,0.9907991886138916,0.3926639258861542,0.3083227872848511,0.23848797380924225,0.04695054888725281,True
r3_split,clipart,0,product,art,0.9908484816551208,0.3618043065071106,0.29716256260871887,0.23528064787387848,0.04750730097293854,True
r3_split,clipart,0,product,real_world,0.9950911402702332,0.2563745081424713,0.21521992981433868,0.1878579705953598,0.025733787566423416,True
r3_split,clipart,0,product,pooled,0.9978182315826416,0.17630857229232788,0.148546501994133,0.13562428951263428,0.012450735084712505,True
r3_split,clipart,0,product,clipart,0.9936206340789795,0.3238489627838135,0.26460883021354675,0.21970218420028687,0.041543059051036835,True
r3_split,clipart,0,real_world,art,0.9974536895751953,0.14757958054542542,0.11661455780267715,0.09415807574987411,0.0072287931106984615,True
r3_split,clipart,0,real_world,product,0.9950911402702332,0.2563745081424713,0.21521992981433868,0.1878579705953598,0.024821249768137932,True
r3_split,clipart,0,real_world,pooled,0.999286949634552,0.09298505634069443,0.07743190973997116,0.06781214475631714,0.0031638089567422867,True
r3_split,clipart,0,real_world,clipart,0.9917096495628357,0.36036279797554016,0.28384989500045776,0.2506300210952759,0.04598144069314003,True
r3_split,clipart,0,pooled,art,1.0,0.0,0.0,0.0,2.4824513555898875e-09,False
r3_split,clipart,0,pooled,product,1.0,0.0,0.0,0.0,2.4824513555898875e-09,False
r3_split,clipart,0,pooled,real_world,1.0,0.0,0.0,0.0,2.4824513555898875e-09,False
r3_split,clipart,0,pooled,clipart,1.0,0.0,0.0,0.0,2.4824513555898875e-09,False
r3_split,clipart,0,clipart,art,0.9907991886138916,0.3926639258861542,0.3083227872848511,0.23848797380924225,0.047357019037008286,True
r3_split,clipart,0,clipart,product,0.9936206340789795,0.3238489627838135,0.26460883021354675,0.21970218420028687,0.04012086242437363,True
r3_split,clipart,0,clipart,real_world,0.9917096495628357,0.36036279797554016,0.28384989500045776,0.2506300210952759,0.04564423859119415,True
r3_split,clipart,0,clipart,pooled,0.9935845136642456,0.32729631662368774,0.2585701644420624,0.22268041968345642,0.037153277546167374,True
r3_split,clipart,200,art,product,0.9988067746162415,0.1478036642074585,0.09062329679727554,0.030011454597115517,0.0021888830233365297,True
r3_split,clipart,200,art,real_world,0.9997896552085876,0.06097808852791786,0.03829390928149223,0.012142038904130459,0.00039383029798045754,True
r3_split,clipart,200,art,pooled,0.9996476173400879,0.08042710274457932,0.04939079284667969,0.015349370427429676,0.0006526194629259408,True
r3_split,clipart,200,art,clipart,0.999284029006958,0.1347118467092514,0.06800758093595505,0.021534938365221024,0.0011957900132983923,True
r3_split,clipart,200,product,art,0.9988067746162415,0.1478036642074585,0.09062329679727554,0.030011454597115517,0.002177016343921423,True
r3_split,clipart,200,product,real_world,0.9995226263999939,0.09237263351678848,0.056059762835502625,0.01855670101940632,0.0008207819773815572,True
r3_split,clipart,200,product,pooled,0.9997406005859375,0.06842442601919174,0.041973959654569626,0.014662085101008415,0.0004635379882529378,True
r3_split,clipart,200,product,clipart,0.9998649954795837,0.0507514625787735,0.029848091304302216,0.010080183856189251,0.00023349744151346385,True
r3_split,clipart,200,real_world,art,0.9997896552085876,0.06097808852791786,0.03829390928149223,0.012142038904130459,0.000392992194974795,True
r3_split,clipart,200,real_world,product,0.9995226263999939,0.09237263351678848,0.056059762835502625,0.01855670101940632,0.0008232953259721398,True
r3_split,clipart,200,real_world,pooled,0.9999624490737915,0.025199929252266884,0.015007845126092434,0.004352806601673365,5.754851008532569e-05,True
r3_split,clipart,200,real_world,clipart,0.9997190237045288,0.08819051086902618,0.03954850509762764,0.011912943795323372,0.00037924456410109997,True
r3_split,clipart,200,pooled,art,1.0,0.0,0.0,0.0,3.435238760118864e-10,False
r3_split,clipart,200,pooled,product,1.0,0.0,0.0,0.0,3.435238760118864e-10,False
r3_split,clipart,200,pooled,real_world,1.0,0.0,0.0,0.0,3.435238760118864e-10,False
r3_split,clipart,200,pooled,clipart,1.0,0.0,0.0,0.0,3.435238760118864e-10,False
r3_split,clipart,200,clipart,art,0.9999945759773254,0.016429157927632332,0.008040149696171284,0.001832760637626052,1.5507428543060087e-05,True
r3_split,clipart,200,clipart,product,0.9999996423721313,0.003825277555733919,0.0018376418156549335,0.001374570420011878,8.416465675509244e-07,True
r3_split,clipart,200,clipart,real_world,0.9999980330467224,0.009753331542015076,0.004768742714077234,0.001374570420011878,5.55292854187428e-06,True
r3_split,clipart,200,clipart,pooled,0.9999983310699463,0.008877124637365341,0.004312139004468918,0.001374570420011878,4.5152933125791606e-06,True
r3_split,clipart,400,art,product,0.9989213347434998,0.13798290491104126,0.08862446248531342,0.027491409331560135,0.0016995834885165095,True
r3_split,clipart,400,art,real_world,0.999815046787262,0.05713054910302162,0.03705751523375511,0.010767469182610512,0.0003033242537640035,True
r3_split,clipart,400,art,pooled,0.9996814727783203,0.07530152052640915,0.04835737124085426,0.014891180209815502,0.0005086202872917056,True
r3_split,clipart,400,art,clipart,0.9993391633033752,0.12715081870555878,0.06716488301753998,0.01993127167224884,0.0009582778438925743,True
r3_split,clipart,400,product,art,0.9989213347434998,0.13798290491104126,0.08862446248531342,0.027491409331560135,0.0016956249019131064,True
r3_split,clipart,400,product,real_world,0.9995694756507874,0.08561892062425613,0.0549628920853138,0.017182130366563797,0.0006390608032234013,True
r3_split,clipart,400,product,pooled,0.9997665286064148,0.06360100954771042,0.04095559939742088,0.01282932423055172,0.00035941778332926333,True
r3_split,clipart,400,product,clipart,0.999890148639679,0.05065120384097099,0.028113912791013718,0.009163803420960903,0.00016765335749369115,True
r3_split,clipart,400,real_world,art,0.999815046787262,0.05713054910302162,0.03705751523375511,0.010767469182610512,0.00030317335040308535,True
r3_split,clipart,400,real_world,product,0.9995694756507874,0.08561892062425613,0.0549628920853138,0.017182130366563797,0.0006401762366294861,True
r3_split,clipart,400,real_world,pooled,0.9999664425849915,0.02309475652873516,0.014816435053944588,0.0050400919280946255,4.481044743442908e-05,True
r3_split,clipart,400,real_world,clipart,0.9997510313987732,0.08278273791074753,0.03914199024438858,0.01282932423055172,0.0003042941680178046,True
r3_split,clipart,400,pooled,art,1.0,0.0,0.0,0.0,5.279611192676725e-10,False
r3_split,clipart,400,pooled,product,1.0,0.0,0.0,0.0,5.279611192676725e-10,False
r3_split,clipart,400,pooled,real_world,1.0,0.0,0.0,0.0,5.279611192676725e-10,False
r3_split,clipart,400,pooled,clipart,1.0,0.0,0.0,0.0,5.279611192676725e-10,False
r3_split,clipart,400,clipart,art,0.9999964833259583,0.008833312429487705,0.005421156529337168,0.001374570420011878,6.104306066845311e-06,True
r3_split,clipart,400,clipart,product,0.9999996423721313,0.0022228779271245003,0.0015886317705735564,0.000687285210005939,5.829013502989255e-07,True
r3_split,clipart,400,clipart,real_world,0.9999985694885254,0.005087394267320633,0.0033319101203233004,0.001145475427620113,2.4176883925974835e-06,True
r3_split,clipart,400,clipart,pooled,0.9999988079071045,0.00468975817784667,0.0030352212488651276,0.001374570420011878,1.9842536858050153e-06,True
r3_split,clipart,600,art,product,0.9989874958992004,0.13576020300388336,0.09138668328523636,0.022909507155418396,0.001682230387814343,True
r3_split,clipart,600,art,real_world,0.9998335838317871,0.055790483951568604,0.038505230098962784,0.010538374073803425,0.000307901093037799,True
r3_split,clipart,600,art,pooled,0.9997022151947021,0.07440890371799469,0.05018382519483566,0.013287514448165894,0.0005098769324831665,True
r3_split,clipart,600,art,clipart,0.9993718266487122,0.12087515741586685,0.06784670799970627,0.01649484597146511,0.000925275613553822,True
r3_split,clipart,600,product,art,0.9989874958992004,0.13576020300388336,0.09138668328523636,0.022909507155418396,0.0016764540923759341,True
r3_split,clipart,600,product,real_world,0.9995943307876587,0.08377106487751007,0.05589667335152626,0.013745704665780067,0.0006226096302270889,True
r3_split,clipart,600,product,pooled,0.99978107213974,0.06211695820093155,0.041854843497276306,0.009621993638575077,0.00035040552029386163,True
r3_split,clipart,600,product,clipart,0.9999046921730042,0.044709574431180954,0.029100732877850533,0.007331042550504208,0.00016750989016145468,True
r3_split,clipart,600,real_world,art,0.9998335838317871,0.055790483951568604,0.038505230098962784,0.010538374073803425,0.0003074517007917166,True
r3_split,clipart,600,real_world,product,0.9995943307876587,0.08377106487751007,0.05589667335152626,0.013745704665780067,0.0006237495690584183,True
r3_split,clipart,600,real_world,pooled,0.9999686479568481,0.022525692358613014,0.014771189540624619,0.004123711492866278,4.3692922190530226e-05,True
r3_split,clipart,600,real_world,clipart,0.9997695684432983,0.07632361352443695,0.03749994561076164,0.00870561320334673,0.00027898268308490515,True
r3_split,clipart,600,pooled,art,1.0,0.0,0.0,0.0,5.931938273917581e-10,False
r3_split,clipart,600,pooled,product,1.0,0.0,0.0,0.0,5.931938273917581e-10,False
r3_split,clipart,600,pooled,real_world,1.0,0.0,0.0,0.0,5.931938273917581e-10,False
r3_split,clipart,600,pooled,clipart,1.0,0.0,0.0,0.0,5.931938273917581e-10,False
r3_split,clipart,600,clipart,art,0.9999961256980896,0.009271730668842793,0.006143907085061073,0.001145475427620113,7.155772436817642e-06,True
r3_split,clipart,600,clipart,product,0.9999995231628418,0.0023372576106339693,0.001862257020547986,0.0,7.498505851799564e-07,True
r3_split,clipart,600,clipart,real_world,0.9999983310699463,0.00512291956692934,0.0038616585079580545,0.000458190159406513,3.0220139706216287e-06,True
r3_split,clipart,600,clipart,pooled,0.9999986886978149,0.004787591751664877,0.003482293803244829,0.000458190159406513,2.424887043162016e-06,True
r3_split,clipart,800,art,product,0.9990270733833313,0.13311874866485596,0.08781206607818604,0.024971364066004753,0.0016106119146570563,True
r3_split,clipart,800,art,real_world,0.9998406171798706,0.0543091744184494,0.036458417773246765,0.009163803420960903,0.00028494111029431224,True
r3_split,clipart,800,art,pooled,0.9997119903564453,0.07299843430519104,0.048175301402807236,0.013058419339358807,0.00048791192239150405,True
r3_split,clipart,800,art,clipart,0.9993597269058228,0.12360771745443344,0.06746038049459457,0.019702177494764328,0.0009403090225532651,True
r3_split,clipart,800,product,art,0.9990270733833313,0.13311874866485596,0.08781206607818604,0.024971364066004753,0.001606582896783948,True
r3_split,clipart,800,product,real_world,0.9996145367622375,0.08213326334953308,0.05396256223320961,0.016723940148949623,0.0005978436092846096,True
r3_split,clipart,800,product,pooled,0.9997919201850891,0.060792919248342514,0.040212731808423996,0.011912943795323372,0.0003339066752232611,True
r3_split,clipart,800,product,clipart,0.9999209046363831,0.04263516888022423,0.02598423883318901,0.00641466211527586,0.00014116398233454674,True
r3_split,clipart,800,real_world,art,0.9998406171798706,0.0543091744184494,0.036458417773246765,0.009163803420960903,0.0002848320873454213,True
r3_split,clipart,800,real_world,product,0.9996145367622375,0.08213326334953308,0.05396256223320961,0.016723940148949623,0.0005990358185954392,True
r3_split,clipart,800,real_world,pooled,0.9999706745147705,0.022057555615901947,0.014319839887320995,0.0048109968192875385,4.186157457297668e-05,True
r3_split,clipart,800,real_world,clipart,0.9997668862342834,0.07913848012685776,0.03772814944386482,0.012142038904130459,0.00028240669053047895,True
r3_split,clipart,800,pooled,art,1.0,0.0,0.0,0.0,4.301923262062246e-10,False
r3_split,clipart,800,pooled,product,1.0,0.0,0.0,0.0,4.301923262062246e-10,False
r3_split,clipart,800,pooled,real_world,1.0,0.0,0.0,0.0,4.301923262062246e-10,False
r3_split,clipart,800,pooled,clipart,1.0,0.0,0.0,0.0,4.301923262062246e-10,False
r3_split,clipart,800,clipart,art,0.9999977946281433,0.00827066507190466,0.004946024622768164,0.000916380318813026,4.96919710712973e-06,True
r3_split,clipart,800,clipart,product,0.9999997615814209,0.001872098888270557,0.00153215485624969,0.000458190159406513,4.6930259145483433e-07,True
r3_split,clipart,800,clipart,real_world,0.9999990463256836,0.004224998876452446,0.0029974456410855055,0.000687285210005939,1.8334575315748225e-06,True
r3_split,clipart,800,clipart,pooled,0.9999992847442627,0.004016458988189697,0.002765909768640995,0.000687285210005939,1.5477211263714707e-06,True
r3_split,clipart,1000,art,product,0.9990505576133728,0.1373061090707779,0.09212973713874817,0.0258877445012331,0.0018170959083363414,True
r3_split,clipart,1000,art,real_world,0.999847412109375,0.05368579551577568,0.0379672609269619,0.011912943795323372,0.00031452567782253027,True
r3_split,clipart,1000,art,pooled,0.9997197985649109,0.07437801361083984,0.05052979290485382,0.016036655753850937,0.0005525817396119237,True
r3_split,clipart,1000,art,clipart,0.9993786215782166,0.1339406967163086,0.07003698498010635,0.020618557929992676,0.0010407728841528296,True
r3_split,clipart,1000,product,art,0.9990505576133728,0.1373061090707779,0.09212973713874817,0.0258877445012331,0.001812670030631125,True
r3_split,clipart,1000,product,real_world,0.9996182918548584,0.08702968060970306,0.056733645498752594,0.013974799774587154,0.0006753414054401219,True
r3_split,clipart,1000,product,pooled,0.9997959733009338,0.06358441710472107,0.04217533394694328,0.009851088747382164,0.0003740120737347752,True
r3_split,clipart,1000,product,clipart,0.9999200701713562,0.04736454784870148,0.027616040781140327,0.007101947441697121,0.00015788793098181486,True
r3_split,clipart,1000,real_world,art,0.999847412109375,0.05368579551577568,0.0379672609269619,0.011912943795323372,0.00031427634530700743,True
r3_split,clipart,1000,real_world,product,0.9996182918548584,0.08702968060970306,0.056733645498752594,0.013974799774587154,0.0006762460106983781,True
r3_split,clipart,1000,real_world,pooled,0.9999701976776123,0.0241185761988163,0.015100263059139252,0.004123711492866278,4.750578955281526e-05,True
r3_split,clipart,1000,real_world,clipart,0.999768078327179,0.09182968735694885,0.038719337433576584,0.010080183856189251,0.0003021604206878692,True
r3_split,clipart,1000,pooled,art,1.0,0.0,0.0,0.0,-7.718670147482953e-10,False
r3_split,clipart,1000,pooled,product,1.0,0.0,0.0,0.0,-7.718670147482953e-10,False
r3_split,clipart,1000,pooled,real_world,1.0,0.0,0.0,0.0,-7.718670147482953e-10,False
r3_split,clipart,1000,pooled,clipart,1.0,0.0,0.0,0.0,-7.718670147482953e-10,False
r3_split,clipart,1000,clipart,art,0.9999961256980896,0.008072028867900372,0.005651273299008608,0.001603665528818965,6.699022833345225e-06,True
r3_split,clipart,1000,clipart,product,0.9999996423721313,0.0024365070275962353,0.0018549892120063305,0.000458190159406513,6.729359824930725e-07,True
r3_split,clipart,1000,clipart,real_world,0.9999982118606567,0.004693683702498674,0.0037790080532431602,0.001374570420011878,3.00075885206752e-06,True
r3_split,clipart,1000,clipart,pooled,0.9999985694885254,0.004156938754022121,0.0033353690523654222,0.001374570420011878,2.3158797830546973e-06,True
r3_split,product,0,art,clipart,0.989812433719635,0.5037769675254822,0.42109033465385437,0.2872268557548523,0.06775956600904465,True
r3_split,product,0,art,real_world,0.9973291158676147,0.20708224177360535,0.18186575174331665,0.1705338954925537,0.015065787360072136,True
r3_split,product,0,art,pooled,0.9958170056343079,0.3162311911582947,0.27677902579307556,0.18382517993450165,0.024313081055879593,True
r3_split,product,0,art,product,0.9881497025489807,0.5748438835144043,0.5284528732299805,0.33611172437667847,0.0964154452085495,True
r3_split,product,0,clipart,art,0.989812433719635,0.5037769675254822,0.42109033465385437,0.2872268557548523,0.06774349510669708,True
r3_split,product,0,clipart,real_world,0.9913676381111145,0.44045525789260864,0.3455840051174164,0.26650145649909973,0.059883963316679,True
r3_split,product,0,clipart,pooled,0.9965987205505371,0.2756003737449646,0.22721819579601288,0.18044604361057281,0.026514027267694473,True
r3_split,product,0,clipart,product,0.9922560453414917,0.4666254222393036,0.38988205790519714,0.2707816958427429,0.07139163464307785,True
r3_split,product,0,real_world,art,0.9973291158676147,0.20708224177360535,0.18186575174331665,0.1705338954925537,0.016043156385421753,True
r3_split,product,0,real_world,clipart,0.9913676381111145,0.44045525789260864,0.3455840051174164,0.26650145649909973,0.06097053736448288,True
r3_split,product,0,real_world,pooled,0.9977414608001709,0.2166031450033188,0.16883864998817444,0.120522640645504,0.013160252943634987,True
r3_split,product,0,real_world,product,0.9933800101280212,0.43150341510772705,0.3985844552516937,0.22054515779018402,0.05383675917983055,True
r3_split,product,0,pooled,art,1.0,0.0,0.0,0.0,1.5551545606840023e-09,False
r3_split,product,0,pooled,clipart,1.0,0.0,0.0,0.0,1.5551545606840023e-09,False
r3_split,product,0,pooled,real_world,1.0,0.0,0.0,0.0,1.5551545606840023e-09,False
r3_split,product,0,pooled,product,1.0,0.0,0.0,0.0,1.5551545606840023e-09,False
r3_split,product,0,product,art,0.9881497025489807,0.5748438835144043,0.5284528732299805,0.33611172437667847,0.12022041529417038,True
r3_split,product,0,product,clipart,0.9922560453414917,0.4666254222393036,0.38988205790519714,0.2707816958427429,0.0907045379281044,True
r3_split,product,0,product,real_world,0.9933800101280212,0.43150341510772705,0.3985844552516937,0.22054515779018402,0.0635514184832573,True
r3_split,product,0,product,pooled,0.9949613213539124,0.39647823572158813,0.3597743809223175,0.2270781695842743,0.06443159282207489,True
r3_split,product,200,art,clipart,0.9995936751365662,0.0947691798210144,0.06365038454532623,0.003604415338486433,0.0002904022694565356,True
r3_split,product,200,art,real_world,0.9999269843101501,0.03753906860947609,0.025648463517427444,0.002703311387449503,6.306260911514983e-05,True
r3_split,product,200,art,pooled,0.9998976588249207,0.04514492303133011,0.030246347188949585,0.002478035632520914,6.965192733332515e-05,True
r3_split,product,200,art,product,0.9997811913490295,0.0635591670870781,0.043730102479457855,0.0038296913262456656,0.00016191172471735626,True
r3_split,product,200,clipart,art,0.9995936751365662,0.0947691798210144,0.06365038454532623,0.003604415338486433,0.0002898538368754089,True
r3_split,product,200,clipart,real_world,0.999752938747406,0.0819571390748024,0.05503176525235176,0.004505519289523363,0.00022105024254415184,True
r3_split,product,200,clipart,pooled,0.9998854398727417,0.05296792462468147,0.03596688061952591,0.002478035632520914,9.310377208748832e-05,True
r3_split,product,200,clipart,product,0.9998924732208252,0.057220954447984695,0.038693174719810486,0.004280243068933487,0.0001216069795191288,True
r3_split,product,200,real_world,art,0.9999269843101501,0.03753906860947609,0.025648463517427444,0.002703311387449503,6.300123641267419e-05,True
r3_split,product,200,real_world,clipart,0.999752938747406,0.0819571390748024,0.05503176525235176,0.004505519289523363,0.0002209903614129871,True
r3_split,product,200,real_world,pooled,0.9999698400497437,0.031081482768058777,0.020360266789793968,0.002027483657002449,3.209108399460092e-05,True
r3_split,product,200,real_world,product,0.9999473094940186,0.03286413475871086,0.022513065487146378,0.0011263798223808408,3.6533165257424116e-05,True
r3_split,product,200,pooled,art,1.0,0.0,0.0,0.0,2.203354582119843e-10,False
r3_split,product,200,pooled,clipart,1.0,0.0,0.0,0.0,2.203354582119843e-10,False
r3_split,product,200,pooled,real_world,1.0,0.0,0.0,0.0,2.203354582119843e-10,False
r3_split,product,200,pooled,product,1.0,0.0,0.0,0.0,2.203354582119843e-10,False
r3_split,product,200,product,art,0.999990701675415,0.013093166053295135,0.009423593059182167,0.0009011038346216083,8.446580068266485e-06,True
r3_split,product,200,product,clipart,0.9999990463256836,0.0040457346476614475,0.00282627553679049,0.00045055191731080413,7.027040282991948e-07,True
r3_split,product,200,product,real_world,0.999998152256012,0.005712263751775026,0.004178681876510382,0.00022527595865540206,1.6226407524300157e-06,True
r3_split,product,200,product,pooled,0.9999990463256836,0.0039372630417346954,0.0028863002080470324,0.0,8.214576610043878e-07,True
r3_split,product,400,art,clipart,0.9996650218963623,0.08570568263530731,0.062287475913763046,0.004280243068933487,0.0002652244584169239,True
r3_split,product,400,art,real_world,0.9999395608901978,0.03406164422631264,0.02394905313849449,0.002027483657002449,5.2608229452744126e-05,True
r3_split,product,400,art,pooled,0.9999147653579712,0.04194117709994316,0.02980615198612213,0.002703311387449503,6.641936488449574e-05,True
r3_split,product,400,art,product,0.9998132586479187,0.0604119598865509,0.04290420934557915,0.0033791393507272005,0.00015122603508643806,True
r3_split,product,400,clipart,art,0.9996650218963623,0.08570568263530731,0.062287475913763046,0.004280243068933487,0.0002642966283019632,True
r3_split,product,400,clipart,real_world,0.9998044371604919,0.0690218061208725,0.05180998519062996,0.003153863362967968,0.00017442525131627917,True
r3_split,product,400,clipart,pooled,0.9999070167541504,0.04642797261476517,0.03458349034190178,0.002478035632520914,7.801560423104092e-05,True
r3_split,product,400,clipart,product,0.9999179840087891,0.04578622803092003,0.03499234840273857,0.002703311387449503,8.469864405924454e-05,True
r3_split,product,400,real_world,art,0.9999395608901978,0.03406164422631264,0.02394905313849449,0.002027483657002449,5.256065560388379e-05,True
r3_split,product,400,real_world,clipart,0.9998044371604919,0.0690218061208725,0.05180998519062996,0.003153863362967968,0.00017471924365963787,True
r3_split,product,400,real_world,pooled,0.9999772310256958,0.02439342997968197,0.01834135502576828,0.0006758278468623757,2.2861986508360133e-05,True
r3_split,product,400,real_world,product,0.9999545812606812,0.03085656277835369,0.02245730720460415,0.0013516556937247515,3.5610752092907205e-05,True
r3_split,product,400,pooled,art,1.0,0.0,0.0,0.0,1.1090867807483917e-10,False
r3_split,product,400,pooled,clipart,1.0,0.0,0.0,0.0,1.1090867807483917e-10,False
r3_split,product,400,pooled,real_world,1.0,0.0,0.0,0.0,1.1090867807483917e-10,False
r3_split,product,400,pooled,product,1.0,0.0,0.0,0.0,1.1090867807483917e-10,False
r3_split,product,400,product,art,0.9999881386756897,0.014997993595898151,0.01081415731459856,0.00045055191731080413,9.587834938429296e-06,True
r3_split,product,400,product,clipart,0.9999988079071045,0.005080308765172958,0.0036832091864198446,0.0006758278468623757,1.143439362749632e-06,True
r3_split,product,400,product,real_world,0.9999974370002747,0.00683984812349081,0.005060122814029455,0.00045055191731080413,2.116962605214212e-06,True
r3_split,product,400,product,pooled,0.9999988079071045,0.00452039111405611,0.003329590428620577,0.00045055191731080413,9.021937330544461e-07,True
r3_split,product,600,art,clipart,0.9995898008346558,0.09425722062587738,0.06399408727884293,0.006082450971007347,0.00033377771615050733,True
r3_split,product,600,art,real_world,0.9999321699142456,0.034803684800863266,0.023592360317707062,0.0013516556937247515,5.2479925216175616e-05,True
r3_split,product,600,art,pooled,0.9998957514762878,0.045755814760923386,0.030651163309812546,0.002478035632520914,8.05718227638863e-05,True
r3_split,product,600,art,product,0.9997746348381042,0.06438514590263367,0.04367763549089432,0.004280243068933487,0.0001717877748887986,True
r3_split,product,600,clipart,art,0.9995898008346558,0.09425722062587738,0.06399408727884293,0.006082450971007347,0.00033126212656497955,True
r3_split,product,600,clipart,real_world,0.9997724294662476,0.07549475133419037,0.05220683664083481,0.006082450971007347,0.00020603713346645236,True
r3_split,product,600,clipart,pooled,0.9998889565467834,0.050772953778505325,0.035115256905555725,0.003604415338486433,9.603874059394002e-05,True
r3_split,product,600,clipart,product,0.999914288520813,0.04835117608308792,0.0340217761695385,0.003604415338486433,8.756560418987647e-05,True
r3_split,product,600,real_world,art,0.9999321699142456,0.034803684800863266,0.023592360317707062,0.0013516556937247515,5.244591011432931e-05,True
r3_split,product,600,real_world,clipart,0.9997724294662476,0.07549475133419037,0.05220683664083481,0.006082450971007347,0.00020725553622469306,True
r3_split,product,600,real_world,pooled,0.999975323677063,0.02639070339500904,0.018159957602620125,0.0029285873752087355,2.422446596028749e-05,True
r3_split,product,600,real_world,product,0.9999428391456604,0.03407350927591324,0.023333251476287842,0.0033791393507272005,4.4708827772410586e-05,True
r3_split,product,600,pooled,art,1.0,0.0,0.0,0.0,1.2230869095297692e-10,False
r3_split,product,600,pooled,clipart,1.0,0.0,0.0,0.0,1.2230869095297692e-10,False
r3_split,product,600,pooled,real_world,1.0,0.0,0.0,0.0,1.2230869095297692e-10,False
r3_split,product,600,pooled,product,1.0,0.0,0.0,0.0,1.2230869095297692e-10,False
r3_split,product,600,product,art,0.9999790191650391,0.018545756116509438,0.014340929687023163,0.001576931681483984,1.9082794096902944e-05,True
r3_split,product,600,product,clipart,0.9999975562095642,0.006508267484605312,0.0050114733166992664,0.0,2.2819931473350152e-06,True
r3_split,product,600,product,real_world,0.9999949336051941,0.009008263237774372,0.0071082101203501225,0.0006758278468623757,4.630839612218551e-06,True
r3_split,product,600,product,pooled,0.999998152256012,0.00552918529137969,0.004326104652136564,0.0,1.7049914049493964e-06,True
r3_split,product,800,art,clipart,0.999562680721283,0.09404163807630539,0.06786294281482697,0.006307726725935936,0.00036354013718664646,True
r3_split,product,800,art,real_world,0.9999409317970276,0.03347325697541237,0.02281724289059639,0.0018022076692432165,4.2354895413154736e-05,True
r3_split,product,800,art,pooled,0.9998946189880371,0.04566945135593414,0.031816158443689346,0.002703311387449503,7.6950469519943e-05,True
r3_split,product,800,art,product,0.9997783899307251,0.06511234492063522,0.04471234232187271,0.004280243068933487,0.0001507753477199003,True
r3_split,product,800,clipart,art,0.999562680721283,0.09404163807630539,0.06786294281482697,0.006307726725935936,0.0003604753583204001,True
r3_split,product,800,clipart,real_world,0.9997450709342957,0.07377351820468903,0.056180790066719055,0.005406622774899006,0.00026500446256250143,True
r3_split,product,800,clipart,pooled,0.9998776912689209,0.05029743164777756,0.037593476474285126,0.003604415338486433,0.00011607306805672124,True
r3_split,product,800,clipart,product,0.999911367893219,0.04463619366288185,0.03545061871409416,0.0029285873752087355,0.00011700439790729433,True
r3_split,product,800,real_world,art,0.9999409317970276,0.03347325697541237,0.02281724289059639,0.0018022076692432165,4.228167745168321e-05,True
r3_split,product,800,real_world,clipart,0.9997450709342957,0.07377351820468903,0.056180790066719055,0.005406622774899006,0.0002668809029273689,True
r3_split,product,800,real_world,pooled,0.9999725222587585,0.024870803579688072,0.019507043063640594,0.0022527596447616816,3.357933383085765e-05,True
r3_split,product,800,real_world,product,0.9999356865882874,0.035556063055992126,0.02536201849579811,0.0033791393507272005,4.7724537580506876e-05,True
r3_split,product,800,pooled,art,1.0,0.0,0.0,0.0,-1.7836364329948395e-10,False
r3_split,product,800,pooled,clipart,1.0,0.0,0.0,0.0,-1.7836364329948395e-10,False
r3_split,product,800,pooled,real_world,1.0,0.0,0.0,0.0,-1.7836364329948395e-10,False
r3_split,product,800,pooled,product,1.0,0.0,0.0,0.0,-1.7836364329948395e-10,False
r3_split,product,800,product,art,0.9999772310256958,0.0197215024381876,0.015121621079742908,0.0009011038346216083,1.958160828507971e-05,True
r3_split,product,800,product,clipart,0.9999974370002747,0.006675160955637693,0.005122336558997631,0.00045055191731080413,2.117175426974427e-06,True
r3_split,product,800,product,real_world,0.9999944567680359,0.009458744898438454,0.007419482804834843,0.0006758278468623757,4.732428806164535e-06,True
r3_split,product,800,product,pooled,0.9999979138374329,0.005854850634932518,0.004552970640361309,0.00022527595865540206,1.7899968725032522e-06,True
r3_split,product,1000,art,clipart,0.999338686466217,0.11603214591741562,0.07853493094444275,0.008560486137866974,0.0005274819559417665,True
r3_split,product,1000,art,real_world,0.9999129176139832,0.03895748406648636,0.025642292574048042,0.004505519289523363,5.5904216424096376e-05,True
r3_split,product,1000,art,pooled,0.9998369812965393,0.05568978562951088,0.03710708022117615,0.005857174750417471,0.00011639085278147832,True
r3_split,product,1000,art,product,0.9996639490127563,0.0767984390258789,0.05140326917171478,0.007434106431901455,0.00022389496734831482,True
r3_split,product,1000,clipart,art,0.999338686466217,0.11603214591741562,0.07853493094444275,0.008560486137866974,0.0005216631689108908,True
r3_split,product,1000,clipart,real_world,0.999632716178894,0.09296362847089767,0.06369521468877792,0.005406622774899006,0.0003421934961806983,True
r3_split,product,1000,clipart,pooled,0.9998216032981873,0.06241506338119507,0.042933933436870575,0.003153863362967968,0.00015744907432235777,True
r3_split,product,1000,clipart,product,0.9998844861984253,0.0564211942255497,0.038870636373758316,0.0022527596447616816,0.00012799183605238795,True
r3_split,product,1000,real_world,art,0.9999129176139832,0.03895748406648636,0.025642292574048042,0.004505519289523363,5.588792191701941e-05,True
r3_split,product,1000,real_world,clipart,0.999632716178894,0.09296362847089767,0.06369521468877792,0.005406622774899006,0.00034587777918204665,True
r3_split,product,1000,real_world,pooled,0.9999619722366333,0.032143931835889816,0.021711325272917747,0.0022527596447616816,3.912437750841491e-05,True
r3_split,product,1000,real_world,product,0.9999023675918579,0.04305553063750267,0.029338371008634567,0.0033791393507272005,7.20476673450321e-05,True
r3_split,product,1000,pooled,art,1.0,0.0,0.0,0.0,-1.665606680356646e-10,False
r3_split,product,1000,pooled,clipart,1.0,0.0,0.0,0.0,-1.665606680356646e-10,False
r3_split,product,1000,pooled,real_world,1.0,0.0,0.0,0.0,-1.665606680356646e-10,False
r3_split,product,1000,pooled,product,1.0,0.0,0.0,0.0,-1.665606680356646e-10,False
r3_split,product,1000,product,art,0.9999697208404541,0.021433046087622643,0.01732773147523403,0.0009011038346216083,2.7990754460915923e-05,True
r3_split,product,1000,product,clipart,0.9999969601631165,0.00695753563195467,0.005678672809153795,0.0009011038346216083,2.8519257284642663e-06,True
r3_split,product,1000,product,real_world,0.9999926090240479,0.010498588904738426,0.00866949837654829,0.0006758278468623757,7.020474185992498e-06,True
r3_split,product,1000,product,pooled,0.9999971985816956,0.006496785208582878,0.005293192807585001,0.00045055191731080413,2.63275251199957e-06,True
r3_split,real_world,0,art,clipart,0.9900667667388916,0.4748712480068207,0.3514057397842407,0.2818453013896942,0.06724554300308228,True
r3_split,real_world,0,art,product,0.9892209768295288,0.49486297369003296,0.35496723651885986,0.2997475266456604,0.07467114925384521,True
r3_split,real_world,0,art,pooled,0.9923708438873291,0.41736456751823425,0.30048853158950806,0.23158136010169983,0.047365281730890274,True
r3_split,real_world,0,art,real_world,0.9972335696220398,0.19585378468036652,0.1348203718662262,0.12302042543888092,0.011141176335513592,True
r3_split,real_world,0,clipart,art,0.9900667667388916,0.4748712480068207,0.3514057397842407,0.2818453013896942,0.06742409616708755,True
r3_split,real_world,0,clipart,product,0.9932298064231873,0.41335758566856384,0.29832664132118225,0.2974523603916168,0.05534936860203743,True
r3_split,real_world,0,clipart,pooled,0.9974133968353271,0.24115189909934998,0.17696590721607208,0.16938260197639465,0.01848236471414566,True
r3_split,real_world,0,clipart,real_world,0.9912658929824829,0.432571142911911,0.31841281056404114,0.2811567485332489,0.057756561785936356,True
r3_split,real_world,0,product,art,0.9892209768295288,0.49486297369003296,0.35496723651885986,0.2997475266456604,0.07921341061592102,True
r3_split,real_world,0,product,clipart,0.9932298064231873,0.41335758566856384,0.29832664132118225,0.2974523603916168,0.06000301241874695,True
r3_split,real_world,0,product,pooled,0.998023509979248,0.21431156992912292,0.1648789346218109,0.17535001039505005,0.0182673167437315,True
r3_split,real_world,0,product,real_world,0.9942269921302795,0.351155549287796,0.26633480191230774,0.224236860871315,0.04381376504898071,True
r3_split,real_world,0,pooled,art,1.0,0.0,0.0,0.0,2.1851780385162556e-09,False
r3_split,real_world,0,pooled,clipart,1.0,0.0,0.0,0.0,2.1851780385162556e-09,False
r3_split,real_world,0,pooled,product,1.0,0.0,0.0,0.0,2.1851780385162556e-09,False
r3_split,real_world,0,pooled,real_world,1.0,0.0,0.0,0.0,2.1851780385162556e-09,False
r3_split,real_world,0,real_world,art,0.9972335696220398,0.19585378468036652,0.1348203718662262,0.12302042543888092,0.011313972994685173,True
r3_split,real_world,0,real_world,clipart,0.9912658929824829,0.432571142911911,0.31841281056404114,0.2811567485332489,0.06049652770161629,True
r3_split,real_world,0,real_world,product,0.9942269921302795,0.351155549287796,0.26633480191230774,0.224236860871315,0.04136316478252411,True
r3_split,real_world,0,real_world,pooled,0.9955834150314331,0.30730876326560974,0.22823572158813477,0.1859077364206314,0.027581196278333664,True
r3_split,real_world,200,art,clipart,0.9988204836845398,0.15835505723953247,0.09425146877765656,0.010557723231613636,0.0008955579251050949,True
r3_split,real_world,200,art,product,0.9994882345199585,0.1052595004439354,0.06629294157028198,0.00573789281770587,0.0004355550918262452,True
r3_split,real_world,200,art,pooled,0.9995995163917542,0.09308024495840073,0.05635969340801239,0.004819829948246479,0.0003236265620216727,True
r3_split,real_world,200,art,real_world,0.9999046921730042,0.04452718421816826,0.02936663292348385,0.0032132200431078672,8.317353785969317e-05,True
r3_split,real_world,200,clipart,art,0.9988204836845398,0.15835505723953247,0.09425146877765656,0.010557723231613636,0.0008946508169174194,True
r3_split,real_world,200,clipart,product,0.9993209838867188,0.11351659893989563,0.07230989634990692,0.008951112627983093,0.0004909213166683912,True
r3_split,real_world,200,clipart,pooled,0.9997092485427856,0.07693499326705933,0.0467585027217865,0.006196924485266209,0.00021244956587906927,True
r3_split,real_world,200,clipart,real_world,0.9989944696426392,0.14243437349796295,0.08648483455181122,0.010098692029714584,0.0007364969351328909,True
r3_split,real_world,200,product,art,0.9994882345199585,0.1052595004439354,0.06629294157028198,0.00573789281770587,0.00043684133561328053,True
r3_split,real_world,200,product,clipart,0.9993209838867188,0.11351659893989563,0.07230989634990692,0.008951112627983093,0.000492956256493926,True
r3_split,real_world,200,product,pooled,0.9998778104782104,0.047380708158016205,0.03172130510210991,0.002754188608378172,9.167608368443325e-05,True
r3_split,real_world,200,product,real_world,0.9998133778572083,0.06380724161863327,0.03912068158388138,0.002524673007428646,0.00015480649017263204,True
r3_split,real_world,200,pooled,art,1.0,0.0,0.0,0.0,7.477563013225108e-11,False
r3_split,real_world,200,pooled,clipart,1.0,0.0,0.0,0.0,7.477563013225108e-11,False
r3_split,real_world,200,pooled,product,1.0,0.0,0.0,0.0,7.477563013225108e-11,False
r3_split,real_world,200,pooled,real_world,1.0,0.0,0.0,0.0,7.477563013225108e-11,False
r3_split,real_world,200,real_world,art,0.9999967217445374,0.00792618002742529,0.006003260146826506,0.0004590314347296953,3.2743423616921064e-06,True
r3_split,real_world,200,real_world,clipart,0.9999929666519165,0.011965390294790268,0.008297487162053585,0.0009180628694593906,6.51242498861393e-06,True
r3_split,real_world,200,real_world,product,0.9999971985816956,0.007312150672078133,0.005358577240258455,0.0009180628694593906,2.655610842339229e-06,True
r3_split,real_world,200,real_world,pooled,0.9999983310699463,0.005681488197296858,0.0039259642362594604,0.000688547152094543,1.4472680049948394e-06,True
r3_split,real_world,400,art,clipart,0.9990360140800476,0.14093327522277832,0.0882929190993309,0.009180628694593906,0.0007010846748016775,True
r3_split,real_world,400,art,product,0.999607264995575,0.0933498814702034,0.06330076605081558,0.005278861615806818,0.0003428551717661321,True
r3_split,real_world,400,art,pooled,0.9996842741966248,0.0827082097530365,0.05332289636135101,0.004590314347296953,0.00025257919332943857,True
r3_split,real_world,400,art,real_world,0.9999253749847412,0.03968198969960213,0.02788674645125866,0.0018361257389187813,6.545748328790069e-05,True
r3_split,real_world,400,clipart,art,0.9990360140800476,0.14093327522277832,0.0882929190993309,0.009180628694593906,0.0006984917563386261,True
r3_split,real_world,400,clipart,product,0.9994029402732849,0.1029086783528328,0.06746020913124084,0.00665595568716526,0.00039513115189038217,True
r3_split,real_world,400,clipart,pooled,0.999751627445221,0.06878470629453659,0.04337324574589729,0.005049346014857292,0.0001674639352131635,True
r3_split,real_world,400,clipart,real_world,0.9991479516029358,0.12775270640850067,0.08060210943222046,0.008262565359473228,0.0005827232962474227,True
r3_split,real_world,400,product,art,0.999607264995575,0.0933498814702034,0.06330076605081558,0.005278861615806818,0.00034351201611571014,True
r3_split,real_world,400,product,clipart,0.9994029402732849,0.1029086783528328,0.06746020913124084,0.00665595568716526,0.0003974463324993849,True
r3_split,real_world,400,product,pooled,0.9998935461044312,0.043385282158851624,0.03013867326080799,0.002065641339868307,7.558776997029781e-05,True
r3_split,real_world,400,product,real_world,0.99985671043396,0.056574784219264984,0.0374024324119091,0.0034427358768880367,0.00012217211769893765,True
r3_split,real_world,400,pooled,art,1.0,0.0,0.0,0.0,-3.228227685170282e-10,False
r3_split,real_world,400,pooled,clipart,1.0,0.0,0.0,0.0,-3.228227685170282e-10,False
r3_split,real_world,400,pooled,product,1.0,0.0,0.0,0.0,-3.228227685170282e-10,False
r3_split,real_world,400,pooled,real_world,1.0,0.0,0.0,0.0,-3.228227685170282e-10,False
r3_split,real_world,400,real_world,art,0.9999958872795105,0.009288888424634933,0.006879991386085749,0.000688547152094543,3.5223379200033378e-06,True
r3_split,real_world,400,real_world,clipart,0.999991774559021,0.014308384619653225,0.009305689483880997,0.0016066100215539336,6.663031854259316e-06,True
r3_split,real_world,400,real_world,product,0.9999967217445374,0.008685903623700142,0.006064636167138815,0.0016066100215539336,2.7901141947950236e-06,True
r3_split,real_world,400,real_world,pooled,0.999998152256012,0.006812882609665394,0.004394241608679295,0.0009180628694593906,1.4870606719341595e-06,True
r3_split,real_world,600,art,clipart,0.9990311861038208,0.15119317173957825,0.09172045439481735,0.009180628694593906,0.0007129254518076777,True
r3_split,real_world,600,art,product,0.9996623396873474,0.08656115084886551,0.05876663327217102,0.005049346014857292,0.0003039593284483999,True
r3_split,real_world,600,art,pooled,0.9997137188911438,0.08306481689214706,0.05287875235080719,0.00573789281770587,0.00023905908165033907,True
r3_split,real_world,600,art,real_world,0.9999310970306396,0.037111978977918625,0.02609293721616268,0.002524673007428646,6.172421126393601e-05,True
r3_split,real_world,600,clipart,art,0.9990311861038208,0.15119317173957825,0.09172045439481735,0.009180628694593906,0.0007097326451912522,True
r3_split,real_world,600,clipart,product,0.9992997646331787,0.11805059015750885,0.07226141542196274,0.007803534157574177,0.00044673256343230605,True
r3_split,real_world,600,clipart,pooled,0.9997218251228333,0.07794951647520065,0.04648374021053314,0.004819829948246479,0.00018464993627276272,True
r3_split,real_world,600,clipart,real_world,0.9990696907043457,0.14355634152889252,0.08626949042081833,0.008721597492694855,0.0006305236602202058,True
r3_split,real_world,600,product,art,0.9996623396873474,0.08656115084886551,0.05876663327217102,0.005049346014857292,0.00030414602952077985,True
r3_split,real_world,600,product,clipart,0.9992997646331787,0.11805059015750885,0.07226141542196274,0.007803534157574177,0.0004491878498811275,True
r3_split,real_world,600,product,pooled,0.9998775720596313,0.0469307079911232,0.030549652874469757,0.0029837042093276978,8.033776975935325e-05,True
r3_split,real_world,600,product,real_world,0.9998779296875,0.0535808801651001,0.0351409949362278,0.002754188608378172,0.00010660493717296049,True
r3_split,real_world,600,pooled,art,1.0,0.0,0.0,0.0,-4.990448609909492e-10,False
r3_split,real_world,600,pooled,clipart,1.0,0.0,0.0,0.0,-4.990448609909492e-10,False
r3_split,real_world,600,pooled,product,1.0,0.0,0.0,0.0,-4.990448609909492e-10,False
r3_split,real_world,600,pooled,real_world,1.0,0.0,0.0,0.0,-4.990448609909492e-10,False
r3_split,real_world,600,real_world,art,0.9999943375587463,0.010711903683841228,0.008034709841012955,0.001377094304189086,4.758811428473564e-06,True
r3_split,real_world,600,real_world,clipart,0.999987781047821,0.017119554802775383,0.011301614344120026,0.0004590314347296953,9.666195182944648e-06,True
r3_split,real_world,600,real_world,product,0.9999952912330627,0.010276667773723602,0.007235413882881403,0.00022951571736484766,3.941657723771641e-06,True
r3_split,real_world,600,real_world,pooled,0.9999973177909851,0.00820600800216198,0.005366793368011713,0.00022951571736484766,2.1915932393312687e-06,True
r3_split,real_world,800,art,clipart,0.9990290999412537,0.14950834214687347,0.09239210188388824,0.007344502955675125,0.0006930243107490242,True
r3_split,real_world,800,art,product,0.9996875524520874,0.08312644064426422,0.05877327546477318,0.005508377216756344,0.000313331198412925,True
r3_split,real_world,800,art,pooled,0.99973064661026,0.08047502487897873,0.05268918350338936,0.004590314347296953,0.0002351018920307979,True
r3_split,real_world,800,art,real_world,0.9999341368675232,0.035776980221271515,0.02585737034678459,0.0022951571736484766,6.209888670127839e-05,True
r3_split,real_world,800,clipart,art,0.9990290999412537,0.14950834214687347,0.09239210188388824,0.007344502955675125,0.0006903642206452787,True
r3_split,real_world,800,clipart,product,0.9992257952690125,0.12206155061721802,0.07524178922176361,0.007574018556624651,0.0004664504958782345,True
r3_split,real_world,800,clipart,pooled,0.9997026920318604,0.0790749117732048,0.04787665978074074,0.0039017670787870884,0.0001844449434429407,True
r3_split,real_world,800,clipart,real_world,0.9990156888961792,0.14601878821849823,0.08857829123735428,0.008262565359473228,0.0006314440397545695,True
r3_split,real_world,800,product,art,0.9996875524520874,0.08312644064426422,0.05877327546477318,0.005508377216756344,0.0003138575702905655,True
r3_split,real_world,800,product,clipart,0.9992257952690125,0.12206155061721802,0.07524178922176361,0.007574018556624651,0.0004696460091508925,True
r3_split,real_world,800,product,pooled,0.9998635053634644,0.04891865327954292,0.03182126209139824,0.0036722514778375626,8.81088271853514e-05,True
r3_split,real_world,800,product,real_world,0.9998866319656372,0.0524185411632061,0.03564652428030968,0.0036722514778375626,0.00011211550008738413,True
r3_split,real_world,800,pooled,art,1.0,0.0,0.0,0.0,5.469524277934568e-10,False
r3_split,real_world,800,pooled,clipart,1.0,0.0,0.0,0.0,5.469524277934568e-10,False
r3_split,real_world,800,pooled,product,1.0,0.0,0.0,0.0,5.469524277934568e-10,False
r3_split,real_world,800,pooled,real_world,1.0,0.0,0.0,0.0,5.469524277934568e-10,False
r3_split,real_world,800,real_world,art,0.9999950528144836,0.009863868355751038,0.0072846319526433945,0.00022951571736484766,4.037467988382559e-06,True
r3_split,real_world,800,real_world,clipart,0.9999898076057434,0.0157893355935812,0.010085800662636757,0.0004590314347296953,7.884224032750353e-06,True
r3_split,real_world,800,real_world,product,0.9999961256980896,0.009318692609667778,0.006381493993103504,0.00022951571736484766,3.1342544843937503e-06,True
r3_split,real_world,800,real_world,pooled,0.9999977946281433,0.007511791307479143,0.004729840904474258,0.00022951571736484766,1.7385577848472167e-06,True
r3_split,real_world,1000,art,clipart,0.9991891980171204,0.14056695997714996,0.08341769129037857,0.008721597492694855,0.0006076345453038812,True
r3_split,real_world,1000,art,product,0.9997321367263794,0.08292245119810104,0.05514944717288017,0.0064264400862157345,0.00025521780480630696,True
r3_split,real_world,1000,art,pooled,0.9997761845588684,0.0782390758395195,0.04720054939389229,0.004590314347296953,0.00018683343660086393,True
r3_split,real_world,1000,art,real_world,0.9999430775642395,0.034538280218839645,0.024827737361192703,0.0018361257389187813,5.308353138389066e-05,True
r3_split,real_world,1000,clipart,art,0.9991891980171204,0.14056695997714996,0.08341769129037857,0.008721597492694855,0.0006020388100296259,True
r3_split,real_world,1000,clipart,product,0.9993253350257874,0.11096411198377609,0.0728655606508255,0.0064264400862157345,0.0004872258868999779,True
r3_split,real_world,1000,clipart,pooled,0.999747633934021,0.07180453836917877,0.04488522186875343,0.004590314347296953,0.00018281987286172807,True
r3_split,real_world,1000,clipart,real_world,0.9991629719734192,0.1350947767496109,0.08207838237285614,0.008262565359473228,0.0005994747043587267,True
r3_split,real_world,1000,product,art,0.9997321367263794,0.08292245119810104,0.05514944717288017,0.0064264400862157345,0.00025522272335365415,True
r3_split,real_world,1000,product,clipart,0.9993253350257874,0.11096411198377609,0.0728655606508255,0.0064264400862157345,0.0004924931563436985,True
r3_split,real_world,1000,product,pooled,0.9998770952224731,0.045611582696437836,0.03185319900512695,0.0032132200431078672,9.292986214859411e-05,True
r3_split,real_world,1000,product,real_world,0.9999029040336609,0.052819494158029556,0.0329628549516201,0.005049346014857292,8.977243123808876e-05,True
r3_split,real_world,1000,pooled,art,1.0,0.0,0.0,0.0,-2.285209799168797e-10,False
r3_split,real_world,1000,pooled,clipart,1.0,0.0,0.0,0.0,-2.285209799168797e-10,False
r3_split,real_world,1000,pooled,product,1.0,0.0,0.0,0.0,-2.285209799168797e-10,False
r3_split,real_world,1000,pooled,real_world,1.0,0.0,0.0,0.0,-2.285209799168797e-10,False
r3_split,real_world,1000,real_world,art,0.999994158744812,0.010376338846981525,0.007832225412130356,0.00022951571736484766,4.317820639698766e-06,True
r3_split,real_world,1000,real_world,clipart,0.9999870657920837,0.016986146569252014,0.01127319224178791,0.000688547152094543,9.075053640117403e-06,True
r3_split,real_world,1000,real_world,product,0.9999952912330627,0.009954302571713924,0.006995031610131264,0.00022951571736484766,3.4725196655926993e-06,True
r3_split,real_world,1000,real_world,pooled,0.9999971985816956,0.008157148025929928,0.005329800769686699,0.00022951571736484766,2.03432909984258e-06,True
r4_silu32,art,0,clipart,product,0.9964324831962585,0.3231998085975647,0.2527649998664856,0.15615986287593842,0.0211359653621912,True
r4_silu32,art,0,clipart,real_world,0.9952311515808105,0.36530375480651855,0.2677379846572876,0.18417799472808838,0.028843605890870094,True
r4_silu32,art,0,clipart,pooled,0.9981907606124878,0.23234666883945465,0.17536196112632751,0.11701688915491104,0.011238539591431618,True
r4_silu32,art,0,clipart,art,0.9945704340934753,0.35993441939353943,0.2622087299823761,0.19406674802303314,0.030395658686757088,True
r4_silu32,art,0,product,clipart,0.9964324831962585,0.3231998085975647,0.2527649998664856,0.15615986287593842,0.021660763770341873,True
r4_silu32,art,0,product,real_world,0.9984121322631836,0.20627953112125397,0.14814837276935577,0.09682735800743103,0.008607529103755951,True
r4_silu32,art,0,product,pooled,0.9993600845336914,0.12882661819458008,0.1020020917057991,0.059744540601968765,0.003263941965997219,True
r4_silu32,art,0,product,art,0.9968792200088501,0.270623117685318,0.2006729394197464,0.13885454833507538,0.015564781613647938,True
r4_silu32,art,0,real_world,clipart,0.9952311515808105,0.36530375480651855,0.2677379846572876,0.18417799472808838,0.02946619503200054,True
r4_silu32,art,0,real_world,product,0.9984121322631836,0.20627953112125397,0.14814837276935577,0.09682735800743103,0.008588193915784359,True
r4_silu32,art,0,real_world,pooled,0.9989758133888245,0.16270802915096283,0.11727733910083771,0.07993407547473907,0.006172230467200279,True
r4_silu32,art,0,real_world,art,0.9992201328277588,0.12307817488908768,0.09716981649398804,0.0725175142288208,0.0034660478122532368,True
r4_silu32,art,0,pooled,clipart,1.0,0.0,0.0,0.0,1.7463386292604355e-09,False
r4_silu32,art,0,pooled,product,1.0,0.0,0.0,0.0,1.7463386292604355e-09,False
r4_silu32,art,0,pooled,real_world,1.0,0.0,0.0,0.0,1.7463386292604355e-09,False
r4_silu32,art,0,pooled,art,1.0,0.0,0.0,0.0,1.7463386292604355e-09,False
r4_silu32,art,0,art,clipart,0.9945704340934753,0.35993441939353943,0.2622087299823761,0.19406674802303314,0.03103424608707428,True
r4_silu32,art,0,art,product,0.9968792200088501,0.270623117685318,0.2006729394197464,0.13885454833507538,0.015359592624008656,True
r4_silu32,art,0,art,real_world,0.9992201328277588,0.12307817488908768,0.09716981649398804,0.0725175142288208,0.003427134593948722,True
r4_silu32,art,0,art,pooled,0.9979899525642395,0.20527873933315277,0.15141449868679047,0.11248454451560974,0.010256323963403702,True
r4_silu32,art,200,clipart,product,0.9999950528144836,0.01422962173819542,0.006275523453950882,0.0012360939290374517,5.666337074217154e-06,True
r4_silu32,art,200,clipart,real_world,0.9999805092811584,0.028098663315176964,0.012208538129925728,0.0016481252387166023,2.1696652765967883e-05,True
r4_silu32,art,200,clipart,pooled,0.9999950528144836,0.01417146809399128,0.006191568449139595,0.0012360939290374517,5.5572368182765786e-06,True
r4_silu32,art,200,clipart,art,0.9999657273292542,0.03596697002649307,0.016183778643608093,0.0024721878580749035,3.8848495023557916e-05,True
r4_silu32,art,200,product,clipart,0.9999950528144836,0.01422962173819542,0.006275523453950882,0.0012360939290374517,5.666615379595896e-06,True
r4_silu32,art,200,product,real_world,0.9999950528144836,0.014074412174522877,0.006101810373365879,0.0004120313096791506,5.486994723469252e-06,True
r4_silu32,art,200,product,pooled,1.0,0.0011111204512417316,0.0006630682037211955,0.0,6.161987897712606e-08,True
r4_silu32,art,200,product,art,0.9999861717224121,0.022046178579330444,0.010217070579528809,0.0012360939290374517,1.5733772670500912e-05,True
r4_silu32,art,200,real_world,clipart,0.9999805092811584,0.028098663315176964,0.012208538129925728,0.0016481252387166023,2.1712468878831714e-05,True
r4_silu32,art,200,real_world,product,0.9999950528144836,0.014074412174522877,0.006101810373365879,0.0004120313096791506,5.489788236445747e-06,True
r4_silu32,art,200,real_world,pooled,0.9999951720237732,0.01395466085523367,0.006040137726813555,0.0004120313096791506,5.333475201041438e-06,True
r4_silu32,art,200,real_world,art,0.9999975562095642,0.008447612635791302,0.004426122177392244,0.0008240626193583012,3.0139599402900785e-06,True
r4_silu32,art,200,pooled,clipart,1.0,0.0,0.0,0.0,2.5926782942775617e-10,False
r4_silu32,art,200,pooled,product,1.0,0.0,0.0,0.0,2.5926782942775617e-10,False
r4_silu32,art,200,pooled,real_world,1.0,0.0,0.0,0.0,2.5926782942775617e-10,False
r4_silu32,art,200,pooled,art,1.0,0.0,0.0,0.0,2.5926782942775617e-10,False
r4_silu32,art,200,art,clipart,0.9999910593032837,0.014046365395188332,0.011153841391205788,0.0012360939290374517,1.9583620087360032e-05,True
r4_silu32,art,200,art,product,0.9999948143959045,0.010707818903028965,0.008602703921496868,0.0008240626193583012,1.1702522897394374e-05,True
r4_silu32,art,200,art,real_world,0.9999985694885254,0.005365523509681225,0.004307612776756287,0.0004120313096791506,2.957817514470662e-06,True
r4_silu32,art,200,art,pooled,0.9999954104423523,0.009975050576031208,0.007977670058608055,0.0004120313096791506,1.007352602755418e-05,True
r4_silu32,art,400,clipart,product,0.9999962449073792,0.009223289787769318,0.005902274511754513,0.0004120313096791506,4.562869435176253e-06,True
r4_silu32,art,400,clipart,real_world,0.9999880194664001,0.016069993376731873,0.010141672566533089,0.0008240626193583012,1.3573386240750551e-05,True
r4_silu32,art,400,clipart,pooled,0.9999967217445374,0.008485769852995872,0.005429142154753208,0.0004120313096791506,3.896918769896729e-06,True
r4_silu32,art,400,clipart,art,0.9999826550483704,0.020082099363207817,0.012176080606877804,0.0016481252387166023,1.9321001673233695e-05,True
r4_silu32,art,400,product,clipart,0.9999962449073792,0.009223289787769318,0.005902274511754513,0.0004120313096791506,4.56347834187909e-06,True
r4_silu32,art,400,product,real_world,0.9999975562095642,0.007161272224038839,0.004466582089662552,0.0004120313096791506,2.6510870156926103e-06,True
r4_silu32,art,400,product,pooled,1.0,0.0012073348043486476,0.0007749880314804614,0.0,7.695878423419344e-08,True
r4_silu32,art,400,product,art,0.9999944567680359,0.011435979045927525,0.006815516855567694,0.0012360939290374517,6.0111519815109205e-06,True
r4_silu32,art,400,real_world,clipart,0.9999880194664001,0.016069993376731873,0.010141672566533089,0.0008240626193583012,1.3584658518084325e-05,True
r4_silu32,art,400,real_world,product,0.9999975562095642,0.007161272224038839,0.004466582089662552,0.0004120313096791506,2.6521956897340715e-06,True
r4_silu32,art,400,real_world,pooled,0.9999974370002747,0.007631991989910603,0.0047479658387601376,0.0004120313096791506,2.973603159261984e-06,True
r4_silu32,art,400,real_world,art,0.9999990463256836,0.004839298315346241,0.0028260729741305113,0.0008240626193583012,1.0444646250107326e-06,True
r4_silu32,art,400,pooled,clipart,1.0,0.0,0.0,0.0,4.299609557278927e-10,False
r4_silu32,art,400,pooled,product,1.0,0.0,0.0,0.0,4.299609557278927e-10,False
r4_silu32,art,400,pooled,real_world,1.0,0.0,0.0,0.0,4.299609557278927e-10,False
r4_silu32,art,400,pooled,art,1.0,0.0,0.0,0.0,4.299609557278927e-10,False
r4_silu32,art,400,art,clipart,0.9999892115592957,0.01418354269117117,0.011321472004055977,0.0012360939290374517,1.9628638256108388e-05,True
r4_silu32,art,400,art,product,0.9999936819076538,0.010845053941011429,0.008734012022614479,0.0012360939290374517,1.1702491974574514e-05,True
r4_silu32,art,400,art,real_world,0.9999983310699463,0.0054536438547074795,0.0043809665367007256,0.0004120313096791506,2.9678842565772356e-06,True
r4_silu32,art,400,art,pooled,0.9999945759773254,0.010090654715895653,0.008107771165668964,0.0012360939290374517,1.0102311534865294e-05,True
r4_silu32,art,600,clipart,product,0.9999849796295166,0.015448939986526966,0.01225757785141468,0.0016481252387166023,2.322415639355313e-05,True
r4_silu32,art,600,clipart,real_world,0.9999664425849915,0.02313409000635147,0.017880059778690338,0.002884219167754054,4.9181689973920584e-05,True
r4_silu32,art,600,clipart,pooled,0.9999892115592957,0.013114195317029953,0.010253103449940681,0.0008240626193583012,1.624289870960638e-05,True
r4_silu32,art,600,clipart,art,0.9999637603759766,0.024241967126727104,0.018217286095023155,0.002884219167754054,5.0577968067955226e-05,True
r4_silu32,art,600,product,clipart,0.9999849796295166,0.015448939986526966,0.01225757785141468,0.0016481252387166023,2.324712841073051e-05,True
r4_silu32,art,600,product,real_world,0.9999958872795105,0.008115560747683048,0.005895158741623163,0.0012360939290374517,5.2329505706438795e-06,True
r4_silu32,art,600,product,pooled,0.9999995231628418,0.002610755618661642,0.0021483548916876316,0.0008240626193583012,7.013620688667288e-07,True
r4_silu32,art,600,product,art,0.999994158744812,0.010156855918467045,0.006991193164139986,0.0012360939290374517,7.114976597222267e-06,True
r4_silu32,art,600,real_world,clipart,0.9999664425849915,0.02313409000635147,0.017880059778690338,0.002884219167754054,4.925773828290403e-05,True
r4_silu32,art,600,real_world,product,0.9999958872795105,0.008115560747683048,0.005895158741623163,0.0012360939290374517,5.234035143075744e-06,True
r4_silu32,art,600,real_world,pooled,0.9999936819076538,0.01007163431495428,0.007660568691790104,0.002060156548395753,8.98077996680513e-06,True
r4_silu32,art,600,real_world,art,0.9999992847442627,0.0036636206787079573,0.0025346768088638783,0.0,9.212465670316305e-07,True
r4_silu32,art,600,pooled,clipart,1.0,0.0,0.0,0.0,-3.633864320562452e-10,False
r4_silu32,art,600,pooled,product,1.0,0.0,0.0,0.0,-3.633864320562452e-10,False
r4_silu32,art,600,pooled,real_world,1.0,0.0,0.0,0.0,-3.633864320562452e-10,False
r4_silu32,art,600,pooled,art,1.0,0.0,0.0,0.0,-3.633864320562452e-10,False
r4_silu32,art,600,art,clipart,0.9999939203262329,0.011383331380784512,0.008574252016842365,0.0024721878580749035,1.1124818229291122e-05,True
r4_silu32,art,600,art,product,0.9999962449073792,0.008948393166065216,0.006654215045273304,0.0024721878580749035,6.7310515987628605e-06,True
r4_silu32,art,600,art,real_world,0.999998927116394,0.0047395299188792706,0.0033917385153472424,0.0004120313096791506,1.7574018329469254e-06,True
r4_silu32,art,600,art,pooled,0.9999967217445374,0.008283820003271103,0.006168317515403032,0.0024721878580749035,5.7875508900906425e-06,True
r4_silu32,art,800,clipart,product,0.9999138712882996,0.04170062765479088,0.029374433681368828,0.004120313096791506,0.00012676081678364426,True
r4_silu32,art,800,clipart,real_world,0.9998471736907959,0.05507447198033333,0.03884270414710045,0.005356406792998314,0.00022061911295168102,True
r4_silu32,art,800,clipart,pooled,0.999945878982544,0.03296846151351929,0.0231939684599638,0.0037082817871123552,7.912388537079096e-05,True
r4_silu32,art,800,clipart,art,0.9998800158500671,0.049447961151599884,0.03463050723075867,0.0045323446393013,0.00017331444541923702,True
r4_silu32,art,800,product,clipart,0.9999138712882996,0.04170062765479088,0.029374433681368828,0.004120313096791506,0.00012728272122330964,True
r4_silu32,art,800,product,real_world,0.9999901652336121,0.013664845377206802,0.009643862955272198,0.0012360939290374517,1.335225078946678e-05,True
r4_silu32,art,800,product,pooled,0.9999962449073792,0.008814601227641106,0.006232712883502245,0.0004120313096791506,5.683827566826949e-06,True
r4_silu32,art,800,product,art,0.9999955296516418,0.009555178694427013,0.006579801440238953,0.0004120313096791506,5.37391542820842e-06,True
r4_silu32,art,800,real_world,clipart,0.9998471736907959,0.05507447198033333,0.03884270414710045,0.005356406792998314,0.0002218878798885271,True
r4_silu32,art,800,real_world,product,0.9999901652336121,0.013664845377206802,0.009643862955272198,0.0012360939290374517,1.3376358765526675e-05,True
r4_silu32,art,800,real_world,pooled,0.9999749064445496,0.02213956229388714,0.01566850207746029,0.0016481252387166023,3.5771579860011116e-05,True
r4_silu32,art,800,real_world,art,0.9999971985816956,0.006880205124616623,0.005096394568681717,0.0008240626193583012,3.7915765460638795e-06,True
r4_silu32,art,800,pooled,clipart,1.0,0.0,0.0,0.0,2.1430553512336026e-11,False
r4_silu32,art,800,pooled,product,1.0,0.0,0.0,0.0,2.1430553512336026e-11,False
r4_silu32,art,800,pooled,real_world,1.0,0.0,0.0,0.0,2.1430553512336026e-11,False
r4_silu32,art,800,pooled,art,1.0,0.0,0.0,0.0,2.1430553512336026e-11,False
r4_silu32,art,800,art,clipart,0.9999908208847046,0.012490799650549889,0.010027292184531689,0.0012360939290374517,1.4446834939008113e-05,True
r4_silu32,art,800,art,product,0.9999948143959045,0.009511103853583336,0.007736760191619396,0.0012360939290374517,8.610079021309502e-06,True
r4_silu32,art,800,art,real_world,0.9999985694885254,0.004955045413225889,0.00391016760841012,0.0004120313096791506,2.201549023084226e-06,True
r4_silu32,art,800,art,pooled,0.9999954104423523,0.00890227872878313,0.0071843573823571205,0.0012360939290374517,7.430818186549004e-06,True
r4_silu32,art,1000,clipart,product,0.9996340274810791,0.09651114791631699,0.06339037418365479,0.012772970832884312,0.0006416819524019957,True
r4_silu32,art,1000,clipart,real_world,0.9993894100189209,0.1231146827340126,0.08170212060213089,0.019365470856428146,0.0010621686233207583,True
r4_silu32,art,1000,clipart,pooled,0.9997897744178772,0.07317740470170975,0.04808992147445679,0.011536876671016216,0.00037097418680787086,True
r4_silu32,art,1000,clipart,art,0.9995571374893188,0.10527905076742172,0.06986560672521591,0.014421096071600914,0.0007794791599735618,True
r4_silu32,art,1000,product,clipart,0.9996340274810791,0.09651114791631699,0.06339037418365479,0.012772970832884312,0.0006470137159340084,True
r4_silu32,art,1000,product,real_world,0.9999682903289795,0.026825277134776115,0.01842309907078743,0.006592500954866409,5.3648269386030734e-05,True
r4_silu32,art,1000,product,pooled,0.9999784231185913,0.023384951055049896,0.015338188968598843,0.0012360939290374517,3.732496406883001e-05,True
r4_silu32,art,1000,product,art,0.9999943375587463,0.010592298582196236,0.007534480653703213,0.0016481252387166023,8.692487426742446e-06,True
r4_silu32,art,1000,real_world,clipart,0.9993894100189209,0.1231146827340126,0.08170212060213089,0.019365470856428146,0.0010737074771896005,True
r4_silu32,art,1000,real_world,product,0.9999682903289795,0.026825277134776115,0.01842309907078743,0.006592500954866409,5.378589776228182e-05,True
r4_silu32,art,1000,real_world,pooled,0.9998955130577087,0.049995578825473785,0.03365495428442955,0.007828595116734505,0.0001799537130864337,True
r4_silu32,art,1000,real_world,art,0.9999855756759644,0.018284130841493607,0.012193270027637482,0.004944375716149807,2.3196242182166316e-05,True
r4_silu32,art,1000,pooled,clipart,1.0,0.0,0.0,0.0,5.956887205726957e-10,False
r4_silu32,art,1000,pooled,product,1.0,0.0,0.0,0.0,5.956887205726957e-10,False
r4_silu32,art,1000,pooled,real_world,1.0,0.0,0.0,0.0,5.956887205726957e-10,False
r4_silu32,art,1000,pooled,art,1.0,0.0,0.0,0.0,5.956887205726957e-10,False
r4_silu32,art,1000,art,clipart,0.9999890923500061,0.013427500613033772,0.011552204377949238,0.0012360939290374517,1.8960030502057634e-05,True
r4_silu32,art,1000,art,product,0.9999935626983643,0.010427397675812244,0.008984214626252651,0.0012360939290374517,1.1388563507352956e-05,True
r4_silu32,art,1000,art,real_world,0.9999983310699463,0.005208632443100214,0.004452879074960947,0.0008240626193583012,2.8436734282877296e-06,True
r4_silu32,art,1000,art,pooled,0.9999944567680359,0.009628976695239544,0.008292527869343758,0.0012360939290374517,9.769325515662786e-06,True
r4_silu32,clipart,0,art,product,0.99692702293396,0.23178941011428833,0.18613389134407043,0.1282932460308075,0.012661384418606758,True
r4_silu32,clipart,0,art,real_world,0.9992061853408813,0.11896471679210663,0.09855609387159348,0.07445590198040009,0.003362374845892191,True
r4_silu32,clipart,0,art,pooled,0.9991061687469482,0.11023204773664474,0.08817300200462341,0.0746849924325943,0.003760287771001458,True
r4_silu32,clipart,0,art,clipart,0.9945959448814392,0.3642424941062927,0.2560502886772156,0.18900343775749207,0.028657350689172745,True
r4_silu32,clipart,0,product,art,0.99692702293396,0.23178941011428833,0.18613389134407043,0.1282932460308075,0.012644587084650993,True
r4_silu32,clipart,0,product,real_world,0.9980584979057312,0.2355959713459015,0.19604751467704773,0.10882016271352768,0.009097044356167316,True
r4_silu32,clipart,0,product,pooled,0.9991498589515686,0.14272747933864594,0.11664846539497375,0.06849943101406097,0.003671692917123437,True
r4_silu32,clipart,0,product,clipart,0.996429443359375,0.32836973667144775,0.24515588581562042,0.1436426192522049,0.018737804144620895,True
r4_silu32,clipart,0,real_world,art,0.9992061853408813,0.11896471679210663,0.09855609387159348,0.07445590198040009,0.003322713542729616,True
r4_silu32,clipart,0,real_world,product,0.9980584979057312,0.2355959713459015,0.19604751467704773,0.10882016271352768,0.008884243667125702,True
r4_silu32,clipart,0,real_world,pooled,0.9996938705444336,0.1006520539522171,0.08563084155321121,0.04536082595586777,0.0015011210925877094,True
r4_silu32,clipart,0,real_world,clipart,0.9950648546218872,0.3890756070613861,0.2595381736755371,0.18694157898426056,0.028178226202726364,True
r4_silu32,clipart,0,pooled,art,1.0,0.0,0.0,0.0,2.4824513555898875e-09,False
r4_silu32,clipart,0,pooled,product,1.0,0.0,0.0,0.0,2.4824513555898875e-09,False
r4_silu32,clipart,0,pooled,real_world,1.0,0.0,0.0,0.0,2.4824513555898875e-09,False
r4_silu32,clipart,0,pooled,clipart,1.0,0.0,0.0,0.0,2.4824513555898875e-09,False
r4_silu32,clipart,0,clipart,art,0.9945959448814392,0.3642424941062927,0.2560502886772156,0.18900343775749207,0.02871979959309101,True
r4_silu32,clipart,0,clipart,product,0.996429443359375,0.32836973667144775,0.24515588581562042,0.1436426192522049,0.01908828131854534,True
r4_silu32,clipart,0,clipart,real_world,0.9950648546218872,0.3890756070613861,0.2595381736755371,0.18694157898426056,0.028613781556487083,True
r4_silu32,clipart,0,clipart,pooled,0.9961463212966919,0.339680939912796,0.23118643462657928,0.16357389092445374,0.02210085093975067,True
r4_silu32,clipart,200,art,product,0.9999939203262329,0.011008194647729397,0.007371006533503532,0.0025200459640473127,1.3000096259929705e-05,True
r4_silu32,clipart,200,art,real_world,0.9999976754188538,0.007003505248576403,0.004541886039078236,0.001603665528818965,4.572760190058034e-06,True
r4_silu32,clipart,200,art,pooled,0.9999971985816956,0.007341084070503712,0.004991720896214247,0.001832760637626052,5.629421593766892e-06,True
r4_silu32,clipart,200,art,clipart,0.9999889731407166,0.015255484730005264,0.01020629983395338,0.003436426166445017,2.366390617680736e-05,True
r4_silu32,clipart,200,product,art,0.9999939203262329,0.011008194647729397,0.007371006533503532,0.0025200459640473127,1.3007438610657118e-05,True
r4_silu32,clipart,200,product,real_world,0.9999988079071045,0.0045242649503052235,0.0032191125210374594,0.000916380318813026,2.661258349689888e-06,True
r4_silu32,clipart,200,product,pooled,0.9999991655349731,0.00408695824444294,0.002633475000038743,0.000687285210005939,1.7994292420553393e-06,True
r4_silu32,clipart,200,product,clipart,0.9999985694885254,0.005289317108690739,0.0036478163674473763,0.000916380318813026,2.4877936084521934e-06,True
r4_silu32,clipart,200,real_world,art,0.9999976754188538,0.007003505248576403,0.004541886039078236,0.001603665528818965,4.573534170049243e-06,True
r4_silu32,clipart,200,real_world,product,0.9999988079071045,0.0045242649503052235,0.0032191125210374594,0.000916380318813026,2.660812697286019e-06,True
r4_silu32,clipart,200,real_world,pooled,1.0,0.0009325759019702673,0.0006507840589620173,0.0002290950797032565,1.0010646889213604e-07,True
r4_silu32,clipart,200,real_world,clipart,0.9999960064888,0.00889090821146965,0.006058244965970516,0.001832760637626052,8.317711944982875e-06,True
r4_silu32,clipart,200,pooled,art,1.0,0.0,0.0,0.0,1.1228221685755102e-09,False
r4_silu32,clipart,200,pooled,product,1.0,0.0,0.0,0.0,1.1228221685755102e-09,False
r4_silu32,clipart,200,pooled,real_world,1.0,0.0,0.0,0.0,1.1228221685755102e-09,False
r4_silu32,clipart,200,pooled,clipart,1.0,0.0,0.0,0.0,1.1228221685755102e-09,False
r4_silu32,clipart,200,clipart,art,0.9999915361404419,0.012916979379951954,0.009325711987912655,0.004123711492866278,1.9994495232822374e-05,True
r4_silu32,clipart,200,clipart,product,0.9999990463256836,0.004800295922905207,0.0028324073646217585,0.001374570420011878,1.8201405964646256e-06,True
r4_silu32,clipart,200,clipart,real_world,0.9999967217445374,0.008646836504340172,0.0054113916121423244,0.002978235948830843,6.791885425627697e-06,True
r4_silu32,clipart,200,clipart,pooled,0.9999971985816956,0.008016550913453102,0.0052244276739656925,0.002978235948830843,6.265535375860054e-06,True
r4_silu32,clipart,400,art,product,0.9999860525131226,0.013907822780311108,0.010251118801534176,0.0038946163840591908,1.962326859938912e-05,True
r4_silu32,clipart,400,art,real_world,0.9999962449073792,0.007382771000266075,0.005253443960100412,0.002978235948830843,5.151933237357298e-06,True
r4_silu32,clipart,400,art,pooled,0.999994695186615,0.008562292903661728,0.006230626255273819,0.00320733105763793,7.229901711980347e-06,True
r4_silu32,clipart,400,art,clipart,0.9999805092811584,0.018775679171085358,0.012501695193350315,0.004123711492866278,2.934105577878654e-05,True
r4_silu32,clipart,400,product,art,0.9999860525131226,0.013907822780311108,0.010251118801534176,0.0038946163840591908,1.9636645447462797e-05,True
r4_silu32,clipart,400,product,real_world,0.9999966025352478,0.006842736154794693,0.005107904318720102,0.000916380318813026,4.8850247367226984e-06,True
r4_silu32,clipart,400,product,pooled,0.9999979138374329,0.005413709208369255,0.00406663678586483,0.000687285210005939,3.1118045171751874e-06,True
r4_silu32,clipart,400,product,clipart,0.999997079372406,0.010474185459315777,0.004959652666002512,0.0002290950797032565,4.2234860302414745e-06,True
r4_silu32,clipart,400,real_world,art,0.9999962449073792,0.007382771000266075,0.005253443960100412,0.002978235948830843,5.153743586561177e-06,True
r4_silu32,clipart,400,real_world,product,0.9999966025352478,0.006842736154794693,0.005107904318720102,0.000916380318813026,4.883470865024719e-06,True
r4_silu32,clipart,400,real_world,pooled,0.9999997615814209,0.0017810966819524765,0.0010828577214851975,0.0002290950797032565,2.177999505192929e-07,True
r4_silu32,clipart,400,real_world,clipart,0.9999922513961792,0.01285272091627121,0.008038208819925785,0.001145475427620113,1.2078064173692837e-05,True
r4_silu32,clipart,400,pooled,art,1.0,0.0,0.0,0.0,5.525932489369723e-10,False
r4_silu32,clipart,400,pooled,product,1.0,0.0,0.0,0.0,5.525932489369723e-10,False
r4_silu32,clipart,400,pooled,real_world,1.0,0.0,0.0,0.0,5.525932489369723e-10,False
r4_silu32,clipart,400,pooled,clipart,1.0,0.0,0.0,0.0,5.525932489369723e-10,False
r4_silu32,clipart,400,clipart,art,0.9999929666519165,0.012260730378329754,0.008292659185826778,0.004123711492866278,1.4481143807643093e-05,True
r4_silu32,clipart,400,clipart,product,0.9999991655349731,0.003914776723831892,0.002677149372175336,0.001374570420011878,1.4618284467360354e-06,True
r4_silu32,clipart,400,clipart,real_world,0.9999974370002747,0.007362326607108116,0.004876389633864164,0.00320733105763793,4.9075661081587896e-06,True
r4_silu32,clipart,400,clipart,pooled,0.9999976754188538,0.007055692840367556,0.0047299121506512165,0.002749140840023756,4.621280368155567e-06,True
r4_silu32,clipart,600,art,product,0.9999759197235107,0.019904546439647675,0.010691212490200996,0.001832760637626052,2.0218538338667713e-05,True
r4_silu32,clipart,600,art,real_world,0.9999944567680359,0.008904595859348774,0.005251284223049879,0.001145475427620113,5.00570649819565e-06,True
r4_silu32,clipart,600,art,pooled,0.9999922513961792,0.010930548422038555,0.006087989080697298,0.001374570420011878,6.6331458583590575e-06,True
r4_silu32,clipart,600,art,clipart,0.9999870657920837,0.012657294049859047,0.008783855475485325,0.001832760637626052,1.3952174413134344e-05,True
r4_silu32,clipart,600,product,art,0.9999759197235107,0.019904546439647675,0.010691212490200996,0.001832760637626052,2.0211238734191284e-05,True
r4_silu32,clipart,600,product,real_world,0.9999933242797852,0.011310216039419174,0.005533211398869753,0.000687285210005939,5.2575392146536615e-06,True
r4_silu32,clipart,600,product,pooled,0.9999954104423523,0.009029878303408623,0.0046221488155424595,0.000458190159406513,3.7127715586393606e-06,True
r4_silu32,clipart,600,product,clipart,0.9999949336051941,0.01163850910961628,0.004952993243932724,0.000916380318813026,4.232728315400891e-06,True
r4_silu32,clipart,600,real_world,art,0.9999944567680359,0.008904595859348774,0.005251284223049879,0.001145475427620113,5.007707841286901e-06,True
r4_silu32,clipart,600,real_world,product,0.9999933242797852,0.011310216039419174,0.005533211398869753,0.000687285210005939,5.263065304461634e-06,True
r4_silu32,clipart,600,real_world,pooled,0.9999997615814209,0.002404965925961733,0.0009695329354144633,0.0002290950797032565,1.5289394639239617e-07,True
r4_silu32,clipart,600,real_world,clipart,0.9999969601631165,0.006356897298246622,0.00469751562923193,0.000687285210005939,4.0018117033469025e-06,True
r4_silu32,clipart,600,pooled,art,1.0,0.0,0.0,0.0,1.006885130827584e-09,False
r4_silu32,clipart,600,pooled,product,1.0,0.0,0.0,0.0,1.006885130827584e-09,False
r4_silu32,clipart,600,pooled,real_world,1.0,0.0,0.0,0.0,1.006885130827584e-09,False
r4_silu32,clipart,600,pooled,clipart,1.0,0.0,0.0,0.0,1.006885130827584e-09,False
r4_silu32,clipart,600,clipart,art,0.9999922513961792,0.011357267387211323,0.008332745172083378,0.002290950855240226,1.3506570212484803e-05,True
r4_silu32,clipart,600,clipart,product,0.9999992847442627,0.003549129469320178,0.0024692448787391186,0.001374570420011878,1.1957765764236683e-06,True
r4_silu32,clipart,600,clipart,real_world,0.9999971985816956,0.006909231189638376,0.004917607177048922,0.001603665528818965,4.7520557018287946e-06,True
r4_silu32,clipart,600,clipart,pooled,0.9999974370002747,0.006555501371622086,0.004695313051342964,0.001603665528818965,4.3060999814770184e-06,True
r4_silu32,clipart,800,art,product,0.9998853206634521,0.04344327747821808,0.021685035899281502,0.005269187036901712,9.56253643380478e-05,True
r4_silu32,clipart,800,art,real_world,0.9999728798866272,0.020969323813915253,0.010595381259918213,0.002061855746433139,2.307965769432485e-05,True
r4_silu32,clipart,800,art,pooled,0.9999624490737915,0.024833615869283676,0.012441894970834255,0.002749140840023756,3.1630799639970064e-05,True
r4_silu32,clipart,800,art,clipart,0.999949038028717,0.027062172070145607,0.016561690717935562,0.003436426166445017,5.288792453939095e-05,True
r4_silu32,clipart,800,product,art,0.9998853206634521,0.04344327747821808,0.021685035899281502,0.005269187036901712,9.579660400049761e-05,True
r4_silu32,clipart,800,product,real_world,0.999969482421875,0.022545598447322845,0.01115123089402914,0.00320733105763793,2.5038158128154464e-05,True
r4_silu32,clipart,800,product,pooled,0.9999790191650391,0.018622608855366707,0.009256048128008842,0.0025200459640473127,1.732878081384115e-05,True
r4_silu32,clipart,800,product,clipart,0.9999781847000122,0.02046443708240986,0.00940851029008627,0.002749140840023756,1.8925436961581e-05,True
r4_silu32,clipart,800,real_world,art,0.9999728798866272,0.020969323813915253,0.010595381259918213,0.002061855746433139,2.310300260432996e-05,True
r4_silu32,clipart,800,real_world,product,0.999969482421875,0.022545598447322845,0.01115123089402914,0.00320733105763793,2.501695416867733e-05,True
r4_silu32,clipart,800,real_world,pooled,0.9999990463256836,0.003974964376538992,0.0019358702702447772,0.000687285210005939,7.375825248345791e-07,True
r4_silu32,clipart,800,real_world,clipart,0.9999914169311523,0.01065077818930149,0.008418276906013489,0.002290950855240226,1.3329557987162843e-05,True
r4_silu32,clipart,800,pooled,art,1.0,0.0,0.0,0.0,1.333235966072266e-09,False
r4_silu32,clipart,800,pooled,product,1.0,0.0,0.0,0.0,1.333235966072266e-09,False
r4_silu32,clipart,800,pooled,real_world,1.0,0.0,0.0,0.0,1.333235966072266e-09,False
r4_silu32,clipart,800,pooled,clipart,1.0,0.0,0.0,0.0,1.333235966072266e-09,False
r4_silu32,clipart,800,clipart,art,0.9999932050704956,0.009600792080163956,0.007834387011826038,0.0025200459640473127,1.2666430848184973e-05,True
r4_silu32,clipart,800,clipart,product,0.9999992847442627,0.002965482184663415,0.002269409131258726,0.001603665528818965,1.1223536375837284e-06,True
r4_silu32,clipart,800,clipart,real_world,0.9999976754188538,0.0055764904245734215,0.004420756362378597,0.002290950855240226,4.120502126170322e-06,True
r4_silu32,clipart,800,clipart,pooled,0.9999977946281433,0.005388399586081505,0.00429113395512104,0.002290950855240226,3.875475158565678e-06,True
r4_silu32,clipart,1000,art,product,0.999809741973877,0.04630532115697861,0.025978755205869675,0.007101947441697121,0.00012750945461448282,True
r4_silu32,clipart,1000,art,real_world,0.9999514222145081,0.023214727640151978,0.013167551718652248,0.003436426166445017,3.3116681152023375e-05,True
r4_silu32,clipart,1000,art,pooled,0.9999366402626038,0.026726601645350456,0.015004054643213749,0.004581901710480452,4.291919321985915e-05,True
r4_silu32,clipart,1000,art,clipart,0.9999310970306396,0.027907727286219597,0.016720067709684372,0.0048109968192875385,5.5024283938109875e-05,True
r4_silu32,clipart,1000,product,art,0.999809741973877,0.04630532115697861,0.025978755205869675,0.007101947441697121,0.0001277387491427362,True
r4_silu32,clipart,1000,product,real_world,0.9999532699584961,0.02316279709339142,0.012863699346780777,0.003665521275252104,3.0948507628636435e-05,True
r4_silu32,clipart,1000,product,pooled,0.9999659657478333,0.01959356851875782,0.010987409390509129,0.0025200459640473127,2.256176230730489e-05,True
r4_silu32,clipart,1000,product,clipart,0.9999638199806213,0.020657869055867195,0.011528712697327137,0.002749140840023756,2.484660581103526e-05,True
r4_silu32,clipart,1000,real_world,art,0.9999514222145081,0.023214727640151978,0.013167551718652248,0.003436426166445017,3.315284266136587e-05,True
r4_silu32,clipart,1000,real_world,product,0.9999532699584961,0.02316279709339142,0.012863699346780777,0.003665521275252104,3.0927592888474464e-05,True
r4_silu32,clipart,1000,real_world,pooled,0.999998927116394,0.003647688077762723,0.0019203558331355453,0.001145475427620113,6.968854222577647e-07,True
r4_silu32,clipart,1000,real_world,clipart,0.9999944567680359,0.008729317225515842,0.006419378332793713,0.001832760637626052,8.700691068952437e-06,True
r4_silu32,clipart,1000,pooled,art,1.0,0.0,0.0,0.0,1.2314802511070866e-09,False
r4_silu32,clipart,1000,pooled,product,1.0,0.0,0.0,0.0,1.2314802511070866e-09,False
r4_silu32,clipart,1000,pooled,real_world,1.0,0.0,0.0,0.0,1.2314802511070866e-09,False
r4_silu32,clipart,1000,pooled,clipart,1.0,0.0,0.0,0.0,1.2314802511070866e-09,False
r4_silu32,clipart,1000,clipart,art,0.9999934434890747,0.008680842816829681,0.007142277434468269,0.001603665528818965,1.1073773748648819e-05,True
r4_silu32,clipart,1000,clipart,product,0.9999992847442627,0.0027317458298057318,0.0021826408337801695,0.0002290950797032565,1.0618948635965353e-06,True
r4_silu32,clipart,1000,clipart,real_world,0.9999975562095642,0.005261753685772419,0.004312829580157995,0.000687285210005939,4.09914537158329e-06,True
r4_silu32,clipart,1000,clipart,pooled,0.9999979138374329,0.004944731015712023,0.004071169998496771,0.0002290950797032565,3.652150098787388e-06,True
r4_silu32,product,0,art,clipart,0.9936396479606628,0.50865238904953,0.39097291231155396,0.21243523061275482,0.05816527083516121,True
r4_silu32,product,0,art,real_world,0.9992077350616455,0.16343499720096588,0.12098121643066406,0.09056093543767929,0.005976221989840269,True
r4_silu32,product,0,art,pooled,0.9985786080360413,0.2263122797012329,0.20087020099163055,0.09574228525161743,0.012058427557349205,True
r4_silu32,product,0,art,product,0.9969191551208496,0.280261754989624,0.2224450558423996,0.20635278522968292,0.030150387436151505,True
r4_silu32,product,0,clipart,art,0.9936396479606628,0.50865238904953,0.39097291231155396,0.21243523061275482,0.048712629824876785,True
r4_silu32,product,0,clipart,real_world,0.9944765567779541,0.5384728908538818,0.35956209897994995,0.20792971551418304,0.04430488124489784,True
r4_silu32,product,0,clipart,pooled,0.9978236556053162,0.3178023099899292,0.214298814535141,0.13516557216644287,0.017961302772164345,True
r4_silu32,product,0,clipart,product,0.9958949089050293,0.4526383578777313,0.2973325848579407,0.19599008560180664,0.033960163593292236,True
r4_silu32,product,0,real_world,art,0.9992077350616455,0.16343499720096588,0.12098121643066406,0.09056093543767929,0.005829263012856245,True
r4_silu32,product,0,real_world,clipart,0.9944765567779541,0.5384728908538818,0.35956209897994995,0.20792971551418304,0.04918774217367172,True
r4_silu32,product,0,real_world,pooled,0.9990434050559998,0.22919848561286926,0.1556684970855713,0.09709393978118896,0.008802566677331924,True
r4_silu32,product,0,real_world,product,0.9983416199684143,0.22751352190971375,0.1730177253484726,0.14552827179431915,0.016138624399900436,True
r4_silu32,product,0,pooled,art,1.0,0.0,0.0,0.0,1.5551545606840023e-09,False
r4_silu32,product,0,pooled,clipart,1.0,0.0,0.0,0.0,1.5551545606840023e-09,False
r4_silu32,product,0,pooled,real_world,1.0,0.0,0.0,0.0,1.5551545606840023e-09,False
r4_silu32,product,0,pooled,product,1.0,0.0,0.0,0.0,1.5551545606840023e-09,False
r4_silu32,product,0,product,art,0.9969191551208496,0.280261754989624,0.2224450558423996,0.20635278522968292,0.029237503185868263,True
r4_silu32,product,0,product,clipart,0.9958949089050293,0.4526383578777313,0.2973325848579407,0.19599008560180664,0.0370519757270813,True
r4_silu32,product,0,product,real_world,0.9983416199684143,0.22751352190971375,0.1730177253484726,0.14552827179431915,0.015854964032769203,True
r4_silu32,product,0,product,pooled,0.9984787106513977,0.22014403343200684,0.15883417427539825,0.1567920744419098,0.01560397632420063,True
r4_silu32,product,200,art,clipart,0.9999099969863892,0.07346071302890778,0.03627222031354904,0.003604415338486433,0.00012638416956178844,True
r4_silu32,product,200,art,real_world,0.999994158744812,0.013204095885157585,0.00823457445949316,0.0009011038346216083,6.439627668441972e-06,True
r4_silu32,product,200,art,pooled,0.9999812245368958,0.031744033098220825,0.015542685985565186,0.0013516556937247515,2.3432708985637873e-05,True
r4_silu32,product,200,art,product,0.999976396560669,0.03390193358063698,0.016969405114650726,0.0013516556937247515,2.8501661290647462e-05,True
r4_silu32,product,200,clipart,art,0.9999099969863892,0.07346071302890778,0.03627222031354904,0.003604415338486433,0.00012491788947954774,True
r4_silu32,product,200,clipart,real_world,0.9999406337738037,0.06291239708662033,0.030777672305703163,0.002703311387449503,8.86533161974512e-05,True
r4_silu32,product,200,clipart,pooled,0.9999713897705078,0.04231969639658928,0.02130725234746933,0.0022527596447616816,4.294716927688569e-05,True
r4_silu32,product,200,clipart,product,0.9999746680259705,0.04078224301338196,0.020542379468679428,0.0022527596447616816,3.909161750925705e-05,True
r4_silu32,product,200,real_world,art,0.999994158744812,0.013204095885157585,0.00823457445949316,0.0009011038346216083,6.432934242184274e-06,True
r4_silu32,product,200,real_world,clipart,0.9999406337738037,0.06291239708662033,0.030777672305703163,0.002703311387449503,8.955644443631172e-05,True
r4_silu32,product,200,real_world,pooled,0.9999936819076538,0.0210909191519022,0.01005187164992094,0.00045055191731080413,9.283995495934505e-06,True
r4_silu32,product,200,real_world,product,0.9999921321868896,0.022490423172712326,0.010528086684644222,0.00045055191731080413,1.0782687240862288e-05,True
r4_silu32,product,200,pooled,art,1.0,0.0,0.0,0.0,-7.056825124251986e-10,False
r4_silu32,product,200,pooled,clipart,1.0,0.0,0.0,0.0,-7.056825124251986e-10,False
r4_silu32,product,200,pooled,real_world,1.0,0.0,0.0,0.0,-7.056825124251986e-10,False
r4_silu32,product,200,pooled,product,1.0,0.0,0.0,0.0,-7.056825124251986e-10,False
r4_silu32,product,200,product,art,0.999992847442627,0.01126771979033947,0.008688447065651417,0.00045055191731080413,6.170040705910651e-06,True
r4_silu32,product,200,product,clipart,0.999998152256012,0.005587172228842974,0.004351531155407429,0.00045055191731080413,1.5588217365802848e-06,True
r4_silu32,product,200,product,real_world,0.9999982118606567,0.005343081429600716,0.004215240012854338,0.00022527595865540206,1.4036337461220683e-06,True
r4_silu32,product,200,product,pooled,0.9999995231628418,0.0027543930336833,0.0021512163802981377,0.00022527595865540206,3.683748559524247e-07,True
r4_silu32,product,400,art,clipart,0.9999272227287292,0.0638420432806015,0.032361142337322235,0.0033791393507272005,6.834442319814116e-05,True
r4_silu32,product,400,art,real_world,0.9999933242797852,0.02039252780377865,0.010042806155979633,0.00045055191731080413,7.3366236392757855e-06,True
r4_silu32,product,400,art,pooled,0.9999842643737793,0.03220401331782341,0.01577487587928772,0.001576931681483984,1.6373676771763712e-05,True
r4_silu32,product,400,art,product,0.9999799132347107,0.03721645101904869,0.01763143017888069,0.0022527596447616816,2.076967757602688e-05,True
r4_silu32,product,400,clipart,art,0.9999272227287292,0.0638420432806015,0.032361142337322235,0.0033791393507272005,6.791308987885714e-05,True
r4_silu32,product,400,clipart,real_world,0.9999485611915588,0.04618864879012108,0.024609722197055817,0.0029285873752087355,3.966715667047538e-05,True
r4_silu32,product,400,clipart,pooled,0.9999773502349854,0.03213105350732803,0.016956111416220665,0.0018022076692432165,1.875590896815993e-05,True
r4_silu32,product,400,clipart,product,0.9999749064445496,0.02913154661655426,0.016460027545690536,0.0011263798223808408,1.8107170035364106e-05,True
r4_silu32,product,400,real_world,art,0.9999933242797852,0.02039252780377865,0.010042806155979633,0.00045055191731080413,7.315761649806518e-06,True
r4_silu32,product,400,real_world,clipart,0.9999485611915588,0.04618864879012108,0.024609722197055817,0.0029285873752087355,3.9833743358030915e-05,True
r4_silu32,product,400,real_world,pooled,0.9999939203262329,0.014286629855632782,0.007840791717171669,0.0011263798223808408,4.145152161072474e-06,True
r4_silu32,product,400,real_world,product,0.9999943375587463,0.017770620062947273,0.008534960448741913,0.0018022076692432165,4.698395059676841e-06,True
r4_silu32,product,400,pooled,art,1.0,0.0,0.0,0.0,3.921021840547212e-10,False
r4_silu32,product,400,pooled,clipart,1.0,0.0,0.0,0.0,3.921021840547212e-10,False
r4_silu32,product,400,pooled,real_world,1.0,0.0,0.0,0.0,3.921021840547212e-10,False
r4_silu32,product,400,pooled,product,1.0,0.0,0.0,0.0,3.921021840547212e-10,False
r4_silu32,product,400,product,art,0.9999932050704956,0.010631089098751545,0.00806357804685831,0.00045055191731080413,5.4489009926328436e-06,True
r4_silu32,product,400,product,clipart,0.9999983310699463,0.0052971369586884975,0.003992370795458555,0.00022527595865540206,1.3384636758928536e-06,True
r4_silu32,product,400,product,real_world,0.9999984502792358,0.005106671247631311,0.003911715466529131,0.00022527595865540206,1.2818472896469757e-06,True
r4_silu32,product,400,product,pooled,0.9999995231628418,0.002617120975628495,0.002004879992455244,0.00022527595865540206,3.4033729434668203e-07,True
r4_silu32,product,600,art,clipart,0.9999246597290039,0.047292694449424744,0.02780698798596859,0.0013516556937247515,5.047515514888801e-05,True
r4_silu32,product,600,art,real_world,0.9999979138374329,0.009549319744110107,0.0038059211801737547,0.00022527595865540206,1.1853929891003645e-06,True
r4_silu32,product,600,art,pooled,0.9999905228614807,0.01965595781803131,0.010149341076612473,0.00045055191731080413,6.349133855110267e-06,True
r4_silu32,product,600,art,product,0.9999924898147583,0.02140175923705101,0.008777916431427002,0.00045055191731080413,4.5210053940536454e-06,True
r4_silu32,product,600,clipart,art,0.9999246597290039,0.047292694449424744,0.02780698798596859,0.0013516556937247515,5.0279515562579036e-05,True
r4_silu32,product,600,clipart,real_world,0.9999169111251831,0.04429741948843002,0.02836153842508793,0.0011263798223808408,5.50291697436478e-05,True
r4_silu32,product,600,clipart,pooled,0.9999672770500183,0.028443338349461555,0.01791505515575409,0.0009011038346216083,2.1703815946239047e-05,True
r4_silu32,product,600,clipart,product,0.9999515414237976,0.03131387010216713,0.021002642810344696,0.0009011038346216083,3.112365084234625e-05,True
r4_silu32,product,600,real_world,art,0.9999979138374329,0.009549319744110107,0.0038059211801737547,0.00022527595865540206,1.1839534863611334e-06,True
r4_silu32,product,600,real_world,clipart,0.9999169111251831,0.04429741948843002,0.02836153842508793,0.0011263798223808408,5.525235610548407e-05,True
r4_silu32,product,600,real_world,pooled,0.9999883770942688,0.015946049243211746,0.010477225296199322,0.00022527595865540206,7.694708983763121e-06,True
r4_silu32,product,600,real_world,product,0.9999943375587463,0.014549766667187214,0.007769464980810881,0.00022527595865540206,3.830170498986263e-06,True
r4_silu32,product,600,pooled,art,1.0,0.0,0.0,0.0,6.567077992514214e-10,False
r4_silu32,product,600,pooled,clipart,1.0,0.0,0.0,0.0,6.567077992514214e-10,False
r4_silu32,product,600,pooled,real_world,1.0,0.0,0.0,0.0,6.567077992514214e-10,False
r4_silu32,product,600,pooled,product,1.0,0.0,0.0,0.0,6.567077992514214e-10,False
r4_silu32,product,600,product,art,0.9999948143959045,0.010166139341890812,0.007006710395216942,0.0009011038346216083,4.069896021974273e-06,True
r4_silu32,product,600,product,clipart,0.9999985694885254,0.004858753178268671,0.003403241978958249,0.00045055191731080413,9.911017286867718e-07,True
r4_silu32,product,600,product,real_world,0.9999988079071045,0.004897137638181448,0.0034242465626448393,0.00022527595865540206,9.413444104211521e-07,True
r4_silu32,product,600,product,pooled,0.9999996423721313,0.0025942723732441664,0.0017937467200681567,0.00022527595865540206,2.5848433438113716e-07,True
r4_silu32,product,800,art,clipart,0.9997860193252563,0.06627793610095978,0.04350993409752846,0.0038296913262456656,0.00014870602171868086,True
r4_silu32,product,800,art,real_world,0.9999944567680359,0.010416080243885517,0.007070189341902733,0.00045055191731080413,3.6108510812482564e-06,True
r4_silu32,product,800,art,pooled,0.9999733567237854,0.02536124177277088,0.016223503276705742,0.0018022076692432165,1.997625076910481e-05,True
r4_silu32,product,800,art,product,0.9999821782112122,0.02262701280415058,0.014189592562615871,0.0013516556937247515,1.4250648746383376e-05,True
r4_silu32,product,800,clipart,art,0.9997860193252563,0.06627793610095978,0.04350993409752846,0.0038296913262456656,0.0001475116441724822,True
r4_silu32,product,800,clipart,real_world,0.999765157699585,0.06543530523777008,0.04373221471905708,0.0033791393507272005,0.0001514167815912515,True
r4_silu32,product,800,clipart,pooled,0.9999070167541504,0.0417667031288147,0.027811236679553986,0.002027483657002449,6.129177199909464e-05,True
r4_silu32,product,800,clipart,product,0.9998618364334106,0.04885251447558403,0.03276357054710388,0.002478035632520914,8.638450526632369e-05,True
r4_silu32,product,800,real_world,art,0.9999944567680359,0.010416080243885517,0.007070189341902733,0.00045055191731080413,3.609290843087365e-06,True
r4_silu32,product,800,real_world,clipart,0.999765157699585,0.06543530523777008,0.04373221471905708,0.0033791393507272005,0.00015263599925674498,True
r4_silu32,product,800,real_world,pooled,0.9999673962593079,0.023766620084643364,0.016011996194720268,0.0013516556937247515,2.042084997810889e-05,True
r4_silu32,product,800,real_world,product,0.9999856948852539,0.017562828958034515,0.011506188660860062,0.0009011038346216083,9.961970135918818e-06,True
r4_silu32,product,800,pooled,art,1.0,0.0,0.0,0.0,1.2248162553629705e-12,False
r4_silu32,product,800,pooled,clipart,1.0,0.0,0.0,0.0,1.2248162553629705e-12,False
r4_silu32,product,800,pooled,real_world,1.0,0.0,0.0,0.0,1.2248162553629705e-12,False
r4_silu32,product,800,pooled,product,1.0,0.0,0.0,0.0,1.2248162553629705e-12,False
r4_silu32,product,800,product,art,0.9999939203262329,0.01092277467250824,0.00852776225656271,0.00022527595865540206,5.0818775889638346e-06,True
r4_silu32,product,800,product,clipart,0.9999988079071045,0.0047743250615894794,0.0035701317247003317,0.0,9.027339729072992e-07,True
r4_silu32,product,800,product,real_world,0.9999985694885254,0.005355821922421455,0.004243248607963324,0.0,1.2366718920020503e-06,True
r4_silu32,product,800,product,pooled,0.9999995231628418,0.002990652108564973,0.0024004781153053045,0.0,3.9479800761910155e-07,True
r4_silu32,product,1000,art,clipart,0.998977780342102,0.17392487823963165,0.1023850068449974,0.008785762824118137,0.000916235672775656,True
r4_silu32,product,1000,art,real_world,0.999983549118042,0.01775413379073143,0.011897364631295204,0.0006758278468623757,1.2556371075334027e-05,True
r4_silu32,product,1000,art,pooled,0.9998969435691833,0.061973024159669876,0.03311435133218765,0.0029285873752087355,9.066185157280415e-05,True
r4_silu32,product,1000,art,product,0.9999686479568481,0.04781312122941017,0.01957119069993496,0.0011263798223808408,2.599398976599332e-05,True
r4_silu32,product,1000,clipart,art,0.998977780342102,0.17392487823963165,0.1023850068449974,0.008785762824118137,0.0009003119776025414,True
r4_silu32,product,1000,clipart,real_world,0.9987637996673584,0.17853645980358124,0.11074210703372955,0.009461590088903904,0.001074342057108879,True
r4_silu32,product,1000,clipart,pooled,0.9995179176330566,0.11317446827888489,0.06970933079719543,0.005857174750417471,0.00042739667696878314,True
r4_silu32,product,1000,clipart,product,0.9992267489433289,0.13488072156906128,0.08701768517494202,0.007659382652491331,0.0006774947396479547,True
r4_silu32,product,1000,real_world,art,0.999983549118042,0.01775413379073143,0.011897364631295204,0.0006758278468623757,1.2574435459100641e-05,True
r4_silu32,product,1000,real_world,clipart,0.9987637996673584,0.17853645980358124,0.11074210703372955,0.009461590088903904,0.001095093204639852,True
r4_silu32,product,1000,real_world,pooled,0.9998246431350708,0.06550168991088867,0.04117726534605026,0.003604415338486433,0.00015010734205134213,True
r4_silu32,product,1000,real_world,product,0.99994295835495,0.04561743885278702,0.02429981157183647,0.0018022076692432165,4.8378871724708006e-05,True
r4_silu32,product,1000,pooled,art,1.0,0.0,0.0,0.0,1.5019246957237442e-10,False
r4_silu32,product,1000,pooled,clipart,1.0,0.0,0.0,0.0,1.5019246957237442e-10,False
r4_silu32,product,1000,pooled,real_world,1.0,0.0,0.0,0.0,1.5019246957237442e-10,False
r4_silu32,product,1000,pooled,product,1.0,0.0,0.0,0.0,1.5019246957237442e-10,False
r4_silu32,product,1000,product,art,0.9999932050704956,0.011098988354206085,0.008934395387768745,0.0009011038346216083,7.13380995875923e-06,True
r4_silu32,product,1000,product,clipart,0.9999985694885254,0.004818278830498457,0.0037456476129591465,0.0006758278468623757,1.2853552107117139e-06,True
r4_silu32,product,1000,product,real_world,0.9999983310699463,0.005453407298773527,0.004479990340769291,0.0006758278468623757,1.7498849729236099e-06,True
r4_silu32,product,1000,product,pooled,0.9999995231628418,0.003010881133377552,0.002497697714716196,0.00022527595865540206,5.331347665560315e-07,True
r4_silu32,real_world,0,art,clipart,0.994584321975708,0.4004852771759033,0.3088521361351013,0.20403946936130524,0.03137592971324921,True
r4_silu32,real_world,0,art,product,0.9969150424003601,0.26243141293525696,0.18568283319473267,0.15079182386398315,0.017530417069792747,True
r4_silu32,real_world,0,art,pooled,0.9977964162826538,0.2287348210811615,0.17874108254909515,0.12003672122955322,0.012090436182916164,True
r4_silu32,real_world,0,art,real_world,0.9992008805274963,0.12415026128292084,0.08674480020999908,0.06587100774049759,0.003584383288398385,True
r4_silu32,real_world,0,clipart,art,0.994584321975708,0.4004852771759033,0.3088521361351013,0.20403946936130524,0.031328439712524414,True
r4_silu32,real_world,0,clipart,product,0.9965388178825378,0.36819756031036377,0.2600726783275604,0.17397291958332062,0.022464139387011528,True
r4_silu32,real_world,0,clipart,pooled,0.9986616969108582,0.22299835085868835,0.16019971668720245,0.12279091030359268,0.009269865229725838,True
r4_silu32,real_world,0,clipart,real_world,0.9952300786972046,0.4181187152862549,0.30414652824401855,0.20725269615650177,0.03134848177433014,True
r4_silu32,real_world,0,product,art,0.9969150424003601,0.26243141293525696,0.18568283319473267,0.15079182386398315,0.017804063856601715,True
r4_silu32,real_world,0,product,clipart,0.9965388178825378,0.36819756031036377,0.2600726783275604,0.17397291958332062,0.022360743954777718,True
r4_silu32,real_world,0,product,pooled,0.9991485476493835,0.16917617619037628,0.1208532303571701,0.08698645979166031,0.005387194454669952,True
r4_silu32,real_world,0,product,real_world,0.9984311461448669,0.20279599726200104,0.1450749933719635,0.12256139516830444,0.010718571953475475,True
r4_silu32,real_world,0,pooled,art,1.0,0.0,0.0,0.0,2.1851780385162556e-09,False
r4_silu32,real_world,0,pooled,clipart,1.0,0.0,0.0,0.0,2.1851780385162556e-09,False
r4_silu32,real_world,0,pooled,product,1.0,0.0,0.0,0.0,2.1851780385162556e-09,False
r4_silu32,real_world,0,pooled,real_world,1.0,0.0,0.0,0.0,2.1851780385162556e-09,False
r4_silu32,real_world,0,real_world,art,0.9992008805274963,0.12415026128292084,0.08674480020999908,0.06587100774049759,0.0035980420652776957,True
r4_silu32,real_world,0,real_world,clipart,0.9952300786972046,0.4181187152862549,0.30414652824401855,0.20725269615650177,0.03145308792591095,True
r4_silu32,real_world,0,real_world,product,0.9984311461448669,0.20279599726200104,0.1450749933719635,0.12256139516830444,0.010581186972558498,True
r4_silu32,real_world,0,real_world,pooled,0.9984985589981079,0.22059248387813568,0.16322298347949982,0.11383979767560959,0.009878206066787243,True
r4_silu32,real_world,200,art,clipart,0.9999895691871643,0.014444582164287567,0.010111567564308643,0.0,1.047053410729859e-05,True
r4_silu32,real_world,200,art,product,0.9999952912330627,0.009768740274012089,0.006798749789595604,0.0,4.912024905934231e-06,True
r4_silu32,real_world,200,art,pooled,0.9999958872795105,0.00900392048060894,0.006386231165379286,0.0,4.3331037886673585e-06,True
r4_silu32,real_world,200,art,real_world,0.9999988079071045,0.004921862855553627,0.003385803196579218,0.0,1.2541059959403356e-06,True
r4_silu32,real_world,200,clipart,art,0.9999895691871643,0.014444582164287567,0.010111567564308643,0.0,1.0481800018169452e-05,True
r4_silu32,real_world,200,clipart,product,0.9999983310699463,0.005928630940616131,0.004026864189654589,0.0,1.3910542975281714e-06,True
r4_silu32,real_world,200,clipart,pooled,0.9999983310699463,0.0058388239704072475,0.0039291586726903915,0.0,1.4426440202441881e-06,True
r4_silu32,real_world,200,clipart,real_world,0.9999943375587463,0.010668030008673668,0.007344296667724848,0.0,5.2039681577298325e-06,True
r4_silu32,real_world,200,product,art,0.9999952912330627,0.009768740274012089,0.006798749789595604,0.0,4.911535143037327e-06,True
r4_silu32,real_world,200,product,clipart,0.9999983310699463,0.005928630940616131,0.004026864189654589,0.0,1.3873608395442716e-06,True
r4_silu32,real_world,200,product,pooled,0.9999997615814209,0.0019597187638282776,0.0011900380486622453,0.0,1.1216361883725767e-07,True
r4_silu32,real_world,200,product,real_world,0.9999983310699463,0.005698980297893286,0.0039208619855344296,0.0,1.5701715483373846e-06,True
r4_silu32,real_world,200,pooled,art,1.0,0.0,0.0,0.0,6.885433889713966e-10,False
r4_silu32,real_world,200,pooled,clipart,1.0,0.0,0.0,0.0,6.885433889713966e-10,False
r4_silu32,real_world,200,pooled,product,1.0,0.0,0.0,0.0,6.885433889713966e-10,False
r4_silu32,real_world,200,pooled,real_world,1.0,0.0,0.0,0.0,6.885433889713966e-10,False
r4_silu32,real_world,200,real_world,art,0.9999969601631165,0.008225052617490292,0.005145779345184565,0.0009180628694593906,2.6399623038741993e-06,True
r4_silu32,real_world,200,real_world,clipart,0.9999853372573853,0.017867431044578552,0.011132437735795975,0.0016066100215539336,1.1909916793229058e-05,True
r4_silu32,real_world,200,real_world,product,0.9999962449073792,0.009698270820081234,0.00581818912178278,0.001377094304189086,3.176332938892301e-06,True
r4_silu32,real_world,200,real_world,pooled,0.9999966025352478,0.008784557692706585,0.005410827696323395,0.0011475785868242383,2.768982767520356e-06,True
r4_silu32,real_world,400,art,clipart,0.999984860420227,0.01987505331635475,0.01107335090637207,0.000688547152094543,9.49653531279182e-06,True
r4_silu32,real_world,400,art,product,0.9999936819076538,0.012471234425902367,0.0070624505169689655,0.0009180628694593906,3.877818471664796e-06,True
r4_silu32,real_world,400,art,pooled,0.999994158744812,0.012210663408041,0.006883812136948109,0.000688547152094543,3.6620244827645365e-06,True
r4_silu32,real_world,400,art,real_world,0.9999985694885254,0.005501636303961277,0.00330624938942492,0.0004590314347296953,7.799347372383636e-07,True
r4_silu32,real_world,400,clipart,art,0.999984860420227,0.01987505331635475,0.01107335090637207,0.000688547152094543,9.495156518823933e-06,True
r4_silu32,real_world,400,clipart,product,0.9999974370002747,0.008390350267291069,0.004680206999182701,0.00022951571736484766,1.6571990499869571e-06,True
r4_silu32,real_world,400,clipart,pooled,0.9999979138374329,0.007828706875443459,0.004304203670471907,0.0,1.436988782188564e-06,True
r4_silu32,real_world,400,clipart,real_world,0.9999912977218628,0.015198723413050175,0.008409779518842697,0.00022951571736484766,5.638472430291586e-06,True
r4_silu32,real_world,400,product,art,0.9999936819076538,0.012471234425902367,0.0070624505169689655,0.0009180628694593906,3.880752956320066e-06,True
r4_silu32,real_world,400,product,clipart,0.9999974370002747,0.008390350267291069,0.004680206999182701,0.00022951571736484766,1.6592853171459865e-06,True
r4_silu32,real_world,400,product,pooled,0.9999998807907104,0.0018896119436249137,0.001155479927547276,0.00022951571736484766,9.791472876941043e-08,True
r4_silu32,real_world,400,product,real_world,0.9999979138374329,0.007401416078209877,0.004137837793678045,0.0004590314347296953,1.437649984836753e-06,True
r4_silu32,real_world,400,pooled,art,1.0,0.0,0.0,0.0,-4.966017597141104e-10,False
r4_silu32,real_world,400,pooled,clipart,1.0,0.0,0.0,0.0,-4.966017597141104e-10,False
r4_silu32,real_world,400,pooled,product,1.0,0.0,0.0,0.0,-4.966017597141104e-10,False
r4_silu32,real_world,400,pooled,real_world,1.0,0.0,0.0,0.0,-4.966017597141104e-10,False
r4_silu32,real_world,400,real_world,art,0.9999967217445374,0.008595924824476242,0.005525858141481876,0.00022951571736484766,2.5807064503169386e-06,True
r4_silu32,real_world,400,real_world,clipart,0.9999858140945435,0.01689891517162323,0.011059455573558807,0.0004590314347296953,1.0097550330101512e-05,True
r4_silu32,real_world,400,real_world,product,0.9999960064888,0.009588268585503101,0.006064160261303186,0.00022951571736484766,3.0378494102478726e-06,True
r4_silu32,real_world,400,real_world,pooled,0.9999967217445374,0.008326125331223011,0.0054075284861028194,0.00022951571736484766,2.403118742222432e-06,True
r4_silu32,real_world,600,art,clipart,0.9999783039093018,0.02162954770028591,0.014556920155882835,0.0018361257389187813,1.405127659381833e-05,True
r4_silu32,real_world,600,art,product,0.9999945759773254,0.011836809106171131,0.00768080772832036,0.0011475785868242383,3.935533641197253e-06,True
r4_silu32,real_world,600,art,pooled,0.9999944567680359,0.011605484411120415,0.007555046584457159,0.001377094304189086,3.7883071399846813e-06,True
r4_silu32,real_world,600,art,real_world,0.9999988079071045,0.005640133749693632,0.00387340085580945,0.00022951571736484766,1.108269998439937e-06,True
r4_silu32,real_world,600,clipart,art,0.9999783039093018,0.02162954770028591,0.014556920155882835,0.0018361257389187813,1.4042039765627123e-05,True
r4_silu32,real_world,600,clipart,product,0.9999924898147583,0.011724581941962242,0.0081948172301054,0.000688547152094543,4.6316563384607434e-06,True
r4_silu32,real_world,600,clipart,pooled,0.9999939203262329,0.010812235996127129,0.007482923101633787,0.0004590314347296953,3.776073754124809e-06,True
r4_silu32,real_world,600,clipart,real_world,0.9999818205833435,0.018953273072838783,0.012985876761376858,0.0016066100215539336,1.1356291906849947e-05,True
r4_silu32,real_world,600,product,art,0.9999945759773254,0.011836809106171131,0.00768080772832036,0.0011475785868242383,3.934184405807173e-06,True
r4_silu32,real_world,600,product,clipart,0.9999924898147583,0.011724581941962242,0.0081948172301054,0.000688547152094543,4.633958724298282e-06,True
r4_silu32,real_world,600,product,pooled,0.9999997615814209,0.0019520214991644025,0.0014253014232963324,0.00022951571736484766,1.5870486436142528e-07,True
r4_silu32,real_world,600,product,real_world,0.9999973177909851,0.007758171763271093,0.005094198044389486,0.0009180628694593906,1.7069004343284178e-06,True
r4_silu32,real_world,600,pooled,art,1.0,0.0,0.0,0.0,-2.2160392965098197e-10,False
r4_silu32,real_world,600,pooled,clipart,1.0,0.0,0.0,0.0,-2.2160392965098197e-10,False
r4_silu32,real_world,600,pooled,product,1.0,0.0,0.0,0.0,-2.2160392965098197e-10,False
r4_silu32,real_world,600,pooled,real_world,1.0,0.0,0.0,0.0,-2.2160392965098197e-10,False
r4_silu32,real_world,600,real_world,art,0.9999962449073792,0.008726169355213642,0.005586910992860794,0.0004590314347296953,3.0688820515933912e-06,True
r4_silu32,real_world,600,real_world,clipart,0.9999830722808838,0.017567066475749016,0.01160481944680214,0.000688547152094543,1.3290025890455581e-05,True
r4_silu32,real_world,600,real_world,product,0.9999955296516418,0.009430309757590294,0.006154513917863369,0.0,3.6068304325453937e-06,True
r4_silu32,real_world,600,real_world,pooled,0.9999961256980896,0.008512081578373909,0.00564315402880311,0.0,3.1008933092380175e-06,True
r4_silu32,real_world,800,art,clipart,0.9999407529830933,0.037935882806777954,0.023835569620132446,0.0016066100215539336,4.7718371206428856e-05,True
r4_silu32,real_world,800,art,product,0.9999809861183167,0.020224321633577347,0.012979204766452312,0.0009180628694593906,1.5191384591162205e-05,True
r4_silu32,real_world,800,art,pooled,0.9999788999557495,0.02205073833465576,0.014011701568961143,0.000688547152094543,1.690700628387276e-05,True
r4_silu32,real_world,800,art,real_world,0.9999971985816956,0.0074033960700035095,0.004872714169323444,0.0004590314347296953,2.300502728758147e-06,True
r4_silu32,real_world,800,clipart,art,0.9999407529830933,0.037935882806777954,0.023835569620132446,0.0016066100215539336,4.7610908950446174e-05,True
r4_silu32,real_world,800,clipart,product,0.9999870657920837,0.01912166178226471,0.011655734851956367,0.000688547152094543,1.0512871995160822e-05,True
r4_silu32,real_world,800,clipart,pooled,0.9999901652336121,0.016144806519150734,0.009965863078832626,0.0009180628694593906,8.038189662329387e-06,True
r4_silu32,real_world,800,clipart,real_world,0.9999608993530273,0.032022394239902496,0.01983102411031723,0.0011475785868242383,3.163691144436598e-05,True
r4_silu32,real_world,800,product,art,0.9999809861183167,0.020224321633577347,0.012979204766452312,0.0009180628694593906,1.5181596609181724e-05,True
r4_silu32,real_world,800,product,clipart,0.9999870657920837,0.01912166178226471,0.011655734851956367,0.000688547152094543,1.0523475793888792e-05,True
r4_silu32,real_world,800,product,pooled,0.9999995231628418,0.0038766649086028337,0.0022850404493510723,0.00022951571736484766,3.8605807617386745e-07,True
r4_silu32,real_world,800,product,real_world,0.9999922513961792,0.013463462702929974,0.0085020512342453,0.0004590314347296953,6.1702148741460405e-06,True
r4_silu32,real_world,800,pooled,art,1.0,0.0,0.0,0.0,-4.032490660832444e-11,False
r4_silu32,real_world,800,pooled,clipart,1.0,0.0,0.0,0.0,-4.032490660832444e-11,False
r4_silu32,real_world,800,pooled,product,1.0,0.0,0.0,0.0,-4.032490660832444e-11,False
r4_silu32,real_world,800,pooled,real_world,1.0,0.0,0.0,0.0,-4.032490660832444e-11,False
r4_silu32,real_world,800,real_world,art,0.9999967217445374,0.008250528946518898,0.005537770688533783,0.0004590314347296953,2.829643335644505e-06,True
r4_silu32,real_world,800,real_world,clipart,0.999985933303833,0.01546229887753725,0.010792520828545094,0.0016066100215539336,1.0723215382313356e-05,True
r4_silu32,real_world,800,real_world,product,0.9999961256980896,0.008652343414723873,0.006009035278111696,0.0009180628694593906,3.2705170269764494e-06,True
r4_silu32,real_world,800,real_world,pooled,0.9999967217445374,0.007520518731325865,0.005287630949169397,0.00022951571736484766,2.554736056481488e-06,True
r4_silu32,real_world,1000,art,clipart,0.9999009370803833,0.05411743372678757,0.03202835097908974,0.0018361257389187813,8.55744510772638e-05,True
r4_silu32,real_world,1000,art,product,0.9999814629554749,0.022679684683680534,0.01394005585461855,0.0004590314347296953,1.517508462711703e-05,True
r4_silu32,real_world,1000,art,pooled,0.9999704360961914,0.029371367767453194,0.017595725134015083,0.000688547152094543,2.5085380912059918e-05,True
r4_silu32,real_world,1000,art,real_world,0.9999982118606567,0.006488558370620012,0.004293489269912243,0.0,1.4190126194080221e-06,True
r4_silu32,real_world,1000,clipart,art,0.9999009370803833,0.05411743372678757,0.03202835097908974,0.0018361257389187813,8.515758236171678e-05,True
r4_silu32,real_world,1000,clipart,product,0.9999650120735168,0.03262469545006752,0.019075682386755943,0.001377094304189086,3.184868910466321e-05,True
r4_silu32,real_world,1000,clipart,pooled,0.9999793171882629,0.024944962933659554,0.014603164047002792,0.0011475785868242383,1.8341821487410925e-05,True
r4_silu32,real_world,1000,clipart,real_world,0.9999209046363831,0.048765022307634354,0.02871518023312092,0.0018361257389187813,6.976986333029345e-05,True
r4_silu32,real_world,1000,product,art,0.9999814629554749,0.022679684683680534,0.01394005585461855,0.0004590314347296953,1.5153570529946592e-05,True
r4_silu32,real_world,1000,product,clipart,0.9999650120735168,0.03262469545006752,0.019075682386755943,0.001377094304189086,3.1959560146788135e-05,True
r4_silu32,real_world,1000,product,pooled,0.9999979138374329,0.008047696202993393,0.0047836946323513985,0.00022951571736484766,2.106381543853786e-06,True
r4_silu32,real_world,1000,product,real_world,0.9999904036521912,0.016678720712661743,0.010068144649267197,0.0004590314347296953,8.068183888099156e-06,True
r4_silu32,real_world,1000,pooled,art,1.0,0.0,0.0,0.0,-6.156175014204734e-10,False
r4_silu32,real_world,1000,pooled,clipart,1.0,0.0,0.0,0.0,-6.156175014204734e-10,False
r4_silu32,real_world,1000,pooled,product,1.0,0.0,0.0,0.0,-6.156175014204734e-10,False
r4_silu32,real_world,1000,pooled,real_world,1.0,0.0,0.0,0.0,-6.156175014204734e-10,False
r4_silu32,real_world,1000,real_world,art,0.9999979138374329,0.006907179020345211,0.0046303910203278065,0.0,1.984971277124714e-06,True
r4_silu32,real_world,1000,real_world,clipart,0.999990701675415,0.01284547708928585,0.008976652286946774,0.0016066100215539336,7.769771400489844e-06,True
r4_silu32,real_world,1000,real_world,product,0.9999976754188538,0.007015819661319256,0.004930474329739809,0.000688547152094543,2.239187551822397e-06,True
r4_silu32,real_world,1000,real_world,pooled,0.9999979138374329,0.006161571480333805,0.004357784520834684,0.000688547152094543,1.817267047954374e-06,True
