arm,target,distance,stratum,n,within_image_similarity_vs_negative_nll_pearson,class_source_adjusted_within_image_pearson,nll_pair_concordance,nll_pair_support,correctness_pair_concordance,correctness_pair_support,mean_within_image_nll_range,prediction_correctness_disagreement_images,nll_reduction_vs_semantic
b0,art,cosine_stage1,weak_abs_max_lt_0.6,194,0.09886995921725675,0.06252583716094355,0.5163511187607573,581,0.6166666666666667,60,0.847728431224823,30,0.0460028313100338
b0,art,cosine_stage1,middle_abs,646,0.09496206000226108,-0.0005431362462397054,0.5412558380902958,1927,0.5700934579439252,214,0.6836161613464355,107,0.02664436213672161
b0,art,cosine_stage1,strong_abs_max_ge_0.9,1587,0.1264484683992926,0.05575886341293604,0.5711878685762426,4748,0.6200657894736842,608,0.7720722556114197,304,0.05627229064702988
b0,art,cosine_stage1,base_class_correct,1737,0.14552652880883277,0.06147084123769088,0.5709602776706517,5186,0.6387900355871886,562,0.4103882908821106,281,0.027931835502386093
b0,art,cosine_stage1,base_class_wrong,690,0.11217186055282552,0.04544992950426007,0.5285024154589372,2070,0.553125,320,1.6210283041000366,160,0.09699032455682755
b0,art,source_z_l2_stage1,weak_abs_max_lt_0.6,194,0.08550661122556551,0.019666162159055183,0.5215146299483648,581,0.5833333333333334,60,0.847728431224823,30,0.05490352585911751
b0,art,source_z_l2_stage1,middle_abs,646,0.10226674573019719,0.026852023748857354,0.5262065386611313,1927,0.5327102803738317,214,0.6836161613464355,107,0.017905209213495255
b0,art,source_z_l2_stage1,strong_abs_max_ge_0.9,1587,0.10967995312690389,0.03902209031051619,0.5676074136478517,4748,0.6167763157894737,608,0.7720722556114197,304,0.05683277174830437
b0,art,source_z_l2_stage1,base_class_correct,1737,0.13926000752282194,0.058855024383009984,0.5628615503278056,5186,0.6174377224199288,562,0.4103882908821106,281,0.023218290880322456
b0,art,source_z_l2_stage1,base_class_wrong,690,0.09438379536069887,0.035107340835292246,0.5280193236714976,2070,0.553125,320,1.6210283041000366,160,0.10446591675281525
b0,art,cosine_stage2,weak_abs_max_lt_0.6,194,0.12343227574971605,0.07932394483666586,0.5335628227194492,581,0.6333333333333333,60,0.847728431224823,30,0.09792819619178772
b0,art,cosine_stage2,middle_abs,646,0.11326804487289426,-0.006287477030960315,0.5428126621691749,1927,0.5467289719626168,214,0.6836161613464355,107,0.027421491220593452
b0,art,cosine_stage2,strong_abs_max_ge_0.9,1587,0.12538516227843585,0.03506804111321313,0.5692923336141533,4748,0.6101973684210527,608,0.7720722556114197,304,0.05440165847539902
b0,art,cosine_stage2,base_class_correct,1737,0.1546458299088909,0.05024983510645332,0.5707674508291554,5186,0.6245551601423488,562,0.4103882908821106,281,0.02852282114326954
b0,art,cosine_stage2,base_class_wrong,690,0.11497713266313117,0.030507718752714623,0.5309178743961352,2070,0.546875,320,1.6210283041000366,160,0.10652702301740646
b0,art,source_z_l2_stage2,weak_abs_max_lt_0.6,194,0.09452893481832837,0.014895106591122313,0.53184165232358,581,0.6166666666666667,60,0.847728431224823,30,0.058790333569049835
b0,art,source_z_l2_stage2,middle_abs,646,0.11230922404377261,0.022475304221508088,0.5412558380902958,1927,0.5514018691588785,214,0.6836161613464355,107,0.037029929459095
b0,art,source_z_l2_stage2,strong_abs_max_ge_0.9,1587,0.11151626047477367,0.03190583297556484,0.5711878685762426,4748,0.6134868421052632,608,0.7720722556114197,304,0.057072874158620834
b0,art,source_z_l2_stage2,base_class_correct,1737,0.14323213264331494,0.0520924926788313,0.5707674508291554,5186,0.6263345195729537,562,0.4103882908821106,281,0.027009734883904457
b0,art,source_z_l2_stage2,base_class_wrong,690,0.10005023935770259,0.03274981619069121,0.5333333333333333,2070,0.55,320,1.6210283041000366,160,0.11447161436080933
b0,art,cosine_stage3,weak_abs_max_lt_0.6,194,0.09542850005486594,0.05166108420379918,0.5387263339070568,581,0.5833333333333334,60,0.847728431224823,30,0.08710291981697083
b0,art,cosine_stage3,middle_abs,646,0.08467930867665151,0.0008700748383502544,0.5391800726517904,1927,0.5654205607476636,214,0.6836161613464355,107,0.03375687450170517
b0,art,cosine_stage3,strong_abs_max_ge_0.9,1587,0.11867529505355771,0.04901998972821051,0.5760320134793597,4748,0.6069078947368421,608,0.7720722556114197,304,0.05203133448958397
b0,art,cosine_stage3,base_class_correct,1737,0.13253210233770116,0.041162917348878815,0.5759737755495565,5186,0.6156583629893239,562,0.4103882908821106,281,0.028294431045651436
b0,art,cosine_stage3,base_class_wrong,690,0.10730380051993411,0.03628138765433716,0.5314009661835749,2070,0.559375,320,1.6210283041000366,160,0.10453798621892929
b0,art,source_z_l2_stage3,weak_abs_max_lt_0.6,194,0.08368768606804601,0.010983545002129712,0.5232358003442341,581,0.5666666666666667,60,0.847728431224823,30,0.059783075004816055
b0,art,source_z_l2_stage3,middle_abs,646,0.09457131374042725,0.01409891713776055,0.5376232485729112,1927,0.5514018691588785,214,0.6836161613464355,107,0.037728115916252136
b0,art,source_z_l2_stage3,strong_abs_max_ge_0.9,1587,0.11064933187080435,0.03902040294363268,0.5735046335299073,4748,0.6085526315789473,608,0.7720722556114197,304,0.051049575209617615
b0,art,source_z_l2_stage3,base_class_correct,1737,0.13278084062901183,0.03981287946963333,0.5742383339760895,5186,0.6209964412811388,562,0.4103882908821106,281,0.027881769463419914
b0,art,source_z_l2_stage3,base_class_wrong,690,0.09774373291120422,0.032245244753151645,0.5241545893719807,2070,0.540625,320,1.6210283041000366,160,0.09935552626848221
b0,art,cosine_stage4,weak_abs_max_lt_0.6,194,0.11836077514901966,0.030707629650888923,0.5645438898450946,581,0.5833333333333334,60,0.847728431224823,30,0.07393147796392441
b0,art,cosine_stage4,middle_abs,646,0.08380377583800903,0.0018171754873585783,0.5480020757654385,1927,0.5654205607476636,214,0.6836161613464355,107,0.025085337460041046
b0,art,cosine_stage4,strong_abs_max_ge_0.9,1587,0.13390999370063691,0.03613134309035524,0.5884582982308341,4748,0.6233552631578947,608,0.7720722556114197,304,0.058247122913599014
b0,art,cosine_stage4,base_class_correct,1737,0.1269993066693012,0.015975454891628903,0.5881218665638257,5186,0.6227758007117438,562,0.4103882908821106,281,0.016308676451444626
b0,art,cosine_stage4,base_class_wrong,690,0.14154901052081098,0.022443717664178,0.5449275362318841,2070,0.578125,320,1.6210283041000366,160,0.13718527555465698
b0,art,source_z_l2_stage4,weak_abs_max_lt_0.6,194,0.09876134132870067,0.008145143339895163,0.5490533562822719,581,0.5666666666666667,60,0.847728431224823,30,0.07029548287391663
b0,art,source_z_l2_stage4,middle_abs,646,0.07508488861540359,0.0011665742652227573,0.5428126621691749,1927,0.5887850467289719,214,0.6836161613464355,107,0.03923620656132698
b0,art,source_z_l2_stage4,strong_abs_max_ge_0.9,1587,0.11762381880250404,0.02811694586693831,0.5804549283909014,4748,0.6036184210526315,608,0.7720722556114197,304,0.04980802536010742
b0,art,source_z_l2_stage4,base_class_correct,1737,0.11619969773581938,0.009232504960708337,0.5800231392209796,5186,0.6156583629893239,562,0.4103882908821106,281,0.01459597796201706
b0,art,source_z_l2_stage4,base_class_wrong,690,0.11812431764077488,0.01684723184540805,0.5376811594202898,2070,0.565625,320,1.6210283041000366,160,0.13431307673454285
b0,art,cosine_mean4,weak_abs_max_lt_0.6,194,0.12026740842871234,0.03886271211138487,0.5593803786574871,581,0.5666666666666667,60,0.847728431224823,30,0.08362764865159988
b0,art,cosine_mean4,middle_abs,646,0.08843105809828104,0.0011068519744353435,0.5438505448884277,1927,0.5700934579439252,214,0.6836161613464355,107,0.024349572136998177
b0,art,cosine_mean4,strong_abs_max_ge_0.9,1587,0.13531587404390572,0.03894530853242444,0.5831929233361416,4748,0.6217105263157895,608,0.7720722556114197,304,0.0540088452398777
b0,art,cosine_mean4,base_class_correct,1737,0.13249728095438507,0.022181431666430263,0.5833011955264172,5186,0.6281138790035588,562,0.4103882908821106,281,0.020860956981778145
b0,art,cosine_mean4,base_class_wrong,690,0.14112070805021568,0.025563466743700566,0.5396135265700484,2070,0.565625,320,1.6210283041000366,160,0.11801469326019287
b0,art,source_z_l2_mean4,weak_abs_max_lt_0.6,194,0.09226540510321284,0.016451260013350923,0.5197934595524957,581,0.6,60,0.847728431224823,30,0.056483376771211624
b0,art,source_z_l2_mean4,middle_abs,646,0.10457007977320881,0.022116008231085785,0.532952776336274,1927,0.5514018691588785,214,0.6836161613464355,107,0.036009371280670166
b0,art,source_z_l2_mean4,strong_abs_max_ge_0.9,1587,0.11401820621207703,0.038014936303645754,0.5701347935973041,4748,0.6134868421052632,608,0.7720722556114197,304,0.05752722918987274
b0,art,source_z_l2_mean4,base_class_correct,1737,0.1405259922426678,0.0513898618974787,0.5678750482067104,5186,0.6263345195729537,562,0.4103882908821106,281,0.027636073529720306
b0,art,source_z_l2_mean4,base_class_wrong,690,0.10235782849708391,0.03413954033258472,0.5270531400966184,2070,0.546875,320,1.6210283041000366,160,0.11233577877283096
r4_real,art,cosine_stage1,weak_abs_max_lt_0.6,194,0.2732214660641707,0.041594238362943306,0.674502712477396,553,0.0,2,0.03965304419398308,1,0.009845507331192493
r4_real,art,cosine_stage1,middle_abs,646,0.2176484695468821,0.06547787352756326,0.6690450054884742,1822,0.5,12,0.027731450274586678,6,0.004894952289760113
r4_real,art,cosine_stage1,strong_abs_max_ge_0.9,1587,0.21109711105414147,0.055508741344708595,0.6903440621531631,4505,0.5208333333333334,48,0.03227178007364273,24,0.00819085817784071
r4_real,art,cosine_stage1,base_class_correct,1737,0.27628206776497266,0.08441383310104011,0.7418952618453866,4812,0.6785714285714286,28,0.019065896049141884,14,0.006344101391732693
r4_real,art,cosine_stage1,base_class_wrong,690,0.17135841646506425,0.020911020516491068,0.5473887814313346,2068,0.35294117647058826,34,0.0633406713604927,17,0.010219356045126915
r4_real,art,source_z_l2_stage1,weak_abs_max_lt_0.6,194,0.25349407709272936,-0.0054294617026626885,0.6726943942133815,553,0.0,2,0.03965304419398308,1,0.008359297178685665
r4_real,art,source_z_l2_stage1,middle_abs,646,0.21461199767906455,0.042300722607033915,0.6706915477497256,1822,0.5,12,0.027731450274586678,6,0.004873113706707954
r4_real,art,source_z_l2_stage1,strong_abs_max_ge_0.9,1587,0.2289710443134611,0.07573989445368359,0.6865704772475028,4505,0.5416666666666666,48,0.03227178007364273,24,0.00818004459142685
r4_real,art,source_z_l2_stage1,base_class_correct,1737,0.2882641337627384,0.08606740044708887,0.7369077306733167,4812,0.6428571428571429,28,0.019065896049141884,14,0.006315676961094141
r4_real,art,source_z_l2_stage1,base_class_wrong,690,0.17876667233610294,0.025871580657203325,0.5517408123791102,2068,0.4117647058823529,34,0.0633406713604927,17,0.009827733039855957
r4_real,art,cosine_stage2,weak_abs_max_lt_0.6,194,0.24638598366238537,-0.006129367405785746,0.6907775768535263,553,0.5,2,0.03965304419398308,1,0.01035919040441513
r4_real,art,cosine_stage2,middle_abs,646,0.21189533471613692,0.023234507738038878,0.6805708013172338,1822,0.5,12,0.027731450274586678,6,0.005408576689660549
r4_real,art,cosine_stage2,strong_abs_max_ge_0.9,1587,0.2064501110120295,0.05467353367832584,0.7018867924528301,4505,0.5416666666666666,48,0.03227178007364273,24,0.008615157566964626
r4_real,art,cosine_stage2,base_class_correct,1737,0.2651319759687011,0.059477134669115334,0.7520781379883624,4812,0.75,28,0.019065896049141884,14,0.006500257179141045
r4_real,art,cosine_stage2,base_class_wrong,690,0.16798525745268528,0.02691175902152386,0.5633462282398453,2068,0.35294117647058826,34,0.0633406713604927,17,0.0114274388179183
r4_real,art,source_z_l2_stage2,weak_abs_max_lt_0.6,194,0.2623485797961335,-0.03315295412903646,0.6817359855334539,553,1.0,2,0.03965304419398308,1,0.010105820372700691
r4_real,art,source_z_l2_stage2,middle_abs,646,0.23468486879502512,0.03723183826808851,0.6882546652030735,1822,0.5,12,0.027731450274586678,6,0.005329109728336334
r4_real,art,source_z_l2_stage2,strong_abs_max_ge_0.9,1587,0.23659584018411162,0.07674544653190124,0.7036625971143174,4505,0.5416666666666666,48,0.03227178007364273,24,0.008607960306107998
r4_real,art,source_z_l2_stage2,base_class_correct,1737,0.29774396470420705,0.07879057288314843,0.7574812967581047,4812,0.7857142857142857,28,0.019065896049141884,14,0.006496529560536146
r4_real,art,source_z_l2_stage2,base_class_wrong,690,0.19175564688872718,0.033991678953734554,0.5589941972920697,2068,0.35294117647058826,34,0.0633406713604927,17,0.011274633929133415
r4_real,art,cosine_stage3,weak_abs_max_lt_0.6,194,0.2547034997800981,-0.011874764589789456,0.6871609403254972,553,0.5,2,0.03965304419398308,1,0.008658315986394882
r4_real,art,cosine_stage3,middle_abs,646,0.2322901305203997,0.02670989251061948,0.6822173435784852,1822,0.5,12,0.027731450274586678,6,0.004952050279825926
r4_real,art,cosine_stage3,strong_abs_max_ge_0.9,1587,0.20213381614708545,0.03819493694825973,0.6943396226415094,4505,0.5208333333333334,48,0.03227178007364273,24,0.008217933587729931
r4_real,art,cosine_stage3,base_class_correct,1737,0.26950208106291407,0.021282222665920954,0.7475062344139651,4812,0.75,28,0.019065896049141884,14,0.006237342953681946
r4_real,art,cosine_stage3,base_class_wrong,690,0.16767952454398416,0.010298164054427012,0.558027079303675,2068,0.3235294117647059,34,0.0633406713604927,17,0.01027004700154066
r4_real,art,source_z_l2_stage3,weak_abs_max_lt_0.6,194,0.2616048031341781,-0.029777956681351397,0.6889692585895117,553,0.5,2,0.03965304419398308,1,0.009905449114739895
r4_real,art,source_z_l2_stage3,middle_abs,646,0.24217263721517585,0.04361502902355628,0.6882546652030735,1822,0.5,12,0.027731450274586678,6,0.005337166134268045
r4_real,art,source_z_l2_stage3,strong_abs_max_ge_0.9,1587,0.2202556330572513,0.05797324501115944,0.7007769145394007,4505,0.5833333333333334,48,0.03227178007364273,24,0.008202682249248028
r4_real,art,source_z_l2_stage3,base_class_correct,1737,0.2877924781011209,0.047797282718576015,0.7574812967581047,4812,0.75,28,0.019065896049141884,14,0.006428237073123455
r4_real,art,source_z_l2_stage3,base_class_wrong,690,0.18118045066326122,0.019968270682519756,0.554642166344294,2068,0.4117647058823529,34,0.0633406713604927,17,0.010465615428984165
r4_real,art,cosine_stage4,weak_abs_max_lt_0.6,194,0.18897515665112877,0.0064209809728706544,0.6491862567811935,553,0.5,2,0.03965304419398308,1,0.0073678321205079556
r4_real,art,cosine_stage4,middle_abs,646,0.15315428581320892,-0.032503103443881,0.6322722283205269,1822,0.6666666666666666,12,0.027731450274586678,6,0.004562323447316885
r4_real,art,cosine_stage4,strong_abs_max_ge_0.9,1587,0.11594735712158095,-0.03529166550632322,0.6495005549389568,4505,0.4583333333333333,48,0.03227178007364273,24,0.006474865600466728
r4_real,art,cosine_stage4,base_class_correct,1737,0.17321597862090385,-0.0599678795694131,0.692643391521197,4812,0.6071428571428571,28,0.019065896049141884,14,0.004944473039358854
r4_real,art,cosine_stage4,base_class_wrong,690,0.09103590185436057,-0.04752231037107238,0.5338491295938105,2068,0.4117647058823529,34,0.0633406713604927,17,0.008787945844233036
r4_real,art,source_z_l2_stage4,weak_abs_max_lt_0.6,194,0.22844399173926866,0.007704940108618817,0.674502712477396,553,0.5,2,0.03965304419398308,1,0.008055032230913639
r4_real,art,source_z_l2_stage4,middle_abs,646,0.1752598874031342,-0.028839246787543463,0.6564215148188803,1822,0.8333333333333334,12,0.027731450274586678,6,0.005248256027698517
r4_real,art,source_z_l2_stage4,strong_abs_max_ge_0.9,1587,0.1303485368013433,-0.03306491631103293,0.6688124306326304,4505,0.4791666666666667,48,0.03227178007364273,24,0.006428579334169626
r4_real,art,source_z_l2_stage4,base_class_correct,1737,0.19491529218660403,-0.05151232731308165,0.7142560266001663,4812,0.6071428571428571,28,0.019065896049141884,14,0.0046175033785402775
r4_real,art,source_z_l2_stage4,base_class_wrong,690,0.10646595377315407,-0.04184988449106511,0.5536750483558994,2068,0.5,34,0.0633406713604927,17,0.010340003296732903
r4_real,art,cosine_mean4,weak_abs_max_lt_0.6,194,0.20464362366157302,0.007843686419033614,0.6618444846292948,553,0.5,2,0.03965304419398308,1,0.00806571077555418
r4_real,art,cosine_mean4,middle_abs,646,0.16570699265673114,-0.022487950670749778,0.6383095499451152,1822,0.6666666666666666,12,0.027731450274586678,6,0.004534711129963398
r4_real,art,cosine_mean4,strong_abs_max_ge_0.9,1587,0.13155752537816046,-0.02504311504349222,0.6574916759156493,4505,0.4791666666666667,48,0.03227178007364273,24,0.0070997197180986404
r4_real,art,cosine_mean4,base_class_correct,1737,0.19045078751707226,-0.04487987142229073,0.7024106400665004,4812,0.6071428571428571,28,0.019065896049141884,14,0.005378458648920059
r4_real,art,cosine_mean4,base_class_wrong,690,0.10511334307756329,-0.04003181422213098,0.5372340425531915,2068,0.4411764705882353,34,0.0633406713604927,17,0.009302962571382523
r4_real,art,source_z_l2_mean4,weak_abs_max_lt_0.6,194,0.2638818372219482,-0.018652066105451736,0.6799276672694394,553,0.0,2,0.03965304419398308,1,0.009795165620744228
r4_real,art,source_z_l2_mean4,middle_abs,646,0.22924580772817935,0.03636159999841426,0.6783754116355654,1822,0.5,12,0.027731450274586678,6,0.005013932008296251
r4_real,art,source_z_l2_mean4,strong_abs_max_ge_0.9,1587,0.2262140945486358,0.06488833357385003,0.6985571587125416,4505,0.5416666666666666,48,0.03227178007364273,24,0.008298696018755436
r4_real,art,source_z_l2_mean4,base_class_correct,1737,0.28952963819027433,0.06703355101872656,0.7522859517871987,4812,0.7142857142857143,28,0.019065896049141884,14,0.0063764434307813644
r4_real,art,source_z_l2_mean4,base_class_wrong,690,0.1826123180458003,0.0213240985827675,0.5507736943907157,2068,0.35294117647058826,34,0.0633406713604927,17,0.010483204387128353
r4_random,art,cosine_stage1,weak_abs_max_lt_0.6,194,0.15900944088569585,0.013870898090549845,0.5748709122203098,581,0.54,50,0.644313395023346,25,0.09084639698266983
r4_random,art,cosine_stage1,middle_abs,646,0.1535432353105127,0.05918734597514867,0.5802083333333333,1920,0.6176470588235294,136,0.440278559923172,68,0.04587099701166153
r4_random,art,cosine_stage1,strong_abs_max_ge_0.9,1587,0.13851359956295867,0.03506455597476247,0.5863233431827776,4738,0.5583756345177665,394,0.501002311706543,197,0.036843232810497284
r4_random,art,cosine_stage1,base_class_correct,1737,0.19269711879497078,0.059485952989768956,0.6014703037337976,5169,0.6424242424242425,330,0.2760380506515503,165,0.03872145712375641
r4_random,art,cosine_stage1,base_class_wrong,690,0.11141324226361711,0.0029061569153472177,0.5396135265700484,2070,0.476,250,1.0507670640945435,125,0.055750589817762375
r4_random,art,source_z_l2_stage1,weak_abs_max_lt_0.6,194,0.17409208555259023,0.021247925810997964,0.5783132530120482,581,0.52,50,0.644313395023346,25,0.0828479528427124
r4_random,art,source_z_l2_stage1,middle_abs,646,0.152551917731973,0.0733557245301183,0.5677083333333334,1920,0.6176470588235294,136,0.440278559923172,68,0.03825097903609276
r4_random,art,source_z_l2_stage1,strong_abs_max_ge_0.9,1587,0.13020872721664867,0.022191187320953962,0.5818910932883073,4738,0.5583756345177665,394,0.501002311706543,197,0.02903841808438301
r4_random,art,source_z_l2_stage1,base_class_correct,1737,0.19655093871760168,0.06363114433983388,0.6010833816985878,5169,0.6424242424242425,330,0.2760380506515503,165,0.03823121637105942
r4_random,art,source_z_l2_stage1,base_class_wrong,690,0.09648115568029741,-0.007887114270249214,0.5198067632850242,2070,0.472,250,1.0507670640945435,125,0.02965070679783821
r4_random,art,cosine_stage2,weak_abs_max_lt_0.6,194,0.17118439149108194,0.009011385689838697,0.5989672977624785,581,0.62,50,0.644313395023346,25,0.11596067249774933
r4_random,art,cosine_stage2,middle_abs,646,0.16767631165681648,0.059199619504024435,0.5791666666666667,1920,0.6176470588235294,136,0.440278559923172,68,0.04846528172492981
r4_random,art,cosine_stage2,strong_abs_max_ge_0.9,1587,0.14282748317184898,0.029552598551811138,0.5968763191219923,4738,0.5736040609137056,394,0.501002311706543,197,0.04596681892871857
r4_random,art,cosine_stage2,base_class_correct,1737,0.19152341796799863,0.040814399733138204,0.6101760495260206,5169,0.6606060606060606,330,0.2760380506515503,165,0.044747769832611084
r4_random,art,cosine_stage2,base_class_wrong,690,0.12933675406516584,0.019635512168845553,0.5478260869565217,2070,0.492,250,1.0507670640945435,125,0.07105423510074615
r4_random,art,source_z_l2_stage2,weak_abs_max_lt_0.6,194,0.18221018049034404,-0.0030650830053009503,0.5800344234079173,581,0.6,50,0.644313395023346,25,0.09492877125740051
r4_random,art,source_z_l2_stage2,middle_abs,646,0.16595353098818197,0.07241827190641947,0.5828125,1920,0.6176470588235294,136,0.440278559923172,68,0.0488896369934082
r4_random,art,source_z_l2_stage2,strong_abs_max_ge_0.9,1587,0.14192657538028983,0.023527467163943768,0.5953989024905023,4738,0.5736040609137056,394,0.501002311706543,197,0.039497170597314835
r4_random,art,source_z_l2_stage2,base_class_correct,1737,0.20130048487165178,0.05004516802703412,0.6105629715612304,5169,0.6636363636363637,330,0.2760380506515503,165,0.040209364145994186
r4_random,art,source_z_l2_stage2,base_class_wrong,690,0.11802955529142972,0.005621619579260094,0.5415458937198068,2070,0.484,250,1.0507670640945435,125,0.06208295002579689
r4_random,art,cosine_stage3,weak_abs_max_lt_0.6,194,0.17663134145536025,0.020759607842964763,0.576592082616179,581,0.6,50,0.644313395023346,25,0.10471498966217041
r4_random,art,cosine_stage3,middle_abs,646,0.16193889610322643,0.07979680498575162,0.5807291666666666,1920,0.6102941176470589,136,0.440278559923172,68,0.04915358126163483
r4_random,art,cosine_stage3,strong_abs_max_ge_0.9,1587,0.14862946983863934,0.03984582481902693,0.6036302237230899,4738,0.5964467005076142,394,0.501002311706543,197,0.04046420380473137
r4_random,art,cosine_stage3,base_class_correct,1737,0.19368831522062474,0.032014471758616554,0.611917198684465,5169,0.6575757575757576,330,0.2760380506515503,165,0.039339080452919006
r4_random,art,cosine_stage3,base_class_wrong,690,0.13340408980840734,0.033461575229428386,0.5541062801932367,2070,0.524,250,1.0507670640945435,125,0.06949654966592789
r4_random,art,source_z_l2_stage3,weak_abs_max_lt_0.6,194,0.17378123050787891,-0.005455484236002511,0.5714285714285714,581,0.58,50,0.644313395023346,25,0.10283298045396805
r4_random,art,source_z_l2_stage3,middle_abs,646,0.1643044955729251,0.07763637427930567,0.58125,1920,0.6176470588235294,136,0.440278559923172,68,0.050359826534986496
r4_random,art,source_z_l2_stage3,strong_abs_max_ge_0.9,1587,0.1442816488071689,0.03105473244634712,0.6008864499788941,4738,0.5913705583756346,394,0.501002311706543,197,0.041080962866544724
r4_random,art,source_z_l2_stage3,base_class_correct,1737,0.1998073139458128,0.040225817530553695,0.6126910427548848,5169,0.6666666666666666,330,0.2760380506515503,165,0.04137908294796944
r4_random,art,source_z_l2_stage3,base_class_wrong,690,0.12037274765374362,0.015655071646855104,0.5449275362318841,2070,0.504,250,1.0507670640945435,125,0.06637981534004211
r4_random,art,cosine_stage4,weak_abs_max_lt_0.6,194,0.1220769652683901,0.022661301489871145,0.5679862306368331,581,0.7,50,0.644313395023346,25,0.06525813788175583
r4_random,art,cosine_stage4,middle_abs,646,0.14534976496766733,0.07841821772404696,0.55625,1920,0.5367647058823529,136,0.440278559923172,68,0.05039733648300171
r4_random,art,cosine_stage4,strong_abs_max_ge_0.9,1587,0.1334979356068016,0.034330847011801315,0.5907555930772478,4738,0.5786802030456852,394,0.501002311706543,197,0.04236689209938049
r4_random,art,cosine_stage4,base_class_correct,1737,0.15307908515626545,0.008686946244802022,0.5912168698007352,5169,0.593939393939394,330,0.2760380506515503,165,0.029468784108757973
r4_random,art,cosine_stage4,base_class_wrong,690,0.13706501036025368,0.03499223250759323,0.5512077294685991,2070,0.56,250,1.0507670640945435,125,0.08879093825817108
r4_random,art,source_z_l2_stage4,weak_abs_max_lt_0.6,194,0.145928563414499,0.01994720050035049,0.5800344234079173,581,0.68,50,0.644313395023346,25,0.08599481731653214
r4_random,art,source_z_l2_stage4,middle_abs,646,0.15243903845988138,0.08230311559198544,0.5755208333333334,1920,0.6323529411764706,136,0.440278559923172,68,0.06815828382968903
r4_random,art,source_z_l2_stage4,strong_abs_max_ge_0.9,1587,0.13519328060944258,0.03174309406978789,0.5953989024905023,4738,0.583756345177665,394,0.501002311706543,197,0.04065699502825737
r4_random,art,source_z_l2_stage4,base_class_correct,1737,0.16604552903976666,0.017067575471134827,0.6030179918746372,5169,0.6121212121212121,330,0.2760380506515503,165,0.02899741940200329
r4_random,art,source_z_l2_stage4,base_class_wrong,690,0.13188788444411553,0.034106810715839694,0.553623188405797,2070,0.592,250,1.0507670640945435,125,0.10850344598293304
r4_random,art,cosine_mean4,weak_abs_max_lt_0.6,194,0.1323391314924413,0.022111456354624276,0.5662650602409639,581,0.66,50,0.644313395023346,25,0.0804934874176979
r4_random,art,cosine_mean4,middle_abs,646,0.15080534310638852,0.07983578979308285,0.5604166666666667,1920,0.5588235294117647,136,0.440278559923172,68,0.046882033348083496
r4_random,art,cosine_mean4,strong_abs_max_ge_0.9,1587,0.1374068052909917,0.03571915628081385,0.5888560574081891,4738,0.583756345177665,394,0.501002311706543,197,0.037059955298900604
r4_random,art,cosine_mean4,base_class_correct,1737,0.16158456923783082,0.014659518329277163,0.5941187850648094,5169,0.5969696969696969,330,0.2760380506515503,165,0.03192780911922455
r4_random,art,cosine_mean4,base_class_wrong,690,0.13870460604385676,0.033873867462567715,0.5429951690821256,2070,0.568,250,1.0507670640945435,125,0.07138707488775253
r4_random,art,source_z_l2_mean4,weak_abs_max_lt_0.6,194,0.17986756018819441,0.008960437457951234,0.5714285714285714,581,0.56,50,0.644313395023346,25,0.08421435952186584
r4_random,art,source_z_l2_mean4,middle_abs,646,0.16369293462364926,0.0788950439008364,0.5776041666666667,1920,0.6176470588235294,136,0.440278559923172,68,0.048960745334625244
r4_random,art,source_z_l2_mean4,strong_abs_max_ge_0.9,1587,0.14089654443543873,0.02713824324110445,0.5943436048965809,4738,0.5685279187817259,394,0.501002311706543,197,0.03682797774672508
r4_random,art,source_z_l2_mean4,base_class_correct,1737,0.20061294072873115,0.053624573168887996,0.608047978332366,5169,0.6545454545454545,330,0.2760380506515503,165,0.0383203849196434
r4_random,art,source_z_l2_mean4,base_class_wrong,690,0.11547417220411772,0.005962105105161322,0.5381642512077295,2070,0.48,250,1.0507670640945435,125,0.057753223925828934
b0,clipart,cosine_stage1,weak_abs_max_lt_0.6,596,0.10987022192093499,-0.009510258282618745,0.5219842164599775,1774,0.515748031496063,254,0.9301567077636719,127,0.07575567811727524
b0,clipart,cosine_stage1,middle_abs,1703,0.02972600541827599,0.03881739587351297,0.49646920360925856,5098,0.5015384615384615,650,0.9310413599014282,325,0.0533665306866169
b0,clipart,cosine_stage1,strong_abs_max_ge_0.9,2066,0.031599412809780604,0.038571458306203434,0.5129198966408268,6192,0.46551724137931033,986,1.0405113697052002,493,0.04002140462398529
b0,clipart,cosine_stage1,base_class_correct,2196,-0.0006663660868790704,0.0287829530673115,0.4845203599206954,6557,0.5010989010989011,910,0.5334843397140503,455,-0.06378358602523804
b0,clipart,cosine_stage1,base_class_wrong,2169,0.06445300198465354,0.027847005562870057,0.5311203319502075,6507,0.46938775510204084,980,1.4375756978988647,490,0.1654156595468521
b0,clipart,source_z_l2_stage1,weak_abs_max_lt_0.6,596,0.10454343980135586,-0.009288863594800962,0.5090191657271702,1774,0.5078740157480315,254,0.9301567077636719,127,0.06574345380067825
b0,clipart,source_z_l2_stage1,middle_abs,1703,0.0462365421915579,0.05785367631417051,0.5003923107100824,5098,0.5107692307692308,650,0.9310413599014282,325,0.05980769172310829
b0,clipart,source_z_l2_stage1,strong_abs_max_ge_0.9,2066,0.0250317863600513,0.03657990493585577,0.5103359173126615,6192,0.4695740365111562,986,1.0405113697052002,493,0.032549019902944565
b0,clipart,source_z_l2_stage1,base_class_correct,2196,0.0007442757130207239,0.04272528126468488,0.481622693304865,6557,0.5010989010989011,910,0.5334843397140503,455,-0.07033266127109528
b0,clipart,source_z_l2_stage1,base_class_wrong,2169,0.06808007989345284,0.025609056833472463,0.5311203319502075,6507,0.4775510204081633,980,1.4375756978988647,490,0.167234867811203
b0,clipart,cosine_stage2,weak_abs_max_lt_0.6,596,0.11574880042950018,-0.02143611591488409,0.5349492671927847,1774,0.5551181102362205,254,0.9301567077636719,127,0.1028398871421814
b0,clipart,cosine_stage2,middle_abs,1703,0.018157469350955392,0.018808968407816797,0.4992153785798352,5098,0.5246153846153846,650,0.9310413599014282,325,0.06273110210895538
b0,clipart,cosine_stage2,strong_abs_max_ge_0.9,2066,0.02603979574084801,0.01866614274367991,0.5176033591731266,6192,0.4645030425963489,986,1.0405113697052002,493,0.044202763587236404
b0,clipart,cosine_stage2,base_class_correct,2196,-0.012539356013132457,0.01525109915136988,0.4918407808448986,6557,0.5263736263736264,910,0.5334843397140503,455,-0.05323658511042595
b0,clipart,cosine_stage2,base_class_wrong,2169,0.06192296095602049,0.007262654854137662,0.5338865836791148,6507,0.4704081632653061,980,1.4375756978988647,490,0.17351503670215607
b0,clipart,source_z_l2_stage2,weak_abs_max_lt_0.6,596,0.11877673601063639,-0.02444603592013276,0.5231116121758738,1774,0.5393700787401575,254,0.9301567077636719,127,0.0809827595949173
b0,clipart,source_z_l2_stage2,middle_abs,1703,0.042385338734848635,0.04419569914938473,0.5109846998823068,5098,0.52,650,0.9310413599014282,325,0.07104924321174622
b0,clipart,source_z_l2_stage2,strong_abs_max_ge_0.9,2066,0.027965767702169884,0.01615612822620931,0.5234173126614987,6192,0.4766734279918864,986,1.0405113697052002,493,0.0497734434902668
b0,clipart,source_z_l2_stage2,base_class_correct,2196,-0.004907692338594036,0.02903816134777956,0.496721061461034,6557,0.5175824175824176,910,0.5334843397140503,455,-0.0588153712451458
b0,clipart,source_z_l2_stage2,base_class_wrong,2169,0.07442473376604022,0.00949913871007631,0.5404948516981712,6507,0.48367346938775513,980,1.4375756978988647,490,0.18499448895454407
b0,clipart,cosine_stage3,weak_abs_max_lt_0.6,596,0.10061154758478935,-0.011856754902696555,0.5377677564825254,1774,0.5354330708661418,254,0.9301567077636719,127,0.0782904177904129
b0,clipart,cosine_stage3,middle_abs,1703,0.014401692132386026,0.02595497680126551,0.5103962338171832,5098,0.5015384615384615,650,0.9310413599014282,325,0.06664308905601501
b0,clipart,cosine_stage3,strong_abs_max_ge_0.9,2066,0.012362067999109428,0.0478272704789659,0.5064599483204134,6192,0.4563894523326572,986,1.0405113697052002,493,0.026073740795254707
b0,clipart,cosine_stage3,base_class_correct,2196,-0.03842442447187387,0.008244829510129009,0.5014488333079152,6557,0.4857142857142857,910,0.5334843397140503,455,-0.06984920799732208
b0,clipart,cosine_stage3,base_class_wrong,2169,0.060173685643784044,0.047297977065422506,0.5231289380666974,6507,0.47959183673469385,980,1.4375756978988647,490,0.16939209401607513
b0,clipart,source_z_l2_stage3,weak_abs_max_lt_0.6,596,0.12004102043559112,0.011246412643742551,0.5315670800450958,1774,0.5433070866141733,254,0.9301567077636719,127,0.07428015768527985
b0,clipart,source_z_l2_stage3,middle_abs,1703,0.029933091663835645,0.05032402592283638,0.5149078069831307,5098,0.5123076923076924,650,0.9310413599014282,325,0.07063216716051102
b0,clipart,source_z_l2_stage3,strong_abs_max_ge_0.9,2066,0.018447628667057753,0.040091450308407064,0.5096899224806202,6192,0.45334685598377283,986,1.0405113697052002,493,0.02556331641972065
b0,clipart,source_z_l2_stage3,base_class_correct,2196,-0.023843691437982296,0.03685215567529832,0.5002287631538813,6557,0.4901098901098901,910,0.5334843397140503,455,-0.06665442138910294
b0,clipart,source_z_l2_stage3,base_class_wrong,2169,0.0699071489884863,0.03932179533146659,0.5292761641309359,6507,0.4816326530612245,980,1.4375756978988647,490,0.16770145297050476
b0,clipart,cosine_stage4,weak_abs_max_lt_0.6,596,0.09097994773073913,0.02866390604301809,0.5186020293122886,1774,0.531496062992126,254,0.9301567077636719,127,0.05775142461061478
b0,clipart,cosine_stage4,middle_abs,1703,-0.011169153854012539,0.04421422504573491,0.5019615535504119,5098,0.5076923076923077,650,0.9310413599014282,325,0.025029117241501808
b0,clipart,cosine_stage4,strong_abs_max_ge_0.9,2066,-0.00866638300124583,0.042673472934269846,0.4888565891472868,6192,0.45233265720081134,986,1.0405113697052002,493,-0.0071727074682712555
b0,clipart,cosine_stage4,base_class_correct,2196,-0.03555939592716023,0.01968873519163839,0.48406283361293273,6557,0.46813186813186813,910,0.5334843397140503,455,-0.0789562314748764
b0,clipart,cosine_stage4,base_class_wrong,2169,0.028507285843469374,0.053098248497795326,0.5120639311510681,6507,0.49489795918367346,980,1.4375756978988647,490,0.10862772166728973
b0,clipart,source_z_l2_stage4,weak_abs_max_lt_0.6,596,0.10660611210252688,0.03007572768580534,0.5332581736189402,1774,0.5118110236220472,254,0.9301567077636719,127,0.060315828770399094
b0,clipart,source_z_l2_stage4,middle_abs,1703,0.00281267350973807,0.04267954391017116,0.4945076500588466,5098,0.4876923076923077,650,0.9310413599014282,325,0.0321541465818882
b0,clipart,source_z_l2_stage4,strong_abs_max_ge_0.9,2066,-0.004918066046906272,0.04530389372869902,0.49014857881136953,6192,0.4513184584178499,986,1.0405113697052002,493,-0.007418376859277487
b0,clipart,source_z_l2_stage4,base_class_correct,2196,-0.04097140448303833,0.015917845413312107,0.4918407808448986,6557,0.4758241758241758,910,0.5334843397140503,455,-0.07481925189495087
b0,clipart,source_z_l2_stage4,base_class_wrong,2169,0.04565340391827524,0.05069699351208973,0.5036114953127401,6507,0.4683673469387755,980,1.4375756978988647,490,0.11050412058830261
b0,clipart,cosine_mean4,weak_abs_max_lt_0.6,596,0.10070628584489807,0.02174656030278119,0.5248027057497181,1774,0.5433070866141733,254,0.9301567077636719,127,0.06581399589776993
b0,clipart,cosine_mean4,middle_abs,1703,-0.0032393047349848782,0.044468814017945196,0.4994115339348764,5098,0.5046153846153846,650,0.9310413599014282,325,0.03619059920310974
b0,clipart,cosine_mean4,strong_abs_max_ge_0.9,2066,-0.0005632919711089524,0.04316962852127876,0.4865956072351421,6192,0.44929006085192696,986,1.0405113697052002,493,-0.0019979143980890512
b0,clipart,cosine_mean4,base_class_correct,2196,-0.032179433947544786,0.02114366123399428,0.4814701845356108,6557,0.4725274725274725,910,0.5334843397140503,455,-0.07564494758844376
b0,clipart,cosine_mean4,base_class_wrong,2169,0.039888337721948615,0.050293436928219123,0.512217611802674,6507,0.4887755102040816,980,1.4375756978988647,490,0.12118319422006607
b0,clipart,source_z_l2_mean4,weak_abs_max_lt_0.6,596,0.11530124750273592,-0.007824825317099634,0.5264937993235626,1774,0.531496062992126,254,0.9301567077636719,127,0.07392635196447372
b0,clipart,source_z_l2_mean4,middle_abs,1703,0.039945206497737945,0.055516121066415645,0.5090231463318948,5098,0.5230769230769231,650,0.9310413599014282,325,0.06537388265132904
b0,clipart,source_z_l2_mean4,strong_abs_max_ge_0.9,2066,0.023581384022211455,0.03391474740469193,0.5153423772609819,6192,0.4716024340770791,986,1.0405113697052002,493,0.04313671588897705
b0,clipart,source_z_l2_mean4,base_class_correct,2196,-0.008982942532369614,0.03771380148436414,0.49306085099893243,6557,0.5076923076923077,910,0.5334843397140503,455,-0.06504756957292557
b0,clipart,source_z_l2_mean4,base_class_wrong,2169,0.07101512116824933,0.02741798258347605,0.5358844321499923,6507,0.48775510204081635,980,1.4375756978988647,490,0.17858771979808807
r4_real,clipart,cosine_stage1,weak_abs_max_lt_0.6,596,0.06264397239602774,-0.04084436630180631,0.5384146341463415,1640,1.0,4,0.011356987059116364,2,0.000641650811303407
r4_real,clipart,cosine_stage1,middle_abs,1703,0.027381636483903234,-0.03288548755214843,0.5318791946308725,4768,0.3333333333333333,6,0.011876203119754791,3,0.000680263212416321
r4_real,clipart,cosine_stage1,strong_abs_max_ge_0.9,2066,0.050412234280723986,-0.03458590370107108,0.5414650425496412,5993,0.0,8,0.011802968569099903,4,0.001235238160006702
r4_real,clipart,cosine_stage1,base_class_correct,2196,0.06874786100178339,0.008676137939771058,0.5561379776800811,5914,0.3333333333333333,12,0.0062259952537715435,6,0.0005439589149318635
r4_real,clipart,cosine_stage1,base_class_wrong,2169,0.032212976034736135,-0.048510611424433706,0.5202713118544782,6487,0.3333333333333333,6,0.01738431677222252,3,0.0013362749014049768
r4_real,clipart,source_z_l2_stage1,weak_abs_max_lt_0.6,596,0.06310074744818217,-0.04610878065191698,0.5292682926829269,1640,0.75,4,0.011356987059116364,2,0.0005949612241238356
r4_real,clipart,source_z_l2_stage1,middle_abs,1703,0.050143201457839265,-0.023983603708266753,0.5381711409395973,4768,0.3333333333333333,6,0.011876203119754791,3,0.0007344832411035895
r4_real,clipart,source_z_l2_stage1,strong_abs_max_ge_0.9,2066,0.06612035204298872,-0.03656513171049955,0.5427999332554647,5993,0.0,8,0.011802968569099903,4,0.0013540908694267273
r4_real,clipart,source_z_l2_stage1,base_class_correct,2196,0.0897453183304819,0.03087412256081981,0.555799797091647,5914,0.25,12,0.0062259952537715435,6,0.0005484080174937844
r4_real,clipart,source_z_l2_stage1,base_class_wrong,2169,0.047289350245980785,-0.04857167303139895,0.5241251734237706,6487,0.3333333333333333,6,0.01738431677222252,3,0.0014747210079804063
r4_real,clipart,cosine_stage2,weak_abs_max_lt_0.6,596,0.04761375774363039,-0.07813270492908486,0.5475609756097561,1640,1.0,4,0.011356987059116364,2,0.0007868609973229468
r4_real,clipart,cosine_stage2,middle_abs,1703,0.012265700321513452,-0.049993577768931735,0.5373322147651006,4768,0.3333333333333333,6,0.011876203119754791,3,0.0009029216016642749
r4_real,clipart,cosine_stage2,strong_abs_max_ge_0.9,2066,0.042301151924251955,-0.047338682228451556,0.5463040213582513,5993,0.0,8,0.011802968569099903,4,0.0012853932566940784
r4_real,clipart,cosine_stage2,base_class_correct,2196,0.05213344110683861,-0.00919596758852592,0.5600270544470748,5914,0.3333333333333333,12,0.0062259952537715435,6,0.0006351903430186212
r4_real,clipart,cosine_stage2,base_class_wrong,2169,0.021527480063295114,-0.06856776349654217,0.527516571604748,6487,0.3333333333333333,6,0.01738431677222252,3,0.0015064036706462502
r4_real,clipart,source_z_l2_stage2,weak_abs_max_lt_0.6,596,0.061873243071354764,-0.0850666914951143,0.550609756097561,1640,1.0,4,0.011356987059116364,2,0.0007798573933541775
r4_real,clipart,source_z_l2_stage2,middle_abs,1703,0.040893636850174754,-0.045574478288166166,0.5408976510067114,4768,0.3333333333333333,6,0.011876203119754791,3,0.0009290025918744504
r4_real,clipart,source_z_l2_stage2,strong_abs_max_ge_0.9,2066,0.06853145263648036,-0.04281151215423227,0.556816285666611,5993,0.0,8,0.011802968569099903,4,0.001527271349914372
r4_real,clipart,source_z_l2_stage2,base_class_correct,2196,0.08375109227785005,0.015202032293914656,0.571017923571187,5914,0.3333333333333333,12,0.0062259952537715435,6,0.000687752035446465
r4_real,clipart,source_z_l2_stage2,base_class_wrong,2169,0.04549171429957805,-0.06912866198757006,0.530599660860182,6487,0.3333333333333333,6,0.01738431677222252,3,0.001702132518403232
r4_real,clipart,cosine_stage3,weak_abs_max_lt_0.6,596,0.07265886934493455,-0.034641788428477045,0.5548780487804879,1640,1.0,4,0.011356987059116364,2,0.0009027246269397438
r4_real,clipart,cosine_stage3,middle_abs,1703,0.029273503957031533,-0.03298413195492738,0.542994966442953,4768,0.5,6,0.011876203119754791,3,0.0008945218869484961
r4_real,clipart,cosine_stage3,strong_abs_max_ge_0.9,2066,0.05425488025132249,-0.005967066157118485,0.547138328049391,5993,0.0,8,0.011802968569099903,4,0.00131905113812536
r4_real,clipart,cosine_stage3,base_class_correct,2196,0.0482372604787693,-0.022189907474515817,0.5689888400405817,5914,0.4166666666666667,12,0.0062259952537715435,6,0.0005944825825281441
r4_real,clipart,cosine_stage3,base_class_wrong,2169,0.04805375099335304,-0.018259534198343426,0.5261291814398027,6487,0.3333333333333333,6,0.01738431677222252,3,0.0016049195546656847
r4_real,clipart,source_z_l2_stage3,weak_abs_max_lt_0.6,596,0.06546436934011086,-0.04548351250440936,0.5603658536585366,1640,1.0,4,0.011356987059116364,2,0.0008919303072616458
r4_real,clipart,source_z_l2_stage3,middle_abs,1703,0.029903090536070025,-0.015500757911420365,0.5503355704697986,4768,0.3333333333333333,6,0.011876203119754791,3,0.000999179668724537
r4_real,clipart,source_z_l2_stage3,strong_abs_max_ge_0.9,2066,0.05267560005433488,-0.004778731799528418,0.546971466711163,5993,0.0,8,0.011802968569099903,4,0.0012509285006672144
r4_real,clipart,source_z_l2_stage3,base_class_correct,2196,0.051148935721600855,-0.0007686200363087673,0.5776124450456543,5914,0.3333333333333333,12,0.0062259952537715435,6,0.0006480570300482213
r4_real,clipart,source_z_l2_stage3,base_class_wrong,2169,0.04427087675965317,-0.011889465110172711,0.5248959457376291,6487,0.3333333333333333,6,0.01738431677222252,3,0.0015649973647668958
r4_real,clipart,cosine_stage4,weak_abs_max_lt_0.6,596,0.05668194552496186,-0.013315744109434407,0.49878048780487805,1640,0.5,4,0.011356987059116364,2,0.0006128640379756689
r4_real,clipart,cosine_stage4,middle_abs,1703,-0.043807809824838256,-0.024194906730577063,0.5035654362416108,4768,0.6666666666666666,6,0.011876203119754791,3,0.00010400432802271098
r4_real,clipart,cosine_stage4,strong_abs_max_ge_0.9,2066,-0.03294952454608284,-0.028388138975285394,0.5057567161688636,5993,0.125,8,0.011802968569099903,4,0.00035849949927069247
r4_real,clipart,cosine_stage4,base_class_correct,2196,-0.08165049196929901,-0.07565722547966316,0.49357456881974976,5914,0.4166666666666667,12,0.0062259952537715435,6,-0.0001921154762385413
r4_real,clipart,cosine_stage4,base_class_wrong,2169,0.005538084012815072,-0.00022086362025872255,0.5134885154925235,6487,0.3333333333333333,6,0.01738431677222252,3,0.0007860451587475836
r4_real,clipart,source_z_l2_stage4,weak_abs_max_lt_0.6,596,0.06677523388930047,-0.04040840467707149,0.5219512195121951,1640,1.0,4,0.011356987059116364,2,0.0004360954335425049
r4_real,clipart,source_z_l2_stage4,middle_abs,1703,-0.010262570182376378,-0.03347070629201932,0.522231543624161,4768,0.5,6,0.011876203119754791,3,0.00048131245421245694
r4_real,clipart,source_z_l2_stage4,strong_abs_max_ge_0.9,2066,0.01524373537187638,-0.0016902785476064078,0.5359586183881194,5993,0.125,8,0.011802968569099903,4,0.0007100800867192447
r4_real,clipart,source_z_l2_stage4,base_class_correct,2196,-0.031192055396893324,-0.06040414469363521,0.5373689550219818,5914,0.5,12,0.0062259952537715435,6,0.00019359977159183472
r4_real,clipart,source_z_l2_stage4,base_class_wrong,2169,0.03625837035206775,0.0006710813668178639,0.5210420841683366,6487,0.3333333333333333,6,0.01738431677222252,3,0.0009780857944861054
r4_real,clipart,cosine_mean4,weak_abs_max_lt_0.6,596,0.05907335320291387,-0.02409763743741937,0.5195121951219512,1640,0.75,4,0.011356987059116364,2,0.0005968171753920615
r4_real,clipart,cosine_mean4,middle_abs,1703,-0.03032185832656089,-0.030085984090306456,0.5096476510067114,4768,0.6666666666666666,6,0.011876203119754791,3,0.00016535063332412392
r4_real,clipart,cosine_mean4,strong_abs_max_ge_0.9,2066,-0.016323883293889074,-0.0328112808969871,0.5095945269481061,5993,0.125,8,0.011802968569099903,4,0.0004418808384798467
r4_real,clipart,cosine_mean4,base_class_correct,2196,-0.054157780278965464,-0.06741235620504334,0.5096381467703753,5914,0.5,12,0.0062259952537715435,6,-3.2212617952609435e-05
r4_real,clipart,cosine_mean4,base_class_wrong,2169,0.01185700121167781,-0.011492940441721222,0.5121011253275782,6487,0.3333333333333333,6,0.01738431677222252,3,0.0007473305449821055
r4_real,clipart,source_z_l2_mean4,weak_abs_max_lt_0.6,596,0.06493967919067038,-0.06372515614377033,0.5396341463414634,1640,1.0,4,0.011356987059116364,2,0.0006652700249105692
r4_real,clipart,source_z_l2_mean4,middle_abs,1703,0.03999951048117985,-0.03352116779183118,0.5383808724832215,4768,0.3333333333333333,6,0.011876203119754791,3,0.0008290753467008471
r4_real,clipart,source_z_l2_mean4,strong_abs_max_ge_0.9,2066,0.06324906865102345,-0.0325183430152874,0.5501418321374938,5993,0.0,8,0.011802968569099903,4,0.0014417986385524273
r4_real,clipart,source_z_l2_mean4,base_class_correct,2196,0.0743084807458142,0.01313002132190047,0.5635779506256341,5914,0.3333333333333333,12,0.0062259952537715435,6,0.0006131312693469226
r4_real,clipart,source_z_l2_mean4,base_class_wrong,2169,0.046645722033569835,-0.04796797510608242,0.5265916448281178,6487,0.3333333333333333,6,0.01738431677222252,3,0.0015863236039876938
r4_random,clipart,cosine_stage1,weak_abs_max_lt_0.6,596,0.12252577550031651,-0.08671239420840722,0.5085910652920962,1746,0.5625,128,0.5561360716819763,64,0.08526278287172318
r4_random,clipart,cosine_stage1,middle_abs,1703,0.11175592911642597,0.04811253165162617,0.4990141955835962,5072,0.5532544378698225,338,0.5402758717536926,169,0.07592637091875076
r4_random,clipart,cosine_stage1,strong_abs_max_ge_0.9,2066,0.10534601962584003,0.0013968215826964411,0.5202910266774454,6185,0.48007246376811596,552,0.5968491435050964,276,0.12806318700313568
r4_random,clipart,cosine_stage1,base_class_correct,2196,0.05759355047144973,0.01485393870843613,0.47829433497536944,6496,0.5386363636363637,440,0.2902831733226776,220,-0.0003638580092228949
r4_random,clipart,cosine_stage1,base_class_wrong,2169,0.13912501163031638,-0.014816615636564345,0.5424927001690487,6507,0.49653979238754326,578,0.8516254425048828,289,0.20539270341396332
r4_random,clipart,source_z_l2_stage1,weak_abs_max_lt_0.6,596,0.1309594756896622,-0.06480097980439797,0.5040091638029782,1746,0.5859375,128,0.5561360716819763,64,0.07859912514686584
r4_random,clipart,source_z_l2_stage1,middle_abs,1703,0.13474363735733744,0.07914759165829957,0.49881703470031546,5072,0.5650887573964497,338,0.5402758717536926,169,0.07023290544748306
r4_random,clipart,source_z_l2_stage1,strong_abs_max_ge_0.9,2066,0.11911765106812469,0.01096977034473945,0.5149555375909458,6185,0.47644927536231885,552,0.5968491435050964,276,0.11992581188678741
r4_random,clipart,source_z_l2_stage1,base_class_correct,2196,0.07019394170440793,0.04033824073600637,0.4733682266009852,6496,0.5386363636363637,440,0.2902831733226776,220,-0.007114427164196968
r4_random,clipart,source_z_l2_stage1,base_class_wrong,2169,0.16005268436993686,-0.001482597421433619,0.5409558936529891,6507,0.5051903114186851,578,0.8516254425048828,289,0.1981750726699829
r4_random,clipart,cosine_stage2,weak_abs_max_lt_0.6,596,0.11858565792878234,-0.08870257899361339,0.5246277205040092,1746,0.5703125,128,0.5561360716819763,64,0.09874650835990906
r4_random,clipart,cosine_stage2,middle_abs,1703,0.09653538630486654,0.026340573840729607,0.5118296529968455,5072,0.591715976331361,338,0.5402758717536926,169,0.08879076689481735
r4_random,clipart,cosine_stage2,strong_abs_max_ge_0.9,2066,0.12052144070505809,0.01766940518018195,0.5299919159256266,6185,0.4891304347826087,552,0.5968491435050964,276,0.13455064594745636
r4_random,clipart,cosine_stage2,base_class_correct,2196,0.058109902996307444,0.019762002567183183,0.49107142857142855,6496,0.55,440,0.2902831733226776,220,0.007478287443518639
r4_random,clipart,cosine_stage2,base_class_wrong,2169,0.13966028798411723,-0.012607117814497804,0.5532503457814661,6507,0.5207612456747405,578,0.8516254425048828,289,0.2174379676580429
r4_random,clipart,source_z_l2_stage2,weak_abs_max_lt_0.6,596,0.14341500372047125,-0.0729160959701461,0.5211912943871707,1746,0.609375,128,0.5561360716819763,64,0.09286954253911972
r4_random,clipart,source_z_l2_stage2,middle_abs,1703,0.13348034000643666,0.06425125223100214,0.508083596214511,5072,0.5710059171597633,338,0.5402758717536926,169,0.08008728176355362
r4_random,clipart,source_z_l2_stage2,strong_abs_max_ge_0.9,2066,0.14122974165454694,0.016305053572170315,0.5293451899757478,6185,0.4855072463768116,552,0.5968491435050964,276,0.13628485798835754
r4_random,clipart,source_z_l2_stage2,base_class_correct,2196,0.07868839228655057,0.039334008465254,0.48429802955665024,6496,0.5522727272727272,440,0.2902831733226776,220,0.001280652591958642
r4_random,clipart,source_z_l2_stage2,base_class_wrong,2169,0.17314581583586175,-0.00566544796016709,0.5555555555555556,6507,0.5121107266435986,578,0.8516254425048828,289,0.21691612899303436
r4_random,clipart,cosine_stage3,weak_abs_max_lt_0.6,596,0.11084585375255558,-0.07204166457123051,0.5309278350515464,1746,0.625,128,0.5561360716819763,64,0.08725802600383759
r4_random,clipart,cosine_stage3,middle_abs,1703,0.08808874991323601,0.04720838431627149,0.5005914826498423,5072,0.5473372781065089,338,0.5402758717536926,169,0.07761067152023315
r4_random,clipart,cosine_stage3,strong_abs_max_ge_0.9,2066,0.08079946177164102,0.029045738930426772,0.5181891673403395,6185,0.4891304347826087,552,0.5968491435050964,276,0.11921380460262299
r4_random,clipart,cosine_stage3,base_class_correct,2196,0.02453400311950307,0.016895067286172995,0.4872229064039409,6496,0.509090909090909,440,0.2902831733226776,220,-0.00341694219969213
r4_random,clipart,cosine_stage3,base_class_wrong,2169,0.12249721551439298,0.012881418921984522,0.5388043645305056,6507,0.5380622837370242,578,0.8516254425048828,289,0.2019253522157669
r4_random,clipart,source_z_l2_stage3,weak_abs_max_lt_0.6,596,0.13366917184570565,-0.05294338977790747,0.5297823596792669,1746,0.6171875,128,0.5561360716819763,64,0.08156567811965942
r4_random,clipart,source_z_l2_stage3,middle_abs,1703,0.10246030445187201,0.05621366852035013,0.5043375394321766,5072,0.5384615384615384,338,0.5402758717536926,169,0.07591243088245392
r4_random,clipart,source_z_l2_stage3,strong_abs_max_ge_0.9,2066,0.10471690007490614,0.03300909689627737,0.5210994341147939,6185,0.4855072463768116,552,0.5968491435050964,276,0.1195790097117424
r4_random,clipart,source_z_l2_stage3,base_class_correct,2196,0.03633283073138924,0.024566509182564724,0.4898399014778325,6496,0.5204545454545455,440,0.2902831733226776,220,-0.0043045454658567905
r4_random,clipart,source_z_l2_stage3,base_class_wrong,2169,0.1461398812017198,0.02096289004052509,0.5415706162594129,6507,0.5190311418685121,578,0.8516254425048828,289,0.20027433335781097
r4_random,clipart,cosine_stage4,weak_abs_max_lt_0.6,596,0.0825723360464264,-0.02527316185534079,0.506872852233677,1746,0.5859375,128,0.5561360716819763,64,0.06108858063817024
r4_random,clipart,cosine_stage4,middle_abs,1703,0.011817769433508403,0.04840752722366286,0.48087539432176657,5072,0.514792899408284,338,0.5402758717536926,169,0.0233200304210186
r4_random,clipart,cosine_stage4,strong_abs_max_ge_0.9,2066,-0.04916106712793597,0.009944343023410265,0.4824575586095392,6185,0.47101449275362317,552,0.5968491435050964,276,0.03943859785795212
r4_random,clipart,cosine_stage4,base_class_correct,2196,-0.03067188300306593,0.015491828760899629,0.47783251231527096,6496,0.44772727272727275,440,0.2902831733226776,220,-0.03238198906183243
r4_random,clipart,cosine_stage4,base_class_wrong,2169,0.006461922905784959,0.01893541265527506,0.49239280774550487,6507,0.5397923875432526,578,0.8516254425048828,289,0.10544665902853012
r4_random,clipart,source_z_l2_stage4,weak_abs_max_lt_0.6,596,0.12085798238193705,0.011893736136329873,0.5189003436426117,1746,0.5859375,128,0.5561360716819763,64,0.07196661084890366
r4_random,clipart,source_z_l2_stage4,middle_abs,1703,0.05007137388633673,0.047589715038966245,0.47791798107255523,5072,0.5118343195266272,338,0.5402758717536926,169,0.03997017815709114
r4_random,clipart,source_z_l2_stage4,strong_abs_max_ge_0.9,2066,0.0010047307304008168,0.0146477011306989,0.49781729991915924,6185,0.48188405797101447,552,0.5968491435050964,276,0.05970137193799019
r4_random,clipart,source_z_l2_stage4,base_class_correct,2196,-0.005018410299815369,0.02144553642619457,0.48091133004926107,6496,0.4659090909090909,440,0.2902831733226776,220,-0.021703893318772316
r4_random,clipart,source_z_l2_stage4,base_class_wrong,2169,0.062452136672612193,0.02358964585848085,0.5048409405255878,6507,0.5346020761245674,578,0.8516254425048828,289,0.12999820709228516
r4_random,clipart,cosine_mean4,weak_abs_max_lt_0.6,596,0.09565373902669688,-0.03956046094195871,0.5114547537227949,1746,0.59375,128,0.5561360716819763,64,0.06258390098810196
r4_random,clipart,cosine_mean4,middle_abs,1703,0.03602865803788671,0.050041035943940784,0.48580441640378547,5072,0.5059171597633136,338,0.5402758717536926,169,0.039023011922836304
r4_random,clipart,cosine_mean4,strong_abs_max_ge_0.9,2066,-0.013670919134565319,0.011197934339163131,0.4902182700080841,6185,0.4601449275362319,552,0.5968491435050964,276,0.06148023530840874
r4_random,clipart,cosine_mean4,base_class_correct,2196,-0.01226893279625768,0.017055961842476423,0.47844827586206895,6496,0.45,440,0.2902831733226776,220,-0.025322485715150833
r4_random,clipart,cosine_mean4,base_class_wrong,2169,0.04199947696367783,0.014430910894005809,0.504226217919164,6507,0.5242214532871973,578,0.8516254425048828,289,0.13203437626361847
r4_random,clipart,source_z_l2_mean4,weak_abs_max_lt_0.6,596,0.13838333319717278,-0.06352463445359537,0.5154639175257731,1746,0.6015625,128,0.5561360716819763,64,0.0826525092124939
r4_random,clipart,source_z_l2_mean4,middle_abs,1703,0.12594467825660763,0.07401954075976104,0.5039432176656151,5072,0.5680473372781065,338,0.5402758717536926,169,0.07229416072368622
r4_random,clipart,source_z_l2_mean4,strong_abs_max_ge_0.9,2066,0.12004630553355201,0.01788725788624007,0.5207760711398545,6185,0.483695652173913,552,0.5968491435050964,276,0.12578707933425903
r4_random,clipart,source_z_l2_mean4,base_class_correct,2196,0.06383539107335977,0.03872457965873922,0.48091133004926107,6496,0.5386363636363637,440,0.2902831733226776,220,-0.004692570772022009
r4_random,clipart,source_z_l2_mean4,base_class_wrong,2169,0.15964220319933087,0.003734199569332375,0.5460273551559859,6507,0.5173010380622838,578,0.8516254425048828,289,0.20403818786144257
b0,product,cosine_stage1,weak_abs_max_lt_0.6,274,-0.002996624896850246,0.01590188091644342,0.4889975550122249,818,0.5671641791044776,134,0.8492441773414612,67,-0.0683835968375206
b0,product,cosine_stage1,middle_abs,915,0.023553674766756443,-0.0011101934281999436,0.5023765996343693,2735,0.5321637426900585,342,0.7819746732711792,171,-0.060686346143484116
b0,product,cosine_stage1,strong_abs_max_ge_0.9,3250,0.009948352723507635,0.07515818630847064,0.5259289928578822,9661,0.5184804928131417,974,0.49212974309921265,487,-0.10494951903820038
b0,product,cosine_stage1,base_class_correct,3633,0.007913881025272242,0.06134531217152415,0.5244535012967766,10796,0.5089641434262948,1004,0.37085431814193726,502,-0.0738656297326088
b0,product,cosine_stage1,base_class_wrong,806,0.023275504147767762,0.08358947995014869,0.4933829611248966,2418,0.5650224215246636,446,1.48921537399292,223,-0.18237872421741486
b0,product,source_z_l2_stage1,weak_abs_max_lt_0.6,274,-0.017127502332178326,0.014325322464129635,0.4743276283618582,818,0.5,134,0.8492441773414612,67,-0.1123572587966919
b0,product,source_z_l2_stage1,middle_abs,915,0.004271394868304941,-0.012809576720619881,0.5078610603290676,2735,0.543859649122807,342,0.7819746732711792,171,-0.0526001863181591
b0,product,source_z_l2_stage1,strong_abs_max_ge_0.9,3250,-0.0006038627451178973,0.06835568470418098,0.5214781078563295,9661,0.4917864476386037,974,0.49212974309921265,487,-0.11602271348237991
b0,product,source_z_l2_stage1,base_class_correct,3633,0.005465788257379278,0.05774167194484443,0.5217673212300852,10796,0.50199203187251,1004,0.37085431814193726,502,-0.08457516133785248
b0,product,source_z_l2_stage1,base_class_wrong,806,-0.011662875082866788,0.0680477240830763,0.48883374689826303,2418,0.5112107623318386,446,1.48921537399292,223,-0.18452522158622742
b0,product,cosine_stage2,weak_abs_max_lt_0.6,274,-0.009739654526872182,0.007123856022864402,0.48533007334963324,818,0.664179104477612,134,0.8492441773414612,67,-0.06170347332954407
b0,product,cosine_stage2,middle_abs,915,0.021119149784800395,-0.014477681957903483,0.5042047531992687,2735,0.5116959064327485,342,0.7819746732711792,171,-0.04048943892121315
b0,product,cosine_stage2,strong_abs_max_ge_0.9,3250,0.01751223576452998,0.07148156990160415,0.534520236000414,9661,0.5297741273100616,974,0.49212974309921265,487,-0.0967457965016365
b0,product,cosine_stage2,base_class_correct,3633,0.014534010094253407,0.06492984039604253,0.5283438310485365,10796,0.5199203187250996,1004,0.37085431814193726,502,-0.06911560893058777
b0,product,cosine_stage2,base_class_wrong,806,0.0227150072657618,0.053159784214765554,0.511166253101737,2418,0.57847533632287,446,1.48921537399292,223,-0.14551039040088654
b0,product,source_z_l2_stage2,weak_abs_max_lt_0.6,274,-0.025062269773065735,0.016653766316443636,0.4706601466992665,818,0.5223880597014925,134,0.8492441773414612,67,-0.09948202967643738
b0,product,source_z_l2_stage2,middle_abs,915,0.00932433705280627,-0.01252175540976385,0.5042047531992687,2735,0.5175438596491229,342,0.7819746732711792,171,-0.026398353278636932
b0,product,source_z_l2_stage2,strong_abs_max_ge_0.9,3250,0.02124425286181414,0.06731616491075,0.5370044508850016,9661,0.5225872689938398,974,0.49212974309921265,487,-0.09127525240182877
b0,product,source_z_l2_stage2,base_class_correct,3633,0.02721286129045811,0.059954275930276614,0.5324194145979992,10796,0.5189243027888446,1004,0.37085431814193726,502,-0.06446200609207153
b0,product,source_z_l2_stage2,base_class_wrong,806,-0.005220837750798755,0.060905341381519366,0.49793217535153017,2418,0.5269058295964125,446,1.48921537399292,223,-0.14127379655838013
b0,product,cosine_stage3,weak_abs_max_lt_0.6,274,0.009615584239187598,-0.00962548521406589,0.48166259168704156,818,0.5522388059701493,134,0.8492441773414612,67,-0.07358995079994202
b0,product,cosine_stage3,middle_abs,915,-0.010314972231337791,-0.06385614004039245,0.5020109689213894,2735,0.5058479532163743,342,0.7819746732711792,171,-0.03583193197846413
b0,product,cosine_stage3,strong_abs_max_ge_0.9,3250,0.06809137566704772,0.061112746213913965,0.5519097401925267,9661,0.5513347022587269,974,0.49212974309921265,487,-0.07065457105636597
b0,product,cosine_stage3,base_class_correct,3633,0.053265065341338,0.03630486397565931,0.5439977769544275,10796,0.5358565737051793,1004,0.37085431814193726,502,-0.05548058822751045
b0,product,cosine_stage3,base_class_wrong,806,0.03649524237664964,0.034923354228798754,0.5070306038047974,2418,0.5515695067264574,446,1.48921537399292,223,-0.1005164384841919
b0,product,source_z_l2_stage3,weak_abs_max_lt_0.6,274,-0.021313642832369997,0.0026378060858620427,0.49266503667481665,818,0.5597014925373134,134,0.8492441773414612,67,-0.08287407457828522
b0,product,source_z_l2_stage3,middle_abs,915,-0.010288012493651171,-0.04337166305233425,0.5085923217550274,2735,0.5146198830409356,342,0.7819746732711792,171,-0.03051937371492386
b0,product,source_z_l2_stage3,strong_abs_max_ge_0.9,3250,0.04713405612208643,0.06513229441097942,0.555015008798261,9661,0.5513347022587269,974,0.49212974309921265,487,-0.07573450356721878
b0,product,source_z_l2_stage3,base_class_correct,3633,0.04406589821530607,0.04746485095220921,0.5505742867728789,10796,0.5507968127490039,1004,0.37085431814193726,502,-0.052460018545389175
b0,product,source_z_l2_stage3,base_class_wrong,806,0.0019261370641161979,0.04325992075279199,0.5012406947890818,2418,0.5269058295964125,446,1.48921537399292,223,-0.13174018263816833
b0,product,cosine_stage4,weak_abs_max_lt_0.6,274,0.03629185103923482,-0.012488526633753135,0.48655256723716384,818,0.5298507462686567,134,0.8492441773414612,67,-0.059448570013046265
b0,product,cosine_stage4,middle_abs,915,0.022522095068505603,-0.06578965228111909,0.5111517367458867,2735,0.5087719298245614,342,0.7819746732711792,171,-0.02584267035126686
b0,product,cosine_stage4,strong_abs_max_ge_0.9,3250,0.11229769017412437,0.04343615707347899,0.5880343649725701,9661,0.5893223819301848,974,0.49212974309921265,487,-0.020923729985952377
b0,product,cosine_stage4,base_class_correct,3633,0.09332186882546627,0.018065674692812807,0.5704890700259355,10796,0.5647410358565738,1004,0.37085431814193726,502,-0.028648771345615387
b0,product,cosine_stage4,base_class_wrong,806,0.093796920362909,0.02688646532027189,0.5450785773366419,2418,0.5650224215246636,446,1.48921537399292,223,-0.004784229211509228
b0,product,source_z_l2_stage4,weak_abs_max_lt_0.6,274,0.010676509632995166,-0.02150801144824309,0.4963325183374083,818,0.5522388059701493,134,0.8492441773414612,67,-0.07058374583721161
b0,product,source_z_l2_stage4,middle_abs,915,0.01855325360198434,-0.06419192277191982,0.5104204753199268,2735,0.5058479532163743,342,0.7819746732711792,171,-0.041952814906835556
b0,product,source_z_l2_stage4,strong_abs_max_ge_0.9,3250,0.09473429252287371,0.03823448825154561,0.583686988924542,9661,0.5934291581108829,974,0.49212974309921265,487,-0.029232332482933998
b0,product,source_z_l2_stage4,base_class_correct,3633,0.07894120808935758,0.015877381817655967,0.5704890700259355,10796,0.5737051792828686,1004,0.37085431814193726,502,-0.031125204637646675
b0,product,source_z_l2_stage4,base_class_wrong,806,0.06669617173576689,0.011127825178651,0.5301902398676592,2418,0.5582959641255605,446,1.48921537399292,223,-0.04919848218560219
b0,product,cosine_mean4,weak_abs_max_lt_0.6,274,0.029422599820520562,-0.008486996545016315,0.48533007334963324,818,0.5522388059701493,134,0.8492441773414612,67,-0.06165554001927376
b0,product,cosine_mean4,middle_abs,915,0.023226312945678403,-0.0577632003048272,0.5053016453382084,2735,0.49707602339181284,342,0.7819746732711792,171,-0.03924763575196266
b0,product,cosine_mean4,strong_abs_max_ge_0.9,3250,0.10304355894512629,0.051436880725874795,0.5816168098540524,9661,0.5852156057494866,974,0.49212974309921265,487,-0.03053174912929535
b0,product,cosine_mean4,base_class_correct,3633,0.08507027294903516,0.028068323891842585,0.56557984438681,10796,0.5597609561752988,1004,0.37085431814193726,502,-0.03172750398516655
b0,product,cosine_mean4,base_class_wrong,806,0.08570897876522175,0.0362275459841683,0.5343258891645989,2418,0.5650224215246636,446,1.48921537399292,223,-0.04561707377433777
b0,product,source_z_l2_mean4,weak_abs_max_lt_0.6,274,-0.018859985717495798,0.010589328187631562,0.4792176039119804,818,0.5149253731343284,134,0.8492441773414612,67,-0.10070803761482239
b0,product,source_z_l2_mean4,middle_abs,915,0.00498301980521997,-0.022800302304808093,0.5082266910420475,2735,0.5350877192982456,342,0.7819746732711792,171,-0.03353743255138397
b0,product,source_z_l2_mean4,strong_abs_max_ge_0.9,3250,0.024319092429187554,0.0676683560944929,0.5356588344891833,9661,0.5246406570841889,974,0.49212974309921265,487,-0.09046737849712372
b0,product,source_z_l2_mean4,base_class_correct,3633,0.026918194986126062,0.05565593441642567,0.5322341608002964,10796,0.5249003984063745,1004,0.37085431814193726,502,-0.06483180075883865
b0,product,source_z_l2_mean4,base_class_wrong,806,-0.000404953890507598,0.059472660479439395,0.5008271298593879,2418,0.5291479820627802,446,1.48921537399292,223,-0.14487071335315704
r4_real,product,cosine_stage1,weak_abs_max_lt_0.6,274,-0.09150262740218432,0.02343396593625957,0.5173299101412067,779,0.5,4,0.037254370748996735,2,-0.005417927168309689
r4_real,product,cosine_stage1,middle_abs,915,-0.08113829146365738,0.06443181338362018,0.5135453474676089,2547,0.625,16,0.0331239216029644,8,-0.009602783247828484
r4_real,product,cosine_stage1,strong_abs_max_ge_0.9,3250,-0.03365782339358582,0.03987576792709998,0.5112018669778297,8570,0.4772727272727273,44,0.022204449400305748,22,-0.006717558018863201
r4_real,product,cosine_stage1,base_class_correct,3633,-0.059149534962678545,0.03789802152923886,0.5105196717862402,9506,0.4782608695652174,46,0.01813587173819542,23,-0.006933397147804499
r4_real,product,cosine_stage1,base_class_wrong,806,-0.034966801936571444,0.07326383189067173,0.5184100418410041,2390,0.6111111111111112,18,0.05805573612451553,9,-0.008578278124332428
r4_real,product,source_z_l2_stage1,weak_abs_max_lt_0.6,274,-0.10475859133787621,0.010667517404445156,0.5083440308087291,779,0.5,4,0.037254370748996735,2,-0.00628262385725975
r4_real,product,source_z_l2_stage1,middle_abs,915,-0.10244952624601827,0.0386014699836748,0.5151158225363173,2547,0.6875,16,0.0331239216029644,8,-0.009323631413280964
r4_real,product,source_z_l2_stage1,strong_abs_max_ge_0.9,3250,-0.027381515094498068,0.02648095008240844,0.5093348891481914,8570,0.45454545454545453,44,0.022204449400305748,22,-0.006669891532510519
r4_real,product,source_z_l2_stage1,base_class_correct,3633,-0.05329196692342482,0.026888845363052756,0.5112560488112771,9506,0.45652173913043476,46,0.01813587173819542,23,-0.0067146578803658485
r4_real,product,source_z_l2_stage1,base_class_wrong,806,-0.05348436073281588,0.04656900659843246,0.5075313807531381,2390,0.6666666666666666,18,0.05805573612451553,9,-0.009349079802632332
r4_real,product,cosine_stage2,weak_abs_max_lt_0.6,274,-0.09892758711150615,0.03439221132657384,0.521181001283697,779,0.5,4,0.037254370748996735,2,-0.00391461793333292
r4_real,product,cosine_stage2,middle_abs,915,-0.11957744428995805,0.0474271117323457,0.5257165292500982,2547,0.625,16,0.0331239216029644,8,-0.00852016732096672
r4_real,product,cosine_stage2,strong_abs_max_ge_0.9,3250,-0.05268248846942777,0.03697973455970941,0.5189031505250875,8570,0.4772727272727273,44,0.022204449400305748,22,-0.006837470456957817
r4_real,product,cosine_stage2,base_class_correct,3633,-0.07944540486608068,0.03982742853214064,0.5190406059330949,9506,0.4782608695652174,46,0.01813587173819542,23,-0.006846093572676182
r4_real,product,cosine_stage2,base_class_wrong,806,-0.06537953618027234,0.05512960884254324,0.5263598326359833,2390,0.6111111111111112,18,0.05805573612451553,9,-0.007715235929936171
r4_real,product,source_z_l2_stage2,weak_abs_max_lt_0.6,274,-0.08996588848063858,0.01286821746556283,0.5173299101412067,779,0.5,4,0.037254370748996735,2,-0.004300209693610668
r4_real,product,source_z_l2_stage2,middle_abs,915,-0.08558969509324055,0.041878922493795205,0.5186493914409108,2547,0.625,16,0.0331239216029644,8,-0.008096686564385891
r4_real,product,source_z_l2_stage2,strong_abs_max_ge_0.9,3250,-0.011840873545116391,0.022093197864122064,0.538973162193699,8570,0.45454545454545453,44,0.022204449400305748,22,-0.005648212041705847
r4_real,product,source_z_l2_stage2,base_class_correct,3633,-0.02785092979624695,0.02938325979358934,0.5382916053019146,9506,0.4782608695652174,46,0.01813587173819542,23,-0.005809871945530176
r4_real,product,source_z_l2_stage2,base_class_wrong,806,-0.05914003061624838,0.036541092606874596,0.5129707112970712,2390,0.5555555555555556,18,0.05805573612451553,9,-0.007240882143378258
r4_real,product,cosine_stage3,weak_abs_max_lt_0.6,274,-0.04540277500043669,-0.020969104292031453,0.5224646983311938,779,0.5,4,0.037254370748996735,2,-0.002049541799351573
r4_real,product,cosine_stage3,middle_abs,915,-0.023403624846046876,0.004823272982918427,0.5394581861012956,2547,0.75,16,0.0331239216029644,8,-0.004956830758601427
r4_real,product,cosine_stage3,strong_abs_max_ge_0.9,3250,0.018861986172606714,-0.0005203128191182265,0.5658109684947491,8570,0.5227272727272727,44,0.022204449400305748,22,-0.004548678174614906
r4_real,product,cosine_stage3,base_class_correct,3633,0.02019031731255828,0.0009977337473899897,0.5663791289711761,9506,0.5217391304347826,46,0.01813587173819542,23,-0.004279504530131817
r4_real,product,cosine_stage3,base_class_wrong,806,-0.03759657469580682,0.0025749679062057064,0.5213389121338912,2390,0.7222222222222222,18,0.05805573612451553,9,-0.005375728476792574
r4_real,product,source_z_l2_stage3,weak_abs_max_lt_0.6,274,-0.07669251612299689,-0.03594451148734871,0.5365853658536586,779,0.5,4,0.037254370748996735,2,-0.004276668652892113
r4_real,product,source_z_l2_stage3,middle_abs,915,-0.05408074414465593,0.01695467633679808,0.5355319984295249,2547,0.6875,16,0.0331239216029644,8,-0.005317149218171835
r4_real,product,source_z_l2_stage3,strong_abs_max_ge_0.9,3250,0.014442251539628557,0.0013014682342865314,0.5760793465577596,8570,0.5227272727272727,44,0.022204449400305748,22,-0.004909847863018513
r4_real,product,source_z_l2_stage3,base_class_correct,3633,0.011711008451038958,0.0057337452242432465,0.5765832106038291,9506,0.5434782608695652,46,0.01813587173819542,23,-0.004540141671895981
r4_real,product,source_z_l2_stage3,base_class_wrong,806,-0.06046929677162518,0.003811738050331636,0.5179916317991632,2390,0.6111111111111112,18,0.05805573612451553,9,-0.006823410280048847
r4_real,product,cosine_stage4,weak_abs_max_lt_0.6,274,0.006146900077740144,-0.03983082224644763,0.5430038510911425,779,0.75,4,0.037254370748996735,2,0.001377579872496426
r4_real,product,cosine_stage4,middle_abs,915,0.031651474321567265,-0.01582078907037046,0.563800549666274,2547,0.5,16,0.0331239216029644,8,-0.0011295592412352562
r4_real,product,cosine_stage4,strong_abs_max_ge_0.9,3250,0.09279394310698359,-0.01756203844744663,0.6266044340723453,8570,0.6363636363636364,44,0.022204449400305748,22,-0.0011601997539401054
r4_real,product,cosine_stage4,base_class_correct,3633,0.1031818394683228,-0.024229163139746056,0.6286555859457185,9506,0.6086956521739131,46,0.01813587173819542,23,-0.0006990099209360778
r4_real,product,cosine_stage4,base_class_wrong,806,0.00330189827664368,-0.03238065105924153,0.5242677824267783,2390,0.6111111111111112,18,0.05805573612451553,9,-0.0023414837196469307
r4_real,product,source_z_l2_stage4,weak_abs_max_lt_0.6,274,-0.004854656607838972,-0.02904503912728279,0.5442875481386393,779,0.75,4,0.037254370748996735,2,0.0007375303539447486
r4_real,product,source_z_l2_stage4,middle_abs,915,0.01568198883135432,-0.007844143064999885,0.5575186493914409,2547,0.4375,16,0.0331239216029644,8,-0.0015522101894021034
r4_real,product,source_z_l2_stage4,strong_abs_max_ge_0.9,3250,0.059360818462296606,-0.017546387168715004,0.6070011668611435,8570,0.5909090909090909,44,0.022204449400305748,22,-0.001935652457177639
r4_real,product,source_z_l2_stage4,base_class_correct,3633,0.06925854397218816,-0.022123214677823102,0.609194193141174,9506,0.5434782608695652,46,0.01813587173819542,23,-0.0014754062285646796
r4_real,product,source_z_l2_stage4,base_class_wrong,806,-0.01077596598047877,-0.020822059234962574,0.5251046025104602,2390,0.6111111111111112,18,0.05805573612451553,9,-0.002666139043867588
r4_real,product,cosine_mean4,weak_abs_max_lt_0.6,274,-0.01439152010557038,-0.027828679123050048,0.5353016688061617,779,0.75,4,0.037254370748996735,2,-0.0006935076671652496
r4_real,product,cosine_mean4,middle_abs,915,0.006842509449200621,-0.002524778306775309,0.557911268158618,2547,0.5625,16,0.0331239216029644,8,-0.0016862032935023308
r4_real,product,cosine_mean4,strong_abs_max_ge_0.9,3250,0.07522373086460733,-0.006777966638789581,0.6144690781796966,8570,0.5909090909090909,44,0.022204449400305748,22,-0.0017761641647666693
r4_real,product,cosine_mean4,base_class_correct,3633,0.07927852122864511,-0.012267702240502294,0.6173995371344414,9506,0.5652173913043478,46,0.01813587173819542,23,-0.0012160424375906587
r4_real,product,cosine_mean4,base_class_wrong,806,-0.007624930978056271,-0.014612549767413786,0.5167364016736402,2390,0.6666666666666666,18,0.05805573612451553,9,-0.003830704838037491
r4_real,product,source_z_l2_mean4,weak_abs_max_lt_0.6,274,-0.08970047846655659,4.208485561235643e-06,0.5160462130937099,779,0.5,4,0.037254370748996735,2,-0.004289376549422741
r4_real,product,source_z_l2_mean4,middle_abs,915,-0.08217071333186814,0.03372919077981109,0.5162936788378485,2547,0.6875,16,0.0331239216029644,8,-0.007828925736248493
r4_real,product,source_z_l2_mean4,strong_abs_max_ge_0.9,3250,-0.007904044401343506,0.01820346277589538,0.5348891481913652,8570,0.45454545454545453,44,0.022204449400305748,22,-0.005967066623270512
r4_real,product,source_z_l2_mean4,base_class_correct,3633,-0.024355789906528494,0.021359032990906416,0.5340837365874185,9506,0.4782608695652174,46,0.01813587173819542,23,-0.005956040695309639
r4_real,product,source_z_l2_mean4,base_class_wrong,806,-0.05511584469638337,0.031903448025347,0.5121338912133891,2390,0.6111111111111112,18,0.05805573612451553,9,-0.007560081779956818
r4_random,product,cosine_stage1,weak_abs_max_lt_0.6,274,-0.06372132184291407,-0.037871955736716124,0.4623921085080148,811,0.4605263157894737,76,0.5275217294692993,38,-0.09434612095355988
r4_random,product,cosine_stage1,middle_abs,915,-0.01871245471183682,0.007831077120735353,0.4996312684365782,2712,0.5772727272727273,220,0.5064446926116943,110,-0.10505988448858261
r4_random,product,cosine_stage1,strong_abs_max_ge_0.9,3250,-0.03186041701629421,0.05422004364092466,0.5013561443772168,9586,0.46359223300970875,412,0.26610711216926575,206,-0.07350429892539978
r4_random,product,cosine_stage1,base_class_correct,3633,-0.03170425848156776,0.04154027917481488,0.5047690293622592,10694,0.5021367521367521,468,0.19907146692276,234,-0.0529363788664341
r4_random,product,cosine_stage1,base_class_wrong,806,-0.03552492815830664,0.07145601069317431,0.4712215320910973,2415,0.49166666666666664,240,0.9299744367599487,120,-0.20912125706672668
r4_random,product,source_z_l2_stage1,weak_abs_max_lt_0.6,274,-0.07362920064265457,-0.030699281265258546,0.46732429099876693,811,0.4868421052631579,76,0.5275217294692993,38,-0.0880870446562767
r4_random,product,source_z_l2_stage1,middle_abs,915,-0.04574990087079082,0.003914496766339346,0.5040560471976401,2712,0.5772727272727273,220,0.5064446926116943,110,-0.11099840700626373
r4_random,product,source_z_l2_stage1,strong_abs_max_ge_0.9,3250,-0.046423312446934685,0.039691147796810246,0.5032338827456708,9586,0.46359223300970875,412,0.26610711216926575,206,-0.08095762878656387
r4_random,product,source_z_l2_stage1,base_class_correct,3633,-0.03991013853018746,0.034487360486203815,0.5082289134093885,10694,0.5170940170940171,468,0.19907146692276,234,-0.05676690489053726
r4_random,product,source_z_l2_stage1,base_class_wrong,806,-0.07324203554633253,0.05667685333579939,0.4699792960662526,2415,0.4708333333333333,240,0.9299744367599487,120,-0.2265229970216751
r4_random,product,cosine_stage2,weak_abs_max_lt_0.6,274,-0.07445400206145256,-0.04394623591068957,0.46609124537607893,811,0.4605263157894737,76,0.5275217294692993,38,-0.0942203477025032
r4_random,product,cosine_stage2,middle_abs,915,-0.022783905509799137,-0.006476083162016651,0.5029498525073747,2712,0.55,220,0.5064446926116943,110,-0.08329211920499802
r4_random,product,cosine_stage2,strong_abs_max_ge_0.9,3250,-0.028801643885118966,0.05224120074385784,0.5083455038597955,9586,0.470873786407767,412,0.26610711216926575,206,-0.06621802598237991
r4_random,product,cosine_stage2,base_class_correct,3633,-0.035515493011231754,0.04212816229898242,0.5075743407518235,10694,0.47435897435897434,468,0.19907146692276,234,-0.05120003595948219
r4_random,product,cosine_stage2,base_class_wrong,806,-0.029843626230588872,0.051673318854991206,0.4915113871635611,2415,0.5333333333333333,240,0.9299744367599487,120,-0.16281329095363617
r4_random,product,source_z_l2_stage2,weak_abs_max_lt_0.6,274,-0.0860686143619153,-0.037566524977527875,0.46115906288532676,811,0.5,76,0.5275217294692993,38,-0.090818852186203
r4_random,product,source_z_l2_stage2,middle_abs,915,-0.037221779142573824,-0.0028709608201275124,0.5132743362831859,2712,0.5590909090909091,220,0.5064446926116943,110,-0.09333831816911697
r4_random,product,source_z_l2_stage2,strong_abs_max_ge_0.9,3250,-0.03553237676642765,0.03643596231364575,0.5158564573336115,9586,0.49514563106796117,412,0.26610711216926575,206,-0.06909346580505371
r4_random,product,source_z_l2_stage2,base_class_correct,3633,-0.033573808268292135,0.030471354018446122,0.5195436693472976,10694,0.5170940170940171,468,0.19907146692276,234,-0.05016874894499779
r4_random,product,source_z_l2_stage2,base_class_wrong,806,-0.06041584705448628,0.04775876269956691,0.4782608695652174,2415,0.5125,240,0.9299744367599487,120,-0.18930478394031525
r4_random,product,cosine_stage3,weak_abs_max_lt_0.6,274,-0.06360938076674481,-0.0522577714237908,0.4636251541307028,811,0.5394736842105263,76,0.5275217294692993,38,-0.0861983522772789
r4_random,product,cosine_stage3,middle_abs,915,-0.02387845331560794,-0.039469847252934384,0.5070058997050148,2712,0.5818181818181818,220,0.5064446926116943,110,-0.08068523555994034
r4_random,product,cosine_stage3,strong_abs_max_ge_0.9,3250,0.013477236081429363,0.036910955624575366,0.5378677237638222,9586,0.5436893203883495,412,0.26610711216926575,206,-0.04869424179196358
r4_random,product,cosine_stage3,base_class_correct,3633,-0.005280609756855465,0.01668605572372674,0.5341312885730316,10694,0.5598290598290598,468,0.19907146692276,234,-0.041588861495256424
r4_random,product,cosine_stage3,base_class_wrong,806,0.00042784290766119577,0.019715279231658854,0.494824016563147,2415,0.5458333333333333,240,0.9299744367599487,120,-0.12978821992874146
r4_random,product,source_z_l2_stage3,weak_abs_max_lt_0.6,274,-0.07714922408289383,-0.027582659752073045,0.4808877928483354,811,0.5131578947368421,76,0.5275217294692993,38,-0.08789476752281189
r4_random,product,source_z_l2_stage3,middle_abs,915,-0.03320499078164042,-0.017940824421582995,0.5221238938053098,2712,0.5772727272727273,220,0.5064446926116943,110,-0.07536818832159042
r4_random,product,source_z_l2_stage3,strong_abs_max_ge_0.9,3250,-0.009495703902035359,0.031159811743020557,0.5442311704569164,9586,0.5606796116504854,412,0.26610711216926575,206,-0.05943281576037407
r4_random,product,source_z_l2_stage3,base_class_correct,3633,-0.018573002996726696,0.018564786109716486,0.5464746586871143,10694,0.5705128205128205,468,0.19907146692276,234,-0.04169883206486702
r4_random,product,source_z_l2_stage3,base_class_wrong,806,-0.03200005963516872,0.03613002276751236,0.48819875776397514,2415,0.5416666666666666,240,0.9299744367599487,120,-0.16713383793830872
r4_random,product,cosine_stage4,weak_abs_max_lt_0.6,274,-0.0017076134463897038,-0.059486057125883646,0.5117139334155364,811,0.5789473684210527,76,0.5275217294692993,38,-0.030186716467142105
r4_random,product,cosine_stage4,middle_abs,915,0.049343979398037266,-0.032348531437600636,0.5424041297935103,2712,0.5818181818181818,220,0.5064446926116943,110,-0.03266935050487518
r4_random,product,cosine_stage4,strong_abs_max_ge_0.9,3250,0.07295695315215799,0.022528164488239306,0.5943041936156895,9586,0.6213592233009708,412,0.26610711216926575,206,-0.015159296803176403
r4_random,product,cosine_stage4,base_class_correct,3633,0.05099623915589775,0.009694033755940861,0.5876192257340564,10694,0.6047008547008547,468,0.19907146692276,234,-0.01855422556400299
r4_random,product,cosine_stage4,base_class_wrong,806,0.09676474158412161,0.0021591312495815363,0.537888198757764,2415,0.6041666666666666,240,0.9299744367599487,120,-0.024843459948897362
r4_random,product,source_z_l2_stage4,weak_abs_max_lt_0.6,274,-0.005437204828572253,-0.02833737500402299,0.5043156596794082,811,0.5657894736842105,76,0.5275217294692993,38,-0.03720909357070923
r4_random,product,source_z_l2_stage4,middle_abs,915,0.051044254049694704,-0.014708821911670484,0.5376106194690266,2712,0.5727272727272728,220,0.5064446926116943,110,-0.04808769002556801
r4_random,product,source_z_l2_stage4,strong_abs_max_ge_0.9,3250,0.05044400846296596,0.019396992163684717,0.585019820571667,9586,0.6043689320388349,412,0.26610711216926575,206,-0.02210119552910328
r4_random,product,source_z_l2_stage4,base_class_correct,3633,0.035913957453583396,0.011086806166421851,0.5829437067514495,10694,0.6047008547008547,468,0.19907146692276,234,-0.01949656568467617
r4_random,product,source_z_l2_stage4,base_class_wrong,806,0.07243846634261747,0.01266783235565608,0.5138716356107661,2415,0.5625,240,0.9299744367599487,120,-0.06847814470529556
r4_random,product,cosine_mean4,weak_abs_max_lt_0.6,274,-0.016237872934807523,-0.05897221050164756,0.49815043156596794,811,0.5526315789473685,76,0.5275217294692993,38,-0.04317045956850052
r4_random,product,cosine_mean4,middle_abs,915,0.03759754294966015,-0.027775138381911188,0.5272861356932154,2712,0.5681818181818182,220,0.5064446926116943,110,-0.05243105813860893
r4_random,product,cosine_mean4,strong_abs_max_ge_0.9,3250,0.05997884784793255,0.029820749132847428,0.5817859378259962,9586,0.6019417475728155,412,0.26610711216926575,206,-0.02155226469039917
r4_random,product,cosine_mean4,base_class_correct,3633,0.039149394268208675,0.01655778374906881,0.574714793342061,10694,0.5918803418803419,468,0.19907146692276,234,-0.020652063190937042
r4_random,product,cosine_mean4,base_class_wrong,806,0.07735793489856316,0.014063674515862528,0.5238095238095238,2415,0.575,240,0.9299744367599487,120,-0.06801368296146393
r4_random,product,source_z_l2_mean4,weak_abs_max_lt_0.6,274,-0.0753601119257605,-0.03362225974917692,0.46979038224414305,811,0.4868421052631579,76,0.5275217294692993,38,-0.08689165115356445
r4_random,product,source_z_l2_mean4,middle_abs,915,-0.03405802078480448,-0.0037134629605301527,0.5121681415929203,2712,0.5636363636363636,220,0.5064446926116943,110,-0.09806589782238007
r4_random,product,source_z_l2_mean4,strong_abs_max_ge_0.9,3250,-0.029484792698671766,0.03695430986320884,0.5198205716670143,9586,0.4878640776699029,412,0.26610711216926575,206,-0.06672786921262741
r4_random,product,source_z_l2_mean4,base_class_correct,3633,-0.028981506762908477,0.029706626756058868,0.523190574153731,10694,0.5192307692307693,468,0.19907146692276,234,-0.04939919337630272
r4_random,product,source_z_l2_mean4,base_class_wrong,806,-0.05146979799625197,0.04876004993525036,0.4795031055900621,2415,0.49583333333333335,240,0.9299744367599487,120,-0.18726664781570435
b0,real_world,cosine_stage1,weak_abs_max_lt_0.6,399,0.035687492386794896,0.034241224275075526,0.5759117896522477,1179,0.5533333333333333,150,0.5615710616111755,75,0.014120818115770817
b0,real_world,cosine_stage1,middle_abs,1178,0.023470152749536476,0.04141783719943827,0.5622305260132222,3479,0.5401069518716578,374,0.6280365586280823,187,-0.006243273615837097
b0,real_world,cosine_stage1,strong_abs_max_ge_0.9,2780,0.06437088884316003,0.05455216600590861,0.565133171912833,8260,0.5570652173913043,736,0.49865779280662537,368,-0.021898508071899414
b0,real_world,cosine_stage1,base_class_correct,3596,0.05879524913931325,0.03797439274982197,0.5735778091208275,10635,0.5637254901960784,816,0.33814242482185364,408,-0.032009463757276535
b0,real_world,cosine_stage1,base_class_wrong,761,0.04772664502727147,0.060075273347640096,0.5269382391590013,2283,0.5292792792792793,444,1.4904104471206665,222,0.06899844110012054
b0,real_world,source_z_l2_stage1,weak_abs_max_lt_0.6,399,0.023645414089267954,0.030220319874242032,0.5589482612383376,1179,0.5266666666666666,150,0.5615710616111755,75,-0.015019412152469158
b0,real_world,source_z_l2_stage1,middle_abs,1178,0.024527606611381973,0.04069291253234897,0.5527450416786432,3479,0.5427807486631016,374,0.6280365586280823,187,-0.0015099007869139314
b0,real_world,source_z_l2_stage1,strong_abs_max_ge_0.9,2780,0.056718057902354464,0.04597329804347753,0.5634382566585956,8260,0.5502717391304348,736,0.49865779280662537,368,-0.022562433034181595
b0,real_world,source_z_l2_stage1,base_class_correct,3596,0.058976453279610375,0.03855150794953033,0.570098730606488,10635,0.5600490196078431,816,0.33814242482185364,408,-0.029394786804914474
b0,real_world,source_z_l2_stage1,base_class_wrong,761,0.029552295325394936,0.042689167189108056,0.5137976346911958,2283,0.5180180180180181,444,1.4904104471206665,222,0.046266332268714905
b0,real_world,cosine_stage2,weak_abs_max_lt_0.6,399,0.07634050156156923,0.05376867362696426,0.5750636132315522,1179,0.5933333333333334,150,0.5615710616111755,75,0.01582355424761772
b0,real_world,cosine_stage2,middle_abs,1178,0.032217952357872025,0.04607184327362639,0.5656797930439782,3479,0.56951871657754,374,0.6280365586280823,187,0.0030878297984600067
b0,real_world,cosine_stage2,strong_abs_max_ge_0.9,2780,0.07405561217120306,0.05702795239884554,0.5886198547215497,8260,0.592391304347826,736,0.49865779280662537,368,-0.007341618649661541
b0,real_world,cosine_stage2,base_class_correct,3596,0.06484773255594367,0.037495645410139944,0.5895627644569816,10635,0.5931372549019608,816,0.33814242482185364,408,-0.019344767555594444
b0,real_world,cosine_stage2,base_class_wrong,761,0.07465799146425069,0.07699158846619861,0.5422689443714411,2283,0.5720720720720721,444,1.4904104471206665,222,0.0776677206158638
b0,real_world,source_z_l2_stage2,weak_abs_max_lt_0.6,399,0.07072583926601037,0.044912882428337075,0.5818490245971162,1179,0.56,150,0.5615710616111755,75,-0.006536584347486496
b0,real_world,source_z_l2_stage2,middle_abs,1178,0.042698798570964674,0.049996528032171514,0.5728657660247197,3479,0.5668449197860963,374,0.6280365586280823,187,0.007667437195777893
b0,real_world,source_z_l2_stage2,strong_abs_max_ge_0.9,2780,0.07998803789135682,0.056613356988328534,0.5818401937046005,8260,0.5828804347826086,736,0.49865779280662537,368,-0.010816855356097221
b0,real_world,source_z_l2_stage2,base_class_correct,3596,0.08516494801472516,0.048138350892110895,0.5895627644569816,10635,0.5870098039215687,816,0.33814242482185364,408,-0.022912228479981422
b0,real_world,source_z_l2_stage2,base_class_wrong,761,0.05537508082886131,0.0592113301448743,0.5321944809461235,2283,0.5540540540540541,444,1.4904104471206665,222,0.07719533890485764
b0,real_world,cosine_stage3,weak_abs_max_lt_0.6,399,0.112200924674609,0.075296747436369,0.5894826123833757,1179,0.6,150,0.5615710616111755,75,0.007493280805647373
b0,real_world,cosine_stage3,middle_abs,1178,0.05181555418027905,0.058093337118342976,0.5757401552170164,3479,0.56951871657754,374,0.6280365586280823,187,0.00030930701177567244
b0,real_world,cosine_stage3,strong_abs_max_ge_0.9,2780,0.08717132847666283,0.05126472140186078,0.5991525423728814,8260,0.6019021739130435,736,0.49865779280662537,368,-0.00852199550718069
b0,real_world,cosine_stage3,base_class_correct,3596,0.10215911210491817,0.051899442153742606,0.6019746121297602,10635,0.6029411764705882,816,0.33814242482185364,408,-0.019248001277446747
b0,real_world,cosine_stage3,base_class_wrong,761,0.05657881335122834,0.05923259709277124,0.545335085413929,2283,0.5720720720720721,444,1.4904104471206665,222,0.06422976404428482
b0,real_world,source_z_l2_stage3,weak_abs_max_lt_0.6,399,0.10055639284907696,0.05936405751922971,0.5979643765903307,1179,0.58,150,0.5615710616111755,75,-0.005189982708543539
b0,real_world,source_z_l2_stage3,middle_abs,1178,0.0541638089960807,0.05936441954990221,0.5791894222477724,3479,0.5614973262032086,374,0.6280365586280823,187,0.0016699250554665923
b0,real_world,source_z_l2_stage3,strong_abs_max_ge_0.9,2780,0.08394256394644468,0.05156021319247625,0.5991525423728814,8260,0.5991847826086957,736,0.49865779280662537,368,-0.003315897425636649
b0,real_world,source_z_l2_stage3,base_class_correct,3596,0.10091802561689094,0.052753743794502636,0.6054536906440997,10635,0.5980392156862745,816,0.33814242482185364,408,-0.01770433411002159
b0,real_world,source_z_l2_stage3,base_class_wrong,761,0.05130405594227227,0.05647845045907093,0.5387647831800263,2283,0.5630630630630631,444,1.4904104471206665,222,0.0714099258184433
b0,real_world,cosine_stage4,weak_abs_max_lt_0.6,399,0.12179245855381028,0.10010118399216039,0.55470737913486,1179,0.62,150,0.5615710616111755,75,0.006893312092870474
b0,real_world,cosine_stage4,middle_abs,1178,0.034155436832455005,0.0523526685040411,0.5628054038516815,3479,0.553475935828877,374,0.6280365586280823,187,0.004726726096123457
b0,real_world,cosine_stage4,strong_abs_max_ge_0.9,2780,0.07556981044225498,0.049767194847908466,0.5981840193704601,8260,0.5964673913043478,736,0.49865779280662537,368,-0.005171527620404959
b0,real_world,cosine_stage4,base_class_correct,3596,0.08481241571435261,0.045211906020955456,0.5924776680771039,10635,0.5882352941176471,816,0.33814242482185364,408,-0.019115323200821877
b0,real_world,cosine_stage4,base_class_wrong,761,0.05350718016168028,0.06003036108866392,0.548401226456417,2283,0.5833333333333334,444,1.4904104471206665,222,0.08236579596996307
b0,real_world,source_z_l2_stage4,weak_abs_max_lt_0.6,399,0.1159331752066975,0.10344841701554293,0.5733672603901612,1179,0.6266666666666667,150,0.5615710616111755,75,-0.000981315621174872
b0,real_world,source_z_l2_stage4,middle_abs,1178,0.04700580478115087,0.05980454059537057,0.577752227651624,3479,0.5588235294117647,374,0.6280365586280823,187,0.005280472803860903
b0,real_world,source_z_l2_stage4,strong_abs_max_ge_0.9,2780,0.07787362605871351,0.052742675627888466,0.6055690072639225,8260,0.5964673913043478,736,0.49865779280662537,368,-0.006152448710054159
b0,real_world,source_z_l2_stage4,base_class_correct,3596,0.09278671424746603,0.05180524224645662,0.6057357780912083,10635,0.5992647058823529,816,0.33814242482185364,408,-0.019556019455194473
b0,real_world,source_z_l2_stage4,base_class_wrong,761,0.05161117501157864,0.061323303289993907,0.5457731055628559,2283,0.5698198198198198,444,1.4904104471206665,222,0.07759328931570053
b0,real_world,cosine_mean4,weak_abs_max_lt_0.6,399,0.11673600430157433,0.09435594447838368,0.5589482612383376,1179,0.6,150,0.5615710616111755,75,-0.015819041058421135
b0,real_world,cosine_mean4,middle_abs,1178,0.03460367647572186,0.05285271336833515,0.5628054038516815,3479,0.5508021390374331,374,0.6280365586280823,187,-0.0005449220770969987
b0,real_world,cosine_mean4,strong_abs_max_ge_0.9,2780,0.07693047168730942,0.05215213760493242,0.5970944309927361,8260,0.5978260869565217,736,0.49865779280662537,368,-0.004069542046636343
b0,real_world,cosine_mean4,base_class_correct,3596,0.0843780901619683,0.04554481320353198,0.5931358721203573,10635,0.5894607843137255,816,0.33814242482185364,408,-0.019809922203421593
b0,real_world,cosine_mean4,base_class_wrong,761,0.05620249478447969,0.06320427053090047,0.5435830048182216,2283,0.5743243243243243,444,1.4904104471206665,222,0.06960505992174149
b0,real_world,source_z_l2_mean4,weak_abs_max_lt_0.6,399,0.06579647269053561,0.049356975111206486,0.5767599660729432,1179,0.54,150,0.5615710616111755,75,-0.004676602315157652
b0,real_world,source_z_l2_mean4,middle_abs,1178,0.040011674965943746,0.051016435178558174,0.5737280827824087,3479,0.553475935828877,374,0.6280365586280823,187,0.008116123266518116
b0,real_world,source_z_l2_mean4,strong_abs_max_ge_0.9,2780,0.07437677365999038,0.053095561722333394,0.5830508474576271,8260,0.5774456521739131,736,0.49865779280662537,368,-0.00823335163295269
b0,real_world,source_z_l2_mean4,base_class_correct,3596,0.08204610389548836,0.04729034073558176,0.5903149976492713,10635,0.5845588235294118,816,0.33814242482185364,408,-0.021952105686068535
b0,real_world,source_z_l2_mean4,base_class_wrong,761,0.04626822522042046,0.054534548170411916,0.5317564607971966,2283,0.5315315315315315,444,1.4904104471206665,222,0.08376594632863998
r4_real,real_world,cosine_stage1,weak_abs_max_lt_0.6,399,0.030381770742817095,-0.003520602624141325,0.5679916317991632,956,1.0,2,0.006976795848459005,1,0.00039709737757220864
r4_real,real_world,cosine_stage1,middle_abs,1178,0.06354291104431325,0.022814458937886313,0.5970598062145005,2993,1.0,4,0.007745527662336826,2,0.00028002719045616686
r4_real,real_world,cosine_stage1,strong_abs_max_ge_0.9,2780,0.0628328332060215,0.025319206992503868,0.5941185251530079,6699,0.16666666666666666,6,0.006090747192502022,3,2.083359140669927e-05
r4_real,real_world,cosine_stage1,base_class_correct,3596,0.0897549404021884,0.022904433135544196,0.6108926230485043,8391,0.5,10,0.004036624450236559,5,-2.5732639187481254e-05
r4_real,real_world,cosine_stage1,base_class_wrong,761,0.023561754992644592,-0.00680520199648226,0.5245901639344263,2257,1.0,2,0.018823321908712387,1,0.0008393768803216517
r4_real,real_world,source_z_l2_stage1,weak_abs_max_lt_0.6,399,0.0666968836089606,0.0335276836394824,0.5836820083682008,956,1.0,2,0.006976795848459005,1,0.0004781373427249491
r4_real,real_world,source_z_l2_stage1,middle_abs,1178,0.057644154853171,0.021913984996557764,0.5846976277981958,2993,1.0,4,0.007745527662336826,2,-8.927236194722354e-05
r4_real,real_world,source_z_l2_stage1,strong_abs_max_ge_0.9,2780,0.06614210860510443,0.029342615939334894,0.5876996566651739,6699,0.3333333333333333,6,0.006090747192502022,3,-1.559572592668701e-05
r4_real,real_world,source_z_l2_stage1,base_class_correct,3596,0.09319273520737574,0.0287993611145302,0.6029078774877845,8391,0.6,10,0.004036624450236559,5,-8.901638648239896e-05
r4_real,real_world,source_z_l2_stage1,base_class_wrong,761,0.02852954340169586,0.0022510467701605413,0.5254762959680992,2257,1.0,2,0.018823321908712387,1,0.00047616384108550847
r4_real,real_world,cosine_stage2,weak_abs_max_lt_0.6,399,0.045257341314328854,0.029257591933086396,0.5763598326359832,956,1.0,2,0.006976795848459005,1,0.00038085770211182535
r4_real,real_world,cosine_stage2,middle_abs,1178,0.05829439890367963,0.008222895318935665,0.5897093217507517,2993,1.0,4,0.007745527662336826,2,-1.8842176359612495e-05
r4_real,real_world,cosine_stage2,strong_abs_max_ge_0.9,2780,0.060663027828701185,0.01978662089790481,0.6141215106732348,6699,0.0,6,0.006090747192502022,3,2.972204310935922e-05
r4_real,real_world,cosine_stage2,base_class_correct,3596,0.08776254450953642,0.014373101509112944,0.6237635561911572,8391,0.4,10,0.004036624450236559,5,-3.7862300814595073e-05
r4_real,real_world,cosine_stage2,base_class_wrong,761,0.022362801073256097,-0.009184112125522361,0.5299069561364643,2257,1.0,2,0.018823321908712387,1,0.0004580109380185604
r4_real,real_world,source_z_l2_stage2,weak_abs_max_lt_0.6,399,0.07636158118778989,0.05207411556822703,0.5784518828451883,956,1.0,2,0.006976795848459005,1,0.00033135153353214264
r4_real,real_world,source_z_l2_stage2,middle_abs,1178,0.06420254762682458,0.015192787383660927,0.5993985967256933,2993,1.0,4,0.007745527662336826,2,0.00010785984341055155
r4_real,real_world,source_z_l2_stage2,strong_abs_max_ge_0.9,2780,0.07751211585859379,0.03495763698458347,0.6094939543215405,6699,0.0,6,0.006090747192502022,3,5.8295903727412224e-05
r4_real,real_world,source_z_l2_stage2,base_class_correct,3596,0.11001268587587328,0.02802177741932514,0.6207841735192469,8391,0.4,10,0.004036624450236559,5,-5.263837010716088e-05
r4_real,real_world,source_z_l2_stage2,base_class_wrong,761,0.028491747923739662,0.00493709267949507,0.5409836065573771,2257,1.0,2,0.018823321908712387,1,0.0008023895788937807
r4_real,real_world,cosine_stage3,weak_abs_max_lt_0.6,399,0.06275929620278115,0.030031635320848626,0.5669456066945606,956,1.0,2,0.006976795848459005,1,0.00027651319396682084
r4_real,real_world,cosine_stage3,middle_abs,1178,0.07856576106020353,0.006579471538563667,0.5933845639826262,2993,1.0,4,0.007745527662336826,2,0.00010750661749625579
r4_real,real_world,cosine_stage3,strong_abs_max_ge_0.9,2780,0.0847496130974359,0.031306830748255604,0.6156142707866846,6699,0.0,6,0.006090747192502022,3,4.2667157686082646e-05
r4_real,real_world,cosine_stage3,base_class_correct,3596,0.12699426266119307,0.01882999619290751,0.6251936598736741,8391,0.4,10,0.004036624450236559,5,-4.653515134123154e-05
r4_real,real_world,cosine_stage3,base_class_wrong,761,0.020471363070005917,-7.018540249418112e-05,0.5299069561364643,2257,1.0,2,0.018823321908712387,1,0.0006871572695672512
r4_real,real_world,source_z_l2_stage3,weak_abs_max_lt_0.6,399,0.06545906416742671,0.03769477427348673,0.5648535564853556,956,1.0,2,0.006976795848459005,1,0.00021345412824302912
r4_real,real_world,source_z_l2_stage3,middle_abs,1178,0.06744068553537762,0.012420788922733121,0.5943869027731373,2993,1.0,4,0.007745527662336826,2,-6.44424630991125e-07
r4_real,real_world,source_z_l2_stage3,strong_abs_max_ge_0.9,2780,0.08582964766462296,0.039283821878387866,0.6162113748320645,6699,0.16666666666666666,6,0.006090747192502022,3,3.7368430639617145e-05
r4_real,real_world,source_z_l2_stage3,base_class_correct,3596,0.12042531465544375,0.02262638175667899,0.6255511857943035,8391,0.5,10,0.004036624450236559,5,-5.374759348342195e-05
r4_real,real_world,source_z_l2_stage3,base_class_wrong,761,0.02604146417337066,0.012881150054202853,0.5307930881701374,2257,1.0,2,0.018823321908712387,1,0.0005014056223444641
r4_real,real_world,cosine_stage4,weak_abs_max_lt_0.6,399,0.04363172508779822,0.03327078625497127,0.5617154811715481,956,1.0,2,0.006976795848459005,1,0.00018381577683612704
r4_real,real_world,cosine_stage4,middle_abs,1178,0.07168532370704783,0.00986080174400365,0.5923822251921149,2993,1.0,4,0.007745527662336826,2,0.00012509590305853635
r4_real,real_world,cosine_stage4,strong_abs_max_ge_0.9,2780,0.07181258286257719,0.02494656706805338,0.6094939543215405,6699,0.0,6,0.006090747192502022,3,4.39652540080715e-05
r4_real,real_world,cosine_stage4,base_class_correct,3596,0.10442480922947722,0.005018338140302823,0.6181623167679656,8391,0.4,10,0.004036624450236559,5,-4.800654642167501e-05
r4_real,real_world,cosine_stage4,base_class_wrong,761,0.024767870701324916,0.013821497984868675,0.5343376163048295,2257,1.0,2,0.018823321908712387,1,0.0006774776848033071
r4_real,real_world,source_z_l2_stage4,weak_abs_max_lt_0.6,399,0.04174164815984851,0.021147343383659,0.5460251046025104,956,1.0,2,0.006976795848459005,1,0.0002105749590555206
r4_real,real_world,source_z_l2_stage4,middle_abs,1178,0.06319995182635829,0.008680790223757099,0.5907116605412629,2993,1.0,4,0.007745527662336826,2,3.725576971191913e-05
r4_real,real_world,source_z_l2_stage4,strong_abs_max_ge_0.9,2780,0.07851050372734096,0.02683865730789829,0.6153157187639946,6699,0.3333333333333333,6,0.006090747192502022,3,7.698775152675807e-05
r4_real,real_world,source_z_l2_stage4,base_class_correct,3596,0.10847434288345979,0.008285466416823473,0.6222142772017638,8391,0.6,10,0.004036624450236559,5,-2.89902527583763e-05
r4_real,real_world,source_z_l2_stage4,base_class_wrong,761,0.02411491506633462,0.004813775804692568,0.5276916260522818,2257,1.0,2,0.018823321908712387,1,0.0005863096448592842
r4_real,real_world,cosine_mean4,weak_abs_max_lt_0.6,399,0.04456551716654094,0.03145880046147501,0.5575313807531381,956,1.0,2,0.006976795848459005,1,-5.9788013459183276e-05
r4_real,real_world,cosine_mean4,middle_abs,1178,0.07219985761286023,0.010859399439152427,0.5917139993317742,2993,1.0,4,0.007745527662336826,2,0.0001172695483546704
r4_real,real_world,cosine_mean4,strong_abs_max_ge_0.9,2780,0.0725161756821277,0.02535295762818484,0.6120316465144051,6699,0.0,6,0.006090747192502022,3,5.136061372468248e-05
r4_real,real_world,cosine_mean4,base_class_correct,3596,0.10541899611230826,0.007344678114182992,0.6209033488261232,8391,0.4,10,0.004036624450236559,5,-4.521385199041106e-05
r4_real,real_world,cosine_mean4,base_class_wrong,761,0.025096467408473037,0.010820561350452779,0.5290208241027913,2257,1.0,2,0.018823321908712387,1,0.000551458157133311
r4_real,real_world,source_z_l2_mean4,weak_abs_max_lt_0.6,399,0.0704719451292539,0.04132736480779542,0.5763598326359832,956,1.0,2,0.006976795848459005,1,0.0004237827961333096
r4_real,real_world,source_z_l2_mean4,middle_abs,1178,0.06487728892781135,0.01761180151560735,0.5973939191446709,2993,1.0,4,0.007745527662336826,2,-4.481606538320193e-06
r4_real,real_world,source_z_l2_mean4,strong_abs_max_ge_0.9,2780,0.07763573229176207,0.03393733566990238,0.6071055381400209,6699,0.16666666666666666,6,0.006090747192502022,3,1.7196176486322656e-05
r4_real,real_world,source_z_l2_mean4,base_class_correct,3596,0.10954936738164164,0.026600510638139393,0.6198307710642355,8391,0.5,10,0.004036624450236559,5,-4.735124093713239e-05
r4_real,real_world,source_z_l2_mean4,base_class_wrong,761,0.0286802168174166,0.005474927832277852,0.5338945502879929,2257,1.0,2,0.018823321908712387,1,0.0005018271040171385
r4_random,real_world,cosine_stage1,weak_abs_max_lt_0.6,399,-0.013841011938463753,0.04307992709151598,0.596252129471891,1174,0.5116279069767442,86,0.3543336093425751,43,0.027387121692299843
r4_random,real_world,cosine_stage1,middle_abs,1178,-0.034428725976046126,0.004578053002167832,0.5775663206459054,3468,0.5084745762711864,236,0.3883293867111206,118,-0.031306732445955276
r4_random,real_world,cosine_stage1,strong_abs_max_ge_0.9,2780,0.0036710021682070854,0.019903681710690672,0.5729815561255649,8187,0.531390134529148,446,0.2948424518108368,223,-0.015654170885682106
r4_random,real_world,cosine_stage1,base_class_correct,3596,-0.0074303488464244625,0.0009477137316612529,0.5885085806390443,10547,0.5377777777777778,450,0.19364245235919952,225,-0.027141179889440536
r4_random,real_world,cosine_stage1,base_class_wrong,761,-0.01505241716582843,0.013523430841087375,0.5201577563540754,2282,0.5,318,0.9489551186561584,159,0.03696350380778313
r4_random,real_world,source_z_l2_stage1,weak_abs_max_lt_0.6,399,0.000512024945453445,0.07787998562309495,0.5724020442930153,1174,0.5116279069767442,86,0.3543336093425751,43,0.025100920349359512
r4_random,real_world,source_z_l2_stage1,middle_abs,1178,-0.027108139908178435,0.0029730746133466404,0.5752595155709342,3468,0.5296610169491526,236,0.3883293867111206,118,-0.022560175508260727
r4_random,real_world,source_z_l2_stage1,strong_abs_max_ge_0.9,2780,-0.0006536057406534244,0.012911718866979513,0.5709050934408209,8187,0.5515695067264574,446,0.2948424518108368,223,-0.016964593902230263
r4_random,real_world,source_z_l2_stage1,base_class_correct,3596,0.0015983862514965376,0.004108844841775262,0.5854745425239405,10547,0.5533333333333333,450,0.19364245235919952,225,-0.02285156212747097
r4_random,real_world,source_z_l2_stage1,base_class_wrong,761,-0.028061031837006648,0.0070829700455905436,0.5109553023663453,2282,0.5220125786163522,318,0.9489551186561584,159,0.024247080087661743
r4_random,real_world,cosine_stage2,weak_abs_max_lt_0.6,399,0.0022148814712146772,0.05629882154542334,0.5834752981260647,1174,0.5116279069767442,86,0.3543336093425751,43,0.009013875387609005
r4_random,real_world,cosine_stage2,middle_abs,1178,-0.03779658237636921,0.0031765021586229363,0.5781430219146482,3468,0.5296610169491526,236,0.3883293867111206,118,-0.03330901637673378
r4_random,real_world,cosine_stage2,strong_abs_max_ge_0.9,2780,0.0059981881362337125,0.016432543866510836,0.5888603884206669,8187,0.5515695067264574,446,0.2948424518108368,223,-0.009403964504599571
r4_random,real_world,cosine_stage2,base_class_correct,3596,-0.0038813218241794878,0.0011027791045354278,0.5987484592775196,10547,0.5511111111111111,450,0.19364245235919952,225,-0.023661412298679352
r4_random,real_world,cosine_stage2,base_class_wrong,761,-0.015206754643981272,0.0054890240428161294,0.5241016652059597,2282,0.5251572327044025,318,0.9489551186561584,159,0.030620146542787552
r4_random,real_world,source_z_l2_stage2,weak_abs_max_lt_0.6,399,0.0207686109050372,0.08735401533241899,0.5954003407155025,1174,0.5232558139534884,86,0.3543336093425751,43,0.011672599241137505
r4_random,real_world,source_z_l2_stage2,middle_abs,1178,-0.02203001582178992,0.0055378510772121775,0.5902537485582469,3468,0.5338983050847458,236,0.3883293867111206,118,-0.02957044541835785
r4_random,real_world,source_z_l2_stage2,strong_abs_max_ge_0.9,2780,0.013960833691817963,0.017764698758039956,0.5876389397825822,8187,0.5493273542600897,446,0.2948424518108368,223,-0.01202555000782013
r4_random,real_world,source_z_l2_stage2,base_class_correct,3596,0.020009018958927524,0.008211940632758988,0.6029202616857874,10547,0.5466666666666666,450,0.19364245235919952,225,-0.024065494537353516
r4_random,real_world,source_z_l2_stage2,base_class_wrong,761,-0.0227808159290076,0.004930992267967816,0.5249780893952674,2282,0.5345911949685535,318,0.9489551186561584,159,0.030133875086903572
r4_random,real_world,cosine_stage3,weak_abs_max_lt_0.6,399,0.04262128619713122,0.08208288508250829,0.5894378194207837,1174,0.4883720930232558,86,0.3543336093425751,43,0.006771018262952566
r4_random,real_world,cosine_stage3,middle_abs,1178,-0.013585800738795888,0.005399594389690177,0.5908304498269896,3468,0.5296610169491526,236,0.3883293867111206,118,-0.03051522746682167
r4_random,real_world,cosine_stage3,strong_abs_max_ge_0.9,2780,0.030674973322084693,0.021276563407781234,0.604250641260535,8187,0.5538116591928252,446,0.2948424518108368,223,-0.009018107317388058
r4_random,real_world,cosine_stage3,base_class_correct,3596,0.04136213587218363,0.00665891726758533,0.6150564141462027,10547,0.5533333333333333,450,0.19364245235919952,225,-0.022826867178082466
r4_random,real_world,cosine_stage3,base_class_wrong,761,-0.016592228661859918,0.0032244073058996636,0.5262927256792288,2282,0.5188679245283019,318,0.9489551186561584,159,0.03123491257429123
r4_random,real_world,source_z_l2_stage3,weak_abs_max_lt_0.6,399,0.04295568775716987,0.08790758957289208,0.5971039182282794,1174,0.5,86,0.3543336093425751,43,0.009352337568998337
r4_random,real_world,source_z_l2_stage3,middle_abs,1178,-0.010513793889451133,0.008314329959299333,0.6003460207612457,3468,0.5254237288135594,236,0.3883293867111206,118,-0.03449171036481857
r4_random,real_world,source_z_l2_stage3,strong_abs_max_ge_0.9,2780,0.02624761719228797,0.01586393271849395,0.6084035666300233,8187,0.5627802690582959,446,0.2948424518108368,223,-0.0055075883865356445
r4_random,real_world,source_z_l2_stage3,base_class_correct,3596,0.04121198539074823,0.004502402111788598,0.6228311368161562,10547,0.5688888888888889,450,0.19364245235919952,225,-0.01774442568421364
r4_random,real_world,source_z_l2_stage3,base_class_wrong,761,-0.020675643272647624,0.002976932476232816,0.5236634531113059,2282,0.5094339622641509,318,0.9489551186561584,159,0.015240734443068504
r4_random,real_world,cosine_stage4,weak_abs_max_lt_0.6,399,0.027252539397405885,0.07115193939648473,0.5494037478705281,1174,0.45348837209302323,86,0.3543336093425751,43,0.008180120959877968
r4_random,real_world,cosine_stage4,middle_abs,1178,-0.027648157839642994,-0.0036078459205891988,0.580161476355248,3468,0.5296610169491526,236,0.3883293867111206,118,-0.0284868311136961
r4_random,real_world,cosine_stage4,strong_abs_max_ge_0.9,2780,0.022317889733403148,0.00577792745722468,0.6099914498595334,8187,0.5695067264573991,446,0.2948424518108368,223,-0.0028170098084956408
r4_random,real_world,cosine_stage4,base_class_correct,3596,0.029058085058104494,-0.011428724128152748,0.6095572200625771,10547,0.5511111111111111,450,0.19364245235919952,225,-0.018759554252028465
r4_random,real_world,cosine_stage4,base_class_wrong,761,-0.02572192396813742,-0.010074018337321253,0.5354951796669588,2282,0.5345911949685535,318,0.9489551186561584,159,0.03854724392294884
r4_random,real_world,source_z_l2_stage4,weak_abs_max_lt_0.6,399,0.043041940647693594,0.08536524401211168,0.5741056218057922,1174,0.47674418604651164,86,0.3543336093425751,43,0.011345786042511463
r4_random,real_world,source_z_l2_stage4,middle_abs,1178,-0.007726299484066851,0.0023971174879268867,0.5965974625144176,3468,0.5338983050847458,236,0.3883293867111206,118,-0.028297144919633865
r4_random,real_world,source_z_l2_stage4,strong_abs_max_ge_0.9,2780,0.02580343031920262,0.007515765398595699,0.6228166605594235,8187,0.5627802690582959,446,0.2948424518108368,223,-0.0042403871193528175
r4_random,real_world,source_z_l2_stage4,base_class_correct,3596,0.04347948331683962,-0.006921401971695154,0.6291836541196548,10547,0.5644444444444444,450,0.19364245235919952,225,-0.014784607104957104
r4_random,real_world,source_z_l2_stage4,base_class_wrong,761,-0.021819564141445293,-0.00643460428942377,0.5284837861524978,2282,0.5157232704402516,318,0.9489551186561584,159,0.01651788130402565
r4_random,real_world,cosine_mean4,weak_abs_max_lt_0.6,399,0.024048054276248985,0.07050411525953715,0.5536626916524702,1174,0.4418604651162791,86,0.3543336093425751,43,-0.008504615165293217
r4_random,real_world,cosine_mean4,middle_abs,1178,-0.02929884793273971,-0.0024146605631930407,0.5784313725490197,3468,0.5296610169491526,236,0.3883293867111206,118,-0.029941899701952934
r4_random,real_world,cosine_mean4,strong_abs_max_ge_0.9,2780,0.02084684085282774,0.007959684193694487,0.6081592769024062,8187,0.5627802690582959,446,0.2948424518108368,223,-0.0028250948525965214
r4_random,real_world,cosine_mean4,base_class_correct,3596,0.02561344635493273,-0.009605379393573841,0.6088935242248981,10547,0.5511111111111111,450,0.19364245235919952,225,-0.020285937935113907
r4_random,real_world,cosine_mean4,base_class_wrong,761,-0.024896651707118838,-0.007417168368790912,0.5315512708150745,2282,0.5220125786163522,318,0.9489551186561584,159,0.034730054438114166
r4_random,real_world,source_z_l2_mean4,weak_abs_max_lt_0.6,399,0.020298625683344333,0.0879826955847066,0.590289608177172,1174,0.5,86,0.3543336093425751,43,0.017180025577545166
r4_random,real_world,source_z_l2_mean4,middle_abs,1178,-0.021227451470323795,0.004891278948278807,0.5951557093425606,3468,0.5169491525423728,236,0.3883293867111206,118,-0.027792245149612427
r4_random,real_world,source_z_l2_mean4,strong_abs_max_ge_0.9,2780,0.012401880406739875,0.015074697449023872,0.593746182973006,8187,0.5493273542600897,446,0.2948424518108368,223,-0.009714818559587002
r4_random,real_world,source_z_l2_mean4,base_class_correct,3596,0.020138551530810407,0.004683200367789549,0.609177965298189,10547,0.5466666666666666,450,0.19364245235919952,225,-0.020956942811608315
r4_random,real_world,source_z_l2_mean4,base_class_wrong,761,-0.02524030804063699,0.0044672114834961715,0.5227870289219982,2282,0.5157232704402516,318,0.9489551186561584,159,0.02952633611857891
