arm,target,distance,class,stratum,n,within_image_similarity_vs_negative_nll_pearson,class_source_adjusted_within_image_pearson,nll_pair_concordance,nll_pair_support,correctness_pair_concordance,correctness_pair_support,mean_within_image_nll_range,prediction_correctness_disagreement_images,nll_reduction_vs_uniform,nll_reduction_vs_semantic
b0,art,cosine_mean4,Alarm_Clock,weak_relative,23,-0.010259937402296287,0.20971516773921578,0.5735294117647058,68,,0,0.12893834710121155,0,-0.021076366305351257,-0.003902546828612685
b0,art,cosine_mean4,Alarm_Clock,middle_relative,28,0.10987041450102282,0.07681642690405939,0.5357142857142857,84,,0,0.04272834211587906,0,0.00555993989109993,0.00042969296919181943
b0,art,cosine_mean4,Alarm_Clock,strong_relative,23,-0.25162335162962846,-0.5352571943017833,0.5671641791044776,67,0.0,2,0.21978764235973358,1,-0.049962542951107025,0.01490143034607172
b0,art,cosine_mean4,Backpack,weak_relative,19,0.40133468321749194,0.22696170996747284,0.7647058823529411,51,1.0,4,0.518322229385376,2,0.2614748477935791,0.28756070137023926
b0,art,cosine_mean4,Backpack,middle_relative,11,0.18094033162747,-0.058639039691643274,0.8787878787878788,33,,0,0.9726619720458984,0,0.3808274269104004,0.21423888206481934
b0,art,cosine_mean4,Backpack,strong_relative,11,0.7420189179996715,0.48412630968762443,0.7272727272727273,33,0.7,10,1.7756377458572388,5,0.640975296497345,0.6250036954879761
b0,art,cosine_mean4,Batteries,weak_relative,13,-0.3926347640753993,-0.15179358506060842,0.3076923076923077,39,0.3333333333333333,6,1.7822723388671875,3,-0.5219436883926392,-0.22268818318843842
b0,art,cosine_mean4,Batteries,middle_relative,9,-0.6394402272064199,0.512889721973837,0.14814814814814814,27,0.0,6,2.168217420578003,3,-0.8908587694168091,0.0
b0,art,cosine_mean4,Batteries,strong_relative,5,0.12759739312031818,0.3030112257365839,0.4,15,0.75,4,0.917474627494812,2,0.3192515969276428,0.14577817916870117
b0,art,cosine_mean4,Bed,weak_relative,8,-0.20376142967856534,-0.1925020740137917,0.2916666666666667,24,,0,0.1271062195301056,0,-0.00457492470741272,-0.007002564612776041
b0,art,cosine_mean4,Bed,middle_relative,8,-0.1354297118192995,-0.1118514123063961,0.4583333333333333,24,0.5,2,0.24986523389816284,1,-0.03276417404413223,0.03079245239496231
b0,art,cosine_mean4,Bed,strong_relative,24,0.2069079489220287,0.10290182703206763,0.5972222222222222,72,0.75,8,0.5319857597351074,4,0.13243338465690613,0.021125702187418938
b0,art,cosine_mean4,Bike,weak_relative,33,0.11328267467027878,-0.079677248015198,0.5252525252525253,99,0.5,2,0.07250162959098816,1,0.01441675703972578,-0.0012579289032146335
b0,art,cosine_mean4,Bike,middle_relative,28,-0.04378336304655006,-0.09636862606511976,0.5,84,0.6666666666666666,6,0.16342942416667938,3,-0.0069083780981600285,0.036840617656707764
b0,art,cosine_mean4,Bike,strong_relative,14,0.17319756598144087,0.09007365184747465,0.5714285714285714,42,,0,0.2696817219257355,0,0.01846942864358425,-0.01549550425261259
b0,art,cosine_mean4,Bottle,weak_relative,40,0.35556774113174483,0.2265676715808391,0.55,120,0.9090909090909091,22,0.6852461695671082,11,0.09382880479097366,0.05012090131640434
b0,art,cosine_mean4,Bottle,middle_relative,35,0.4063595858691089,0.207088663795931,0.638095238095238,105,0.5555555555555556,18,1.252462387084961,9,0.28294044733047485,0.15189824998378754
b0,art,cosine_mean4,Bottle,strong_relative,24,0.21849352083010676,-0.16674305996078878,0.6666666666666666,72,0.9166666666666666,12,1.0276532173156738,6,0.19259269535541534,0.09570495039224625
b0,art,cosine_mean4,Bucket,weak_relative,11,0.14941407740562787,-0.4599545219785508,0.696969696969697,33,1.0,4,1.398398756980896,2,0.34036338329315186,-0.38832733035087585
b0,art,cosine_mean4,Bucket,middle_relative,20,0.15405636563005565,-0.24622139898647635,0.65,60,0.7,10,1.0602487325668335,5,0.22731120884418488,0.1823485642671585
b0,art,cosine_mean4,Bucket,strong_relative,9,0.3458352103756768,0.2510850344405488,0.5925925925925926,27,0.6666666666666666,6,1.2770066261291504,3,0.47301366925239563,-0.01267292071133852
b0,art,cosine_mean4,Calculator,weak_relative,18,-0.008054135862062382,0.01657551346860905,0.4444444444444444,54,0.25,4,0.32149872183799744,2,-0.032845448702573776,-0.0022907103411853313
b0,art,cosine_mean4,Calculator,middle_relative,9,0.03970940621570092,-0.2702647054089303,0.46153846153846156,26,0.5,2,0.25502362847328186,1,0.046288445591926575,0.060312435030937195
b0,art,cosine_mean4,Calculator,strong_relative,6,-0.003883221428903086,-0.31808637228728937,0.4444444444444444,18,,0,0.16647082567214966,0,-0.04387882351875305,-0.001227577100507915
b0,art,cosine_mean4,Calendar,weak_relative,15,-0.228756978596842,0.004094626250967908,0.5555555555555556,45,0.25,8,0.6054455637931824,4,-0.18249253928661346,-0.3497174382209778
b0,art,cosine_mean4,Calendar,middle_relative,5,-0.475201703029619,-0.04399519294231042,0.5333333333333333,15,,0,0.044425249099731445,0,-0.0178380087018013,-0.03713158518075943
b0,art,cosine_mean4,Candles,weak_relative,10,0.11684949453972344,-0.27613765427519216,0.5666666666666667,30,0.25,4,0.37230607867240906,2,0.008988055400550365,-0.07907143980264664
b0,art,cosine_mean4,Candles,middle_relative,17,0.32683986043072144,0.2815123176286354,0.6862745098039216,51,0.75,8,0.9284577369689941,4,0.19478091597557068,-0.2094639390707016
b0,art,cosine_mean4,Candles,strong_relative,49,-0.08703740873436967,0.026344907658740854,0.6689655172413793,145,0.625,8,0.33360281586647034,4,-0.05947769433259964,-0.1994444727897644
b0,art,cosine_mean4,Chair,weak_relative,14,0.5399893384264071,0.1297424825111191,0.7857142857142857,42,0.8333333333333334,12,0.6305290460586548,6,0.2569660246372223,0.17822115123271942
b0,art,cosine_mean4,Chair,middle_relative,28,0.5217884414393859,-0.05333558306590711,0.7619047619047619,84,0.7857142857142857,14,0.553533136844635,7,0.25436931848526,0.15009717643260956
b0,art,cosine_mean4,Chair,strong_relative,27,0.26631284221939755,0.13648400206187555,0.7160493827160493,81,0.6875,16,0.6391565799713135,8,0.14450132846832275,0.11122972518205643
b0,art,cosine_mean4,Clipboards,weak_relative,12,-0.3054780739965411,0.10056406314035944,0.3611111111111111,36,0.6,10,0.7341321110725403,5,-0.07451212406158447,0.015130509622395039
b0,art,cosine_mean4,Clipboards,middle_relative,8,0.11518718626739041,0.43372245570753215,0.4583333333333333,24,0.5,4,1.184815764427185,2,-0.07626351714134216,0.381992906332016
b0,art,cosine_mean4,Clipboards,strong_relative,5,0.19512452785895112,0.3354831125853696,0.6,15,1.0,4,1.1282017230987549,2,-0.025069141760468483,0.0
b0,art,cosine_mean4,Computer,weak_relative,11,0.5131620870373903,0.23761129031652178,0.696969696969697,33,0.75,4,1.6107977628707886,2,0.3377048671245575,0.41218864917755127
b0,art,cosine_mean4,Computer,middle_relative,14,0.22174334686173983,0.058465564025063345,0.5714285714285714,42,0.75,12,1.8262585401535034,6,0.07566051930189133,0.6308671832084656
b0,art,cosine_mean4,Computer,strong_relative,19,0.16578909878174497,-0.015036172787506175,0.45614035087719296,57,0.5,12,1.6603436470031738,6,-0.008631561882793903,0.48945894837379456
b0,art,cosine_mean4,Couch,weak_relative,8,0.18605467657235064,0.06430013728740618,0.5,24,,0,0.8370097875595093,0,0.2219563126564026,-0.10089915245771408
b0,art,cosine_mean4,Couch,middle_relative,14,0.17005752461303944,0.06338023482355867,0.5,42,0.6666666666666666,6,0.45621341466903687,3,0.1003919467329979,-0.02376970835030079
b0,art,cosine_mean4,Couch,strong_relative,18,0.1623986800992034,-0.024458311516679137,0.5925925925925926,54,0.5,10,0.7311893105506897,5,0.1642235368490219,0.0165751650929451
b0,art,cosine_mean4,Curtains,weak_relative,12,0.08065417121449499,-0.3040013862861869,0.6111111111111112,36,0.75,4,0.14705093204975128,2,0.031213009729981422,0.04688216373324394
b0,art,cosine_mean4,Curtains,middle_relative,15,-0.08696425854108297,-0.1103103024050131,0.35555555555555557,45,0.5,4,0.3966422379016876,2,0.04174965247511864,0.1995842605829239
b0,art,cosine_mean4,Curtains,strong_relative,13,-0.08222424042159178,-0.0073694451738402144,0.41025641025641024,39,0.5,6,0.5449934601783752,3,-0.2897372245788574,-0.34592753648757935
b0,art,cosine_mean4,Desk_Lamp,weak_relative,8,0.11654754939040636,0.17956754730646352,0.5,24,0.75,4,1.1096090078353882,2,-0.0023841802030801773,0.2652289569377899
b0,art,cosine_mean4,Desk_Lamp,middle_relative,9,0.02098339762052635,0.28637361541563416,0.4444444444444444,27,0.4,10,1.3157016038894653,5,-0.05736279487609863,0.10624875128269196
b0,art,cosine_mean4,Desk_Lamp,strong_relative,6,0.033578098044132886,0.7695680736068349,0.3888888888888889,18,0.25,4,2.2609682083129883,2,-0.3273047208786011,-0.19090743362903595
b0,art,cosine_mean4,Drill,weak_relative,5,0.17150828515957092,0.6935690103574951,0.5333333333333333,15,,0,0.5106808543205261,0,0.08750957250595093,-0.09724287688732147
b0,art,cosine_mean4,Drill,middle_relative,6,0.4683123734669741,0.03970854916275071,0.7222222222222222,18,0.0,2,1.5759276151657104,1,0.1925601214170456,-0.11559906601905823
b0,art,cosine_mean4,Eraser,weak_relative,7,0.3137786699521926,-0.21992758129602286,0.7619047619047619,21,1.0,6,2.3212950229644775,3,0.7610416412353516,0.21895189583301544
b0,art,cosine_mean4,Eraser,middle_relative,7,0.5070532431304616,0.25744393988849684,0.7619047619047619,21,1.0,4,1.6182128190994263,2,0.6350339651107788,-0.0021343231201171875
b0,art,cosine_mean4,Exit_Sign,weak_relative,10,-0.0722126288314809,-0.04160270660857582,0.39285714285714285,28,,0,0.44596728682518005,0,0.10439874231815338,0.21108892560005188
b0,art,cosine_mean4,Exit_Sign,middle_relative,9,-0.12744448055676022,-0.10575771104904744,0.5,26,0.0,2,0.14047297835350037,1,-0.013415866531431675,0.0
b0,art,cosine_mean4,Fan,weak_relative,21,0.36651165926059176,0.022659975618693543,0.746031746031746,63,0.75,8,0.9915951490402222,4,0.3688009977340698,0.3200286626815796
b0,art,cosine_mean4,Fan,middle_relative,10,0.2690932534911158,-0.1746215114742131,0.6666666666666666,30,0.6666666666666666,6,0.7823094725608826,3,0.24318143725395203,0.46222156286239624
b0,art,cosine_mean4,Fan,strong_relative,14,-0.017454716622451048,-0.24995651458847123,0.5714285714285714,42,1.0,2,1.445447325706482,1,-0.2960442900657654,0.3307352364063263
b0,art,cosine_mean4,File_Cabinet,weak_relative,5,0.36975262074129733,-0.3756393653108936,0.4,15,,0,0.3930909037590027,0,0.19765989482402802,-0.00012408915790729225
b0,art,cosine_mean4,File_Cabinet,middle_relative,11,-0.025908937030753115,0.15678884074311097,0.5454545454545454,33,0.5,4,0.22117704153060913,2,-0.027449263259768486,-0.00875309482216835
b0,art,cosine_mean4,File_Cabinet,strong_relative,6,0.14496654975571957,0.15797293203917095,0.5,18,,0,0.8981070518493652,0,-0.06375732272863388,-0.4743480682373047
b0,art,cosine_mean4,Flipflops,weak_relative,6,-0.10548795017367144,-0.16758971521967636,0.3333333333333333,18,0.0,2,0.4909344017505646,1,-0.04472891613841057,1.2218261872476432e-05
b0,art,cosine_mean4,Flipflops,middle_relative,11,0.31329507231345266,0.10244491578017641,0.5151515151515151,33,,0,0.018267257139086723,0,0.008535893633961678,0.0
b0,art,cosine_mean4,Flipflops,strong_relative,29,-0.2467485519816532,-0.08750727885259284,0.4069767441860465,86,,0,0.010861581191420555,0,-0.004592349752783775,0.0
b0,art,cosine_mean4,Flowers,weak_relative,22,-0.16336706793872846,-0.01367886121612527,0.4696969696969697,66,0.0,2,0.19061507284641266,1,-0.05363919585943222,-0.11685910820960999
b0,art,cosine_mean4,Flowers,middle_relative,25,-0.1137456884533773,-0.05427176177093666,0.52,75,0.5,4,0.20265191793441772,2,-0.03917462006211281,-0.1078903004527092
b0,art,cosine_mean4,Flowers,strong_relative,43,-0.23691850712688223,-0.2997926771966259,0.5078125,128,0.0,2,0.07985158264636993,1,-0.024124251678586006,-0.034704409539699554
b0,art,cosine_mean4,Folder,weak_relative,11,-0.21392611336290884,0.22898251004074216,0.36363636363636365,33,0.3333333333333333,6,2.0822832584381104,3,-0.3925287127494812,-1.0660759210586548
b0,art,cosine_mean4,Folder,middle_relative,6,0.34344614942599494,0.669715221672646,0.6111111111111112,18,0.6666666666666666,6,0.9960262775421143,3,0.3169228732585907,-0.002422082470729947
b0,art,cosine_mean4,Fork,weak_relative,22,0.06328705409309646,-0.2796170530653223,0.5606060606060606,66,0.375,8,1.1573656797409058,4,0.11125142872333527,0.011627137660980225
b0,art,cosine_mean4,Fork,middle_relative,20,0.2234106935671493,0.33942241536637274,0.65,60,0.8333333333333334,12,1.139127492904663,6,0.0323173925280571,0.0069691091775894165
b0,art,cosine_mean4,Glasses,weak_relative,23,-0.07905591446165285,-0.17813140595347138,0.5652173913043478,69,,0,0.2757117450237274,0,0.016250910237431526,0.08369383215904236
b0,art,cosine_mean4,Glasses,middle_relative,15,-0.03215018637146467,-0.5350434035620756,0.3333333333333333,45,,0,0.13194380700588226,0,-0.002374279545620084,0.06235503405332565
b0,art,cosine_mean4,Hammer,weak_relative,10,-0.20401584051957147,-0.05812044435783019,0.5,30,0.25,8,1.3324534893035889,4,-0.2826175093650818,-0.22664976119995117
b0,art,cosine_mean4,Hammer,middle_relative,13,-0.0416486032821191,-0.17680299756154452,0.5128205128205128,39,0.5,4,1.2030138969421387,2,0.1896408647298813,0.0847012996673584
b0,art,cosine_mean4,Hammer,strong_relative,17,0.23780800413373707,0.11825419840163606,0.5686274509803921,51,0.5,6,1.9853984117507935,3,0.36209043860435486,-0.16828131675720215
b0,art,cosine_mean4,Helmet,weak_relative,15,-0.012227935546787026,-0.32156716004431596,0.6888888888888889,45,0.8333333333333334,6,0.5700886845588684,3,0.12932942807674408,0.22616584599018097
b0,art,cosine_mean4,Helmet,middle_relative,20,0.11986990026443765,-0.06332681897469863,0.6,60,0.5,10,0.5804137587547302,5,0.09480523318052292,-0.007086399011313915
b0,art,cosine_mean4,Helmet,strong_relative,44,0.11605113280936076,-0.13546365081526696,0.6335877862595419,131,0.55,20,0.3953981101512909,10,0.07954025268554688,0.005214603152126074
b0,art,cosine_mean4,Kettle,weak_relative,17,0.2804269674383372,0.058017094532528055,0.6078431372549019,51,0.6666666666666666,6,0.2781139314174652,3,0.0479314923286438,0.024572057649493217
b0,art,cosine_mean4,Kettle,middle_relative,13,0.465367957759135,-0.059875827558172924,0.8205128205128205,39,1.0,6,0.9733958840370178,3,0.3919293284416199,0.3320358991622925
b0,art,cosine_mean4,Kettle,strong_relative,16,0.3128213414200437,0.1503206342029659,0.6875,48,,0,0.4545428156852722,0,0.049955327063798904,-0.07983216643333435
b0,art,cosine_mean4,Keyboard,weak_relative,5,-0.6809670343126947,-0.12498019213199055,0.3333333333333333,15,0.0,4,0.478278249502182,2,-0.27283644676208496,-0.42251309752464294
b0,art,cosine_mean4,Keyboard,middle_relative,10,-0.6948170878072952,-0.18308460712102456,0.1,30,0.0,6,0.8233067393302917,3,-0.5020048022270203,-0.6184156537055969
b0,art,cosine_mean4,Knives,weak_relative,16,0.02929559955779048,-0.08840419275672169,0.625,48,0.5,6,0.4182441532611847,3,0.03591720014810562,0.010425327345728874
b0,art,cosine_mean4,Knives,middle_relative,23,-0.16894589974123964,0.0026713772021236142,0.5072463768115942,69,0.3333333333333333,12,0.6315237879753113,6,-0.13588273525238037,0.0
b0,art,cosine_mean4,Knives,strong_relative,33,0.16742531064564126,0.0844149423517305,0.8367346938775511,98,0.8333333333333334,6,0.17840752005577087,3,0.04765433818101883,0.028828289359807968
b0,art,cosine_mean4,Lamp_Shade,weak_relative,8,0.1507997171487536,0.13849520304066038,0.625,24,0.5,2,0.6653551459312439,1,0.04973146319389343,0.19714853167533875
b0,art,cosine_mean4,Lamp_Shade,middle_relative,22,0.218655751174836,-0.014211498817993436,0.5606060606060606,66,0.75,12,1.0233529806137085,6,0.19149264693260193,0.2004714459180832
b0,art,cosine_mean4,Lamp_Shade,strong_relative,19,0.1097616594754096,-0.0045762761368603995,0.6140350877192983,57,0.42857142857142855,14,0.7208998203277588,7,0.12509846687316895,0.0606357604265213
b0,art,cosine_mean4,Laptop,weak_relative,22,0.002871034192019972,0.10619262263383819,0.3939393939393939,66,0.2777777777777778,18,1.0516993999481201,9,0.06090747192502022,-0.06968607753515244
b0,art,cosine_mean4,Laptop,middle_relative,17,0.21038642942260216,0.02947503874002091,0.5098039215686274,51,0.5555555555555556,18,1.9906705617904663,9,0.5931515693664551,0.06817664951086044
b0,art,cosine_mean4,Laptop,strong_relative,12,0.17773760263563507,-0.0461616619038669,0.6111111111111112,36,0.6,10,1.3904906511306763,5,0.5382106304168701,0.317939430475235
b0,art,cosine_mean4,Marker,weak_relative,7,0.23384202092596135,-0.0011100713950451182,0.5238095238095238,21,,0,2.8655028343200684,0,0.5654234290122986,1.0221632719039917
b0,art,cosine_mean4,Marker,middle_relative,6,0.2999812337313103,0.08103421041966151,0.5,18,0.5,6,2.907106637954712,3,0.2669806182384491,0.5159220099449158
b0,art,cosine_mean4,Marker,strong_relative,7,0.5396212594396814,-0.23156243601598886,0.8095238095238095,21,0.8333333333333334,6,3.1456573009490967,3,0.7726020216941833,1.5173485279083252
b0,art,cosine_mean4,Monitor,weak_relative,16,0.24103422171732208,-0.21603303957933817,0.5625,48,0.6666666666666666,18,1.697430968284607,9,0.4830007255077362,0.544499933719635
b0,art,cosine_mean4,Monitor,middle_relative,11,0.33409623625892393,0.11036693875452093,0.6060606060606061,33,0.5,8,1.8258743286132812,4,0.3243568241596222,-0.14589881896972656
b0,art,cosine_mean4,Monitor,strong_relative,15,0.3236050910526058,-0.07055897306763585,0.6222222222222222,45,0.75,4,1.1549919843673706,2,0.4189298748970032,0.33130282163619995
b0,art,cosine_mean4,Mop,weak_relative,5,0.37385223338904333,-0.19211544535032776,0.6666666666666666,15,0.5,2,0.9681439399719238,1,0.3228411078453064,0.1925491839647293
b0,art,cosine_mean4,Mop,middle_relative,12,0.1058769675018912,-0.28352792742003585,0.5833333333333334,36,0.4166666666666667,12,0.9392467141151428,6,-0.02820497751235962,-0.07904798537492752
b0,art,cosine_mean4,Mop,strong_relative,15,0.3811330144840965,0.09354097102572337,0.7333333333333333,45,0.6,10,1.7272942066192627,5,0.2892457842826843,-0.0882057473063469
b0,art,cosine_mean4,Mouse,weak_relative,11,-0.1735751585149452,-0.1612975426986121,0.5454545454545454,33,0.25,4,0.4095511734485626,2,-0.03714987263083458,-0.004263297189027071
b0,art,cosine_mean4,Mug,weak_relative,29,0.2958463823100812,0.09922473219062404,0.7209302325581395,86,1.0,6,0.19469425082206726,3,0.07037156075239182,0.007827280089259148
b0,art,cosine_mean4,Mug,middle_relative,19,0.35259321803061955,0.09424295421855268,0.7142857142857143,56,1.0,4,0.20625512301921844,2,0.06200221925973892,0.04092177003622055
b0,art,cosine_mean4,Notebook,weak_relative,6,-0.5101221331844624,-0.5951146019086744,0.2777777777777778,18,0.0,4,1.165913701057434,2,-0.10958727449178696,0.0
b0,art,cosine_mean4,Notebook,middle_relative,11,0.07383775238743401,0.06774830426162731,0.5757575757575758,33,0.75,4,0.6745825409889221,2,0.09842393547296524,0.0
b0,art,cosine_mean4,Oven,weak_relative,6,-0.20698012386845713,0.21514912250047352,0.3333333333333333,18,0.16666666666666666,6,1.2708162069320679,3,-0.15262024104595184,-0.6835985779762268
b0,art,cosine_mean4,Oven,middle_relative,9,-0.3276204316051917,-0.28141697300707297,0.4074074074074074,27,0.375,8,0.8913055062294006,4,-0.1605674922466278,0.1092623844742775
b0,art,cosine_mean4,Oven,strong_relative,5,-0.1766965353501167,0.6149906395385687,0.4,15,,0,0.91534423828125,0,-0.1984023153781891,-0.7303768992424011
b0,art,cosine_mean4,Pan,weak_relative,6,-0.7090220870567132,-0.0844142390459097,0.16666666666666666,18,0.5,2,0.8266310095787048,1,-0.4015974998474121,-0.2462826818227768
b0,art,cosine_mean4,Pan,middle_relative,5,-0.16006000718051197,0.4699340160422522,0.13333333333333333,15,0.25,4,0.8408645391464233,2,-0.0647316724061966,-0.39683064818382263
b0,art,cosine_mean4,Pan,strong_relative,8,-0.13459639176984964,-0.3696553240137164,0.25,24,1.0,2,0.617306113243103,1,-0.024766411632299423,-0.040009163320064545
b0,art,cosine_mean4,Paper_Clip,weak_relative,9,0.04636095095486391,0.13366695989058788,0.37037037037037035,27,,0,0.5060749053955078,0,-0.0025432193651795387,0.16593271493911743
b0,art,cosine_mean4,Paper_Clip,middle_relative,8,0.16958065298918729,-0.002255529603297543,0.4583333333333333,24,0.5,4,1.1311571598052979,2,0.36568158864974976,0.20807522535324097
b0,art,cosine_mean4,Pen,weak_relative,5,-0.006495684469146746,-0.4646571592949228,0.3333333333333333,15,,0,0.7368602752685547,0,0.23186704516410828,-0.004311577882617712
b0,art,cosine_mean4,Pen,middle_relative,11,0.08877875137485453,0.20229650661036094,0.3939393939393939,33,0.625,8,1.3524785041809082,4,0.05309399589896202,0.030464768409729004
b0,art,cosine_mean4,Pencil,weak_relative,11,0.31574542871883,0.36202231123150586,0.5454545454545454,33,1.0,4,1.4225620031356812,2,0.23220877349376678,-0.15366573631763458
b0,art,cosine_mean4,Pencil,middle_relative,7,-0.0006097664097404306,-0.24306581234829866,0.6190476190476191,21,0.0,2,0.909328818321228,1,0.10682880133390427,-0.04445185139775276
b0,art,cosine_mean4,Pencil,strong_relative,8,0.0577868844395893,-0.04346563169778638,0.4583333333333333,24,0.5,2,1.279066562652588,1,-0.10512281954288483,0.054158031940460205
b0,art,cosine_mean4,Postit_Notes,weak_relative,6,0.4887679168461964,0.15979924451624247,0.8333333333333334,18,0.6666666666666666,6,2.1854135990142822,3,0.8079409599304199,0.00442919135093689
b0,art,cosine_mean4,Postit_Notes,strong_relative,11,0.328073456217915,0.02288619636075037,0.7272727272727273,33,0.75,4,0.3869447708129883,2,0.1399785429239273,0.0
b0,art,cosine_mean4,Printer,weak_relative,7,0.2328665812575345,0.01189142323009699,0.5714285714285714,21,,0,0.7741250991821289,0,0.12487252056598663,0.3043648898601532
b0,art,cosine_mean4,Printer,middle_relative,5,0.12636055036089505,-0.17945285003465344,0.4666666666666667,15,0.0,2,1.1933172941207886,1,0.23276665806770325,0.4295142590999603
b0,art,cosine_mean4,Printer,strong_relative,6,-0.35405677068155667,-0.07906605246782836,0.3333333333333333,18,1.0,2,0.7739031910896301,1,-0.3248352110385895,-0.3981277048587799
b0,art,cosine_mean4,Push_Pin,weak_relative,13,-0.0841119637416802,-0.011315404699150444,0.34210526315789475,38,0.75,4,0.7724592685699463,2,-0.13612520694732666,-0.07687222957611084
b0,art,cosine_mean4,Push_Pin,middle_relative,8,0.03568123831996798,-0.5415694368295575,0.375,24,,0,0.3452054560184479,0,0.049555424600839615,-0.004998102784156799
b0,art,cosine_mean4,Radio,weak_relative,11,-0.014763333301388456,0.1837854239917428,0.5151515151515151,33,,0,1.1126034259796143,0,0.09431079030036926,-0.15079008042812347
b0,art,cosine_mean4,Radio,middle_relative,21,0.009471641096855943,0.09976614179216511,0.5967741935483871,62,,0,0.2788099944591522,0,0.0023345714434981346,-0.11420375108718872
b0,art,cosine_mean4,Radio,strong_relative,15,-0.05033079560373738,-0.04119945544653587,0.6666666666666666,45,1.0,2,0.5917770862579346,1,0.01810595393180847,0.02589002065360546
b0,art,cosine_mean4,Refrigerator,weak_relative,16,0.42801190022518637,0.3442355647767223,0.6458333333333334,48,0.5,2,0.6365966200828552,1,0.28875473141670227,0.004159762058407068
b0,art,cosine_mean4,Refrigerator,middle_relative,11,0.28481279056362163,0.41978723108084254,0.6666666666666666,33,0.75,4,0.6025720238685608,2,0.1741151064634323,0.11657127737998962
b0,art,cosine_mean4,Refrigerator,strong_relative,22,0.32232880423386373,0.16947392686854615,0.6212121212121212,66,0.9375,16,0.9267067313194275,8,0.28543621301651,0.08642451465129852
b0,art,cosine_mean4,Ruler,weak_relative,7,-0.17163219709987446,0.10199800773421501,0.5714285714285714,21,0.0,2,1.1305662393569946,1,-0.23855336010456085,-0.313331663608551
b0,art,cosine_mean4,Scissors,weak_relative,5,0.6359715282202639,0.23437462001815185,0.7333333333333333,15,0.5,2,0.48021093010902405,1,0.20372557640075684,0.2184806764125824
b0,art,cosine_mean4,Scissors,middle_relative,11,0.08200310612305325,-0.43506304476497815,0.6060606060606061,33,0.6666666666666666,12,1.1584702730178833,6,0.16612467169761658,0.26083385944366455
b0,art,cosine_mean4,Screwdriver,weak_relative,11,0.3370802950571836,0.5117781304784902,0.7575757575757576,33,,0,0.39001405239105225,0,0.01070211548358202,-0.07391555607318878
b0,art,cosine_mean4,Screwdriver,middle_relative,12,-0.04162145718142848,0.1456525547492725,0.4722222222222222,36,0.5,2,0.42482563853263855,1,-0.10313037782907486,0.004569551907479763
b0,art,cosine_mean4,Screwdriver,strong_relative,7,-0.015377838519405546,0.007896159990641513,0.5238095238095238,21,1.0,6,1.2926862239837646,3,0.021585967391729355,0.0
b0,art,cosine_mean4,Shelf,weak_relative,14,0.05881711089091735,-0.03385124646819591,0.40476190476190477,42,0.5,2,0.9861169457435608,1,0.18226507306098938,0.37521201372146606
b0,art,cosine_mean4,Shelf,middle_relative,16,-0.16878027349470537,0.28558399032966636,0.4791666666666667,48,0.8333333333333334,6,0.9470961689949036,3,-0.2097066193819046,-0.1955617070198059
b0,art,cosine_mean4,Shelf,strong_relative,12,0.14499519048270157,0.4342447096316964,0.5277777777777778,36,0.5,8,1.5490050315856934,4,0.1134849414229393,-0.4743026793003082
b0,art,cosine_mean4,Sink,weak_relative,14,-0.33581615712099294,0.05739843550913543,0.5476190476190477,42,0.16666666666666666,6,0.7190184593200684,3,-0.319642573595047,-0.16341781616210938
b0,art,cosine_mean4,Sink,middle_relative,12,0.4473654259580658,0.3818384593573087,0.6666666666666666,36,1.0,4,0.6985966563224792,2,0.2117062211036682,0.2505098879337311
b0,art,cosine_mean4,Sink,strong_relative,15,0.17192030406480102,-0.178053804310499,0.6888888888888889,45,0.8333333333333334,6,0.8793650269508362,3,0.21639281511306763,0.25476697087287903
b0,art,cosine_mean4,Sneakers,weak_relative,8,0.3700632284100561,-0.010200221318548565,0.6521739130434783,23,,0,0.05570978298783302,0,0.02364819496870041,0.043347764760255814
b0,art,cosine_mean4,Sneakers,middle_relative,7,0.4151954507567562,0.04429499311191585,0.7142857142857143,21,,0,0.03551444783806801,0,0.009750819765031338,0.004576358012855053
b0,art,cosine_mean4,Sneakers,strong_relative,31,0.09978181253443898,-0.2680849331261218,0.7741935483870968,93,0.5,2,0.08093837648630142,1,0.015985779464244843,0.007828302681446075
b0,art,cosine_mean4,Soda,weak_relative,12,0.16679875052340956,0.13181087524226284,0.3333333333333333,36,0.5,2,0.35334017872810364,1,-0.00139154854696244,-0.0226887259632349
b0,art,cosine_mean4,Soda,middle_relative,18,-0.012151140504378167,-0.23923987991981366,0.25925925925925924,54,0.5,2,0.4974154233932495,1,0.009653374552726746,-0.02250843495130539
b0,art,cosine_mean4,Soda,strong_relative,10,-0.03659249610494679,-0.10996590257458347,0.5,30,1.0,4,1.10841703414917,2,-0.0577884204685688,0.12104163318872452
b0,art,cosine_mean4,Speaker,weak_relative,12,0.1435199451732604,0.33296580771678524,0.4722222222222222,36,,0,0.4464987516403198,0,0.12786367535591125,-0.013226479291915894
b0,art,cosine_mean4,Speaker,strong_relative,6,0.31223580989366884,0.13125039776777242,0.7222222222222222,18,0.75,4,1.0275944471359253,2,0.3930852711200714,0.30249324440956116
b0,art,cosine_mean4,Spoon,weak_relative,19,0.14363932808431779,-0.0739687770533701,0.49122807017543857,57,1.0,6,0.5495590567588806,3,0.059712134301662445,-0.06644224375486374
b0,art,cosine_mean4,Spoon,middle_relative,14,0.11448651006297597,0.12442203154653804,0.5,42,0.3,10,0.6651574373245239,5,0.004408405162394047,-0.00855611078441143
b0,art,cosine_mean4,Spoon,strong_relative,13,0.13317269042889954,0.01091644044262638,0.5128205128205128,39,0.75,4,1.0865658521652222,2,0.15710489451885223,0.2101249396800995
b0,art,cosine_mean4,TV,weak_relative,11,0.03823899254070187,-0.29486752557896434,0.5757575757575758,33,,0,0.38365280628204346,0,0.08773107826709747,0.1935759037733078
b0,art,cosine_mean4,TV,middle_relative,11,0.4508045340096854,0.233540943748463,0.7878787878787878,33,,0,0.3159576654434204,0,0.11822793632745743,0.01676667481660843
b0,art,cosine_mean4,TV,strong_relative,18,0.09883453986711653,-0.04873670686954683,0.5,54,0.625,8,0.5160017609596252,4,0.02912250906229019,-0.01769707351922989
b0,art,cosine_mean4,Table,weak_relative,6,0.1665146719299451,0.3600330670100268,0.4444444444444444,18,1.0,2,1.0903164148330688,1,0.1933552771806717,0.24191386997699738
b0,art,cosine_mean4,Table,middle_relative,7,0.5168687296913169,0.27905516957562226,0.7142857142857143,21,1.0,4,0.9074101448059082,2,0.3823002874851227,0.11107118427753448
b0,art,cosine_mean4,Telephone,weak_relative,12,0.38087936044535137,0.13793356786171454,0.8333333333333334,36,1.0,2,0.4994274377822876,1,0.14914271235466003,0.13255728781223297
b0,art,cosine_mean4,Telephone,middle_relative,12,0.4387126969483053,-0.052708388050274814,0.7777777777777778,36,0.75,4,1.4996533393859863,2,0.5987968444824219,0.8575345873832703
b0,art,cosine_mean4,Telephone,strong_relative,20,0.3453583727557258,-0.15766326373712466,0.7833333333333333,60,1.0,4,0.7066724300384521,2,0.33408322930336,0.4007030427455902
b0,art,cosine_mean4,ToothBrush,weak_relative,13,0.3275739761018386,-0.0768420270171391,0.5897435897435898,39,0.25,4,1.3224269151687622,2,0.4985070526599884,0.6254286170005798
b0,art,cosine_mean4,ToothBrush,middle_relative,16,0.16410560897570145,-0.1519169730113396,0.625,48,0.3333333333333333,6,0.6424851417541504,3,0.1462942510843277,-0.08899825811386108
b0,art,cosine_mean4,ToothBrush,strong_relative,14,0.028131729415455057,-0.4441253770194022,0.5,42,,0,0.8666414618492126,0,0.11762736737728119,0.3210853040218353
b0,art,cosine_mean4,Toys,middle_relative,7,0.30869456679953144,0.1919050514359404,0.47619047619047616,21,1.0,4,0.8665793538093567,2,0.15110556781291962,0.0
b0,art,cosine_mean4,Toys,strong_relative,9,0.45073851313030544,0.7410896989673053,0.8148148148148148,27,1.0,2,0.8160202503204346,1,0.2354825884103775,0.0
b0,art,cosine_mean4,Trash_Can,weak_relative,10,-0.04848743665022216,0.03094397115737814,0.5,30,0.5,4,0.8065463900566101,2,-0.03213905543088913,0.21636974811553955
b0,art,cosine_mean4,Trash_Can,middle_relative,6,0.5205666074017028,0.6447407406322829,0.5555555555555556,18,,0,0.6035256385803223,0,0.2259225696325302,-0.013741557486355305
b0,art,cosine_mean4,Trash_Can,strong_relative,5,-0.2593557705611624,-0.19660680977156336,0.4,15,0.0,2,0.795078456401825,1,-0.2659847140312195,0.0
b0,art,cosine_mean4,Webcam,weak_relative,7,0.02549502807887917,0.1531673146969286,0.6190476190476191,21,0.5,2,0.4465191066265106,1,0.09850789606571198,0.0
b0,art,cosine_mean4,Webcam,middle_relative,8,0.44882635503391916,0.39461906814585507,0.7391304347826086,23,,0,0.09636315703392029,0,0.04073965176939964,-0.0006129485554993153
b0,art,source_z_l2_mean4,Alarm_Clock,weak_relative,23,0.050246980241763876,-0.012310074738369777,0.5294117647058824,68,,0,0.12893834710121155,0,0.04935050383210182,0.06652432680130005
b0,art,source_z_l2_mean4,Alarm_Clock,middle_relative,28,0.17237865621492388,0.04539368076233479,0.5833333333333334,84,,0,0.04272834211587906,0,0.00555993989109993,0.00042969296919181943
b0,art,source_z_l2_mean4,Alarm_Clock,strong_relative,23,-0.18427884906764974,-0.6605877350761028,0.5970149253731343,67,0.0,2,0.21978764235973358,1,-0.049962542951107025,0.01490143034607172
b0,art,source_z_l2_mean4,Backpack,weak_relative,19,0.4063903117610647,0.2731034686722095,0.7843137254901961,51,1.0,4,0.518322229385376,2,0.26147791743278503,0.2875637710094452
b0,art,source_z_l2_mean4,Backpack,middle_relative,11,0.10986345865573889,-0.23516235515600548,0.8181818181818182,33,,0,0.9726619720458984,0,0.1230466291308403,-0.043541934341192245
b0,art,source_z_l2_mean4,Backpack,strong_relative,11,0.8212710633477167,0.4784939044702043,0.7878787878787878,33,0.7,10,1.7756377458572388,5,0.7680709362030029,0.7520992755889893
b0,art,source_z_l2_mean4,Batteries,weak_relative,13,-0.3702921228017315,-0.20160159513740433,0.358974358974359,39,0.16666666666666666,6,1.7822723388671875,3,-0.5719229578971863,-0.27266746759414673
b0,art,source_z_l2_mean4,Batteries,middle_relative,9,-0.6534405016158622,0.4319189557588181,0.14814814814814814,27,0.0,6,2.168217420578003,3,-0.8908587694168091,0.0
b0,art,source_z_l2_mean4,Batteries,strong_relative,5,0.3339709729443053,0.6217014517348384,0.4666666666666667,15,0.75,4,0.917474627494812,2,0.3192515969276428,0.14577817916870117
b0,art,source_z_l2_mean4,Bed,weak_relative,8,-0.34209318615119494,-0.19196057687682153,0.25,24,,0,0.1271062195301056,0,-0.00457492470741272,-0.007002564612776041
b0,art,source_z_l2_mean4,Bed,middle_relative,8,-0.10053370753064383,-0.2865131211508085,0.4583333333333333,24,0.5,2,0.24986523389816284,1,-0.03276417404413223,0.03079245239496231
b0,art,source_z_l2_mean4,Bed,strong_relative,24,0.10532604765808708,-0.0670035596661036,0.5694444444444444,72,0.625,8,0.5319857597351074,4,0.13243338465690613,0.021125702187418938
b0,art,source_z_l2_mean4,Bike,weak_relative,33,0.14679956557733248,-0.07616884075165085,0.5252525252525253,99,0.5,2,0.07250162959098816,1,0.01441675703972578,-0.0012579289032146335
b0,art,source_z_l2_mean4,Bike,middle_relative,28,0.10578734070491462,0.04990221832100761,0.5119047619047619,84,0.8333333333333334,6,0.16342942416667938,3,-0.0069083780981600285,0.036840617656707764
b0,art,source_z_l2_mean4,Bike,strong_relative,14,0.1097604090230923,0.1804628702334509,0.4523809523809524,42,,0,0.2696817219257355,0,0.04920483008027077,0.015239904634654522
b0,art,source_z_l2_mean4,Bottle,weak_relative,40,0.42089332997488277,0.17432065898551918,0.6166666666666667,120,0.9545454545454546,22,0.6852461695671082,11,0.10380663722753525,0.060098737478256226
b0,art,source_z_l2_mean4,Bottle,middle_relative,35,0.4285203494091329,0.1930007349681847,0.6761904761904762,105,0.5,18,1.252462387084961,9,0.2829644978046417,0.15192227065563202
b0,art,source_z_l2_mean4,Bottle,strong_relative,24,0.29688988471292066,0.07867610911544903,0.6666666666666666,72,0.9166666666666666,12,1.0276532173156738,6,0.1405990868806839,0.043711334466934204
b0,art,source_z_l2_mean4,Bucket,weak_relative,11,0.10439207487211975,-0.4226349131315099,0.6060606060606061,33,0.75,4,1.398398756980896,2,0.2334548979997635,-0.4952358901500702
b0,art,source_z_l2_mean4,Bucket,middle_relative,20,0.18725428277971637,-0.20466584683448497,0.6666666666666666,60,0.8,10,1.0602487325668335,5,0.22731120884418488,0.1823485642671585
b0,art,source_z_l2_mean4,Bucket,strong_relative,9,-0.08535352519284986,0.1486283546029981,0.37037037037037035,27,0.8333333333333334,6,1.2770066261291504,3,0.05758962407708168,-0.4280969798564911
b0,art,source_z_l2_mean4,Calculator,weak_relative,18,0.0866459211627616,0.15509416895571854,0.42592592592592593,54,0.0,4,0.32149872183799744,2,-0.03331928700208664,-0.002764548175036907
b0,art,source_z_l2_mean4,Calculator,middle_relative,9,0.34429694651108944,0.009597190895020646,0.6923076923076923,26,1.0,2,0.25502362847328186,1,0.05620470270514488,0.0702286884188652
b0,art,source_z_l2_mean4,Calculator,strong_relative,6,0.2046251185831189,-0.29317582661352265,0.5555555555555556,18,,0,0.16647082567214966,0,0.09507257491350174,0.13772383332252502
b0,art,source_z_l2_mean4,Calendar,weak_relative,15,-0.08228335339052112,0.015050159247625946,0.5111111111111111,45,0.375,8,0.6054455637931824,4,-0.06807209551334381,-0.23529697954654694
b0,art,source_z_l2_mean4,Calendar,middle_relative,5,-0.3013952201439667,0.02240317180553635,0.3333333333333333,15,,0,0.044425249099731445,0,-0.0178380087018013,-0.03713158518075943
b0,art,source_z_l2_mean4,Candles,weak_relative,10,0.11505859562241673,-0.01942955106951374,0.5666666666666667,30,0.75,4,0.37230607867240906,2,0.1324729025363922,0.04441342130303383
b0,art,source_z_l2_mean4,Candles,middle_relative,17,0.044147945512140345,0.10595993085185372,0.5294117647058824,51,0.375,8,0.9284577369689941,4,0.19490942358970642,-0.20933541655540466
b0,art,source_z_l2_mean4,Candles,strong_relative,49,-0.2750003481896205,-0.2059766505718939,0.5862068965517241,145,0.125,8,0.33360281586647034,4,-0.05963873490691185,-0.19960550963878632
b0,art,source_z_l2_mean4,Chair,weak_relative,14,0.5742419071373848,0.23570544959031164,0.8095238095238095,42,0.9166666666666666,12,0.6305290460586548,6,0.27307042479515076,0.19432558119297028
b0,art,source_z_l2_mean4,Chair,middle_relative,28,0.4836723893895101,-0.1391904053951009,0.7142857142857143,84,0.6428571428571429,14,0.553533136844635,7,0.20777027308940887,0.10349811613559723
b0,art,source_z_l2_mean4,Chair,strong_relative,27,0.24047352295674468,0.10093637941418715,0.7160493827160493,81,0.625,16,0.6391565799713135,8,0.1347617506980896,0.10149015486240387
b0,art,source_z_l2_mean4,Clipboards,weak_relative,12,-0.33967627029917613,-0.07409520655080033,0.4166666666666667,36,0.5,10,0.7341321110725403,5,-0.2230076938867569,-0.13336504995822906
b0,art,source_z_l2_mean4,Clipboards,middle_relative,8,-0.011081231143306117,0.3119648679595311,0.5833333333333334,24,0.5,4,1.184815764427185,2,-0.07626351714134216,0.381992906332016
b0,art,source_z_l2_mean4,Clipboards,strong_relative,5,0.44736683006329975,0.37795995379990877,0.7333333333333333,15,1.0,4,1.1282017230987549,2,0.38000601530075073,0.40507516264915466
b0,art,source_z_l2_mean4,Computer,weak_relative,11,0.5011968190826166,-0.04790099011954822,0.7575757575757576,33,0.75,4,1.6107977628707886,2,0.38659438490867615,0.4610781669616699
b0,art,source_z_l2_mean4,Computer,middle_relative,14,0.3657203850031244,-0.00976971618525278,0.6904761904761905,42,0.8333333333333334,12,1.8262585401535034,6,0.12926039099693298,0.6844670176506042
b0,art,source_z_l2_mean4,Computer,strong_relative,19,0.36384502727670437,0.0886896597389543,0.5964912280701754,57,0.5833333333333334,12,1.6603436470031738,6,0.035614583641290665,0.5337051153182983
b0,art,source_z_l2_mean4,Couch,weak_relative,8,0.04032541816373405,0.04977741740696577,0.4166666666666667,24,,0,0.8370097875595093,0,0.22949016094207764,-0.09336529672145844
b0,art,source_z_l2_mean4,Couch,middle_relative,14,0.006347872369413937,0.04542851980535208,0.40476190476190477,42,0.5,6,0.45621341466903687,3,0.1003919467329979,-0.02376970835030079
b0,art,source_z_l2_mean4,Couch,strong_relative,18,0.05679888911479925,0.007634610404423192,0.5740740740740741,54,0.4,10,0.7311893105506897,5,0.2028951495885849,0.05524677783250809
b0,art,source_z_l2_mean4,Curtains,weak_relative,12,0.1201650609966864,-0.22275016417013307,0.5555555555555556,36,0.25,4,0.14705093204975128,2,-0.003466957015916705,0.012202189303934574
b0,art,source_z_l2_mean4,Curtains,middle_relative,15,0.382449484801415,0.3394146609157752,0.5777777777777777,45,1.0,4,0.3966422379016876,2,0.04444460570812225,0.202279195189476
b0,art,source_z_l2_mean4,Curtains,strong_relative,13,-0.4292361028977795,-0.42348478318316146,0.3333333333333333,39,0.3333333333333333,6,0.5449934601783752,3,-0.14795732498168945,-0.204147607088089
b0,art,source_z_l2_mean4,Desk_Lamp,weak_relative,8,0.27867449589407867,0.22709381158089464,0.5,24,0.75,4,1.1096090078353882,2,-0.0032988544553518295,0.26431429386138916
b0,art,source_z_l2_mean4,Desk_Lamp,middle_relative,9,0.02085837919783466,0.037345250210143385,0.5185185185185185,27,0.5,10,1.3157016038894653,5,-0.05736279487609863,0.10624875128269196
b0,art,source_z_l2_mean4,Desk_Lamp,strong_relative,6,0.160333565134044,0.6387102944323367,0.5,18,0.5,4,2.2609682083129883,2,-0.3273047208786011,-0.19090743362903595
b0,art,source_z_l2_mean4,Drill,weak_relative,5,-0.08829259621362916,0.11374240881827526,0.5333333333333333,15,,0,0.5106808543205261,0,0.08596988767385483,-0.09878256171941757
b0,art,source_z_l2_mean4,Drill,middle_relative,6,0.5427441852755399,0.23339368636300786,0.7222222222222222,18,0.0,2,1.5759276151657104,1,0.5032708048820496,0.19511163234710693
b0,art,source_z_l2_mean4,Eraser,weak_relative,7,0.09676618537048341,-0.0929490340278571,0.6190476190476191,21,0.8333333333333334,6,2.3212950229644775,3,0.53412264585495,-0.007967139594256878
b0,art,source_z_l2_mean4,Eraser,middle_relative,7,-0.010168971380512634,-0.3872208318010274,0.6190476190476191,21,0.75,4,1.6182128190994263,2,0.18189463019371033,-0.45527368783950806
b0,art,source_z_l2_mean4,Exit_Sign,weak_relative,10,0.10151467490219462,-0.06953039262676806,0.5,28,,0,0.44596728682518005,0,0.10786819458007812,0.21455839276313782
b0,art,source_z_l2_mean4,Exit_Sign,middle_relative,9,0.10217627963045371,-0.13606519083365873,0.8076923076923077,26,0.5,2,0.14047297835350037,1,-0.007222671527415514,0.006193194072693586
b0,art,source_z_l2_mean4,Fan,weak_relative,21,0.2994571347850229,-0.009655374439463198,0.7142857142857143,63,0.875,8,0.9915951490402222,4,0.3688009977340698,0.3200286626815796
b0,art,source_z_l2_mean4,Fan,middle_relative,10,0.4646204455882871,0.10821177766860744,0.6666666666666666,30,1.0,6,0.7823094725608826,3,0.24477119743824005,0.46381130814552307
b0,art,source_z_l2_mean4,Fan,strong_relative,14,0.19695639633853487,-0.12725407339838932,0.5238095238095238,42,1.0,2,1.445447325706482,1,0.11628497391939163,0.7430644631385803
b0,art,source_z_l2_mean4,File_Cabinet,weak_relative,5,0.2948040642932538,-0.04723685585183924,0.3333333333333333,15,,0,0.3930909037590027,0,0.1590198576450348,-0.03876412659883499
b0,art,source_z_l2_mean4,File_Cabinet,middle_relative,11,-0.15988770031817034,-0.06225611009909604,0.3939393939393939,33,0.5,4,0.22117704153060913,2,-0.10319849848747253,-0.08450233191251755
b0,art,source_z_l2_mean4,File_Cabinet,strong_relative,6,-0.2562721362107767,-0.22192014256479675,0.4444444444444444,18,,0,0.8981070518493652,0,-0.06375732272863388,-0.4743480682373047
b0,art,source_z_l2_mean4,Flipflops,weak_relative,6,0.14324241934695664,0.015484403264305774,0.4444444444444444,18,0.5,2,0.4909344017505646,1,-0.04472891613841057,1.2218261872476432e-05
b0,art,source_z_l2_mean4,Flipflops,middle_relative,11,0.344623290852468,0.30770167099214213,0.5757575757575758,33,,0,0.018267257139086723,0,0.008535893633961678,0.0
b0,art,source_z_l2_mean4,Flipflops,strong_relative,29,-0.2513534209524586,-0.1258948780110801,0.43023255813953487,86,,0,0.010861581191420555,0,-0.004556180909276009,3.616877074819058e-05
b0,art,source_z_l2_mean4,Flowers,weak_relative,22,-0.2486785035761411,0.1484973114189885,0.19696969696969696,66,0.0,2,0.19061507284641266,1,-0.05325017124414444,-0.1164700984954834
b0,art,source_z_l2_mean4,Flowers,middle_relative,25,-0.24206719929083054,-0.16492381212063129,0.36,75,0.25,4,0.20265191793441772,2,-0.03917462006211281,-0.1078903004527092
b0,art,source_z_l2_mean4,Flowers,strong_relative,43,-0.253896506641268,-0.30308748124205737,0.4453125,128,0.0,2,0.07985158264636993,1,-0.02481510117650032,-0.03539526090025902
b0,art,source_z_l2_mean4,Folder,weak_relative,11,0.3393830333036849,0.30715480509705423,0.5757575757575758,33,0.3333333333333333,6,2.0822832584381104,3,0.2599436342716217,-0.4136035740375519
b0,art,source_z_l2_mean4,Folder,middle_relative,6,0.8061041349433243,0.5379846547552665,0.7222222222222222,18,1.0,6,0.9960262775421143,3,0.32383260130882263,0.0044876388274133205
b0,art,source_z_l2_mean4,Fork,weak_relative,22,-0.16194303050946993,-0.17704139472438565,0.42424242424242425,66,0.375,8,1.1573656797409058,4,0.07036039233207703,-0.029263902455568314
b0,art,source_z_l2_mean4,Fork,middle_relative,20,0.2454389494145423,0.4400071563424041,0.7,60,0.5833333333333334,12,1.139127492904663,6,0.22690662741661072,0.20155832171440125
b0,art,source_z_l2_mean4,Glasses,weak_relative,23,0.0058306845638617655,0.041892485772673724,0.5362318840579711,69,,0,0.2757117450237274,0,0.017071852460503578,0.08451478183269501
b0,art,source_z_l2_mean4,Glasses,middle_relative,15,0.1300406315764043,-0.24793006757546554,0.4222222222222222,45,,0,0.13194380700588226,0,0.05435042828321457,0.11907973885536194
b0,art,source_z_l2_mean4,Hammer,weak_relative,10,-0.016473119040696146,0.07557407200452057,0.5,30,0.25,8,1.3324534893035889,4,-0.319619745016098,-0.26365193724632263
b0,art,source_z_l2_mean4,Hammer,middle_relative,13,-0.2784028246080412,-0.28573096147783705,0.3076923076923077,39,0.25,4,1.2030138969421387,2,-0.3854559361934662,-0.49039557576179504
b0,art,source_z_l2_mean4,Hammer,strong_relative,17,0.01742710288846484,0.0916070688983388,0.49019607843137253,51,0.3333333333333333,6,1.9853984117507935,3,0.21054089069366455,-0.31983089447021484
b0,art,source_z_l2_mean4,Helmet,weak_relative,15,0.13258564456866928,-0.043883877340939716,0.6666666666666666,45,1.0,6,0.5700886845588684,3,0.13023588061332703,0.22707229852676392
b0,art,source_z_l2_mean4,Helmet,middle_relative,20,0.12612651491255777,-0.004038350582987999,0.5833333333333334,60,0.5,10,0.5804137587547302,5,0.0985565036535263,-0.003335133194923401
b0,art,source_z_l2_mean4,Helmet,strong_relative,44,0.04875334148892376,-0.2318698759643876,0.6183206106870229,131,0.55,20,0.3953981101512909,10,0.0826682299375534,0.008342585526406765
b0,art,source_z_l2_mean4,Kettle,weak_relative,17,0.24184174883601103,-0.154663343038719,0.5490196078431373,51,0.5,6,0.2781139314174652,3,0.0034663325641304255,-0.019893109798431396
b0,art,source_z_l2_mean4,Kettle,middle_relative,13,0.588315124705429,0.15263856936795378,0.8461538461538461,39,1.0,6,0.9733958840370178,3,0.3919293284416199,0.3320358991622925
b0,art,source_z_l2_mean4,Kettle,strong_relative,16,0.006994789276266844,-0.017986513096314844,0.6666666666666666,48,,0,0.4545428156852722,0,0.10995768010616302,-0.019829820841550827
b0,art,source_z_l2_mean4,Keyboard,weak_relative,5,-0.7377431380585318,-0.4427822429169397,0.3333333333333333,15,0.0,4,0.478278249502182,2,-0.27283644676208496,-0.42251309752464294
b0,art,source_z_l2_mean4,Keyboard,middle_relative,10,-0.6536532293763819,-0.2354411098899154,0.16666666666666666,30,0.0,6,0.8233067393302917,3,-0.4936172366142273,-0.610028088092804
b0,art,source_z_l2_mean4,Knives,weak_relative,16,0.049620890197168796,-0.033891346711390276,0.5833333333333334,48,0.5,6,0.4182441532611847,3,0.030601929873228073,0.005110056605190039
b0,art,source_z_l2_mean4,Knives,middle_relative,23,-0.13845567494034214,0.03517233813715958,0.5362318840579711,69,0.3333333333333333,12,0.6315237879753113,6,-0.1254812777042389,0.010401450097560883
b0,art,source_z_l2_mean4,Knives,strong_relative,33,0.15162611621778666,0.06302228041193075,0.8061224489795918,98,0.8333333333333334,6,0.17840752005577087,3,0.047641571611166,0.02881551720201969
b0,art,source_z_l2_mean4,Lamp_Shade,weak_relative,8,0.38030929812249004,0.4782438523875598,0.6666666666666666,24,1.0,2,0.6653551459312439,1,0.1571352183818817,0.304552286863327
b0,art,source_z_l2_mean4,Lamp_Shade,middle_relative,22,0.19270746594333196,0.0972859737355549,0.6212121212121212,66,0.9166666666666666,12,1.0233529806137085,6,0.2604629397392273,0.26944172382354736
b0,art,source_z_l2_mean4,Lamp_Shade,strong_relative,19,0.15321380873509702,0.17241655904956374,0.5789473684210527,57,0.5,14,0.7208998203277588,7,0.08682181686162949,0.02235911414027214
b0,art,source_z_l2_mean4,Laptop,weak_relative,22,0.019070214381016932,0.12680571752393552,0.48484848484848486,66,0.3888888888888889,18,1.0516993999481201,9,0.2009122520685196,0.07031869888305664
b0,art,source_z_l2_mean4,Laptop,middle_relative,17,0.0924671756610022,0.038831940527008876,0.5098039215686274,51,0.6666666666666666,18,1.9906705617904663,9,0.6881505250930786,0.163175567984581
b0,art,source_z_l2_mean4,Laptop,strong_relative,12,0.13430561119890988,0.05509241398263662,0.6111111111111112,36,0.5,10,1.3904906511306763,5,0.5382106304168701,0.317939430475235
b0,art,source_z_l2_mean4,Marker,weak_relative,7,0.6463056932126677,0.25215239371441384,0.6666666666666666,21,,0,2.8655028343200684,0,0.5326045751571655,0.9893444180488586
b0,art,source_z_l2_mean4,Marker,middle_relative,6,0.5159530048862704,-0.1332905373094523,0.6111111111111112,18,0.6666666666666666,6,2.907106637954712,3,0.2669806182384491,0.5159220099449158
b0,art,source_z_l2_mean4,Marker,strong_relative,7,0.7213675559013278,0.3347371778199327,0.8095238095238095,21,0.8333333333333334,6,3.1456573009490967,3,0.7726020216941833,1.5173485279083252
b0,art,source_z_l2_mean4,Monitor,weak_relative,16,0.07031378364370881,-0.31318231373037914,0.5,48,0.5555555555555556,18,1.697430968284607,9,0.4830007255077362,0.544499933719635
b0,art,source_z_l2_mean4,Monitor,middle_relative,11,0.11685459596070688,-0.042758618776953895,0.42424242424242425,33,0.5,8,1.8258743286132812,4,0.29228344559669495,-0.17797218263149261
b0,art,source_z_l2_mean4,Monitor,strong_relative,15,0.2668901513278997,0.12625132428080715,0.5333333333333333,45,0.5,4,1.1549919843673706,2,0.4189298748970032,0.33130282163619995
b0,art,source_z_l2_mean4,Mop,weak_relative,5,0.04804964044875543,-0.30764906518651436,0.6,15,0.5,2,0.9681439399719238,1,0.3228411078453064,0.1925491839647293
b0,art,source_z_l2_mean4,Mop,middle_relative,12,-0.16116564433067665,-0.23225294290847992,0.5,36,0.6666666666666666,12,0.9392467141151428,6,0.1570138931274414,0.10617087036371231
b0,art,source_z_l2_mean4,Mop,strong_relative,15,0.051932747435116285,0.07370163737034226,0.5333333333333333,45,0.6,10,1.7272942066192627,5,0.23560072481632233,-0.1418508142232895
b0,art,source_z_l2_mean4,Mouse,weak_relative,11,-0.29330117636518016,-0.259214053363119,0.48484848484848486,33,0.25,4,0.4095511734485626,2,-0.030134165659546852,0.0027524151373654604
b0,art,source_z_l2_mean4,Mug,weak_relative,29,0.30699320619133097,0.047079178011479664,0.7209302325581395,86,1.0,6,0.19469425082206726,3,0.07037156075239182,0.007827280089259148
b0,art,source_z_l2_mean4,Mug,middle_relative,19,0.32197435237309585,-0.20037788822683728,0.7321428571428571,56,1.0,4,0.20625512301921844,2,0.06571431457996368,0.04463387280702591
b0,art,source_z_l2_mean4,Notebook,weak_relative,6,-0.5708750452441275,-0.4526768266808491,0.2222222222222222,18,0.0,4,1.165913701057434,2,-0.11371660232543945,-0.004129335284233093
b0,art,source_z_l2_mean4,Notebook,middle_relative,11,-0.002037982195500506,0.05125535292209187,0.6666666666666666,33,0.75,4,0.6745825409889221,2,0.10630173236131668,0.007877795957028866
b0,art,source_z_l2_mean4,Oven,weak_relative,6,-0.3971062313811234,0.21629962265072147,0.2777777777777778,18,0.0,6,1.2708162069320679,3,-0.15262024104595184,-0.6835985779762268
b0,art,source_z_l2_mean4,Oven,middle_relative,9,-0.1638185466425704,0.03401700022867822,0.48148148148148145,27,0.75,8,0.8913055062294006,4,-0.1536048799753189,0.1162249892950058
b0,art,source_z_l2_mean4,Oven,strong_relative,5,-0.37028246724803293,-0.03434535475566906,0.4,15,,0,0.91534423828125,0,-0.1984023153781891,-0.7303768992424011
b0,art,source_z_l2_mean4,Pan,weak_relative,6,-0.6970940537904542,-0.25940306839382316,0.16666666666666666,18,0.0,2,0.8266310095787048,1,-0.3867112696170807,-0.23139645159244537
b0,art,source_z_l2_mean4,Pan,middle_relative,5,-0.2801873633856722,0.17290325163680678,0.2,15,0.25,4,0.8408645391464233,2,-0.06468852609395981,-0.39678749442100525
b0,art,source_z_l2_mean4,Pan,strong_relative,8,-0.32642801816997297,-0.49157324956239595,0.25,24,1.0,2,0.617306113243103,1,-0.08750706911087036,-0.10274981707334518
b0,art,source_z_l2_mean4,Paper_Clip,weak_relative,9,0.031001787129177758,0.009423334136038837,0.48148148148148145,27,,0,0.5060749053955078,0,-0.0608835369348526,0.1075923964381218
b0,art,source_z_l2_mean4,Paper_Clip,middle_relative,8,0.31229411074714,0.2501543922411329,0.5,24,0.5,4,1.1311571598052979,2,0.36568158864974976,0.20807522535324097
b0,art,source_z_l2_mean4,Pen,weak_relative,5,0.4703677088766023,0.2985338816157887,0.6,15,,0,0.7368602752685547,0,0.23186704516410828,-0.004311577882617712
b0,art,source_z_l2_mean4,Pen,middle_relative,11,0.3755469585191094,0.5319159866510184,0.5454545454545454,33,0.75,8,1.3524785041809082,4,0.05309399589896202,0.030464768409729004
b0,art,source_z_l2_mean4,Pencil,weak_relative,11,0.24591649022911674,0.3665304547758933,0.45454545454545453,33,1.0,4,1.4225620031356812,2,0.17353712022304535,-0.21233738958835602
b0,art,source_z_l2_mean4,Pencil,middle_relative,7,-0.06810841027823523,-0.010022380847659907,0.6190476190476191,21,0.0,2,0.909328818321228,1,0.10682880133390427,-0.04445185139775276
b0,art,source_z_l2_mean4,Pencil,strong_relative,8,0.20811769482616835,0.044657531291436875,0.5833333333333334,24,1.0,2,1.279066562652588,1,0.43690025806427,0.5961811542510986
b0,art,source_z_l2_mean4,Postit_Notes,weak_relative,6,0.2822464603040217,0.21620416451685753,0.7222222222222222,18,0.6666666666666666,6,2.1854135990142822,3,0.8079409599304199,0.00442919135093689
b0,art,source_z_l2_mean4,Postit_Notes,strong_relative,11,0.11638956650593668,0.1136185718838185,0.696969696969697,33,0.5,4,0.3869447708129883,2,0.1399785429239273,0.0
b0,art,source_z_l2_mean4,Printer,weak_relative,7,0.13894768130003948,-0.05994102870320326,0.47619047619047616,21,,0,0.7741250991821289,0,0.10275588929653168,0.28224822878837585
b0,art,source_z_l2_mean4,Printer,middle_relative,5,0.15275896800243466,-0.026874868016735907,0.4666666666666667,15,0.0,2,1.1933172941207886,1,0.24651959538459778,0.44326719641685486
b0,art,source_z_l2_mean4,Printer,strong_relative,6,-0.4318241597626098,-0.2315996788607005,0.5,18,1.0,2,0.7739031910896301,1,-0.32464513182640076,-0.3979376256465912
b0,art,source_z_l2_mean4,Push_Pin,weak_relative,13,0.10183083304905648,0.007883812099128468,0.47368421052631576,38,0.75,4,0.7724592685699463,2,-0.12580952048301697,-0.06655654311180115
b0,art,source_z_l2_mean4,Push_Pin,middle_relative,8,0.23328760559223047,-0.14159613568388935,0.5833333333333334,24,,0,0.3452054560184479,0,0.04985608533024788,-0.004697437863796949
b0,art,source_z_l2_mean4,Radio,weak_relative,11,-0.13723326908021372,0.3748506677363757,0.42424242424242425,33,,0,1.1126034259796143,0,0.09431079030036926,-0.15079008042812347
b0,art,source_z_l2_mean4,Radio,middle_relative,21,-0.08410224076100199,-0.06745123482340339,0.5161290322580645,62,,0,0.2788099944591522,0,-0.004338444210588932,-0.1208767518401146
b0,art,source_z_l2_mean4,Radio,strong_relative,15,-0.11782030372415886,0.003221429154383694,0.5333333333333333,45,0.5,2,0.5917770862579346,1,-0.024065233767032623,-0.016281167045235634
b0,art,source_z_l2_mean4,Refrigerator,weak_relative,16,0.3473124718276109,0.2875386731492229,0.5833333333333334,48,0.5,2,0.6365966200828552,1,0.2791205942630768,-0.00547438021749258
b0,art,source_z_l2_mean4,Refrigerator,middle_relative,11,0.19781448458578335,0.22800222775450096,0.5454545454545454,33,0.5,4,0.6025720238685608,2,0.18283022940158844,0.12528638541698456
b0,art,source_z_l2_mean4,Refrigerator,strong_relative,22,0.13010510838648487,0.19854644027698526,0.3939393939393939,66,0.6875,16,0.9267067313194275,8,0.20850320160388947,0.009491474367678165
b0,art,source_z_l2_mean4,Ruler,weak_relative,7,-0.29555053922828844,-0.1036838589043218,0.5238095238095238,21,0.0,2,1.1305662393569946,1,-0.23855336010456085,-0.313331663608551
b0,art,source_z_l2_mean4,Scissors,weak_relative,5,0.4460783688700279,0.13081632377242305,0.6666666666666666,15,0.5,2,0.48021093010902405,1,0.20372557640075684,0.2184806764125824
b0,art,source_z_l2_mean4,Scissors,middle_relative,11,-0.18145149779875516,-0.5290221871787454,0.45454545454545453,33,0.5,12,1.1584702730178833,6,-0.04979361221194267,0.044915590435266495
b0,art,source_z_l2_mean4,Screwdriver,weak_relative,11,0.40689933223528346,0.37140508235864256,0.7272727272727273,33,,0,0.39001405239105225,0,0.06408199667930603,-0.020535675808787346
b0,art,source_z_l2_mean4,Screwdriver,middle_relative,12,0.21549648769019894,0.24282085384870827,0.5277777777777778,36,0.5,2,0.42482563853263855,1,0.048020798712968826,0.15572072565555573
b0,art,source_z_l2_mean4,Screwdriver,strong_relative,7,0.04301708700498001,0.06878005620520254,0.5238095238095238,21,1.0,6,1.2926862239837646,3,-0.011082351207733154,-0.03266831859946251
b0,art,source_z_l2_mean4,Shelf,weak_relative,14,0.1494577172470103,0.14251209263552225,0.47619047619047616,42,0.5,2,0.9861169457435608,1,0.14925885200500488,0.34220579266548157
b0,art,source_z_l2_mean4,Shelf,middle_relative,16,-0.227567402244616,0.01820400671055847,0.4375,48,0.6666666666666666,6,0.9470961689949036,3,-0.22058887779712677,-0.20644396543502808
b0,art,source_z_l2_mean4,Shelf,strong_relative,12,-0.20945404373884494,0.33046330019428466,0.3888888888888889,36,0.5,8,1.5490050315856934,4,0.1134849414229393,-0.4743026793003082
b0,art,source_z_l2_mean4,Sink,weak_relative,14,-0.38313487349974257,-0.12455850781126447,0.38095238095238093,42,0.0,6,0.7190184593200684,3,-0.3291228115558624,-0.1728980392217636
b0,art,source_z_l2_mean4,Sink,middle_relative,12,0.3458756590270722,0.12579281442347434,0.5833333333333334,36,1.0,4,0.6985966563224792,2,0.2117062211036682,0.2505098879337311
b0,art,source_z_l2_mean4,Sink,strong_relative,15,0.13538013275068062,-0.2836774876552795,0.6444444444444445,45,1.0,6,0.8793650269508362,3,0.21639281511306763,0.25476697087287903
b0,art,source_z_l2_mean4,Sneakers,weak_relative,8,0.4246859328836805,0.21810579411350314,0.6521739130434783,23,,0,0.05570978298783302,0,0.02364819496870041,0.043347764760255814
b0,art,source_z_l2_mean4,Sneakers,middle_relative,7,0.45142853663627436,-0.049174137516827233,0.7142857142857143,21,,0,0.03551444783806801,0,0.009750819765031338,0.004576358012855053
b0,art,source_z_l2_mean4,Sneakers,strong_relative,31,0.12139200364175734,-0.331669488544066,0.7634408602150538,93,0.5,2,0.08093837648630142,1,0.01603769324719906,0.007880217395722866
b0,art,source_z_l2_mean4,Soda,weak_relative,12,0.15030728571605406,0.044085156859484075,0.3055555555555556,36,0.5,2,0.35334017872810364,1,-0.026447737589478493,-0.04774492606520653
b0,art,source_z_l2_mean4,Soda,middle_relative,18,0.1157246458591647,-0.26911647241109987,0.35185185185185186,54,1.0,2,0.4974154233932495,1,0.09826353937387466,0.06610173732042313
b0,art,source_z_l2_mean4,Soda,strong_relative,10,0.020482020971934307,-0.029601385794836538,0.5333333333333333,30,1.0,4,1.10841703414917,2,-0.0577884204685688,0.12104163318872452
b0,art,source_z_l2_mean4,Speaker,weak_relative,12,0.033906230901486145,0.11326207960842481,0.5277777777777778,36,,0,0.4464987516403198,0,0.1291489154100418,-0.011941224336624146
b0,art,source_z_l2_mean4,Speaker,strong_relative,6,0.16420639357152986,0.03291393464070799,0.5555555555555556,18,0.5,4,1.0275944471359253,2,0.2981308698654175,0.20753882825374603
b0,art,source_z_l2_mean4,Spoon,weak_relative,19,0.08755886465852314,-0.18751686974619253,0.5087719298245614,57,1.0,6,0.5495590567588806,3,0.07939539849758148,-0.04675896838307381
b0,art,source_z_l2_mean4,Spoon,middle_relative,14,0.3227008697472923,0.2856069879522084,0.6666666666666666,42,0.6,10,0.6651574373245239,5,0.011582422070205212,-0.0013820932945236564
b0,art,source_z_l2_mean4,Spoon,strong_relative,13,0.11147758671421017,-0.0039490854676136125,0.5641025641025641,39,0.5,4,1.0865658521652222,2,0.1705380082130432,0.22355803847312927
b0,art,source_z_l2_mean4,TV,weak_relative,11,0.19812734861495862,-0.008328448919918264,0.42424242424242425,33,,0,0.38365280628204346,0,0.05442838370800018,0.1602732092142105
b0,art,source_z_l2_mean4,TV,middle_relative,11,0.13357345887652636,0.089295662939411,0.5454545454545454,33,,0,0.3159576654434204,0,0.09350325912237167,-0.007958018220961094
b0,art,source_z_l2_mean4,TV,strong_relative,18,0.017008373508924243,-0.025926335850180938,0.5185185185185185,54,0.625,8,0.5160017609596252,4,0.08600994944572449,0.03919036686420441
b0,art,source_z_l2_mean4,Table,weak_relative,6,0.3896013538689447,0.5433961666167506,0.3888888888888889,18,1.0,2,1.0903164148330688,1,0.1933552771806717,0.24191386997699738
b0,art,source_z_l2_mean4,Table,middle_relative,7,0.48000197895599217,0.3244086030115471,0.8095238095238095,21,1.0,4,0.9074101448059082,2,0.38280606269836426,0.11157698184251785
b0,art,source_z_l2_mean4,Telephone,weak_relative,12,0.35413371364727836,0.09403622689304877,0.8055555555555556,36,1.0,2,0.4994274377822876,1,0.14914271235466003,0.13255728781223297
b0,art,source_z_l2_mean4,Telephone,middle_relative,12,0.4942986401657483,0.1561636179370311,0.7777777777777778,36,0.75,4,1.4996533393859863,2,0.6319716572761536,0.890709400177002
b0,art,source_z_l2_mean4,Telephone,strong_relative,20,0.3545646007969247,-0.05933790437412872,0.75,60,0.5,4,0.7066724300384521,2,0.33393627405166626,0.4005560874938965
b0,art,source_z_l2_mean4,ToothBrush,weak_relative,13,-0.04342048667683243,-0.266591703340789,0.28205128205128205,39,0.25,4,1.3224269151687622,2,0.0636133998632431,0.1905350387096405
b0,art,source_z_l2_mean4,ToothBrush,middle_relative,16,-0.10346268689636205,-0.11609674302221815,0.5,48,0.3333333333333333,6,0.6424851417541504,3,-0.005164407193660736,-0.24045692384243011
b0,art,source_z_l2_mean4,ToothBrush,strong_relative,14,0.023409657655680215,-0.3103764187194759,0.5476190476190477,42,,0,0.8666414618492126,0,0.20560218393802643,0.40906015038490295
b0,art,source_z_l2_mean4,Toys,middle_relative,7,0.4469770615826173,-0.07065140809231485,0.5714285714285714,21,1.0,4,0.8665793538093567,2,0.15110556781291962,0.0
b0,art,source_z_l2_mean4,Toys,strong_relative,9,0.4914525998777843,0.5098512270941,0.8148148148148148,27,1.0,2,0.8160202503204346,1,0.2354825884103775,0.0
b0,art,source_z_l2_mean4,Trash_Can,weak_relative,10,0.3079175513438868,0.2731275239653085,0.5666666666666667,30,0.75,4,0.8065463900566101,2,0.07903462648391724,0.3275434374809265
b0,art,source_z_l2_mean4,Trash_Can,middle_relative,6,0.6344014326341272,0.6387655780535021,0.7222222222222222,18,,0,0.6035256385803223,0,0.1777980476617813,-0.06186607852578163
b0,art,source_z_l2_mean4,Trash_Can,strong_relative,5,0.05446524922794574,-0.1132925271395848,0.6,15,0.5,2,0.795078456401825,1,-0.15435507893562317,0.11162962764501572
b0,art,source_z_l2_mean4,Webcam,weak_relative,7,-0.0626580124895815,0.05110178111817066,0.5238095238095238,21,0.5,2,0.4465191066265106,1,-0.018955141305923462,-0.11746304482221603
b0,art,source_z_l2_mean4,Webcam,middle_relative,8,0.3905060019757412,0.2549833025898409,0.7391304347826086,23,,0,0.09636315703392029,0,0.04135259985923767,0.0
r4_real,art,cosine_mean4,Alarm_Clock,weak_relative,23,0.2371713350790265,-0.007199916819419581,0.6382978723404256,47,,0,0.0048442562110722065,0,0.0017905865097418427,0.0006781153497286141
r4_real,art,cosine_mean4,Alarm_Clock,middle_relative,28,0.21066405664263735,0.11692268322074195,0.6805555555555556,72,,0,0.0011491442564874887,0,0.0004143191908951849,4.302230081520975e-06
r4_real,art,cosine_mean4,Alarm_Clock,strong_relative,23,0.24880063035129935,-0.3459801261983372,0.9111111111111111,45,,0,0.006092790048569441,0,0.002485152566805482,0.0035911020822823048
r4_real,art,cosine_mean4,Backpack,weak_relative,19,0.4655176081233392,0.10014215309459422,0.9772727272727273,44,1.0,2,0.022104397416114807,1,0.008913300931453705,0.017073238268494606
r4_real,art,cosine_mean4,Backpack,middle_relative,11,0.26798624946980304,-0.3393808624850436,0.84375,32,,0,0.09779684990644455,0,0.04019814729690552,0.047140661627054214
r4_real,art,cosine_mean4,Backpack,strong_relative,11,0.2881180023125632,-0.11839384057045041,0.6060606060606061,33,0.0,2,0.11934591084718704,1,0.006474156863987446,0.05625450983643532
r4_real,art,cosine_mean4,Batteries,weak_relative,13,-0.12037419018566575,-0.10383246559633524,0.42857142857142855,35,,0,0.031822867691516876,0,-0.00884421356022358,-0.023369064554572105
r4_real,art,cosine_mean4,Batteries,middle_relative,9,-0.4478740383090683,0.7459628433010344,0.3333333333333333,27,,0,0.052688851952552795,0,-0.020334355533123016,0.0
r4_real,art,cosine_mean4,Batteries,strong_relative,5,0.0755262040034157,-0.059050828734154424,0.3333333333333333,15,,0,0.024180134758353233,0,0.010365074500441551,0.018229175359010696
r4_real,art,cosine_mean4,Bed,weak_relative,8,-0.28424500025951815,0.21800748765380354,0.30434782608695654,23,,0,0.0010763799073174596,0,-0.00022042167256586254,-0.00013767811469733715
r4_real,art,cosine_mean4,Bed,middle_relative,8,0.11577767477583985,0.0023633073419155127,0.5416666666666666,24,,0,0.009514762088656425,0,0.0010587888536974788,0.0011300407350063324
r4_real,art,cosine_mean4,Bed,strong_relative,24,-0.04475324707601426,-0.43518793820830615,0.4393939393939394,66,,0,0.021415390074253082,0,0.0015389065956696868,0.00695798872038722
r4_real,art,cosine_mean4,Bike,weak_relative,33,-0.033757864689276065,0.12692834904693007,0.7325581395348837,86,,0,0.004639989696443081,0,-0.0005385139957070351,5.4220654419623315e-05
r4_real,art,cosine_mean4,Bike,middle_relative,28,0.24793530822702992,0.054847119834055026,0.7560975609756098,82,,0,0.009586609899997711,0,0.0034805345349013805,0.007035425864160061
r4_real,art,cosine_mean4,Bike,strong_relative,14,-0.19146350158072006,-0.22992547281809833,0.47619047619047616,42,,0,0.020395051687955856,0,-0.009155762381851673,0.002698358613997698
r4_real,art,cosine_mean4,Bottle,weak_relative,40,0.49398436795871614,0.2557298309179822,0.825,120,,0,0.024538887664675713,0,0.009701455011963844,0.002992696361616254
r4_real,art,cosine_mean4,Bottle,middle_relative,35,0.5160368013206988,0.06895172914314388,0.8613861386138614,101,,0,0.03426503390073776,0,0.013082419522106647,0.007126359269022942
r4_real,art,cosine_mean4,Bottle,strong_relative,24,0.4688108976283984,0.037945575372172545,0.9027777777777778,72,,0,0.025130532681941986,0,0.00976001750677824,0.006216650828719139
r4_real,art,cosine_mean4,Bucket,weak_relative,11,0.4646072525146341,-0.052196679248379965,0.8484848484848485,33,,0,0.0916966125369072,0,0.03656631335616112,0.020622340962290764
r4_real,art,cosine_mean4,Bucket,middle_relative,20,0.3820507580878146,-0.20796159299158923,0.8,60,1.0,2,0.09954120218753815,1,0.039687756448984146,0.04474196583032608
r4_real,art,cosine_mean4,Bucket,strong_relative,9,-0.02331597917054151,-0.19768103797189263,0.4444444444444444,27,,0,0.0986907109618187,0,-0.01260681264102459,-0.004088487941771746
r4_real,art,cosine_mean4,Calculator,weak_relative,18,0.3314213300725454,0.038506511622299504,0.6304347826086957,46,,0,0.016189182177186012,0,0.006471931003034115,0.007288823369890451
r4_real,art,cosine_mean4,Calculator,middle_relative,9,0.1054525343661087,-0.299020543094953,0.6666666666666666,21,,0,0.02438340336084366,0,0.010155418887734413,0.013941524550318718
r4_real,art,cosine_mean4,Calculator,strong_relative,6,-0.2599443675233434,-0.5195717608414674,0.5625,16,,0,0.014100451022386551,0,-0.00807981751859188,-1.868590152298566e-05
r4_real,art,cosine_mean4,Calendar,weak_relative,15,0.0910011162279655,-0.0543749572915356,0.5517241379310345,29,,0,0.015993449836969376,0,0.006030076649039984,0.003392929909750819
r4_real,art,cosine_mean4,Calendar,middle_relative,5,0.3713885833097737,-0.18918273085467677,0.7857142857142857,14,,0,0.0028006103821098804,0,0.0011362232035025954,0.0004919328493997455
r4_real,art,cosine_mean4,Candles,weak_relative,10,0.22979631264199063,-0.258254400823555,0.8,30,,0,0.027414128184318542,0,0.01056218333542347,0.004160602577030659
r4_real,art,cosine_mean4,Candles,middle_relative,17,0.11533340413914303,-0.14678625138658727,0.7,50,0.5,2,0.027079688385128975,1,0.008656703867018223,0.015549221076071262
r4_real,art,cosine_mean4,Candles,strong_relative,49,0.10739549428061627,-0.06796888649496981,0.7703703703703704,135,1.0,2,0.011078243143856525,1,0.002903236309066415,0.004197870381176472
r4_real,art,cosine_mean4,Chair,weak_relative,14,0.46892753254208686,0.09314141339196812,0.926829268292683,41,,0,0.03118693269789219,0,0.012610740959644318,0.01797964982688427
r4_real,art,cosine_mean4,Chair,middle_relative,28,0.5110949726854893,-0.27951824019953136,0.8674698795180723,83,,0,0.030865970999002457,0,0.01186886616051197,0.014171491377055645
r4_real,art,cosine_mean4,Chair,strong_relative,27,0.2632047422602211,-0.2999645252096427,0.6049382716049383,81,0.5,2,0.03810951113700867,1,0.013413280248641968,0.03367428854107857
r4_real,art,cosine_mean4,Clipboards,weak_relative,12,0.22571796245124964,0.11322750470291565,0.5555555555555556,36,,0,0.05469058081507683,0,0.01066555455327034,0.0285844337195158
r4_real,art,cosine_mean4,Clipboards,middle_relative,8,0.47772924021701063,0.5537117305820142,0.7083333333333334,24,,0,0.06505268812179565,0,0.014309946447610855,0.01247249823063612
r4_real,art,cosine_mean4,Clipboards,strong_relative,5,-0.01973197772494817,0.12423068355028263,0.6,15,,0,0.06089305877685547,0,-0.010590869002044201,0.0
r4_real,art,cosine_mean4,Computer,weak_relative,11,-0.4596797401047188,-0.33900699919049937,0.24242424242424243,33,,0,0.07584454864263535,0,-0.014683029614388943,-0.008201816119253635
r4_real,art,cosine_mean4,Computer,middle_relative,14,0.3191479160561189,0.2244300123396139,0.7619047619047619,42,,0,0.08740748465061188,0,0.013464163057506084,-0.0016578307840973139
r4_real,art,cosine_mean4,Computer,strong_relative,19,0.12626703129155414,0.271053873566853,0.543859649122807,57,0.6666666666666666,6,0.08132791519165039,3,0.016569895669817924,0.008235862478613853
r4_real,art,cosine_mean4,Couch,weak_relative,8,0.41752076210903866,0.11017078147587765,0.5416666666666666,24,,0,0.04431343078613281,0,0.015023068524897099,0.007063921540975571
r4_real,art,cosine_mean4,Couch,middle_relative,14,0.5322235886943726,0.3574034574539841,0.8095238095238095,42,,0,0.02768276259303093,0,0.009845939464867115,0.0026936272624880075
r4_real,art,cosine_mean4,Couch,strong_relative,18,0.30447399891413063,-0.07267410758262298,0.7962962962962963,54,,0,0.05413077771663666,0,0.0034104858059436083,-4.433343929122202e-05
r4_real,art,cosine_mean4,Curtains,weak_relative,12,0.0801545835820244,-0.268756620131272,0.6060606060606061,33,0.5,2,0.010782651603221893,1,0.004233140032738447,0.008275401778519154
r4_real,art,cosine_mean4,Curtains,middle_relative,15,0.18224265241429213,0.0656595173695584,0.4444444444444444,45,,0,0.03405297175049782,0,0.01203292328864336,0.018005330115556717
r4_real,art,cosine_mean4,Curtains,strong_relative,13,0.22474437277635376,0.37435035938590394,0.5641025641025641,39,,0,0.032057005912065506,0,-0.002554022241383791,-0.005556032061576843
r4_real,art,cosine_mean4,Desk_Lamp,weak_relative,8,-0.5539503492366181,-0.4816704336759144,0.21052631578947367,19,,0,0.013325275853276253,0,-0.005503109656274319,-0.006748420652002096
r4_real,art,cosine_mean4,Desk_Lamp,middle_relative,9,-0.5256220306385055,-0.27831254765178043,0.14814814814814814,27,0.5,2,0.03635050356388092,1,-0.014707528986036777,-0.004678593948483467
r4_real,art,cosine_mean4,Desk_Lamp,strong_relative,6,0.16158200834697092,0.5889380525042897,0.5,18,,0,0.09978935867547989,0,-0.020254433155059814,-0.07644778490066528
r4_real,art,cosine_mean4,Drill,weak_relative,5,-0.5817678139282121,0.0357038995214713,0.13333333333333333,15,,0,0.015825141221284866,0,-0.006364639848470688,-0.00785596389323473
r4_real,art,cosine_mean4,Drill,middle_relative,6,0.52941451655344,0.39044054931759453,0.7777777777777778,18,,0,0.04326141998171806,0,0.018796736374497414,0.004041489213705063
r4_real,art,cosine_mean4,Eraser,weak_relative,7,-0.6463300056032218,-0.7738346198555738,0.19047619047619047,21,,0,0.05487125366926193,0,-0.023047974333167076,-0.0240588691085577
r4_real,art,cosine_mean4,Eraser,middle_relative,7,-0.33242222345187744,0.2752246865820599,0.3333333333333333,18,,0,0.039459872990846634,0,-0.015903396531939507,-0.015807151794433594
r4_real,art,cosine_mean4,Exit_Sign,weak_relative,10,-0.11763271627582668,-0.08651657625232827,0.38095238095238093,21,,0,0.020151028409600258,0,0.0062743560411036015,0.01763240434229374
r4_real,art,cosine_mean4,Exit_Sign,middle_relative,9,0.2946194493929026,0.10408231584866667,0.6363636363636364,22,,0,0.028015967458486557,0,0.00918293185532093,0.0
r4_real,art,cosine_mean4,Fan,weak_relative,21,-0.11477777281062944,-0.30474466949199003,0.5,62,1.0,2,0.04532730579376221,1,0.00022644975979346782,0.008742193691432476
r4_real,art,cosine_mean4,Fan,middle_relative,10,0.14562712059585528,-0.2582013261455317,0.6,30,0.5,2,0.0339801162481308,1,0.009436249732971191,0.018315423280000687
r4_real,art,cosine_mean4,Fan,strong_relative,14,-0.05281187830626393,-0.2135580692334139,0.6190476190476191,42,,0,0.07383222877979279,0,-0.017204532399773598,0.017345501109957695
r4_real,art,cosine_mean4,File_Cabinet,weak_relative,5,0.39623054311008815,-0.0853455315122629,1.0,15,,0,0.04567834734916687,0,0.01880982145667076,1.8107297364622355e-05
r4_real,art,cosine_mean4,File_Cabinet,middle_relative,11,0.1451867796211624,-0.23048516801158286,0.6551724137931034,29,,0,0.02441531978547573,0,0.0004373295232653618,0.004761186428368092
r4_real,art,cosine_mean4,File_Cabinet,strong_relative,6,-0.014837335327436396,-0.03506576416509863,0.4444444444444444,18,,0,0.06952064484357834,0,0.007771380245685577,0.024507641792297363
r4_real,art,cosine_mean4,Flipflops,weak_relative,6,0.36764852436603407,0.17403521465633154,0.9166666666666666,12,,0,0.01549367606639862,0,0.006301024928689003,1.5894495675183862e-07
r4_real,art,cosine_mean4,Flipflops,middle_relative,11,0.27671984547784334,0.19314199825822176,0.896551724137931,29,,0,0.004109252709895372,0,0.0016494932351633906,0.0
r4_real,art,cosine_mean4,Flipflops,strong_relative,29,0.3144047230565514,0.09055805612950682,0.8360655737704918,61,,0,0.00029905035626143217,0,0.00010469232802279294,0.0
r4_real,art,cosine_mean4,Flowers,weak_relative,22,0.3826944055746033,0.23527107429577637,0.71875,64,,0,0.007487426977604628,0,0.0029135115910321474,0.003125494811683893
r4_real,art,cosine_mean4,Flowers,middle_relative,25,0.17691821162201513,-0.12407118525778689,0.7567567567567568,74,,0,0.013043747283518314,0,0.0052224937826395035,0.008239977061748505
r4_real,art,cosine_mean4,Flowers,strong_relative,43,0.28502106579601494,0.38319857088720355,0.9140625,128,,0,0.007021077908575535,0,0.0028235665522515774,0.0012956145219504833
r4_real,art,cosine_mean4,Folder,weak_relative,11,-0.5660802703297599,-0.33432308225283885,0.3939393939393939,33,,0,0.06308867782354355,0,-0.030061572790145874,-0.039558295160532
r4_real,art,cosine_mean4,Folder,middle_relative,6,0.49651752245372904,0.6987953468319422,0.6666666666666666,18,,0,0.053829800337553024,0,0.01787969470024109,-0.003916380926966667
r4_real,art,cosine_mean4,Fork,weak_relative,22,0.571689650874584,0.5076481437915041,0.6666666666666666,66,,0,0.061910685151815414,0,0.020862119272351265,0.02173604816198349
r4_real,art,cosine_mean4,Fork,middle_relative,20,0.3875293163958505,0.04530595886854557,0.7,60,,0,0.06645353138446808,0,0.019689926877617836,5.9339403378544375e-05
r4_real,art,cosine_mean4,Glasses,weak_relative,23,0.3512615507161183,0.1999556707537113,0.8235294117647058,68,,0,0.0232652947306633,0,0.009073257446289062,0.013566168956458569
r4_real,art,cosine_mean4,Glasses,middle_relative,15,0.010048851456055607,-0.2734662020247372,0.7619047619047619,42,0.0,2,0.004037210252135992,1,-9.933554974850267e-05,-0.0005594982649199665
r4_real,art,cosine_mean4,Hammer,weak_relative,10,0.6788744647169657,0.4367047933737595,0.8,30,,0,0.06921513378620148,0,0.026958247646689415,0.025424683466553688
r4_real,art,cosine_mean4,Hammer,middle_relative,13,0.44804348057223686,0.23808416334962829,0.6923076923076923,39,1.0,2,0.04431886970996857,1,0.008327777497470379,0.012407594360411167
r4_real,art,cosine_mean4,Hammer,strong_relative,17,0.2050266602302049,0.29551356528514183,0.5686274509803921,51,,0,0.05782543867826462,0,-0.0023194244131445885,0.009203040972352028
r4_real,art,cosine_mean4,Helmet,weak_relative,15,-0.14061262327477222,-0.32964181137526444,0.4888888888888889,45,,0,0.023944023996591568,0,0.0018003493314608932,-0.0026985027361661196
r4_real,art,cosine_mean4,Helmet,middle_relative,20,0.2554440773436555,0.2186170715573183,0.6909090909090909,55,,0,0.015686586499214172,0,0.004575533792376518,0.001081095659174025
r4_real,art,cosine_mean4,Helmet,strong_relative,44,0.05143797999219857,-0.20162430396728664,0.6460176991150443,113,1.0,2,0.010000800713896751,1,0.0005124263698235154,-0.002255262341350317
r4_real,art,cosine_mean4,Kettle,weak_relative,17,0.34890105311996344,0.11795303156172902,0.7254901960784313,51,,0,0.008211234584450722,0,0.0021629035472869873,0.002780856564640999
r4_real,art,cosine_mean4,Kettle,middle_relative,13,0.24184414039600355,-0.3777692393351661,0.8157894736842105,38,,0,0.015277231112122536,0,0.005197489634156227,0.01067754440009594
r4_real,art,cosine_mean4,Kettle,strong_relative,16,-0.05049840926183371,-0.11880998859249489,0.625,48,,0,0.01541392132639885,0,-0.0044043161906301975,-0.0025811982341110706
r4_real,art,cosine_mean4,Keyboard,weak_relative,5,0.4784817215258985,-0.13573519953705795,0.8666666666666667,15,,0,0.025372270494699478,0,0.010451269336044788,0.024853091686964035
r4_real,art,cosine_mean4,Keyboard,middle_relative,10,0.08305828076854968,-0.2899123757951976,0.7931034482758621,29,,0,0.029180843383073807,0,0.005532659590244293,0.010901686735451221
r4_real,art,cosine_mean4,Knives,weak_relative,16,-0.12229368601903641,0.123282021799862,0.6041666666666666,48,,0,0.00756914634257555,0,-0.0016542494995519519,0.0001058727502822876
r4_real,art,cosine_mean4,Knives,middle_relative,23,0.3281846027593895,0.07995347991737953,0.7413793103448276,58,,0,0.0158615130931139,0,0.004750792868435383,0.0
r4_real,art,cosine_mean4,Knives,strong_relative,33,-0.018662943272220442,-0.4525978953936696,0.5909090909090909,66,,0,0.0027464129962027073,0,0.0008466002182103693,0.0020163545850664377
r4_real,art,cosine_mean4,Lamp_Shade,weak_relative,8,0.3524860299434604,0.09642480556478646,0.5833333333333334,24,0.0,2,0.04726520925760269,1,0.014431968331336975,0.033990517258644104
r4_real,art,cosine_mean4,Lamp_Shade,middle_relative,22,0.25408497703545346,-0.18505909074742016,0.6307692307692307,65,,0,0.04627580940723419,0,0.0043168142437934875,0.02329549379646778
r4_real,art,cosine_mean4,Lamp_Shade,strong_relative,19,0.11651555861576962,-0.20133348147338118,0.7818181818181819,55,,0,0.016461258754134178,0,0.0046569546684622765,0.008314681239426136
r4_real,art,cosine_mean4,Laptop,weak_relative,22,-0.5326348493078916,-0.3413485357733691,0.2878787878787879,66,,0,0.03472527116537094,0,-0.00972483679652214,-0.004137554671615362
r4_real,art,cosine_mean4,Laptop,middle_relative,17,-0.3716651511673582,-0.07126978189509325,0.4117647058823529,51,0.0,2,0.04405638203024864,1,-0.008932835422456264,-0.009428352117538452
r4_real,art,cosine_mean4,Laptop,strong_relative,12,0.13041894872018728,0.23499831593492682,0.3333333333333333,36,1.0,2,0.026323238387703896,1,0.006515055894851685,0.007758548017591238
r4_real,art,cosine_mean4,Marker,weak_relative,7,0.5318585785182794,0.12073179692536039,0.7619047619047619,21,,0,0.1218617632985115,0,0.049496445804834366,0.0772431269288063
r4_real,art,cosine_mean4,Marker,middle_relative,6,0.7283320115213147,0.2985467073774256,0.8888888888888888,18,,0,0.09632615000009537,0,0.039026498794555664,0.003827770473435521
r4_real,art,cosine_mean4,Marker,strong_relative,7,0.36254285042219053,-0.38600844794097533,0.8571428571428571,21,,0,0.0769626572728157,0,0.02479666657745838,0.06331253051757812
r4_real,art,cosine_mean4,Monitor,weak_relative,16,0.23912244426454848,-0.3682138118615963,0.625,48,,0,0.06784567981958389,0,0.015314586460590363,0.027456071227788925
r4_real,art,cosine_mean4,Monitor,middle_relative,11,0.14553674947665848,-0.09005704021489963,0.6060606060606061,33,,0,0.08049152791500092,0,0.003887382335960865,0.013839418068528175
r4_real,art,cosine_mean4,Monitor,strong_relative,15,-0.005650138306505326,-0.17884696524229285,0.5555555555555556,45,,0,0.06135350465774536,0,0.004582425579428673,0.016704903915524483
r4_real,art,cosine_mean4,Mop,weak_relative,5,0.08452533062873331,-0.4438618078633285,0.7333333333333333,15,1.0,2,0.02501698210835457,1,0.00634861271828413,0.005289328284561634
r4_real,art,cosine_mean4,Mop,middle_relative,12,0.18530000773342584,0.06969418011987404,0.5555555555555556,36,,0,0.04323708638548851,0,0.005200112704187632,0.017215751111507416
r4_real,art,cosine_mean4,Mop,strong_relative,15,0.14680354142715593,0.2717225951647873,0.6222222222222222,45,,0,0.06548392027616501,0,0.012989412061870098,0.023700030520558357
r4_real,art,cosine_mean4,Mouse,weak_relative,11,0.18380873723149138,-0.03806616747309322,0.7878787878787878,33,,0,0.021129222586750984,0,0.003020833246409893,-0.002944358391687274
r4_real,art,cosine_mean4,Mug,weak_relative,29,0.21742181752801404,-0.1650802902361632,0.9466666666666667,75,,0,0.00883505865931511,0,0.003587352577596903,0.0001377459120703861
r4_real,art,cosine_mean4,Mug,middle_relative,19,-0.21715947827305207,-0.27332924889338567,0.7017543859649122,57,,0,0.013947037979960442,0,-0.0028740973211824894,0.0019064514199271798
r4_real,art,cosine_mean4,Notebook,weak_relative,6,0.7442860584136596,0.6302021093143516,0.8888888888888888,18,,0,0.07507763057947159,0,0.030726363882422447,0.0
r4_real,art,cosine_mean4,Notebook,middle_relative,11,0.41743200892981974,0.1858877233488542,0.7666666666666667,30,0.0,2,0.021866006776690483,1,0.009058576077222824,0.0
r4_real,art,cosine_mean4,Oven,weak_relative,6,0.7053769305438642,0.5352970975206518,0.9444444444444444,18,,0,0.09069029241800308,0,0.037311870604753494,0.0796610489487648
r4_real,art,cosine_mean4,Oven,middle_relative,9,0.27523132990428223,-0.36840616204737076,0.6296296296296297,27,,0,0.09366592764854431,0,0.02489171177148819,0.062053196132183075
r4_real,art,cosine_mean4,Oven,strong_relative,5,-0.010233436375090828,0.5685015380531295,0.6,15,,0,0.02674638293683529,0,-0.0024717659689486027,-0.016097355633974075
r4_real,art,cosine_mean4,Pan,weak_relative,6,0.26040736383090507,0.08545626724763423,0.5555555555555556,18,,0,0.06817186623811722,0,0.011610073037445545,0.02137887477874756
r4_real,art,cosine_mean4,Pan,middle_relative,5,0.3473444899310244,0.1407986983404785,0.4,15,,0,0.031088730320334435,0,0.007129459176212549,0.014796745963394642
r4_real,art,cosine_mean4,Pan,strong_relative,8,-0.2373117347400795,-0.5419781750719221,0.6521739130434783,23,,0,0.06270195543766022,0,-0.012104514986276627,0.01236644759774208
r4_real,art,cosine_mean4,Paper_Clip,weak_relative,9,-0.14399004476763536,-0.18929964602220076,0.6086956521739131,23,,0,0.01988510601222515,0,-0.0026157849933952093,-0.0034423810429871082
r4_real,art,cosine_mean4,Paper_Clip,middle_relative,8,-0.23566016254866615,-0.18994954926438787,0.4583333333333333,24,,0,0.04163970798254013,0,-0.013329188339412212,-0.014427900314331055
r4_real,art,cosine_mean4,Pen,weak_relative,5,0.336345926213508,0.047923236366149265,0.7333333333333333,15,,0,0.06444916874170303,0,0.026392990723252296,0.001565445913001895
r4_real,art,cosine_mean4,Pen,middle_relative,11,0.5176247163242524,0.1811347925866983,0.7272727272727273,33,,0,0.08408483117818832,0,0.02606629580259323,0.001640206086449325
r4_real,art,cosine_mean4,Pencil,weak_relative,11,0.31965692039587773,0.2654683369597941,0.6363636363636364,33,,0,0.03273618221282959,0,0.004578588530421257,0.0046454668045043945
r4_real,art,cosine_mean4,Pencil,middle_relative,7,0.12819613430548793,-0.487655190043882,0.47619047619047616,21,,0,0.018839670345187187,0,0.0038750299718230963,0.0023921856191009283
r4_real,art,cosine_mean4,Pencil,strong_relative,8,-0.2052415561512759,-0.2830265717508053,0.4583333333333333,24,,0,0.06313727796077728,0,-0.005149051547050476,0.02131679654121399
r4_real,art,cosine_mean4,Postit_Notes,weak_relative,6,0.4613675245073161,0.4739804921502048,0.7777777777777778,18,,0,0.022509964182972908,0,0.008800623938441277,0.00380205106921494
r4_real,art,cosine_mean4,Postit_Notes,strong_relative,11,0.43483958646270654,0.5913127792662197,0.7575757575757576,33,,0,0.006270117592066526,0,0.0012721131788566709,0.0
r4_real,art,cosine_mean4,Printer,weak_relative,7,0.2201778539298404,0.07693216958590365,0.42857142857142855,21,,0,0.028416642919182777,0,0.004656194243580103,-0.00700533390045166
r4_real,art,cosine_mean4,Printer,middle_relative,5,-0.37823523624978084,-0.8142053066412023,0.4,15,,0,0.030032891780138016,0,-0.014214565977454185,-0.007880834862589836
r4_real,art,cosine_mean4,Printer,strong_relative,6,0.08509503869761838,-0.09362325355616655,0.6111111111111112,18,,0,0.062291648238897324,0,0.01201981958001852,0.02093670517206192
r4_real,art,cosine_mean4,Push_Pin,weak_relative,13,0.24455638101523564,0.08631701214114886,0.5555555555555556,36,,0,0.01847768947482109,0,0.004558249842375517,0.003251902759075165
r4_real,art,cosine_mean4,Push_Pin,middle_relative,8,0.012111434916774256,-0.40862504920304527,0.43478260869565216,23,,0,0.01634294167160988,0,0.002419650787487626,-0.0005753561854362488
r4_real,art,cosine_mean4,Radio,weak_relative,11,0.49383287619938687,0.19750317895321928,0.5757575757575758,33,,0,0.03357047960162163,0,0.009778173640370369,0.0054167490452528
r4_real,art,cosine_mean4,Radio,middle_relative,21,0.27245676663034496,-0.23027025025998002,0.6333333333333333,60,,0,0.026077860966324806,0,0.0064523047767579556,0.006258773151785135
r4_real,art,cosine_mean4,Radio,strong_relative,15,-0.16691293320196615,-0.15304923007612328,0.5909090909090909,44,0.0,4,0.026010220870375633,2,-0.0032834126614034176,0.003647631499916315
r4_real,art,cosine_mean4,Refrigerator,weak_relative,16,0.464619470674609,0.15034946147624292,0.8297872340425532,47,,0,0.0515969917178154,0,0.020102836191654205,8.799916395219043e-05
r4_real,art,cosine_mean4,Refrigerator,middle_relative,11,0.5939311538107648,0.051372230753133366,0.8333333333333334,30,,0,0.020587002858519554,0,0.007431486155837774,0.008251965045928955
r4_real,art,cosine_mean4,Refrigerator,strong_relative,22,0.3868275437419563,0.33161231766177535,0.5151515151515151,66,,0,0.049370989203453064,0,0.011626999825239182,0.006207335274666548
r4_real,art,cosine_mean4,Ruler,weak_relative,7,0.4991307925838544,0.5832388078250769,0.8095238095238095,21,,0,0.048047516494989395,0,0.013697645626962185,-0.008511330001056194
r4_real,art,cosine_mean4,Scissors,weak_relative,5,0.38545935907054646,0.20616486922215696,0.6666666666666666,15,,0,0.02102663740515709,0,0.003909416031092405,-0.00048370883450843394
r4_real,art,cosine_mean4,Scissors,middle_relative,11,0.09121892830941343,-0.05057425397586836,0.42424242424242425,33,,0,0.0389806292951107,0,0.005891839973628521,0.014780914410948753
r4_real,art,cosine_mean4,Screwdriver,weak_relative,11,-0.26888461000427333,-0.1970472738820909,0.36363636363636365,33,,0,0.016629187390208244,0,-0.002828159835189581,-0.0026451607700437307
r4_real,art,cosine_mean4,Screwdriver,middle_relative,12,-0.2328277830029094,-0.3675903365266113,0.5555555555555556,36,,0,0.0247842725366354,0,-0.006378521677106619,0.0003074212872888893
r4_real,art,cosine_mean4,Screwdriver,strong_relative,7,-0.05057740196512959,0.08001291232572304,0.42857142857142855,21,,0,0.02404746040701866,0,0.0070669990964233875,0.0
r4_real,art,cosine_mean4,Shelf,weak_relative,14,0.19937012351519426,0.5063890242705053,0.8095238095238095,42,0.5,4,0.06274924427270889,2,-0.0034353623632341623,-0.014398796483874321
r4_real,art,cosine_mean4,Shelf,middle_relative,16,-0.25425821319125286,-0.037176647736822,0.4791666666666667,48,,0,0.017546026036143303,0,-0.004119125194847584,-0.0005044862627983093
r4_real,art,cosine_mean4,Shelf,strong_relative,12,-0.11153010617914308,-0.4888110294627138,0.5277777777777778,36,,0,0.049129635095596313,0,0.005528539419174194,0.029030174016952515
r4_real,art,cosine_mean4,Sink,weak_relative,14,0.10745730561772819,0.16830251745665353,0.5641025641025641,39,,0,0.010097034275531769,0,0.00039424581336788833,0.0052510774694383144
r4_real,art,cosine_mean4,Sink,middle_relative,12,0.1566685937615257,-0.3367547396383178,0.696969696969697,33,,0,0.014788612723350525,0,0.003981014713644981,0.007739292923361063
r4_real,art,cosine_mean4,Sink,strong_relative,15,0.17600869101333202,0.29237105344732683,0.5714285714285714,42,,0,0.032667797058820724,0,0.002495140302926302,0.007396353408694267
r4_real,art,cosine_mean4,Sneakers,weak_relative,8,0.4114295436938312,0.026036130816492108,1.0,21,,0,0.004290231969207525,0,0.0017374458257108927,0.0032835446763783693
r4_real,art,cosine_mean4,Sneakers,middle_relative,7,0.34866493496620476,0.03837539811865821,0.9047619047619048,21,,0,0.0064147156663239,0,0.0026417055632919073,0.006283055990934372
r4_real,art,cosine_mean4,Sneakers,strong_relative,31,-0.03717898012648988,-0.64657723403148,0.8536585365853658,82,,0,0.008104618638753891,0,-0.0017896995414048433,-0.0002468317688908428
r4_real,art,cosine_mean4,Soda,weak_relative,12,-0.037687785021796635,-0.22062879304668095,0.4444444444444444,36,,0,0.019574394449591637,0,0.001283416640944779,0.0071372524835169315
r4_real,art,cosine_mean4,Soda,middle_relative,18,-0.09898596644794071,-0.20192961310281507,0.5,54,0.0,4,0.014514714479446411,2,-0.0005970341735519469,0.0011300204787403345
r4_real,art,cosine_mean4,Soda,strong_relative,10,-0.3378802433538592,0.30046065625400975,0.26666666666666666,30,,0,0.02776293456554413,0,-0.005349941551685333,-0.0019117355113849044
r4_real,art,cosine_mean4,Speaker,weak_relative,12,0.026487069616309786,0.012001415332777807,0.6285714285714286,35,,0,0.013764391653239727,0,0.00019572551536839455,-0.003152867080643773
r4_real,art,cosine_mean4,Speaker,strong_relative,6,-0.08432371262971593,-0.13160946812561208,0.6666666666666666,18,,0,0.047955140471458435,0,0.003589087398722768,0.014078817330300808
r4_real,art,cosine_mean4,Spoon,weak_relative,19,0.24165448566266795,0.09141393186343989,0.6727272727272727,55,,0,0.02509968727827072,0,0.006871207617223263,0.004431241657584906
r4_real,art,cosine_mean4,Spoon,middle_relative,14,0.01096893040371108,-0.3676964518559025,0.6190476190476191,42,,0,0.03805940970778465,0,0.009478016756474972,0.018430521711707115
r4_real,art,cosine_mean4,Spoon,strong_relative,13,0.09754666230704473,-0.24273636036561194,0.5641025641025641,39,0.5,4,0.03937076777219772,2,0.010775148868560791,0.02043808437883854
r4_real,art,cosine_mean4,TV,weak_relative,11,-0.17614590888688778,-0.41786407680619225,0.5757575757575758,33,,0,0.020066695287823677,0,-6.743215635651723e-05,-0.000873074634000659
r4_real,art,cosine_mean4,TV,middle_relative,11,0.16350553882531355,0.08083239703697827,0.7272727272727273,33,,0,0.013791102916002274,0,0.003954369109123945,0.006442041601985693
r4_real,art,cosine_mean4,TV,strong_relative,18,-0.001962191495602336,0.19339897914735796,0.6296296296296297,54,1.0,2,0.030244125053286552,1,0.0018006896134465933,-0.004937789402902126
r4_real,art,cosine_mean4,Table,weak_relative,6,0.0462508715994252,0.0731747953575835,0.7058823529411765,17,,0,0.04664276912808418,0,-0.009492546319961548,-0.0006355257937684655
r4_real,art,cosine_mean4,Table,middle_relative,7,-0.43218818154504446,-0.42265381073702507,0.3333333333333333,21,,0,0.021901486441493034,0,-0.003132809419184923,0.005489605013281107
r4_real,art,cosine_mean4,Telephone,weak_relative,12,-0.08330348050359333,0.48143527888822774,0.28125,32,,0,0.016788624227046967,0,-0.006683483719825745,-0.016664205119013786
r4_real,art,cosine_mean4,Telephone,middle_relative,12,0.016580353869737552,-0.3181604477120249,0.5277777777777778,36,,0,0.0379413478076458,0,0.0030403442215174437,0.017683329060673714
r4_real,art,cosine_mean4,Telephone,strong_relative,20,-0.1441979647791611,0.40164836628317385,0.2894736842105263,38,,0,0.023724142462015152,0,-0.00936790369451046,-0.018585462123155594
r4_real,art,cosine_mean4,ToothBrush,weak_relative,13,0.038192410267563266,-0.314316487685222,0.717948717948718,39,,0,0.052951157093048096,0,-0.005124891176819801,0.01956181786954403
r4_real,art,cosine_mean4,ToothBrush,middle_relative,16,0.23208981226778747,0.25286960609308046,0.6595744680851063,47,,0,0.013814331032335758,0,0.005061645060777664,0.0009874890092760324
r4_real,art,cosine_mean4,ToothBrush,strong_relative,14,-0.09426000958285909,-0.7443926737424232,0.7368421052631579,38,,0,0.03134189173579216,0,-0.01177227683365345,0.0014202083693817258
r4_real,art,cosine_mean4,Toys,middle_relative,7,0.45557032851602514,-0.3046938420630403,0.9047619047619048,21,,0,0.022915780544281006,0,0.00942707248032093,0.0
r4_real,art,cosine_mean4,Toys,strong_relative,9,0.4462369092622392,0.7916257745996677,1.0,27,,0,0.017965493723750114,0,0.007237689569592476,0.0
r4_real,art,cosine_mean4,Trash_Can,weak_relative,10,-0.13976125672246817,0.29604374514065873,0.3333333333333333,30,,0,0.03635702282190323,0,-0.0050119562074542046,0.004717700183391571
r4_real,art,cosine_mean4,Trash_Can,middle_relative,6,0.3458191336413567,0.36791086306400655,0.4666666666666667,15,,0,0.007476838771253824,0,0.0009682985837571323,-1.2709263501164969e-05
r4_real,art,cosine_mean4,Trash_Can,strong_relative,5,0.04700347087905027,0.6552723195104396,0.26666666666666666,15,,0,0.012385199777781963,0,0.004728510044515133,0.0
r4_real,art,cosine_mean4,Webcam,weak_relative,7,-0.20139065013957475,0.361538687037552,0.3888888888888889,18,,0,0.01346359308809042,0,-0.0036626846995204687,0.0
r4_real,art,cosine_mean4,Webcam,middle_relative,8,0.37189663205508083,0.2817461660838132,0.9,20,,0,0.006928431801497936,0,0.0019385642372071743,-0.0011075660586357117
r4_real,art,source_z_l2_mean4,Alarm_Clock,weak_relative,23,0.11489832350594396,-0.45920507851942305,0.7021276595744681,47,,0,0.0048442562110722065,0,0.0010546523844823241,-5.781885556643829e-05
r4_real,art,source_z_l2_mean4,Alarm_Clock,middle_relative,28,0.23986735815378937,0.07520857805052648,0.7083333333333334,72,,0,0.0011491442564874887,0,0.0004143191908951849,4.302230081520975e-06
r4_real,art,source_z_l2_mean4,Alarm_Clock,strong_relative,23,0.3800612330847648,-0.017958357779328624,0.9555555555555556,45,,0,0.006092790048569441,0,0.002485152566805482,0.0035911020822823048
r4_real,art,source_z_l2_mean4,Backpack,weak_relative,19,0.5215013437873955,0.2975887492434383,0.9772727272727273,44,1.0,2,0.022104397416114807,1,0.008913670666515827,0.017073607072234154
r4_real,art,source_z_l2_mean4,Backpack,middle_relative,11,0.41512567358051733,-0.11396083623836803,0.78125,32,,0,0.09779684990644455,0,0.031345102936029434,0.03828762099146843
r4_real,art,source_z_l2_mean4,Backpack,strong_relative,11,0.6246088615354644,0.012087904911413629,0.8484848484848485,33,1.0,2,0.11934591084718704,1,0.04031967744231224,0.09010003507137299
r4_real,art,source_z_l2_mean4,Batteries,weak_relative,13,-0.4467382559054562,-0.4590694075172701,0.2857142857142857,35,,0,0.031822867691516876,0,-0.009163063950836658,-0.02368791215121746
r4_real,art,source_z_l2_mean4,Batteries,middle_relative,9,-0.4449311041690721,0.6738077816651903,0.3333333333333333,27,,0,0.052688851952552795,0,-0.020334355533123016,0.0
r4_real,art,source_z_l2_mean4,Batteries,strong_relative,5,0.3451119320707891,0.2471771031660275,0.4,15,,0,0.024180134758353233,0,0.010365074500441551,0.018229175359010696
r4_real,art,source_z_l2_mean4,Bed,weak_relative,8,-0.21810325663997457,0.7089203283732012,0.34782608695652173,23,,0,0.0010763799073174596,0,-0.00022042167256586254,-0.00013767811469733715
r4_real,art,source_z_l2_mean4,Bed,middle_relative,8,0.11755241977116561,-0.11234996831614585,0.625,24,,0,0.009514762088656425,0,0.0010587888536974788,0.0011300407350063324
r4_real,art,source_z_l2_mean4,Bed,strong_relative,24,0.052996180068334134,-0.11128995018229308,0.4696969696969697,66,,0,0.021415390074253082,0,0.0015389065956696868,0.00695798872038722
r4_real,art,source_z_l2_mean4,Bike,weak_relative,33,-0.05082239290278304,0.1130035035964179,0.7209302325581395,86,,0,0.004639989696443081,0,-0.0005385139957070351,5.4220654419623315e-05
r4_real,art,source_z_l2_mean4,Bike,middle_relative,28,0.37707026617295963,0.23484765994483492,0.8536585365853658,82,,0,0.009586609899997711,0,0.0034805345349013805,0.007035425864160061
r4_real,art,source_z_l2_mean4,Bike,strong_relative,14,0.345812221114148,-0.004106799245529667,0.7857142857142857,42,,0,0.020395051687955856,0,0.0060804677195847034,0.017934586852788925
r4_real,art,source_z_l2_mean4,Bottle,weak_relative,40,0.5397039269854186,0.24945833775338816,0.8583333333333333,120,,0,0.024538887664675713,0,0.00969548150897026,0.00298672285862267
r4_real,art,source_z_l2_mean4,Bottle,middle_relative,35,0.6012804905596775,0.1897938539565976,0.8910891089108911,101,,0,0.03426503390073776,0,0.013082399033010006,0.0071263387799263
r4_real,art,source_z_l2_mean4,Bottle,strong_relative,24,0.5785895374218942,0.35735184991490304,0.9305555555555556,72,,0,0.025130532681941986,0,0.009875968098640442,0.006332601886242628
r4_real,art,source_z_l2_mean4,Bucket,weak_relative,11,0.6347553265908666,-0.05507998571449371,0.8787878787878788,33,,0,0.0916966125369072,0,0.034181442111730576,0.01823747158050537
r4_real,art,source_z_l2_mean4,Bucket,middle_relative,20,0.6422802587727356,0.008970092279480951,0.8833333333333333,60,1.0,2,0.09954120218753815,1,0.039687756448984146,0.04474196583032608
r4_real,art,source_z_l2_mean4,Bucket,strong_relative,9,0.46281336514638527,-0.001714338331653531,0.5925925925925926,27,,0,0.0986907109618187,0,0.016892889514565468,0.0254112146794796
r4_real,art,source_z_l2_mean4,Calculator,weak_relative,18,0.5066944411029007,0.3214731462687821,0.6956521739130435,46,,0,0.016189182177186012,0,0.006479339674115181,0.007296231109648943
r4_real,art,source_z_l2_mean4,Calculator,middle_relative,9,0.4130562062593156,0.03875575691532989,0.6666666666666666,21,,0,0.02438340336084366,0,0.009095562621951103,0.012881670147180557
r4_real,art,source_z_l2_mean4,Calculator,strong_relative,6,0.1340992059710096,-0.4161352362038813,0.5625,16,,0,0.014100451022386551,0,0.0057275015860795975,0.013788632117211819
r4_real,art,source_z_l2_mean4,Calendar,weak_relative,15,0.40974595975308714,0.20555741229030083,0.6551724137931034,29,,0,0.015993449836969376,0,0.0052444469183683395,0.0026072997134178877
r4_real,art,source_z_l2_mean4,Calendar,middle_relative,5,0.5990684223235535,-0.35165887294153475,1.0,14,,0,0.0028006103821098804,0,0.0011362232035025954,0.0004919328493997455
r4_real,art,source_z_l2_mean4,Candles,weak_relative,10,0.28014160739757044,-0.10822236186057894,0.8,30,,0,0.027414128184318542,0,0.008710524067282677,0.002308943774551153
r4_real,art,source_z_l2_mean4,Candles,middle_relative,17,0.495298168206552,0.2824689694592005,0.78,50,1.0,2,0.027079688385128975,1,0.008604218252003193,0.015496734529733658
r4_real,art,source_z_l2_mean4,Candles,strong_relative,49,0.2546337594714863,0.1606640852292895,0.7111111111111111,135,1.0,2,0.011078243143856525,1,0.002874863799661398,0.0041694981046020985
r4_real,art,source_z_l2_mean4,Chair,weak_relative,14,0.57388560748414,0.1396180551921513,1.0,41,,0,0.03118693269789219,0,0.012770524248480797,0.01813943311572075
r4_real,art,source_z_l2_mean4,Chair,middle_relative,28,0.6093881671376905,-0.13931493330865516,0.891566265060241,83,,0,0.030865970999002457,0,0.011478794738650322,0.013781419955193996
r4_real,art,source_z_l2_mean4,Chair,strong_relative,27,0.4849404243856344,-0.061223137758170086,0.7283950617283951,81,1.0,2,0.03810951113700867,1,0.013606822118163109,0.03386783227324486
r4_real,art,source_z_l2_mean4,Clipboards,weak_relative,12,0.2308437738720997,-0.18369572955991398,0.5,36,,0,0.05469058081507683,0,0.009870576672255993,0.02778945304453373
r4_real,art,source_z_l2_mean4,Clipboards,middle_relative,8,0.5297420564359624,0.5911663246260414,0.8333333333333334,24,,0,0.06505268812179565,0,0.014309946447610855,0.01247249823063612
r4_real,art,source_z_l2_mean4,Clipboards,strong_relative,5,0.40211656408354524,0.30139972102193974,0.7333333333333333,15,,0,0.06089305877685547,0,0.023956507444381714,0.03454737737774849
r4_real,art,source_z_l2_mean4,Computer,weak_relative,11,-0.5483241548229567,-0.5339509092771786,0.24242424242424243,33,,0,0.07584454864263535,0,-0.015221682377159595,-0.008740468882024288
r4_real,art,source_z_l2_mean4,Computer,middle_relative,14,0.31140381166255315,0.15877869557182805,0.7380952380952381,42,,0,0.08740748465061188,0,0.013886021450161934,-0.0012359725078567863
r4_real,art,source_z_l2_mean4,Computer,strong_relative,19,0.061171000150993714,0.2931416291143368,0.543859649122807,57,0.3333333333333333,6,0.08132791519165039,3,0.0018481906736269593,-0.006485841702669859
r4_real,art,source_z_l2_mean4,Couch,weak_relative,8,0.5713453501166086,0.2880320916404835,0.625,24,,0,0.04431343078613281,0,0.015178223140537739,0.007219076156616211
r4_real,art,source_z_l2_mean4,Couch,middle_relative,14,0.5817880342514702,0.2591157334787765,0.8095238095238095,42,,0,0.02768276259303093,0,0.009845939464867115,0.0026936272624880075
r4_real,art,source_z_l2_mean4,Couch,strong_relative,18,0.4716740973969256,0.057124686480492015,0.8888888888888888,54,,0,0.05413077771663666,0,0.02112424746155739,0.017669426277279854
r4_real,art,source_z_l2_mean4,Curtains,weak_relative,12,0.09040103550384915,-0.5690259013938098,0.7575757575757576,33,0.0,2,0.010782651603221893,1,-0.0028552329167723656,0.001187028712593019
r4_real,art,source_z_l2_mean4,Curtains,middle_relative,15,0.5573684439144762,0.47036808338330344,0.6666666666666666,45,,0,0.03405297175049782,0,0.012237007729709148,0.018209414556622505
r4_real,art,source_z_l2_mean4,Curtains,strong_relative,13,0.2776446634173382,0.15752883035002993,0.4358974358974359,39,,0,0.032057005912065506,0,0.006745464634150267,0.0037434548139572144
r4_real,art,source_z_l2_mean4,Desk_Lamp,weak_relative,8,-0.5729559805018,-0.4780379722749666,0.2631578947368421,19,,0,0.013325275853276253,0,-0.005476713180541992,-0.00672202417626977
r4_real,art,source_z_l2_mean4,Desk_Lamp,middle_relative,9,-0.595495063204832,-0.27690822013425,0.0,27,0.0,2,0.03635050356388092,1,-0.014707528986036777,-0.004678593948483467
r4_real,art,source_z_l2_mean4,Desk_Lamp,strong_relative,6,-0.3326168608242406,0.3065582673701824,0.3888888888888889,18,,0,0.09978935867547989,0,-0.020254433155059814,-0.07644778490066528
r4_real,art,source_z_l2_mean4,Drill,weak_relative,5,-0.7926893144467705,-0.6564461571295892,0.0,15,,0,0.015825141221284866,0,-0.00656978040933609,-0.008061105385422707
r4_real,art,source_z_l2_mean4,Drill,middle_relative,6,0.6110200465588953,0.40190840460628946,0.7777777777777778,18,,0,0.04326141998171806,0,0.013071630150079727,-0.0016836164286360145
r4_real,art,source_z_l2_mean4,Eraser,weak_relative,7,-0.5377613894897127,-0.3350205732285042,0.3333333333333333,21,,0,0.05487125366926193,0,-0.013595138676464558,-0.014606033451855183
r4_real,art,source_z_l2_mean4,Eraser,middle_relative,7,-0.7512049575837564,-0.5997471771616353,0.3888888888888889,18,,0,0.039459872990846634,0,-0.015258848667144775,-0.015162603929638863
r4_real,art,source_z_l2_mean4,Exit_Sign,weak_relative,10,0.0794454396728546,-0.09979917156203785,0.5714285714285714,21,,0,0.020151028409600258,0,0.006379446946084499,0.0177374966442585
r4_real,art,source_z_l2_mean4,Exit_Sign,middle_relative,9,0.38248749281138467,-0.2048424131535699,0.9545454545454546,22,,0,0.028015967458486557,0,0.010895217768847942,0.00171228579711169
r4_real,art,source_z_l2_mean4,Fan,weak_relative,21,-0.2195319997173991,-0.4716975134132229,0.532258064516129,62,1.0,2,0.04532730579376221,1,0.00022644975979346782,0.008742193691432476
r4_real,art,source_z_l2_mean4,Fan,middle_relative,10,0.39031819254058314,0.09497430046111097,0.5333333333333333,30,1.0,2,0.0339801162481308,1,0.00994634535163641,0.01882551982998848
r4_real,art,source_z_l2_mean4,Fan,strong_relative,14,0.07623609198739648,-0.2821165530818348,0.5238095238095238,42,,0,0.07383222877979279,0,-0.003978800494223833,0.030571233481168747
r4_real,art,source_z_l2_mean4,File_Cabinet,weak_relative,5,0.4529819090835803,0.1281651939509302,0.9333333333333333,15,,0,0.04567834734916687,0,0.01852342113852501,-0.0002682937774807215
r4_real,art,source_z_l2_mean4,File_Cabinet,middle_relative,11,0.16604080488937292,-0.14261615593326024,0.6896551724137931,29,,0,0.02441531978547573,0,0.0011111899511888623,0.00543504673987627
r4_real,art,source_z_l2_mean4,File_Cabinet,strong_relative,6,0.2290789122187516,0.20885600191494927,0.3888888888888889,18,,0,0.06952064484357834,0,0.007771380245685577,0.024507641792297363
r4_real,art,source_z_l2_mean4,Flipflops,weak_relative,6,0.5534961375259125,0.41253920983288395,1.0,12,,0,0.01549367606639862,0,0.006301024928689003,1.5894495675183862e-07
r4_real,art,source_z_l2_mean4,Flipflops,middle_relative,11,0.3287660222504357,0.28476568375984773,0.896551724137931,29,,0,0.004109252709895372,0,0.0016494932351633906,0.0
r4_real,art,source_z_l2_mean4,Flipflops,strong_relative,29,0.3502228551477789,0.08866249916938172,0.8360655737704918,61,,0,0.00029905035626143217,0,0.0001116937564802356,7.001426183705917e-06
r4_real,art,source_z_l2_mean4,Flowers,weak_relative,22,0.42805095747112626,-0.20364399267854438,0.9375,64,,0,0.007487426977604628,0,0.0022290851920843124,0.0024410681799054146
r4_real,art,source_z_l2_mean4,Flowers,middle_relative,25,0.43381899901040266,0.2221862315515373,0.918918918918919,74,,0,0.013043747283518314,0,0.0052224937826395035,0.008239977061748505
r4_real,art,source_z_l2_mean4,Flowers,strong_relative,43,0.2961140397669819,0.3362521669281273,0.9921875,128,,0,0.007021077908575535,0,0.002836028579622507,0.0013080763164907694
r4_real,art,source_z_l2_mean4,Folder,weak_relative,11,0.2579736653484402,0.19126200853751898,0.48484848484848486,33,,0,0.06308867782354355,0,0.009111481718719006,-0.00038524175761267543
r4_real,art,source_z_l2_mean4,Folder,middle_relative,6,0.8306516825339021,0.8241239556203027,0.7777777777777778,18,,0,0.053829800337553024,0,0.02136843465268612,-0.0004276404215488583
r4_real,art,source_z_l2_mean4,Fork,weak_relative,22,0.6958623056904818,0.41795680389885626,0.7424242424242424,66,,0,0.061910685151815414,0,0.0177055224776268,0.018579451367259026
r4_real,art,source_z_l2_mean4,Fork,middle_relative,20,0.5733230754636894,0.300360340128244,0.85,60,,0,0.06645353138446808,0,0.01625586859881878,-0.0033747167326509953
r4_real,art,source_z_l2_mean4,Glasses,weak_relative,23,0.4257007572263126,0.24127814524704866,0.9411764705882353,68,,0,0.0232652947306633,0,0.009379798546433449,0.013872710056602955
r4_real,art,source_z_l2_mean4,Glasses,middle_relative,15,0.13311183445322047,-0.0994960152888799,0.8095238095238095,42,0.0,2,0.004037210252135992,1,0.0006277288775891066,0.00016756616241764277
r4_real,art,source_z_l2_mean4,Hammer,weak_relative,10,0.6555452970454474,0.5060343737632726,0.7333333333333333,30,,0,0.06921513378620148,0,0.01864992082118988,0.017116356641054153
r4_real,art,source_z_l2_mean4,Hammer,middle_relative,13,0.6414127511054092,0.5064600678629485,0.6923076923076923,39,1.0,2,0.04431886970996857,1,0.013060152530670166,0.017139969393610954
r4_real,art,source_z_l2_mean4,Hammer,strong_relative,17,0.37222674093906427,0.36104657240430943,0.6862745098039216,51,,0,0.05782543867826462,0,0.017505686730146408,0.0290281530469656
r4_real,art,source_z_l2_mean4,Helmet,weak_relative,15,0.0920423007169741,-0.06059873996885126,0.5555555555555556,45,,0,0.023944023996591568,0,0.0019589096773415804,-0.0025399434380233288
r4_real,art,source_z_l2_mean4,Helmet,middle_relative,20,0.2320354836904219,-0.01249346374211633,0.6727272727272727,55,,0,0.015686586499214172,0,0.002381270984187722,-0.0011131673818454146
r4_real,art,source_z_l2_mean4,Helmet,strong_relative,44,0.1396332587550403,-0.06384651112933133,0.6637168141592921,113,1.0,2,0.010000800713896751,1,0.0010843519121408463,-0.0016833367990329862
r4_real,art,source_z_l2_mean4,Kettle,weak_relative,17,0.4968689773278975,0.24206978072667937,0.6666666666666666,51,,0,0.008211234584450722,0,0.0022310337517410517,0.002848986769095063
r4_real,art,source_z_l2_mean4,Kettle,middle_relative,13,0.5255865114968942,0.26606276453193534,0.8947368421052632,38,,0,0.015277231112122536,0,0.005197489634156227,0.01067754440009594
r4_real,art,source_z_l2_mean4,Kettle,strong_relative,16,0.031940342990813234,-0.17425004910496256,0.6458333333333334,48,,0,0.01541392132639885,0,0.0010867957025766373,0.002909913659095764
r4_real,art,source_z_l2_mean4,Keyboard,weak_relative,5,0.6339168697287467,0.06520894737274628,1.0,15,,0,0.025372270494699478,0,0.010451269336044788,0.024853091686964035
r4_real,art,source_z_l2_mean4,Keyboard,middle_relative,10,0.09205841650525866,-0.4979152706445522,0.8620689655172413,29,,0,0.029180843383073807,0,0.005194684956222773,0.010563711635768414
r4_real,art,source_z_l2_mean4,Knives,weak_relative,16,-0.1884129765468568,-0.016498852720963023,0.6041666666666666,48,,0,0.00756914634257555,0,-0.0017767873359844089,-1.66650497703813e-05
r4_real,art,source_z_l2_mean4,Knives,middle_relative,23,0.35195824381290286,0.12558351957597744,0.7758620689655172,58,,0,0.0158615130931139,0,0.004892284981906414,0.00014149236085359007
r4_real,art,source_z_l2_mean4,Knives,strong_relative,33,0.12972306048453075,-0.05435165645373808,0.6666666666666666,66,,0,0.0027464129962027073,0,0.0008508599130436778,0.002020614454522729
r4_real,art,source_z_l2_mean4,Lamp_Shade,weak_relative,8,0.5041100177747329,0.2842317445792889,0.625,24,0.0,2,0.04726520925760269,1,0.014926840551197529,0.03448538854718208
r4_real,art,source_z_l2_mean4,Lamp_Shade,middle_relative,22,0.3957065777464116,-0.10009909579127362,0.6923076923076923,65,,0,0.04627580940723419,0,0.012044697999954224,0.031023381277918816
r4_real,art,source_z_l2_mean4,Lamp_Shade,strong_relative,19,0.16268486744686664,-0.3063375355705877,0.8545454545454545,55,,0,0.016461258754134178,0,0.005514988675713539,0.009172715246677399
r4_real,art,source_z_l2_mean4,Laptop,weak_relative,22,-0.47522996290631814,-0.2426631263734023,0.3787878787878788,66,,0,0.03472527116537094,0,-0.008812572807073593,-0.003225290682166815
r4_real,art,source_z_l2_mean4,Laptop,middle_relative,17,-0.416515559993867,-0.04869633359713893,0.4117647058823529,51,0.0,2,0.04405638203024864,1,-0.008764584548771381,-0.009260101243853569
r4_real,art,source_z_l2_mean4,Laptop,strong_relative,12,0.22286219521610556,0.40091045492422256,0.3333333333333333,36,1.0,2,0.026323238387703896,1,0.006515055894851685,0.007758548017591238
r4_real,art,source_z_l2_mean4,Marker,weak_relative,7,0.8343533948591818,0.39044334028459304,0.9047619047619048,21,,0,0.1218617632985115,0,0.04675981029868126,0.0745064839720726
r4_real,art,source_z_l2_mean4,Marker,middle_relative,6,0.8943293909636476,0.5476577353293707,1.0,18,,0,0.09632615000009537,0,0.039026498794555664,0.003827770473435521
r4_real,art,source_z_l2_mean4,Marker,strong_relative,7,0.49926259107774473,0.11569014091611753,0.8571428571428571,21,,0,0.0769626572728157,0,0.02479666657745838,0.06331253051757812
r4_real,art,source_z_l2_mean4,Monitor,weak_relative,16,0.35877243812785414,-0.15902313702415508,0.6875,48,,0,0.06784567981958389,0,0.015314586460590363,0.027456071227788925
r4_real,art,source_z_l2_mean4,Monitor,middle_relative,11,0.18063452314390344,-0.1739534047319203,0.6060606060606061,33,,0,0.08049152791500092,0,-0.004235175438225269,0.005716860294342041
r4_real,art,source_z_l2_mean4,Monitor,strong_relative,15,0.18033591638138924,0.06334090319534176,0.6444444444444445,45,,0,0.06135350465774536,0,0.004582425579428673,0.016704903915524483
r4_real,art,source_z_l2_mean4,Mop,weak_relative,5,0.5061666871615756,0.07695476942369624,0.8,15,1.0,2,0.02501698210835457,1,0.00634861271828413,0.005289328284561634
r4_real,art,source_z_l2_mean4,Mop,middle_relative,12,0.6122406266687203,0.36293306042923956,0.8055555555555556,36,,0,0.04323708638548851,0,0.013568338938057423,0.02558397687971592
r4_real,art,source_z_l2_mean4,Mop,strong_relative,15,0.495759188374031,0.43294575478606656,0.7333333333333333,45,,0,0.06548392027616501,0,0.015046771615743637,0.02575739100575447
r4_real,art,source_z_l2_mean4,Mouse,weak_relative,11,0.052229014023725095,-0.0962224271345667,0.6060606060606061,33,,0,0.021129222586750984,0,0.0027864740695804358,-0.003178717102855444
r4_real,art,source_z_l2_mean4,Mug,weak_relative,29,0.286675797984879,0.0452530501541729,0.9466666666666667,75,,0,0.00883505865931511,0,0.003587352577596903,0.0001377459120703861
r4_real,art,source_z_l2_mean4,Mug,middle_relative,19,-0.2018056767217369,-0.24644296933575605,0.7543859649122807,57,,0,0.013947037979960442,0,-0.0022244048304855824,0.002556144492700696
r4_real,art,source_z_l2_mean4,Notebook,weak_relative,6,0.8545511508106128,0.7554111372785973,0.9444444444444444,18,,0,0.07507763057947159,0,0.030760159716010094,3.37964556820225e-05
r4_real,art,source_z_l2_mean4,Notebook,middle_relative,11,0.6319411814404238,0.4607500859443649,0.8666666666666667,30,0.0,2,0.021866006776690483,1,0.009077413007616997,1.883676122815814e-05
r4_real,art,source_z_l2_mean4,Oven,weak_relative,6,0.869294376512993,0.4799341562549265,1.0,18,,0,0.09069029241800308,0,0.037311870604753494,0.0796610489487648
r4_real,art,source_z_l2_mean4,Oven,middle_relative,9,0.42017379344103917,-0.11862854994958597,0.7037037037037037,27,,0,0.09366592764854431,0,0.02340482734143734,0.060566313564777374
r4_real,art,source_z_l2_mean4,Oven,strong_relative,5,-0.18134716574694046,-0.2803379591281163,0.6,15,,0,0.02674638293683529,0,-0.0024717659689486027,-0.016097355633974075
r4_real,art,source_z_l2_mean4,Pan,weak_relative,6,0.4687691108372807,0.38211347780701416,0.5555555555555556,18,,0,0.06817186623811722,0,0.011602860875427723,0.021371662616729736
r4_real,art,source_z_l2_mean4,Pan,middle_relative,5,0.522144509921067,0.46737670432606454,0.4666666666666667,15,,0,0.031088730320334435,0,0.0071332817897200584,0.014800569042563438
r4_real,art,source_z_l2_mean4,Pan,strong_relative,8,-0.09801026973590168,-0.5080176221727121,0.6521739130434783,23,,0,0.06270195543766022,0,-0.008069280534982681,0.016401682049036026
r4_real,art,source_z_l2_mean4,Paper_Clip,weak_relative,9,-0.15855064551557507,-0.1875718393639568,0.5652173913043478,23,,0,0.01988510601222515,0,0.0012951199896633625,0.0004685238527599722
r4_real,art,source_z_l2_mean4,Paper_Clip,middle_relative,8,-0.47358197796380386,-0.38981337358883067,0.5,24,,0,0.04163970798254013,0,-0.013329188339412212,-0.014427900314331055
r4_real,art,source_z_l2_mean4,Pen,weak_relative,5,0.5507670918628423,0.09033495864862506,1.0,15,,0,0.06444916874170303,0,0.026392990723252296,0.001565445913001895
r4_real,art,source_z_l2_mean4,Pen,middle_relative,11,0.5780767774889136,0.11395268150677855,0.7575757575757576,33,,0,0.08408483117818832,0,0.02606629580259323,0.001640206086449325
r4_real,art,source_z_l2_mean4,Pencil,weak_relative,11,0.213094694262417,0.07798458046929826,0.6666666666666666,33,,0,0.03273618221282959,0,0.005280320532619953,0.005347199272364378
r4_real,art,source_z_l2_mean4,Pencil,middle_relative,7,0.2770335930163206,-0.23742239338190094,0.47619047619047616,21,,0,0.018839670345187187,0,0.0038750299718230963,0.0023921856191009283
r4_real,art,source_z_l2_mean4,Pencil,strong_relative,8,0.26593611625216007,0.06679661666204151,0.5833333333333334,24,,0,0.06313727796077728,0,0.008687183260917664,0.03515303134918213
r4_real,art,source_z_l2_mean4,Postit_Notes,weak_relative,6,0.6729285735632307,0.6399788116693965,0.7777777777777778,18,,0,0.022509964182972908,0,0.008800623938441277,0.00380205106921494
r4_real,art,source_z_l2_mean4,Postit_Notes,strong_relative,11,0.37100226776148465,0.27460815779134196,0.7272727272727273,33,,0,0.006270117592066526,0,0.0012721131788566709,0.0
r4_real,art,source_z_l2_mean4,Printer,weak_relative,7,0.34728421549993727,0.2584401763354414,0.3333333333333333,21,,0,0.028416642919182777,0,0.004161273129284382,-0.007500254549086094
r4_real,art,source_z_l2_mean4,Printer,middle_relative,5,-0.41812055714054003,-0.8337323041746942,0.4,15,,0,0.030032891780138016,0,-0.013709018938243389,-0.00737528782337904
r4_real,art,source_z_l2_mean4,Printer,strong_relative,6,0.3238604596803608,0.17148224649164742,0.6666666666666666,18,,0,0.062291648238897324,0,0.012035497464239597,0.020952383056282997
r4_real,art,source_z_l2_mean4,Push_Pin,weak_relative,13,0.4371944961811575,0.2835949124936885,0.7222222222222222,36,,0,0.01847768947482109,0,0.004656926263123751,0.0033505794126540422
r4_real,art,source_z_l2_mean4,Push_Pin,middle_relative,8,0.05595952274171491,-0.22065192761069385,0.391304347826087,23,,0,0.01634294167160988,0,0.002399289747700095,-0.0005957172834314406
r4_real,art,source_z_l2_mean4,Radio,weak_relative,11,0.49387947858242676,-0.02929859471960538,0.5454545454545454,33,,0,0.03357047960162163,0,0.009778173640370369,0.0054167490452528
r4_real,art,source_z_l2_mean4,Radio,middle_relative,21,0.3809820542484035,-0.13079360467249454,0.6833333333333333,60,,0,0.026077860966324806,0,0.007699729409068823,0.007506197318434715
r4_real,art,source_z_l2_mean4,Radio,strong_relative,15,-0.19180961906884117,-0.19320228814334173,0.5909090909090909,44,0.0,4,0.026010220870375633,2,-0.0039463890716433525,0.0029846548568457365
r4_real,art,source_z_l2_mean4,Refrigerator,weak_relative,16,0.5058280326337492,0.20913692073332185,0.6808510638297872,47,,0,0.0515969917178154,0,0.018298577517271042,-0.001716259284876287
r4_real,art,source_z_l2_mean4,Refrigerator,middle_relative,11,0.504592740454614,0.09382469946778939,0.7,30,,0,0.020587002858519554,0,0.003206671681255102,0.00402715103700757
r4_real,art,source_z_l2_mean4,Refrigerator,strong_relative,22,0.5253292446893789,0.4041251313335511,0.5,66,,0,0.049370989203453064,0,0.012791642919182777,0.007371978834271431
r4_real,art,source_z_l2_mean4,Ruler,weak_relative,7,0.5621732810616183,0.560619162264811,0.8571428571428571,21,,0,0.048047516494989395,0,0.013697645626962185,-0.008511330001056194
r4_real,art,source_z_l2_mean4,Scissors,weak_relative,5,0.5681375444423122,0.44728236861937987,0.6,15,,0,0.02102663740515709,0,0.003909416031092405,-0.00048370883450843394
r4_real,art,source_z_l2_mean4,Scissors,middle_relative,11,0.32893435001514176,0.12586723443509695,0.6363636363636364,33,,0,0.0389806292951107,0,0.007418778724968433,0.016307853162288666
r4_real,art,source_z_l2_mean4,Screwdriver,weak_relative,11,-0.09262566189999304,0.02546625676244355,0.3939393939393939,33,,0,0.016629187390208244,0,-0.0021439201664179564,-0.001960921101272106
r4_real,art,source_z_l2_mean4,Screwdriver,middle_relative,12,-0.1512672281584314,-0.1672662238946203,0.6666666666666666,36,,0,0.0247842725366354,0,-5.685693395207636e-05,0.006629085633903742
r4_real,art,source_z_l2_mean4,Screwdriver,strong_relative,7,-0.3760215413354964,-0.281842896282308,0.3333333333333333,21,,0,0.02404746040701866,0,-0.00642340537160635,-0.01349040400236845
r4_real,art,source_z_l2_mean4,Shelf,weak_relative,14,0.016138033989075897,0.21928268363159095,0.7857142857142857,42,0.0,4,0.06274924427270889,2,-0.003283898578956723,-0.014247332699596882
r4_real,art,source_z_l2_mean4,Shelf,middle_relative,16,-0.2586167719931205,0.03274425082416862,0.3958333333333333,48,,0,0.017546026036143303,0,-0.00478348508477211,-0.0011688461527228355
r4_real,art,source_z_l2_mean4,Shelf,strong_relative,12,0.09405961984172252,-0.5247115240724154,0.6666666666666666,36,,0,0.049129635095596313,0,0.005528539419174194,0.029030174016952515
r4_real,art,source_z_l2_mean4,Sink,weak_relative,14,0.11469909734225946,0.11867309916820466,0.7692307692307693,39,,0,0.010097034275531769,0,0.0005852676113136113,0.005442100111395121
r4_real,art,source_z_l2_mean4,Sink,middle_relative,12,0.2862259891601294,-0.43642211200171366,0.7272727272727273,33,,0,0.014788612723350525,0,0.003981014713644981,0.007739292923361063
r4_real,art,source_z_l2_mean4,Sink,strong_relative,15,0.15497540353534064,0.2508690445129996,0.47619047619047616,42,,0,0.032667797058820724,0,0.002495140302926302,0.007396353408694267
r4_real,art,source_z_l2_mean4,Sneakers,weak_relative,8,0.4782944637663693,0.2563401667015081,1.0,21,,0,0.004290231969207525,0,0.0017374458257108927,0.0032835446763783693
r4_real,art,source_z_l2_mean4,Sneakers,middle_relative,7,0.4012532444183887,0.23071284058187388,0.9047619047619048,21,,0,0.0064147156663239,0,0.0026417055632919073,0.006283055990934372
r4_real,art,source_z_l2_mean4,Sneakers,strong_relative,31,0.06171496404553253,-0.6089983824446488,0.8536585365853658,82,,0,0.008104618638753891,0,-0.001663070172071457,-0.00012020242138532922
r4_real,art,source_z_l2_mean4,Soda,weak_relative,12,0.013840041690413954,-0.39635451863414173,0.4722222222222222,36,,0,0.019574394449591637,0,0.0017837687628343701,0.00763760507106781
r4_real,art,source_z_l2_mean4,Soda,middle_relative,18,-0.011769959256583994,-0.18646226414402803,0.7037037037037037,54,0.0,4,0.014514714479446411,2,0.0005376480985432863,0.002264702692627907
r4_real,art,source_z_l2_mean4,Soda,strong_relative,10,-0.3861087244393486,0.33428653107689116,0.3,30,,0,0.02776293456554413,0,-0.005349941551685333,-0.0019117355113849044
r4_real,art,source_z_l2_mean4,Speaker,weak_relative,12,0.17550465686050806,0.26838273372254745,0.5428571428571428,35,,0,0.013764391653239727,0,0.00017336010932922363,-0.00317523255944252
r4_real,art,source_z_l2_mean4,Speaker,strong_relative,6,-0.08989477156009776,-0.2478037565315439,0.5,18,,0,0.047955140471458435,0,0.0021332085598260164,0.012622938491404057
r4_real,art,source_z_l2_mean4,Spoon,weak_relative,19,0.2975562452542827,0.15340696291082404,0.7272727272727273,55,,0,0.02509968727827072,0,0.006154194008558989,0.0037142278160899878
r4_real,art,source_z_l2_mean4,Spoon,middle_relative,14,0.24776918074677387,0.04874621002858844,0.6428571428571429,42,,0,0.03805940970778465,0,0.009231425821781158,0.018183931708335876
r4_real,art,source_z_l2_mean4,Spoon,strong_relative,13,0.2586106854957563,-0.057772180111017826,0.6153846153846154,39,1.0,4,0.03937076777219772,2,0.006846119184046984,0.016509054228663445
r4_real,art,source_z_l2_mean4,TV,weak_relative,11,-0.12995665087224367,-0.24432236638414292,0.5454545454545454,33,,0,0.020066695287823677,0,-0.00047056141193024814,-0.0012762038968503475
r4_real,art,source_z_l2_mean4,TV,middle_relative,11,0.22350127758043994,0.0001051283027584361,0.7878787878787878,33,,0,0.013791102916002274,0,0.0031400660518556833,0.005627738311886787
r4_real,art,source_z_l2_mean4,TV,strong_relative,18,-0.22911409379449973,-0.043532939172172706,0.6111111111111112,54,0.0,2,0.030244125053286552,1,-0.004475798923522234,-0.01121427770704031
r4_real,art,source_z_l2_mean4,Table,weak_relative,6,0.06671500449777484,0.09265832227132902,0.5294117647058824,17,,0,0.04664276912808418,0,-0.009492546319961548,-0.0006355257937684655
r4_real,art,source_z_l2_mean4,Table,middle_relative,7,-0.46616527151272147,-0.41371017696247453,0.3333333333333333,21,,0,0.021901486441493034,0,-0.0031915295403450727,0.005430884659290314
r4_real,art,source_z_l2_mean4,Telephone,weak_relative,12,-0.255137954539416,0.40652779844422426,0.1875,32,,0,0.016788624227046967,0,-0.006683483719825745,-0.016664205119013786
r4_real,art,source_z_l2_mean4,Telephone,middle_relative,12,0.1656657439019233,-0.05037792862024846,0.5277777777777778,36,,0,0.0379413478076458,0,0.005810785572975874,0.020453769713640213
r4_real,art,source_z_l2_mean4,Telephone,strong_relative,20,-0.2745473637512096,0.13246449752637848,0.18421052631578946,38,,0,0.023724142462015152,0,-0.009367748163640499,-0.01858530566096306
r4_real,art,source_z_l2_mean4,ToothBrush,weak_relative,13,-0.01105359675219736,-0.5087122148928687,0.6666666666666666,39,,0,0.052951157093048096,0,0.0054728686809539795,0.03015957586467266
r4_real,art,source_z_l2_mean4,ToothBrush,middle_relative,16,0.2747303323912347,0.2668613825923537,0.6595744680851063,47,,0,0.013814331032335758,0,0.0006273911567404866,-0.0034467652440071106
r4_real,art,source_z_l2_mean4,ToothBrush,strong_relative,14,0.021850717253009546,-0.6225475902629464,0.7368421052631579,38,,0,0.03134189173579216,0,-0.00031439654412679374,0.01287808921188116
r4_real,art,source_z_l2_mean4,Toys,middle_relative,7,0.5797502552313442,-0.24483477681040272,1.0,21,,0,0.022915780544281006,0,0.00942707248032093,0.0
r4_real,art,source_z_l2_mean4,Toys,strong_relative,9,0.427121220397894,0.5431661266452397,1.0,27,,0,0.017965493723750114,0,0.007237689569592476,0.0
r4_real,art,source_z_l2_mean4,Trash_Can,weak_relative,10,0.017966564892976253,0.44654806275814685,0.4,30,,0,0.03635702282190323,0,0.0026653807144612074,0.012395037338137627
r4_real,art,source_z_l2_mean4,Trash_Can,middle_relative,6,0.7015033343808929,0.7059250956144392,0.7333333333333333,15,,0,0.007476838771253824,0,0.0036263272631913424,0.002645319327712059
r4_real,art,source_z_l2_mean4,Trash_Can,strong_relative,5,-0.16299638845833753,0.6168130706634052,0.2,15,,0,0.012385199777781963,0,-0.002753017470240593,-0.007481527514755726
r4_real,art,source_z_l2_mean4,Webcam,weak_relative,7,-0.0749203965619144,0.37812784212628225,0.3888888888888889,18,,0,0.01346359308809042,0,-0.0022528134286403656,0.0014098712708801031
r4_real,art,source_z_l2_mean4,Webcam,middle_relative,8,0.45722366095694633,0.3328055291093477,1.0,20,,0,0.006928431801497936,0,0.003046130295842886,0.0
r4_random,art,cosine_mean4,Alarm_Clock,weak_relative,23,-0.3053761125142222,0.02610771025442587,0.3333333333333333,69,,0,0.1209854856133461,0,-0.06518475711345673,-0.0022563075181096792
r4_random,art,cosine_mean4,Alarm_Clock,middle_relative,28,-0.3343223518974787,-0.02728147796773321,0.35714285714285715,84,,0,0.01142450887709856,0,-0.004075875971466303,-0.0005294510629028082
r4_random,art,cosine_mean4,Alarm_Clock,strong_relative,23,-0.29767851268760537,-0.279068544078103,0.5072463768115942,69,0.0,2,0.20741620659828186,1,-0.07650315016508102,-0.049475669860839844
r4_random,art,cosine_mean4,Backpack,weak_relative,19,0.35282901491966073,0.30293644980970835,0.7450980392156863,51,0.75,4,0.4138471484184265,2,0.20773720741271973,0.20324084162712097
r4_random,art,cosine_mean4,Backpack,middle_relative,11,0.27688998236367157,-0.1409688586513922,0.7878787878787878,33,,0,0.6821550726890564,0,0.35614749789237976,0.38494303822517395
r4_random,art,cosine_mean4,Backpack,strong_relative,11,0.608457772550985,0.20371595593314143,0.6363636363636364,33,0.5,4,1.2695661783218384,2,0.5050614476203918,0.5592922568321228
r4_random,art,cosine_mean4,Batteries,weak_relative,13,-0.2325613199828714,-0.2313793434491909,0.5135135135135135,37,0.0,2,0.7279602885246277,1,-0.24897298216819763,-0.42938661575317383
r4_random,art,cosine_mean4,Batteries,middle_relative,9,-0.22853639075461335,0.4460339970333927,0.37037037037037035,27,0.5,2,0.9840778708457947,1,-0.09259435534477234,0.0
r4_random,art,cosine_mean4,Batteries,strong_relative,5,0.09213419184847171,-0.12587973663732546,0.4,15,1.0,2,0.6716912984848022,1,0.2818893790245056,0.41759157180786133
r4_random,art,cosine_mean4,Bed,weak_relative,8,0.14226538148851625,0.22302715165556114,0.4583333333333333,24,,0,0.16772200167179108,0,0.041452985256910324,-0.004700657911598682
r4_random,art,cosine_mean4,Bed,middle_relative,8,0.39724145111853243,0.23436305504004615,0.5416666666666666,24,0.5,2,0.3169482946395874,1,0.11255397647619247,0.02515508607029915
r4_random,art,cosine_mean4,Bed,strong_relative,24,0.13747047658122113,-0.14683359854363076,0.6111111111111112,72,0.5,2,0.2778880298137665,1,0.06945838779211044,0.03806842863559723
r4_random,art,cosine_mean4,Bike,weak_relative,33,0.172463774802057,-0.02426380679735713,0.6565656565656566,99,0.5,6,0.131217360496521,3,0.035689327865839005,0.0134156234562397
r4_random,art,cosine_mean4,Bike,middle_relative,28,0.008420347759503975,-0.0719544711271344,0.5833333333333334,84,0.5,4,0.24121661484241486,2,0.016180364415049553,-0.01767762191593647
r4_random,art,cosine_mean4,Bike,strong_relative,14,0.20728308217778876,0.10987171036288934,0.6666666666666666,42,1.0,4,0.242270365357399,2,0.10996357351541519,-0.0014517615782096982
r4_random,art,cosine_mean4,Bottle,weak_relative,40,0.08783328927169817,0.16852747601850349,0.4583333333333333,120,0.875,8,0.39403805136680603,4,-0.04120203107595444,-0.09965668618679047
r4_random,art,cosine_mean4,Bottle,middle_relative,35,0.12064546698711888,0.062263925932555815,0.5333333333333333,105,0.4444444444444444,18,0.7194516062736511,9,-0.040833424776792526,-0.04695547744631767
r4_random,art,cosine_mean4,Bottle,strong_relative,24,-0.010147095801309569,-0.3080733921908034,0.5277777777777778,72,0.5,2,0.5841522216796875,1,-0.056740015745162964,-0.06019514799118042
r4_random,art,cosine_mean4,Bucket,weak_relative,11,0.667749820403764,0.3624955737533693,0.7878787878787878,33,0.6666666666666666,6,0.8419718146324158,3,0.38232648372650146,0.35589125752449036
r4_random,art,cosine_mean4,Bucket,middle_relative,20,0.27609529683551526,-0.0004787884143100196,0.7,60,0.6,10,0.7989476919174194,5,0.17820069193840027,0.11986882984638214
r4_random,art,cosine_mean4,Bucket,strong_relative,9,0.32013039210978445,0.14995406717996507,0.5925925925925926,27,0.75,8,1.024924874305725,4,0.27004534006118774,0.02528400532901287
r4_random,art,cosine_mean4,Calculator,weak_relative,18,-0.305621729140136,-0.04684448730490391,0.42592592592592593,54,,0,0.2944523096084595,0,-0.11083903163671494,0.0030900249257683754
r4_random,art,cosine_mean4,Calculator,middle_relative,9,0.10616903667036927,0.24260472500038144,0.37037037037037035,27,,0,0.5157600045204163,0,0.04953579604625702,-0.16191138327121735
r4_random,art,cosine_mean4,Calculator,strong_relative,6,-0.210689318851934,-0.5077084706400843,0.3888888888888889,18,,0,0.13063742220401764,0,-0.06475584208965302,-0.0004042720829602331
r4_random,art,cosine_mean4,Calendar,weak_relative,15,0.13173575371235088,0.073118719951336,0.6666666666666666,45,,0,0.07335038483142853,0,0.006087442394345999,0.018368976190686226
r4_random,art,cosine_mean4,Calendar,middle_relative,5,0.04756339213655149,-0.23842788080820665,0.5333333333333333,15,,0,0.03841555118560791,0,0.005113466642796993,0.004575958009809256
r4_random,art,cosine_mean4,Candles,weak_relative,10,0.23654349520251378,-0.08583312626938841,0.6666666666666666,30,,0,0.22504086792469025,0,0.07051896303892136,0.06944538652896881
r4_random,art,cosine_mean4,Candles,middle_relative,17,0.23623632191721472,0.28345304171965735,0.6862745098039216,51,1.0,2,0.3640926480293274,1,0.09097184240818024,0.10132618248462677
r4_random,art,cosine_mean4,Candles,strong_relative,49,0.018391865665267428,0.21220542529818523,0.6737588652482269,141,0.25,4,0.1717587560415268,2,-0.022777602076530457,-0.06119903177022934
r4_random,art,cosine_mean4,Chair,weak_relative,14,0.41718364171374395,0.15899444636978974,0.6904761904761905,42,1.0,2,0.19081978499889374,1,0.08583229780197144,0.0136664267629385
r4_random,art,cosine_mean4,Chair,middle_relative,28,0.3358297997926437,0.1495740894719548,0.6071428571428571,84,0.75,8,0.4255240261554718,4,0.15186242759227753,0.025348957628011703
r4_random,art,cosine_mean4,Chair,strong_relative,27,0.1923059869940564,0.10051922854223287,0.6049382716049383,81,0.625,16,0.4939490556716919,8,0.10922907292842865,0.07202970236539841
r4_random,art,cosine_mean4,Clipboards,weak_relative,12,0.32347084991540387,0.3530172713404013,0.4722222222222222,36,0.6666666666666666,12,0.8461663126945496,6,0.18319563567638397,0.40059351921081543
r4_random,art,cosine_mean4,Clipboards,middle_relative,8,0.2987452591581387,0.4875309616265619,0.7083333333333334,24,0.5,4,1.160941243171692,2,0.1886707991361618,0.24474161863327026
r4_random,art,cosine_mean4,Clipboards,strong_relative,5,0.18372319532662162,0.29492507158571885,0.5333333333333333,15,1.0,2,0.6752404570579529,1,-0.013602042570710182,0.0
r4_random,art,cosine_mean4,Computer,weak_relative,11,0.39424118185385065,-0.014628322241361484,0.6666666666666666,33,0.0,2,1.014030933380127,1,0.3768165707588196,0.1234840676188469
r4_random,art,cosine_mean4,Computer,middle_relative,14,0.36578772898798384,0.09927242911954627,0.6904761904761905,42,0.5,4,0.9040936827659607,2,0.17850320041179657,0.1516912281513214
r4_random,art,cosine_mean4,Computer,strong_relative,19,0.25914406666635365,0.12966738598368616,0.6491228070175439,57,0.8333333333333334,6,0.9811580181121826,3,0.2746744155883789,0.15879149734973907
r4_random,art,cosine_mean4,Couch,weak_relative,8,0.4541447230117744,0.09134304726810384,0.6666666666666666,24,1.0,2,0.46621671319007874,1,0.19887249171733856,0.2738700211048126
r4_random,art,cosine_mean4,Couch,middle_relative,14,0.2745680810709688,0.21931866530502897,0.5952380952380952,42,0.5,4,0.36345764994621277,2,0.0461110845208168,-0.025980990380048752
r4_random,art,cosine_mean4,Couch,strong_relative,18,0.4763661380026658,0.11580571513474744,0.6481481481481481,54,0.5,2,0.4880569875240326,1,0.09262401610612869,0.0015379666583612561
r4_random,art,cosine_mean4,Curtains,weak_relative,12,-0.3227799479981102,-0.2617544035842346,0.4722222222222222,36,0.25,4,0.31222546100616455,2,-0.05995215103030205,0.08231625705957413
r4_random,art,cosine_mean4,Curtains,middle_relative,15,-0.21019844756028389,-0.05788553538061564,0.5333333333333333,45,,0,0.2468043714761734,0,-0.05707418546080589,0.01872672699391842
r4_random,art,cosine_mean4,Curtains,strong_relative,13,-0.17973858428605727,0.12364429791775836,0.46153846153846156,39,0.0,4,0.4236677289009094,2,-0.17559632658958435,-0.15968385338783264
r4_random,art,cosine_mean4,Desk_Lamp,weak_relative,8,0.3757055421245712,0.27823807909420145,0.5,24,,0,0.5494205355644226,0,0.13051743805408478,0.06682434678077698
r4_random,art,cosine_mean4,Desk_Lamp,middle_relative,9,-0.048221535434691015,0.11197964877695792,0.5925925925925926,27,0.0,2,0.9731892347335815,1,-0.0347302220761776,0.041297104209661484
r4_random,art,cosine_mean4,Desk_Lamp,strong_relative,6,0.4419026634548588,0.7441472587836222,0.6666666666666666,18,,0,1.54592764377594,0,0.015330870635807514,-0.8611483573913574
r4_random,art,cosine_mean4,Drill,weak_relative,5,-0.17276738188649446,0.11225651833825327,0.6,15,0.0,2,0.5641590356826782,1,-0.1844954937696457,-0.41598978638648987
r4_random,art,cosine_mean4,Drill,middle_relative,6,0.33477098457577825,0.10664905857263744,0.7777777777777778,18,0.5,2,0.8331844806671143,1,0.1440097540616989,-0.17197440564632416
r4_random,art,cosine_mean4,Eraser,weak_relative,7,0.11051380374136223,-0.37883588584758937,0.5714285714285714,21,1.0,2,0.9906150102615356,1,0.19679789245128632,0.09250253438949585
r4_random,art,cosine_mean4,Eraser,middle_relative,7,-0.19363814464894927,-0.08415137364155353,0.5,20,,0,0.4068732261657715,0,-0.08315283060073853,0.08819423615932465
r4_random,art,cosine_mean4,Exit_Sign,weak_relative,10,-0.13367933625065873,-0.03770946939271325,0.3448275862068966,29,0.5,2,0.4143300950527191,1,0.12022501230239868,0.3720203936100006
r4_random,art,cosine_mean4,Exit_Sign,middle_relative,9,0.1298387517496248,0.09902986892805477,0.34615384615384615,26,0.5,4,0.3915137052536011,2,0.09359446913003922,0.0
r4_random,art,cosine_mean4,Fan,weak_relative,21,0.207406810683572,-0.1684372340555427,0.6031746031746031,63,0.625,8,0.890716016292572,4,0.2617757320404053,0.25184330344200134
r4_random,art,cosine_mean4,Fan,middle_relative,10,0.382963960385311,-0.1750101532820796,0.7333333333333333,30,0.75,4,0.7340337038040161,2,0.3066638112068176,0.4027516841888428
r4_random,art,cosine_mean4,Fan,strong_relative,14,0.07729740276413351,-0.1542848701746187,0.5238095238095238,42,0.5,4,1.1250640153884888,2,-0.22789403796195984,0.16342279314994812
r4_random,art,cosine_mean4,File_Cabinet,weak_relative,5,-0.12438551950820298,0.05410076305978084,0.4666666666666667,15,,0,0.49916425347328186,0,-0.16995488107204437,0.00014885413111187518
r4_random,art,cosine_mean4,File_Cabinet,middle_relative,11,0.15442442260742106,0.2958077221473002,0.40625,32,0.5,4,0.17940756678581238,2,0.003526415443047881,0.03525475412607193
r4_random,art,cosine_mean4,File_Cabinet,strong_relative,6,-0.09338300311953136,-0.04569489159197135,0.5,18,0.5,2,0.6633564233779907,1,-0.26298239827156067,-0.5348127484321594
r4_random,art,cosine_mean4,Flipflops,weak_relative,6,0.22039984616436387,0.057344166201406796,0.5625,16,,0,0.23698051273822784,0,0.07291141897439957,1.6291801330226008e-06
r4_random,art,cosine_mean4,Flipflops,middle_relative,11,0.26099462923724104,0.21944464433136102,0.71875,32,,0,0.05654082074761391,0,0.01967405527830124,0.0
r4_random,art,cosine_mean4,Flipflops,strong_relative,29,0.09398416925532424,0.2991801723624216,0.7209302325581395,86,,0,0.007247299887239933,0,0.000704171892721206,0.0
r4_random,art,cosine_mean4,Flowers,weak_relative,22,-0.25393593991171065,0.06879192718552914,0.3333333333333333,66,,0,0.06923485547304153,0,-0.036351095885038376,-0.0520259253680706
r4_random,art,cosine_mean4,Flowers,middle_relative,25,-0.16790025078033427,0.1896099197842247,0.3333333333333333,75,0.0,4,0.12496429681777954,2,-0.05858336389064789,-0.10839904099702835
r4_random,art,cosine_mean4,Flowers,strong_relative,43,-0.03123966136755417,0.20358702903766662,0.5625,128,0.5,4,0.0386471152305603,2,-0.010962030850350857,-0.033110637217760086
r4_random,art,cosine_mean4,Folder,weak_relative,11,-0.6827095032815206,-0.5157806875662868,0.3333333333333333,33,0.125,8,1.1147968769073486,4,-0.5557112097740173,-0.6664767861366272
r4_random,art,cosine_mean4,Folder,middle_relative,6,0.4460751284472085,0.6269311285689259,0.7222222222222222,18,,0,0.12683048844337463,0,0.050062451511621475,-0.0034511536359786987
r4_random,art,cosine_mean4,Fork,weak_relative,22,0.38255438220349874,0.0651900854554733,0.5909090909090909,66,0.7,10,0.759490966796875,5,0.17134369909763336,0.26930946111679077
r4_random,art,cosine_mean4,Fork,middle_relative,20,0.31819930164840976,-0.2771979329858604,0.6833333333333333,60,0.75,16,0.9341878890991211,8,0.3241495192050934,0.012696069665253162
r4_random,art,cosine_mean4,Glasses,weak_relative,23,0.1744822567171498,0.10835385235099348,0.6323529411764706,68,,0,0.21370957791805267,0,0.046288248151540756,0.1248478889465332
r4_random,art,cosine_mean4,Glasses,middle_relative,15,-0.1532445451630778,-0.35955477820556986,0.5555555555555556,45,,0,0.04734055697917938,0,-0.009121700190007687,0.005364914890378714
r4_random,art,cosine_mean4,Hammer,weak_relative,10,0.7559019838477963,0.5532545668617955,0.8666666666666667,30,0.75,4,1.8166191577911377,2,0.672332227230072,0.33863040804862976
r4_random,art,cosine_mean4,Hammer,middle_relative,13,0.47632891684175804,0.1551995378816229,0.717948717948718,39,0.5,12,1.197070598602295,6,0.262482613325119,0.3496147394180298
r4_random,art,cosine_mean4,Hammer,strong_relative,17,0.2712003340329384,0.33914097902540846,0.5686274509803921,51,0.625,8,1.304814100265503,4,0.11108032613992691,0.24656139314174652
r4_random,art,cosine_mean4,Helmet,weak_relative,15,0.22279968323520757,0.26782262148323427,0.5227272727272727,44,0.25,4,0.5839758515357971,2,0.09426400065422058,0.18340352177619934
r4_random,art,cosine_mean4,Helmet,middle_relative,20,0.25682941714785273,0.40358852077435436,0.5833333333333334,60,0.6666666666666666,6,0.3469666838645935,3,0.07062570750713348,0.006007586605846882
r4_random,art,cosine_mean4,Helmet,strong_relative,44,0.07404632596067741,-0.2547633759801249,0.6153846153846154,130,0.6,10,0.24458599090576172,5,0.027164697647094727,-0.007862115278840065
r4_random,art,cosine_mean4,Kettle,weak_relative,17,-0.03367877714763614,-0.08266954821253258,0.47058823529411764,51,1.0,2,0.33047711849212646,1,-0.01097033265978098,0.010739749297499657
r4_random,art,cosine_mean4,Kettle,middle_relative,13,0.1569640927016732,0.4943226012612085,0.6153846153846154,39,1.0,2,0.43994441628456116,1,-0.005488636437803507,-0.025980893522500992
r4_random,art,cosine_mean4,Kettle,strong_relative,16,0.1371896312536083,0.1284913941516444,0.6666666666666666,48,0.5,2,0.3313380479812622,1,-0.011936401948332787,-0.08755926042795181
r4_random,art,cosine_mean4,Keyboard,weak_relative,5,0.330004684661415,0.35248027502402896,0.4,15,,0,0.04776792600750923,0,0.012924415059387684,0.012219110503792763
r4_random,art,cosine_mean4,Keyboard,middle_relative,10,-0.3670775794079913,-0.05699316808655458,0.2,30,,0,0.24108818173408508,0,-0.09138895571231842,-0.1835441142320633
r4_random,art,cosine_mean4,Knives,weak_relative,16,0.0015401424414885976,0.10747941082809537,0.574468085106383,47,0.0,4,0.2792060077190399,2,0.02411368303000927,-0.004808100406080484
r4_random,art,cosine_mean4,Knives,middle_relative,23,0.34931013856020837,0.21759004472665514,0.6811594202898551,69,0.5,4,0.4823690950870514,2,0.160089373588562,0.0
r4_random,art,cosine_mean4,Knives,strong_relative,33,0.032347065669617404,-0.33768069970877046,0.7849462365591398,93,0.5,4,0.11012320220470428,2,0.031973473727703094,0.060324136167764664
r4_random,art,cosine_mean4,Lamp_Shade,weak_relative,8,0.10167648621709224,0.6727272847841701,0.5416666666666666,24,1.0,4,0.6324317455291748,2,-0.09150244295597076,-0.0832400768995285
r4_random,art,cosine_mean4,Lamp_Shade,middle_relative,22,-0.1424358797719483,-0.07929027728801018,0.5151515151515151,66,0.5,8,0.3570297956466675,4,-0.044053591787815094,0.0367741696536541
r4_random,art,cosine_mean4,Lamp_Shade,strong_relative,19,0.18843628857967354,0.051888324800662446,0.631578947368421,57,,0,0.31490373611450195,0,0.0997573658823967,0.07993566244840622
r4_random,art,cosine_mean4,Laptop,weak_relative,22,-0.09322324097723417,0.05609023310288064,0.45454545454545453,66,0.4,10,0.5727860927581787,5,-0.014205347746610641,0.06302689760923386
r4_random,art,cosine_mean4,Laptop,middle_relative,17,0.09711111844674514,-0.13222711438616735,0.5490196078431373,51,0.5,6,0.8849280476570129,3,0.21621796488761902,0.07144785672426224
r4_random,art,cosine_mean4,Laptop,strong_relative,12,0.18907505742451974,0.07212011370992223,0.5555555555555556,36,0.5,8,0.5430790781974792,4,0.18104219436645508,0.2072109431028366
r4_random,art,cosine_mean4,Marker,weak_relative,7,0.45424920816761505,-0.5251881631293666,0.7619047619047619,21,,0,1.225638747215271,0,0.5522440075874329,0.6321438550949097
r4_random,art,cosine_mean4,Marker,middle_relative,6,0.361914826389264,-0.4859033186814839,0.6666666666666666,18,,0,1.069283366203308,0,0.27419060468673706,0.21797867119312286
r4_random,art,cosine_mean4,Marker,strong_relative,7,0.056887887365565694,-0.3145668149421126,0.5238095238095238,21,,0,1.283990502357483,0,0.009866876527667046,0.6960033178329468
r4_random,art,cosine_mean4,Monitor,weak_relative,16,0.271521996028313,-0.38269337234514433,0.6458333333333334,48,0.625,8,0.9072421789169312,4,0.2455926388502121,0.43771153688430786
r4_random,art,cosine_mean4,Monitor,middle_relative,11,0.4525935671423618,0.2876863067236233,0.6363636363636364,33,0.8333333333333334,6,1.3415663242340088,3,0.34003746509552,0.1965964287519455
r4_random,art,cosine_mean4,Monitor,strong_relative,15,0.09912967574837299,-0.2708830949701213,0.6,45,0.5,2,0.9244664311408997,1,0.14930659532546997,0.44976428151130676
r4_random,art,cosine_mean4,Mop,weak_relative,5,0.48178492574307824,0.09272986908682807,0.7333333333333333,15,1.0,2,0.421923965215683,1,0.15609169006347656,0.08552689850330353
r4_random,art,cosine_mean4,Mop,middle_relative,12,-0.0008759203305499899,0.20441020181377142,0.5277777777777778,36,0.0,2,0.48285922408103943,1,-0.1907709836959839,-0.33674654364585876
r4_random,art,cosine_mean4,Mop,strong_relative,15,0.12683498239021015,0.10326295118747132,0.6,45,0.0,4,1.2267321348190308,2,0.008522069081664085,-0.21226583421230316
r4_random,art,cosine_mean4,Mouse,weak_relative,11,-0.07553839261470618,-0.13938040772442362,0.5151515151515151,33,0.25,4,0.26042822003364563,2,-0.022884326055645943,-0.03569464385509491
r4_random,art,cosine_mean4,Mug,weak_relative,29,0.2536645041446306,0.13053949535670362,0.5833333333333334,84,1.0,2,0.06865626573562622,1,0.022991672158241272,0.0012771342881023884
r4_random,art,cosine_mean4,Mug,middle_relative,19,-0.24149762470203526,-0.09545426936614397,0.6140350877192983,57,0.5,2,0.219573974609375,1,-0.056304674595594406,-0.03405609726905823
r4_random,art,cosine_mean4,Notebook,weak_relative,6,0.3541135215483162,0.13535076286986392,0.8888888888888888,18,,0,0.785592257976532,0,0.2314463108778,0.0
r4_random,art,cosine_mean4,Notebook,middle_relative,11,0.23945771743576327,-0.03671615189818587,0.5454545454545454,33,0.0,2,0.3890424072742462,1,0.12014129012823105,0.0
r4_random,art,cosine_mean4,Oven,weak_relative,6,0.7316391012267393,0.40057244091874933,0.7222222222222222,18,0.5,4,1.1289271116256714,2,0.5358028411865234,0.6873664259910583
r4_random,art,cosine_mean4,Oven,middle_relative,9,0.7312455982954592,-0.03850596049919491,0.7407407407407407,27,1.0,8,0.915948748588562,4,0.46757882833480835,0.4634658098220825
r4_random,art,cosine_mean4,Oven,strong_relative,5,-0.016352684636828922,0.6587914584579746,0.6,15,,0,0.22522640228271484,0,-0.024840224534273148,-0.13033342361450195
r4_random,art,cosine_mean4,Pan,weak_relative,6,-0.37489639530132546,-0.041374806648394144,0.2222222222222222,18,,0,0.6781027913093567,0,-0.17500944435596466,-0.12095794826745987
r4_random,art,cosine_mean4,Pan,middle_relative,5,-0.11381128956043084,0.2285049992542755,0.26666666666666666,15,0.0,2,0.657413899898529,1,0.025649869814515114,0.10322757810354233
r4_random,art,cosine_mean4,Pan,strong_relative,8,0.0846254065779955,-0.18657383556723664,0.4166666666666667,24,1.0,2,0.5269531607627869,1,0.08548639714717865,0.017873521894216537
r4_random,art,cosine_mean4,Paper_Clip,weak_relative,9,0.036036563763375294,0.05721631515298207,0.5555555555555556,27,0.5,2,0.46637284755706787,1,0.0006884203758090734,0.09118887782096863
r4_random,art,cosine_mean4,Paper_Clip,middle_relative,8,-0.08858715380557433,-0.08837371054275013,0.375,24,0.5,2,0.6317048072814941,1,-0.027722720056772232,-0.14837646484375
r4_random,art,cosine_mean4,Pen,weak_relative,5,0.29230967763122057,-0.1263765277740887,0.6666666666666666,15,,0,0.7829592823982239,0,0.34341827034950256,0.01645045541226864
r4_random,art,cosine_mean4,Pen,middle_relative,11,0.5938823822594972,0.2885262407967925,0.696969696969697,33,0.875,8,1.1480330228805542,4,0.4507140815258026,-0.024989508092403412
r4_random,art,cosine_mean4,Pencil,weak_relative,11,0.39849488659781374,0.1744913309683582,0.696969696969697,33,0.25,4,0.875963568687439,2,0.3603088855743408,0.08521188050508499
r4_random,art,cosine_mean4,Pencil,middle_relative,7,0.5124531899760348,0.04686979394065433,0.5714285714285714,21,,0,0.9274304509162903,0,0.35265249013900757,0.025312159210443497
r4_random,art,cosine_mean4,Pencil,strong_relative,8,0.050717695536271416,-0.26013665768089206,0.4583333333333333,24,0.5,4,1.1934322118759155,2,-0.008198916912078857,0.10901319980621338
r4_random,art,cosine_mean4,Postit_Notes,weak_relative,6,0.36153705182358203,-0.022621785936148064,0.7777777777777778,18,0.5,2,1.0019209384918213,1,0.4072370231151581,0.05096777155995369
r4_random,art,cosine_mean4,Postit_Notes,strong_relative,11,0.3721739808794079,-0.016219356380308098,0.6363636363636364,33,,0,0.21304398775100708,0,0.0900113582611084,0.0
r4_random,art,cosine_mean4,Printer,weak_relative,7,0.36343649322040705,0.43069450837105244,0.47619047619047616,21,0.25,4,1.0650241374969482,2,0.3257644772529602,0.0233406163752079
r4_random,art,cosine_mean4,Printer,middle_relative,5,0.019631233405312067,-0.2086947292617228,0.5333333333333333,15,0.5,2,1.3420125246047974,1,0.08796443790197372,0.26974746584892273
r4_random,art,cosine_mean4,Printer,strong_relative,6,0.5748539910753092,0.46534877898074045,0.6111111111111112,18,,0,0.6114055514335632,0,0.2552873194217682,0.05218397453427315
r4_random,art,cosine_mean4,Push_Pin,weak_relative,13,-0.009497151325679016,0.013216398555174902,0.5,38,,0,0.32669517397880554,0,-0.006910535041242838,0.06099732965230942
r4_random,art,cosine_mean4,Push_Pin,middle_relative,8,0.16846896616816912,-0.2827624370376313,0.4166666666666667,24,0.5,2,0.2832164168357849,1,0.06095629185438156,-0.0009184442460536957
r4_random,art,cosine_mean4,Radio,weak_relative,11,0.3921905763481981,0.22227003797249853,0.6060606060606061,33,0.5,6,0.890370786190033,3,0.18450407683849335,0.03471876680850983
r4_random,art,cosine_mean4,Radio,middle_relative,21,0.23609247376318743,-0.21742650514517506,0.46774193548387094,62,,0,0.3000849187374115,0,0.04814857617020607,0.13006918132305145
r4_random,art,cosine_mean4,Radio,strong_relative,15,-0.03161554400149063,-0.3791378722404402,0.5111111111111111,45,1.0,2,0.3998105227947235,1,0.025097524747252464,0.21746689081192017
r4_random,art,cosine_mean4,Refrigerator,weak_relative,16,0.32571496733782934,0.16206013227979746,0.5416666666666666,48,,0,0.5875599980354309,0,0.15108853578567505,0.0014550264459103346
r4_random,art,cosine_mean4,Refrigerator,middle_relative,11,-0.15711281063223762,0.06027685767437584,0.5454545454545454,33,,0,0.46673068404197693,0,-0.10695361346006393,-0.2586417496204376
r4_random,art,cosine_mean4,Refrigerator,strong_relative,22,0.49229168595880224,0.565907077139068,0.6818181818181818,66,0.7777777777777778,18,1.1329727172851562,9,0.2528868019580841,-0.27533140778541565
r4_random,art,cosine_mean4,Ruler,weak_relative,7,-0.3140031067322661,-0.4442784607173779,0.42857142857142855,21,,0,0.9710370898246765,0,-0.40275833010673523,-0.09870370477437973
r4_random,art,cosine_mean4,Scissors,weak_relative,5,0.3143877433607858,-0.13034829746554447,0.6666666666666666,15,,0,0.12340524047613144,0,0.03792626038193703,0.09130199253559113
r4_random,art,cosine_mean4,Scissors,middle_relative,11,-0.3506199894961651,-0.3161291058265195,0.3939393939393939,33,0.3333333333333333,6,0.6795470714569092,3,-0.14807432889938354,0.09423262625932693
r4_random,art,cosine_mean4,Screwdriver,weak_relative,11,-0.06685628432039795,0.0526571778244512,0.42424242424242425,33,0.5,2,0.24991850554943085,1,-0.02382531948387623,-0.06995075196027756
r4_random,art,cosine_mean4,Screwdriver,middle_relative,12,0.3237642018236049,0.2748484248747238,0.5555555555555556,36,0.6666666666666666,6,0.41810372471809387,3,0.03277401998639107,0.006750902626663446
r4_random,art,cosine_mean4,Screwdriver,strong_relative,7,-0.41460316693716387,-0.6195139350152359,0.23809523809523808,21,0.3333333333333333,6,0.8584111332893372,3,-0.24656525254249573,0.0
r4_random,art,cosine_mean4,Shelf,weak_relative,14,0.0477048896186091,0.22644448487160104,0.5714285714285714,42,0.6666666666666666,6,0.6165233254432678,3,0.045183874666690826,-0.07231336086988449
r4_random,art,cosine_mean4,Shelf,middle_relative,16,-0.3172576248575339,-0.03379385642509208,0.3958333333333333,48,0.75,4,0.5517775416374207,2,-0.19274884462356567,0.03337142616510391
r4_random,art,cosine_mean4,Shelf,strong_relative,12,-0.17127294209452573,0.2390574492262136,0.5555555555555556,36,0.5,4,0.44459617137908936,2,-0.0810437873005867,-0.15112362802028656
r4_random,art,cosine_mean4,Sink,weak_relative,14,-0.3603902467910771,-0.011972745485606187,0.38095238095238093,42,,0,0.3362410366535187,0,-0.16244851052761078,-0.07692403346300125
r4_random,art,cosine_mean4,Sink,middle_relative,12,-0.09057968509933076,-0.24339182442238452,0.3333333333333333,36,0.0,2,0.23284214735031128,1,-0.004368791822344065,0.08638397604227066
r4_random,art,cosine_mean4,Sink,strong_relative,15,-0.023696257225049807,-0.26430954007509105,0.4888888888888889,45,0.5,2,0.45324277877807617,1,0.03057991713285446,0.12520630657672882
r4_random,art,cosine_mean4,Sneakers,weak_relative,8,0.4756117019043644,0.3762206690800676,0.7916666666666666,24,0.5,2,0.2504952549934387,1,0.13716474175453186,0.08103471249341965
r4_random,art,cosine_mean4,Sneakers,middle_relative,7,0.43074788154794075,-0.2059885180008953,0.7619047619047619,21,,0,0.12196747213602066,0,0.051854077726602554,0.05260542407631874
r4_random,art,cosine_mean4,Sneakers,strong_relative,31,0.1842523378071131,-0.3602727725556113,0.8494623655913979,93,0.5,2,0.11616973578929901,1,0.03455356881022453,0.044662948697805405
r4_random,art,cosine_mean4,Soda,weak_relative,12,0.538322895256816,0.22098131325780054,0.5833333333333334,36,1.0,6,0.4795631468296051,3,0.17654184997081757,0.18718242645263672
r4_random,art,cosine_mean4,Soda,middle_relative,18,0.11574857489325109,-0.3924668265585003,0.6111111111111112,54,1.0,4,0.650259792804718,2,0.09911546856164932,0.0098358653485775
r4_random,art,cosine_mean4,Soda,strong_relative,10,0.1346002944350229,-0.1842457399003104,0.8,30,1.0,6,0.6288309097290039,3,0.07501564174890518,0.06890258938074112
r4_random,art,cosine_mean4,Speaker,weak_relative,12,0.12279536660756264,0.3894028265023732,0.4,35,0.5,4,0.46265506744384766,2,0.11912070959806442,-0.04581063985824585
r4_random,art,cosine_mean4,Speaker,strong_relative,6,0.11038584890495853,0.1918314116734265,0.5,18,0.5,4,0.7975568771362305,2,0.14167135953903198,-0.1977408081293106
r4_random,art,cosine_mean4,Spoon,weak_relative,19,-0.39923548291778055,-0.22675716540636837,0.3684210526315789,57,,0,0.33821749687194824,0,-0.09432028234004974,-0.06972315907478333
r4_random,art,cosine_mean4,Spoon,middle_relative,14,0.1498319559222745,0.15534245066493363,0.47619047619047616,42,0.8333333333333334,6,0.43204522132873535,3,0.059479970484972,0.01716068759560585
r4_random,art,cosine_mean4,Spoon,strong_relative,13,0.3382561877363829,-0.10974781149948669,0.717948717948718,39,1.0,2,0.6417732238769531,1,0.2937069535255432,0.22991517186164856
r4_random,art,cosine_mean4,TV,weak_relative,11,-0.2106505254539084,-0.5036147981458832,0.6363636363636364,33,,0,0.24539655447006226,0,-0.006234056781977415,-0.06607779860496521
r4_random,art,cosine_mean4,TV,middle_relative,11,0.3954030836296146,0.20290693985288522,0.696969696969697,33,1.0,2,0.159258171916008,1,0.06033448874950409,0.04845062643289566
r4_random,art,cosine_mean4,TV,strong_relative,18,0.17345272342128068,-0.024399267629396742,0.6481481481481481,54,0.5,6,0.5791447162628174,3,0.12565933167934418,0.002807074226438999
r4_random,art,cosine_mean4,Table,weak_relative,6,0.31120134915375613,0.4776882932789108,0.6666666666666666,18,1.0,2,0.9063308238983154,1,0.19730836153030396,0.10962047427892685
r4_random,art,cosine_mean4,Table,middle_relative,7,0.4578883418247527,0.27781888929781995,0.6666666666666666,21,0.5,2,0.5331591963768005,1,0.17786994576454163,0.0009088175720535219
r4_random,art,cosine_mean4,Telephone,weak_relative,12,0.33096138475636494,-0.018791089490704453,0.8611111111111112,36,1.0,4,0.3895491063594818,2,0.15001331269741058,0.1951414793729782
r4_random,art,cosine_mean4,Telephone,middle_relative,12,0.3981096377306574,-0.09825299764026019,0.7777777777777778,36,1.0,2,1.1639124155044556,1,0.37056270241737366,0.6670244336128235
r4_random,art,cosine_mean4,Telephone,strong_relative,20,0.14790500976216134,-0.2793824964210158,0.8135593220338984,59,0.5,4,0.5266115069389343,2,0.11641840636730194,0.22570852935314178
r4_random,art,cosine_mean4,ToothBrush,weak_relative,13,0.2714428215097998,0.019507135890808866,0.7948717948717948,39,1.0,4,0.7578446865081787,2,0.08289153128862381,0.32687345147132874
r4_random,art,cosine_mean4,ToothBrush,middle_relative,16,0.13233883211702105,0.007369668340003127,0.6458333333333334,48,,0,0.25062546133995056,0,0.03180994838476181,0.01152530126273632
r4_random,art,cosine_mean4,ToothBrush,strong_relative,14,0.04669356857225228,0.33118497505309935,0.6666666666666666,42,0.25,4,0.44503989815711975,2,-0.005239673890173435,-0.007385726552456617
r4_random,art,cosine_mean4,Toys,middle_relative,7,0.5444866286711029,-0.29863236476615973,0.8095238095238095,21,0.75,4,0.5290012955665588,2,0.24777963757514954,0.0
r4_random,art,cosine_mean4,Toys,strong_relative,9,0.4924107840439671,0.7548730272937861,0.8461538461538461,26,1.0,2,0.30592724680900574,1,0.10635893046855927,0.0
r4_random,art,cosine_mean4,Trash_Can,weak_relative,10,-0.12839406424956895,-0.15611162785831992,0.5333333333333333,30,1.0,2,0.5839636921882629,1,-0.085160993039608,-0.11303733289241791
r4_random,art,cosine_mean4,Trash_Can,middle_relative,6,0.5508483670691129,0.5909260653496962,0.4444444444444444,18,0.75,4,0.3522837162017822,2,0.1131773367524147,-0.002383612096309662
r4_random,art,cosine_mean4,Trash_Can,strong_relative,5,-0.19540400640950514,-0.004379774063481113,0.4,15,,0,0.348219633102417,0,-0.04131645709276199,0.0
r4_random,art,cosine_mean4,Webcam,weak_relative,7,0.19153400407009158,0.023604782339460926,0.7619047619047619,21,,0,0.3312615752220154,0,0.12438315898180008,0.0
r4_random,art,cosine_mean4,Webcam,middle_relative,8,0.44658168915056834,0.32673010080599296,0.75,24,,0,0.04519248381257057,0,0.016895445063710213,0.002957225777208805
r4_random,art,source_z_l2_mean4,Alarm_Clock,weak_relative,23,-0.08819129291828097,0.4048837685271181,0.5217391304347826,69,,0,0.1209854856133461,0,0.0013430066173896194,0.0642714574933052
r4_random,art,source_z_l2_mean4,Alarm_Clock,middle_relative,28,-0.356009106131911,-0.09895178628763658,0.35714285714285715,84,,0,0.01142450887709856,0,-0.004075875971466303,-0.0005294510629028082
r4_random,art,source_z_l2_mean4,Alarm_Clock,strong_relative,23,-0.2970771774840226,-0.5342757801959915,0.5072463768115942,69,0.0,2,0.20741620659828186,1,-0.07650315016508102,-0.049475669860839844
r4_random,art,source_z_l2_mean4,Backpack,weak_relative,19,0.3396653301289532,0.3090336779883978,0.7647058823529411,51,0.75,4,0.4138471484184265,2,0.20774221420288086,0.2032458335161209
r4_random,art,source_z_l2_mean4,Backpack,middle_relative,11,0.3258442363618463,-0.051715753655058885,0.7272727272727273,33,,0,0.6821550726890564,0,0.2340194582939148,0.26281505823135376
r4_random,art,source_z_l2_mean4,Backpack,strong_relative,11,0.7348702496559748,0.37235102661040076,0.8181818181818182,33,1.0,4,1.2695661783218384,2,0.6195778250694275,0.6738086938858032
r4_random,art,source_z_l2_mean4,Batteries,weak_relative,13,-0.44664250240393616,-0.41787952351763313,0.40540540540540543,37,0.0,2,0.7279602885246277,1,-0.24809476733207703,-0.4285084307193756
r4_random,art,source_z_l2_mean4,Batteries,middle_relative,9,-0.3635887050631809,0.12129404238725522,0.37037037037037035,27,0.5,2,0.9840778708457947,1,-0.09259435534477234,0.0
r4_random,art,source_z_l2_mean4,Batteries,strong_relative,5,0.25999757820943203,0.09552257366204615,0.4666666666666667,15,1.0,2,0.6716912984848022,1,0.2818893790245056,0.41759157180786133
r4_random,art,source_z_l2_mean4,Bed,weak_relative,8,-0.028281374919564454,0.01749176055632905,0.4166666666666667,24,,0,0.16772200167179108,0,0.041452985256910324,-0.004700657911598682
r4_random,art,source_z_l2_mean4,Bed,middle_relative,8,0.31395022625307356,0.034877902017340465,0.5416666666666666,24,0.5,2,0.3169482946395874,1,0.11255397647619247,0.02515508607029915
r4_random,art,source_z_l2_mean4,Bed,strong_relative,24,0.12468267069270594,-0.08777241515275638,0.6388888888888888,72,0.5,2,0.2778880298137665,1,0.06945838779211044,0.03806842863559723
r4_random,art,source_z_l2_mean4,Bike,weak_relative,33,0.11773854583308663,-0.05737859969103959,0.6363636363636364,99,0.5,6,0.131217360496521,3,0.035689327865839005,0.0134156234562397
r4_random,art,source_z_l2_mean4,Bike,middle_relative,28,0.02272712683345544,0.01872378279134495,0.5714285714285714,84,0.5,4,0.24121661484241486,2,0.016180364415049553,-0.01767762191593647
r4_random,art,source_z_l2_mean4,Bike,strong_relative,14,-0.21993527257434575,-0.02907425199289187,0.30952380952380953,42,0.0,4,0.242270365357399,2,-0.03703784942626953,-0.14845319092273712
r4_random,art,source_z_l2_mean4,Bottle,weak_relative,40,0.1952605041408311,0.16183961309146364,0.525,120,0.875,8,0.39403805136680603,4,-0.03235931694507599,-0.09081396460533142
r4_random,art,source_z_l2_mean4,Bottle,middle_relative,35,0.23673870465507646,0.1395186893473704,0.5714285714285714,105,0.5,18,0.7194516062736511,9,-0.04082762077450752,-0.04694967344403267
r4_random,art,source_z_l2_mean4,Bottle,strong_relative,24,0.12086929800122334,-0.032339113057243164,0.5277777777777778,72,0.5,2,0.5841522216796875,1,-0.08040020614862442,-0.08385533094406128
r4_random,art,source_z_l2_mean4,Bucket,weak_relative,11,0.6997752166683809,0.2541500616830489,0.8181818181818182,33,0.6666666666666666,6,0.8419718146324158,3,0.34256723523139954,0.3161320686340332
r4_random,art,source_z_l2_mean4,Bucket,middle_relative,20,0.26223966062080134,0.012850506742690785,0.6833333333333333,60,0.7,10,0.7989476919174194,5,0.17820069193840027,0.11986882984638214
r4_random,art,source_z_l2_mean4,Bucket,strong_relative,9,0.19046855069217736,0.05452871115812023,0.5925925925925926,27,0.5,8,1.024924874305725,4,0.10019253194332123,-0.1445687860250473
r4_random,art,source_z_l2_mean4,Calculator,weak_relative,18,-0.31811996796711384,-0.04780202111916847,0.4074074074074074,54,,0,0.2944523096084595,0,-0.11611820757389069,-0.002189165912568569
r4_random,art,source_z_l2_mean4,Calculator,middle_relative,9,-0.09236581823955005,0.09890642512409284,0.2962962962962963,27,,0,0.5157600045204163,0,-0.15930165350437164,-0.3707488477230072
r4_random,art,source_z_l2_mean4,Calculator,strong_relative,6,0.14357704590570688,-0.42471170321700136,0.5,18,,0,0.13063742220401764,0,0.06084909662604332,0.12520067393779755
r4_random,art,source_z_l2_mean4,Calendar,weak_relative,15,-0.009844574076671114,0.041318889490447194,0.6222222222222222,45,,0,0.07335038483142853,0,-0.0004820771573577076,0.011799454689025879
r4_random,art,source_z_l2_mean4,Calendar,middle_relative,5,0.028187929164545926,-0.16094627783120755,0.6,15,,0,0.03841555118560791,0,0.005113466642796993,0.004575958009809256
r4_random,art,source_z_l2_mean4,Candles,weak_relative,10,0.37472221387627347,0.0815103107540583,0.7333333333333333,30,,0,0.22504086792469025,0,0.05463959649205208,0.05356601998209953
r4_random,art,source_z_l2_mean4,Candles,middle_relative,17,0.40013148085428774,0.3210477507156944,0.7254901960784313,51,1.0,2,0.3640926480293274,1,0.09070736169815063,0.10106170922517776
r4_random,art,source_z_l2_mean4,Candles,strong_relative,49,-0.020953850002088856,-0.014592773352204139,0.5460992907801419,141,0.25,4,0.1717587560415268,2,-0.023952201008796692,-0.06237363442778587
r4_random,art,source_z_l2_mean4,Chair,weak_relative,14,0.27007603652968415,0.15142792753661524,0.6190476190476191,42,1.0,2,0.19081978499889374,1,0.0783468559384346,0.006180985365062952
r4_random,art,source_z_l2_mean4,Chair,middle_relative,28,0.22314780714152757,0.026798943816189556,0.5833333333333334,84,0.625,8,0.4255240261554718,4,0.14142140746116638,0.014907949604094028
r4_random,art,source_z_l2_mean4,Chair,strong_relative,27,0.11201033237868599,0.09340151970903016,0.5555555555555556,81,0.5,16,0.4939490556716919,8,0.1093224585056305,0.07212308794260025
r4_random,art,source_z_l2_mean4,Clipboards,weak_relative,12,0.47804578415479937,0.22560558593995653,0.5833333333333334,36,0.75,12,0.8461663126945496,6,0.12417992204427719,0.34157776832580566
r4_random,art,source_z_l2_mean4,Clipboards,middle_relative,8,0.408709197970556,0.5348000233099737,0.75,24,0.75,4,1.160941243171692,2,0.1886707991361618,0.24474161863327026
r4_random,art,source_z_l2_mean4,Clipboards,strong_relative,5,0.5074079776212974,0.41756810505614733,0.8,15,1.0,2,0.6752404570579529,1,0.29896098375320435,0.31256303191185
r4_random,art,source_z_l2_mean4,Computer,weak_relative,11,0.28615014049398096,-0.28028590211840615,0.6060606060606061,33,0.0,2,1.014030933380127,1,0.33884280920028687,0.08551027625799179
r4_random,art,source_z_l2_mean4,Computer,middle_relative,14,0.3369947136587802,-0.056533052922990094,0.6666666666666666,42,0.25,4,0.9040936827659607,2,0.1725318282842636,0.14571987092494965
r4_random,art,source_z_l2_mean4,Computer,strong_relative,19,0.20532179397073988,0.10250887033506034,0.6140350877192983,57,0.6666666666666666,6,0.9811580181121826,3,0.18603076040744781,0.07014784961938858
r4_random,art,source_z_l2_mean4,Couch,weak_relative,8,0.48453973648642434,0.10761574309835549,0.8333333333333334,24,1.0,2,0.46621671319007874,1,0.20174238085746765,0.2767398953437805
r4_random,art,source_z_l2_mean4,Couch,middle_relative,14,0.30316468524495005,0.14319286764892641,0.5952380952380952,42,0.5,4,0.36345764994621277,2,0.0461110845208168,-0.025980990380048752
r4_random,art,source_z_l2_mean4,Couch,strong_relative,18,0.48042942059681076,-0.05206091438896535,0.6666666666666666,54,0.0,2,0.4880569875240326,1,0.17219853401184082,0.08111246675252914
r4_random,art,source_z_l2_mean4,Curtains,weak_relative,12,-0.07184956957544045,-0.18055806054964263,0.5833333333333334,36,0.25,4,0.31222546100616455,2,-0.13775481283664703,0.00451357988640666
r4_random,art,source_z_l2_mean4,Curtains,middle_relative,15,-0.008475584547352701,-0.015061871595920838,0.5777777777777777,45,,0,0.2468043714761734,0,-0.05738227441906929,0.01841863989830017
r4_random,art,source_z_l2_mean4,Curtains,strong_relative,13,-0.24930322016410658,-0.19362543915654412,0.4358974358974359,39,0.5,4,0.4236677289009094,2,-0.15291622281074524,-0.13700374960899353
r4_random,art,source_z_l2_mean4,Desk_Lamp,weak_relative,8,0.3726218756895264,0.29196039665815887,0.4166666666666667,24,,0,0.5494205355644226,0,0.12983599305152893,0.06614289432764053
r4_random,art,source_z_l2_mean4,Desk_Lamp,middle_relative,9,-0.33438455968214925,-0.2835546058045339,0.4444444444444444,27,0.0,2,0.9731892347335815,1,-0.0347302220761776,0.041297104209661484
r4_random,art,source_z_l2_mean4,Desk_Lamp,strong_relative,6,-0.059705381858572534,0.4579870825042684,0.5555555555555556,18,,0,1.54592764377594,0,0.015330870635807514,-0.8611483573913574
r4_random,art,source_z_l2_mean4,Drill,weak_relative,5,-0.29421273726484715,-0.07103020743186564,0.4666666666666667,15,0.0,2,0.5641590356826782,1,-0.18919748067855835,-0.42069172859191895
r4_random,art,source_z_l2_mean4,Drill,middle_relative,6,0.25981371065025793,0.16127564370735933,0.8888888888888888,18,0.0,2,0.8331844806671143,1,0.25943925976753235,-0.05654489994049072
r4_random,art,source_z_l2_mean4,Eraser,weak_relative,7,0.33762134718695425,-0.1809354651980696,0.6190476190476191,21,1.0,2,0.9906150102615356,1,0.24508097767829895,0.14078561961650848
r4_random,art,source_z_l2_mean4,Eraser,middle_relative,7,0.16987835079213326,0.25996457175760324,0.65,20,,0,0.4068732261657715,0,-0.08160024881362915,0.08974681794643402
r4_random,art,source_z_l2_mean4,Exit_Sign,weak_relative,10,0.09180513240073962,-0.05977707985888032,0.5862068965517241,29,1.0,2,0.4143300950527191,1,0.12282111495733261,0.37461650371551514
r4_random,art,source_z_l2_mean4,Exit_Sign,middle_relative,9,0.28389144004438166,-0.1326081128510783,0.7307692307692307,26,1.0,4,0.3915137052536011,2,0.09835449606180191,0.004760032054036856
r4_random,art,source_z_l2_mean4,Fan,weak_relative,21,0.0822516102697812,-0.2839872132895335,0.5714285714285714,63,0.625,8,0.890716016292572,4,0.2617757320404053,0.25184330344200134
r4_random,art,source_z_l2_mean4,Fan,middle_relative,10,0.4539967227278238,0.051291102990578104,0.6666666666666666,30,1.0,4,0.7340337038040161,2,0.278656005859375,0.37474384903907776
r4_random,art,source_z_l2_mean4,Fan,strong_relative,14,0.12841060314501446,-0.18530835771221074,0.5714285714285714,42,0.5,4,1.1250640153884888,2,0.09475202113389969,0.48606881499290466
r4_random,art,source_z_l2_mean4,File_Cabinet,weak_relative,5,-0.022253274451121966,0.038606326793443536,0.5333333333333333,15,,0,0.49916425347328186,0,-0.1293390840291977,0.04076465219259262
r4_random,art,source_z_l2_mean4,File_Cabinet,middle_relative,11,0.19874635490707537,0.29645907934714166,0.375,32,0.5,4,0.17940756678581238,2,-0.028719395399093628,0.003008946543559432
r4_random,art,source_z_l2_mean4,File_Cabinet,strong_relative,6,-0.45964535895685493,-0.467392928368488,0.5555555555555556,18,1.0,2,0.6633564233779907,1,-0.26298239827156067,-0.5348127484321594
r4_random,art,source_z_l2_mean4,Flipflops,weak_relative,6,0.42639705819075024,0.29590581413894235,0.6875,16,,0,0.23698051273822784,0,0.07291141897439957,1.6291801330226008e-06
r4_random,art,source_z_l2_mean4,Flipflops,middle_relative,11,0.3191589283300309,0.2782855908439292,0.78125,32,,0,0.05654082074761391,0,0.01967405527830124,0.0
r4_random,art,source_z_l2_mean4,Flipflops,strong_relative,29,0.08743640850671086,0.23011869559656092,0.7209302325581395,86,,0,0.007247299887239933,0,0.0006942047039046884,-9.967207006411627e-06
r4_random,art,source_z_l2_mean4,Flowers,weak_relative,22,-0.2064036162132252,0.19808992611110868,0.2727272727272727,66,,0,0.06923485547304153,0,-0.0319000706076622,-0.047574903815984726
r4_random,art,source_z_l2_mean4,Flowers,middle_relative,25,-0.30821961270259807,-0.12932218483789687,0.41333333333333333,75,0.0,4,0.12496429681777954,2,-0.05858336389064789,-0.10839904099702835
r4_random,art,source_z_l2_mean4,Flowers,strong_relative,43,-0.0031802988210469906,0.08204049735921769,0.5625,128,0.5,4,0.0386471152305603,2,-0.01102796196937561,-0.033176567405462265
r4_random,art,source_z_l2_mean4,Folder,weak_relative,11,0.18632598093684005,0.08316923093686916,0.5454545454545454,33,0.375,8,1.1147968769073486,4,0.01962779276072979,-0.09113775938749313
r4_random,art,source_z_l2_mean4,Folder,middle_relative,6,0.8583584200052409,0.5506146796328533,0.8333333333333334,18,,0,0.12683048844337463,0,0.04013553261756897,-0.013378077186644077
r4_random,art,source_z_l2_mean4,Fork,weak_relative,22,0.5160343461888233,0.16227799228869944,0.6666666666666666,66,0.8,10,0.759490966796875,5,0.14328978955745697,0.24125553667545319
r4_random,art,source_z_l2_mean4,Fork,middle_relative,20,0.26962319736054996,-0.2731057011711449,0.7333333333333333,60,0.625,16,0.9341878890991211,8,0.16533192992210388,-0.14612150192260742
r4_random,art,source_z_l2_mean4,Glasses,weak_relative,23,0.2645722891842244,0.20406524272393725,0.6029411764705882,68,,0,0.21370957791805267,0,0.044109780341386795,0.12266940623521805
r4_random,art,source_z_l2_mean4,Glasses,middle_relative,15,0.006730737776289665,-0.1924590225543926,0.6,45,,0,0.04734055697917938,0,-0.003331329906359315,0.011155284009873867
r4_random,art,source_z_l2_mean4,Hammer,weak_relative,10,0.7253910714709423,0.6393651408723959,0.7333333333333333,30,1.0,4,1.8166191577911377,2,0.5327242016792297,0.19902238249778748
r4_random,art,source_z_l2_mean4,Hammer,middle_relative,13,0.5098250541937672,0.2602096900810772,0.6666666666666666,39,0.6666666666666666,12,1.197070598602295,6,0.20536749064922333,0.2924995720386505
r4_random,art,source_z_l2_mean4,Hammer,strong_relative,17,0.42604574102279913,0.4272447034269728,0.6862745098039216,51,0.625,8,1.304814100265503,4,0.24600492417812347,0.3814859390258789
r4_random,art,source_z_l2_mean4,Helmet,weak_relative,15,0.41275029576490563,0.19958580474984766,0.7045454545454546,44,0.75,4,0.5839758515357971,2,0.09545627236366272,0.18459580838680267
r4_random,art,source_z_l2_mean4,Helmet,middle_relative,20,0.3141327227923121,0.472374891388681,0.6333333333333333,60,0.6666666666666666,6,0.3469666838645935,3,0.026057422161102295,-0.038560688495635986
r4_random,art,source_z_l2_mean4,Helmet,strong_relative,44,0.17319062318524947,-0.27802079513553296,0.6461538461538462,130,0.7,10,0.24458599090576172,5,0.031145595014095306,-0.003881217446178198
r4_random,art,source_z_l2_mean4,Kettle,weak_relative,17,0.11410346036180566,-0.0779581634845724,0.45098039215686275,51,1.0,2,0.33047711849212646,1,-0.04052787274122238,-0.018817787989974022
r4_random,art,source_z_l2_mean4,Kettle,middle_relative,13,0.15747647465580916,0.1646101108588225,0.6410256410256411,39,1.0,2,0.43994441628456116,1,-0.005488636437803507,-0.025980893522500992
r4_random,art,source_z_l2_mean4,Kettle,strong_relative,16,-0.059960333914751696,0.02972836173763532,0.5625,48,0.0,2,0.3313380479812622,1,0.0006950803799554706,-0.07492777705192566
r4_random,art,source_z_l2_mean4,Keyboard,weak_relative,5,0.10216449791799158,0.05779855904729156,0.4,15,,0,0.04776792600750923,0,0.012924415059387684,0.012219110503792763
r4_random,art,source_z_l2_mean4,Keyboard,middle_relative,10,-0.5200851328063553,-0.39760168360638615,0.26666666666666666,30,,0,0.24108818173408508,0,-0.09011197090148926,-0.18226711452007294
r4_random,art,source_z_l2_mean4,Knives,weak_relative,16,-0.06678721048149518,0.02487073654995708,0.574468085106383,47,0.0,4,0.2792060077190399,2,0.0228875819593668,-0.006034201942384243
r4_random,art,source_z_l2_mean4,Knives,middle_relative,23,0.2811810837327083,0.08724717690601985,0.6811594202898551,69,0.5,4,0.4823690950870514,2,0.15882837772369385,-0.001261012745089829
r4_random,art,source_z_l2_mean4,Knives,strong_relative,33,0.10996002471599414,-0.09628449709817274,0.7741935483870968,93,0.5,4,0.11012320220470428,2,0.03195735067129135,0.06030801683664322
r4_random,art,source_z_l2_mean4,Lamp_Shade,weak_relative,8,0.17830235615430998,0.7910977713901607,0.5,24,0.75,4,0.6324317455291748,2,0.1036323606967926,0.11189472675323486
r4_random,art,source_z_l2_mean4,Lamp_Shade,middle_relative,22,-0.10466548846981634,-0.05771394752598671,0.6060606060606061,66,0.875,8,0.3570297956466675,4,-0.05506980046629906,0.025757962837815285
r4_random,art,source_z_l2_mean4,Lamp_Shade,strong_relative,19,0.20682283868104792,0.12178884670531356,0.5964912280701754,57,,0,0.31490373611450195,0,0.04320976138114929,0.023388072848320007
r4_random,art,source_z_l2_mean4,Laptop,weak_relative,22,-0.05668939865183132,0.10676580455718405,0.48484848484848486,66,0.5,10,0.5727860927581787,5,0.02143312618136406,0.09866537898778915
r4_random,art,source_z_l2_mean4,Laptop,middle_relative,17,0.06557448225022271,-0.020336650899114364,0.6274509803921569,51,0.5,6,0.8849280476570129,3,0.2450442612171173,0.10027414560317993
r4_random,art,source_z_l2_mean4,Laptop,strong_relative,12,0.27642179669331945,0.25551319103608416,0.6111111111111112,36,0.5,8,0.5430790781974792,4,0.18104219436645508,0.2072109431028366
r4_random,art,source_z_l2_mean4,Marker,weak_relative,7,0.6071694943440828,-0.47340677404678994,0.8095238095238095,21,,0,1.225638747215271,0,0.25536447763442993,0.33526429533958435
r4_random,art,source_z_l2_mean4,Marker,middle_relative,6,0.556609321049654,-0.3923878173390661,0.7777777777777778,18,,0,1.069283366203308,0,0.27419060468673706,0.21797867119312286
r4_random,art,source_z_l2_mean4,Marker,strong_relative,7,0.20205285778334442,0.06003284548556998,0.5238095238095238,21,,0,1.283990502357483,0,0.009866876527667046,0.6960033178329468
r4_random,art,source_z_l2_mean4,Monitor,weak_relative,16,0.3345111784264594,-0.28017983444267586,0.7083333333333334,48,0.875,8,0.9072421789169312,4,0.2455926388502121,0.43771153688430786
r4_random,art,source_z_l2_mean4,Monitor,middle_relative,11,0.44602506579583445,0.1820292988596925,0.45454545454545453,33,0.3333333333333333,6,1.3415663242340088,3,0.19663533568382263,0.053194306790828705
r4_random,art,source_z_l2_mean4,Monitor,strong_relative,15,0.4035615131838899,0.05538436270477436,0.6888888888888889,45,1.0,2,0.9244664311408997,1,0.14930659532546997,0.44976428151130676
r4_random,art,source_z_l2_mean4,Mop,weak_relative,5,0.25815179684975476,0.04413585686079816,0.6666666666666666,15,0.5,2,0.421923965215683,1,0.15609169006347656,0.08552689850330353
r4_random,art,source_z_l2_mean4,Mop,middle_relative,12,-0.27182214652498654,0.11273558578415199,0.5,36,0.5,2,0.48285922408103943,1,-0.07034949213266373,-0.2163250595331192
r4_random,art,source_z_l2_mean4,Mop,strong_relative,15,-0.06846049988717383,0.07227620993190818,0.5333333333333333,45,0.75,4,1.2267321348190308,2,0.05566742271184921,-0.165120467543602
r4_random,art,source_z_l2_mean4,Mouse,weak_relative,11,-0.17195727641952813,-0.18994465788488596,0.3939393939393939,33,0.25,4,0.26042822003364563,2,-0.02660459838807583,-0.039414916187524796
r4_random,art,source_z_l2_mean4,Mug,weak_relative,29,0.24574414549786813,0.07599327098822861,0.5833333333333334,84,1.0,2,0.06865626573562622,1,0.022991672158241272,0.0012771342881023884
r4_random,art,source_z_l2_mean4,Mug,middle_relative,19,-0.28450696638200157,-0.16676934993682202,0.5614035087719298,57,0.0,2,0.219573974609375,1,-0.05826488882303238,-0.0360163152217865
r4_random,art,source_z_l2_mean4,Notebook,weak_relative,6,0.39905332300525953,0.2450338707971389,0.7222222222222222,18,,0,0.785592257976532,0,0.2122560292482376,-0.01919025368988514
r4_random,art,source_z_l2_mean4,Notebook,middle_relative,11,0.154572932252396,0.01651903566357636,0.45454545454545453,33,0.0,2,0.3890424072742462,1,0.10918118804693222,-0.01096009835600853
r4_random,art,source_z_l2_mean4,Oven,weak_relative,6,0.8018143359602268,0.5037029445337298,0.7777777777777778,18,0.5,4,1.1289271116256714,2,0.5358028411865234,0.6873664259910583
r4_random,art,source_z_l2_mean4,Oven,middle_relative,9,0.6962999759173879,-0.22154843938148727,0.8148148148148148,27,0.75,8,0.915948748588562,4,0.3994554579257965,0.39534246921539307
r4_random,art,source_z_l2_mean4,Oven,strong_relative,5,-0.1462519927228562,-0.00668051442582879,0.6,15,,0,0.22522640228271484,0,-0.024840224534273148,-0.13033342361450195
r4_random,art,source_z_l2_mean4,Pan,weak_relative,6,-0.4734780194692922,-0.24006631913079804,0.4444444444444444,18,,0,0.6781027913093567,0,-0.13127359747886658,-0.07722213119268417
r4_random,art,source_z_l2_mean4,Pan,middle_relative,5,-0.17720488625719022,0.383207885872008,0.2,15,0.0,2,0.657413899898529,1,0.02562360092997551,0.10320130735635757
r4_random,art,source_z_l2_mean4,Pan,strong_relative,8,-0.11501245114105915,-0.3033384269935288,0.3333333333333333,24,0.5,2,0.5269531607627869,1,-0.06032745540142059,-0.1279403269290924
r4_random,art,source_z_l2_mean4,Paper_Clip,weak_relative,9,-0.11325254605276251,-0.12221821905075479,0.5925925925925926,27,0.0,2,0.46637284755706787,1,-0.12069486081600189,-0.030194392427802086
r4_random,art,source_z_l2_mean4,Paper_Clip,middle_relative,8,-0.2166362919675155,-0.13012504706705916,0.4166666666666667,24,0.5,2,0.6317048072814941,1,-0.027722720056772232,-0.14837646484375
r4_random,art,source_z_l2_mean4,Pen,weak_relative,5,0.4984902636722014,0.04635664145318443,0.8,15,,0,0.7829592823982239,0,0.34341827034950256,0.01645045541226864
r4_random,art,source_z_l2_mean4,Pen,middle_relative,11,0.49800708120634823,-0.09293021735604234,0.7878787878787878,33,1.0,8,1.1480330228805542,4,0.4507140815258026,-0.024989508092403412
r4_random,art,source_z_l2_mean4,Pencil,weak_relative,11,0.14173427385495568,0.0339836484415664,0.6060606060606061,33,0.25,4,0.875963568687439,2,0.1919359713792801,-0.08316102623939514
r4_random,art,source_z_l2_mean4,Pencil,middle_relative,7,0.38736892749568874,0.1632739706374723,0.5714285714285714,21,,0,0.9274304509162903,0,0.35265249013900757,0.025312159210443497
r4_random,art,source_z_l2_mean4,Pencil,strong_relative,8,0.08988744173128754,-0.2577067180674845,0.5833333333333334,24,1.0,4,1.1934322118759155,2,0.13138552010059357,0.248597651720047
r4_random,art,source_z_l2_mean4,Postit_Notes,weak_relative,6,0.2431333066683948,0.19184689559650647,0.6666666666666666,18,0.5,2,1.0019209384918213,1,0.4072370231151581,0.05096777155995369
r4_random,art,source_z_l2_mean4,Postit_Notes,strong_relative,11,0.11045460625632078,-0.14789125772476236,0.6060606060606061,33,,0,0.21304398775100708,0,0.0900113582611084,0.0
r4_random,art,source_z_l2_mean4,Printer,weak_relative,7,0.1916430517484357,0.24234013533614007,0.47619047619047616,21,0.25,4,1.0650241374969482,2,0.3969228267669678,0.09449893981218338
r4_random,art,source_z_l2_mean4,Printer,middle_relative,5,-0.07810201681421466,-0.19608116537270046,0.5333333333333333,15,0.0,2,1.3420125246047974,1,0.12379531562328339,0.305578351020813
r4_random,art,source_z_l2_mean4,Printer,strong_relative,6,0.49003746842747653,0.46221334157707966,0.6666666666666666,18,,0,0.6114055514335632,0,0.2562243640422821,0.05312101170420647
r4_random,art,source_z_l2_mean4,Push_Pin,weak_relative,13,0.01967496372551158,0.0014923336992698133,0.631578947368421,38,,0,0.32669517397880554,0,-0.002660939237102866,0.06524692475795746
r4_random,art,source_z_l2_mean4,Push_Pin,middle_relative,8,0.2390377935588092,-0.23517064403907914,0.5416666666666666,24,1.0,2,0.2832164168357849,1,0.061020076274871826,-0.0008546573808416724
r4_random,art,source_z_l2_mean4,Radio,weak_relative,11,0.45270449659907497,0.5200411066919104,0.696969696969697,33,0.6666666666666666,6,0.890370786190033,3,0.18450407683849335,0.03471876680850983
r4_random,art,source_z_l2_mean4,Radio,middle_relative,21,0.40585210963133195,-0.028372778228639896,0.5483870967741935,62,,0,0.3000849187374115,0,0.0674152746796608,0.14933587610721588
r4_random,art,source_z_l2_mean4,Radio,strong_relative,15,0.12721049265176537,-0.420463781111878,0.5555555555555556,45,0.5,2,0.3998105227947235,1,0.029244745150208473,0.22161413729190826
r4_random,art,source_z_l2_mean4,Refrigerator,weak_relative,16,0.47304690588777004,0.3954382277196892,0.6875,48,,0,0.5875599980354309,0,0.20431700348854065,0.054683487862348557
r4_random,art,source_z_l2_mean4,Refrigerator,middle_relative,11,-0.1979404681790231,-0.060658177550408525,0.48484848484848486,33,,0,0.46673068404197693,0,-0.09506800025701523,-0.2467561662197113
r4_random,art,source_z_l2_mean4,Refrigerator,strong_relative,22,0.31915865441323094,0.4136339610670909,0.5757575757575758,66,0.3888888888888889,18,1.1329727172851562,9,0.18008513748645782,-0.34813305735588074
r4_random,art,source_z_l2_mean4,Ruler,weak_relative,7,-0.4204392646322985,-0.6283369753804401,0.38095238095238093,21,,0,0.9710370898246765,0,-0.40275833010673523,-0.09870370477437973
r4_random,art,source_z_l2_mean4,Scissors,weak_relative,5,0.4136184209402197,0.05985113817119798,0.7333333333333333,15,,0,0.12340524047613144,0,0.03792626038193703,0.09130199253559113
r4_random,art,source_z_l2_mean4,Scissors,middle_relative,11,-0.2870869016905162,-0.2758753683389459,0.30303030303030304,33,0.3333333333333333,6,0.6795470714569092,3,-0.18398495018482208,0.0583219975233078
r4_random,art,source_z_l2_mean4,Screwdriver,weak_relative,11,-0.04057236850360895,0.09407033243409721,0.5151515151515151,33,0.5,2,0.24991850554943085,1,-0.0011693780543282628,-0.04729480668902397
r4_random,art,source_z_l2_mean4,Screwdriver,middle_relative,12,0.42722064570259827,0.4092626247702798,0.7222222222222222,36,0.6666666666666666,6,0.41810372471809387,3,0.11793330311775208,0.09191018342971802
r4_random,art,source_z_l2_mean4,Screwdriver,strong_relative,7,-0.3677166722721274,-0.5530253028483304,0.3333333333333333,21,0.3333333333333333,6,0.8584111332893372,3,-0.1740986853837967,0.07246657460927963
r4_random,art,source_z_l2_mean4,Shelf,weak_relative,14,-0.10165555187400732,0.023050405728351757,0.5,42,0.16666666666666666,6,0.6165233254432678,3,-0.044398367404937744,-0.16189561784267426
r4_random,art,source_z_l2_mean4,Shelf,middle_relative,16,-0.2651506330728103,-0.08206754752942833,0.3541666666666667,48,0.5,4,0.5517775416374207,2,-0.20260676741600037,0.023513514548540115
r4_random,art,source_z_l2_mean4,Shelf,strong_relative,12,-0.4203231816338469,0.3883143601358906,0.4166666666666667,36,0.5,4,0.44459617137908936,2,-0.0810437873005867,-0.15112362802028656
r4_random,art,source_z_l2_mean4,Sink,weak_relative,14,-0.31273038647802565,-0.08180740436146051,0.30952380952380953,42,,0,0.3362410366535187,0,-0.16308048367500305,-0.07755600661039352
r4_random,art,source_z_l2_mean4,Sink,middle_relative,12,0.052777499411287426,-0.05866287168150451,0.3611111111111111,36,0.0,2,0.23284214735031128,1,-0.004368791822344065,0.08638397604227066
r4_random,art,source_z_l2_mean4,Sink,strong_relative,15,0.06607573242068204,-0.2762257451274928,0.5333333333333333,45,1.0,2,0.45324277877807617,1,0.03057991713285446,0.12520630657672882
r4_random,art,source_z_l2_mean4,Sneakers,weak_relative,8,0.41670694696508764,0.25599184941747644,0.7916666666666666,24,0.5,2,0.2504952549934387,1,0.13716474175453186,0.08103471249341965
r4_random,art,source_z_l2_mean4,Sneakers,middle_relative,7,0.41576490409070865,-0.2101617032247415,0.7619047619047619,21,,0,0.12196747213602066,0,0.051854077726602554,0.05260542407631874
r4_random,art,source_z_l2_mean4,Sneakers,strong_relative,31,0.25108181793949363,-0.3200180487263637,0.8602150537634409,93,0.5,2,0.11616973578929901,1,0.03730658069252968,0.04741596058011055
r4_random,art,source_z_l2_mean4,Soda,weak_relative,12,0.5314153456419537,0.08216638229286921,0.6666666666666666,36,1.0,6,0.4795631468296051,3,0.1943972110748291,0.20503778755664825
r4_random,art,source_z_l2_mean4,Soda,middle_relative,18,0.330645470329282,-0.40459194547417643,0.7777777777777778,54,1.0,4,0.650259792804718,2,0.250003457069397,0.16072386503219604
r4_random,art,source_z_l2_mean4,Soda,strong_relative,10,0.13788763160227446,-0.13705724897155544,0.8333333333333334,30,1.0,6,0.6288309097290039,3,0.07501564174890518,0.06890258938074112
r4_random,art,source_z_l2_mean4,Speaker,weak_relative,12,0.038134044189528454,0.2065799494179835,0.42857142857142855,35,0.5,4,0.46265506744384766,2,0.11913720518350601,-0.045794133096933365
r4_random,art,source_z_l2_mean4,Speaker,strong_relative,6,-0.17881775735886588,0.11292243271204228,0.3333333333333333,18,0.0,4,0.7975568771362305,2,-0.03475930541753769,-0.37417149543762207
r4_random,art,source_z_l2_mean4,Spoon,weak_relative,19,-0.3371657077663108,-0.22396271648121163,0.38596491228070173,57,,0,0.33821749687194824,0,-0.10428810864686966,-0.07969097793102264
r4_random,art,source_z_l2_mean4,Spoon,middle_relative,14,0.04556842619436006,-0.03146116172735425,0.5476190476190477,42,1.0,6,0.43204522132873535,3,0.04436935856938362,0.002050071954727173
r4_random,art,source_z_l2_mean4,Spoon,strong_relative,13,0.35605185701754566,-0.05172784546123638,0.717948717948718,39,1.0,2,0.6417732238769531,1,0.2451838105916977,0.18139204382896423
r4_random,art,source_z_l2_mean4,TV,weak_relative,11,-0.31320191926943663,-0.3706343190883116,0.48484848484848486,33,,0,0.24539655447006226,0,-0.015493074432015419,-0.07533681392669678
r4_random,art,source_z_l2_mean4,TV,middle_relative,11,0.2816298954542615,0.049773666009840775,0.5757575757575758,33,1.0,2,0.159258171916008,1,0.051168572157621384,0.039284706115722656
r4_random,art,source_z_l2_mean4,TV,strong_relative,18,0.0436171711476784,0.05673210418648136,0.5185185185185185,54,0.6666666666666666,6,0.5791447162628174,3,0.12973704934120178,0.006884773727506399
r4_random,art,source_z_l2_mean4,Table,weak_relative,6,0.42406638139668446,0.5813654424279098,0.6111111111111112,18,1.0,2,0.9063308238983154,1,0.19730836153030396,0.10962047427892685
r4_random,art,source_z_l2_mean4,Table,middle_relative,7,0.4663953863647209,0.3449686473945288,0.7619047619047619,21,0.5,2,0.5331591963768005,1,0.17909738421440125,0.002136241178959608
r4_random,art,source_z_l2_mean4,Telephone,weak_relative,12,0.30126370769921657,0.0017103582580010551,0.7777777777777778,36,0.75,4,0.3895491063594818,2,0.15001331269741058,0.1951414793729782
r4_random,art,source_z_l2_mean4,Telephone,middle_relative,12,0.5947086359902988,0.12862749434563558,0.8333333333333334,36,1.0,2,1.1639124155044556,1,0.387955904006958,0.6844176650047302
r4_random,art,source_z_l2_mean4,Telephone,strong_relative,20,0.11033873273776153,-0.2525716596805411,0.7457627118644068,59,0.5,4,0.5266115069389343,2,0.11639873683452606,0.2256888896226883
r4_random,art,source_z_l2_mean4,ToothBrush,weak_relative,13,0.16521936563541836,-0.04415042299215974,0.6410256410256411,39,0.5,4,0.7578446865081787,2,0.24131982028484344,0.4853017032146454
r4_random,art,source_z_l2_mean4,ToothBrush,middle_relative,16,0.06009525873194693,-0.0011165538653077776,0.6041666666666666,48,,0,0.25062546133995056,0,-0.0077043939381837845,-0.027989042922854424
r4_random,art,source_z_l2_mean4,ToothBrush,strong_relative,14,-0.17037156749341154,-0.05019730369969896,0.47619047619047616,42,0.0,4,0.44503989815711975,2,-0.012483385391533375,-0.014629438519477844
r4_random,art,source_z_l2_mean4,Toys,middle_relative,7,0.6053119714493054,-0.24091075543792673,0.9047619047619048,21,1.0,4,0.5290012955665588,2,0.24777963757514954,0.0
r4_random,art,source_z_l2_mean4,Toys,strong_relative,9,0.5233935105905628,0.5440389877373506,0.8461538461538461,26,1.0,2,0.30592724680900574,1,0.10635893046855927,0.0
r4_random,art,source_z_l2_mean4,Trash_Can,weak_relative,10,-0.05345207506369945,-0.1657907072000122,0.4,30,0.5,2,0.5839636921882629,1,-0.07785174995660782,-0.10572810471057892
r4_random,art,source_z_l2_mean4,Trash_Can,middle_relative,6,0.7891802683129135,0.7864241445018775,0.7222222222222222,18,1.0,4,0.3522837162017822,2,0.15501873195171356,0.0394577793776989
r4_random,art,source_z_l2_mean4,Trash_Can,strong_relative,5,-0.05077359962774295,-0.009957237835849331,0.4666666666666667,15,,0,0.348219633102417,0,-0.16824400424957275,-0.12692753970623016
r4_random,art,source_z_l2_mean4,Webcam,weak_relative,7,0.1239350162122379,0.03780833272345738,0.6666666666666666,21,,0,0.3312615752220154,0,-0.05954144150018692,-0.183924600481987
r4_random,art,source_z_l2_mean4,Webcam,middle_relative,8,0.3495993325904949,0.11499585198436921,0.6666666666666666,24,,0,0.04519248381257057,0,0.013938218355178833,0.0
b0,clipart,cosine_mean4,Alarm_Clock,weak_relative,25,0.05378481069750245,0.010085243699763774,0.6266666666666667,75,0.0,2,0.25612887740135193,1,0.02050032652914524,0.006859364453703165
b0,clipart,cosine_mean4,Alarm_Clock,middle_relative,28,0.0031639358937704015,0.011503390268078915,0.6024096385542169,83,0.5,4,0.29955920577049255,2,-0.02526172809302807,0.05610881373286247
b0,clipart,cosine_mean4,Alarm_Clock,strong_relative,7,0.20105956360825547,0.4584123847319908,0.42857142857142855,21,0.5,4,0.7269240617752075,2,-0.04436681047081947,0.1460593044757843
b0,clipart,cosine_mean4,Backpack,weak_relative,9,0.14151186027486998,0.574000267548339,0.4444444444444444,27,,0,0.7362117767333984,0,-0.014196687377989292,-0.08142758905887604
b0,clipart,cosine_mean4,Backpack,middle_relative,16,-0.3154212195716383,-0.18758651177843377,0.4583333333333333,48,0.3,10,0.7454925775527954,5,-0.19374971091747284,-0.013053014874458313
b0,clipart,cosine_mean4,Backpack,strong_relative,31,-0.21180037410946342,0.015605684895970185,0.4111111111111111,90,0.5,10,0.7838195562362671,5,-0.2405051290988922,-0.009817753918468952
b0,clipart,cosine_mean4,Batteries,weak_relative,14,-0.24724367060328883,0.0972670445426929,0.30952380952380953,42,0.5,4,0.7908021807670593,2,0.007900207303464413,-0.09879256039857864
b0,clipart,cosine_mean4,Batteries,middle_relative,22,-0.39847276608559146,0.009081725921560126,0.2878787878787879,66,0.5,4,0.8015342354774475,2,-0.2109256386756897,-0.42218294739723206
b0,clipart,cosine_mean4,Batteries,strong_relative,28,-0.5124879720138709,-0.28294131762459007,0.32142857142857145,84,0.25,8,0.8642486929893494,4,-0.2463819533586502,-0.49892085790634155
b0,clipart,cosine_mean4,Bed,weak_relative,32,-0.06993983397972318,-0.24993836394880167,0.4375,96,0.08333333333333333,12,0.8030716180801392,6,-0.018399028107523918,-0.07550552487373352
b0,clipart,cosine_mean4,Bed,middle_relative,31,0.33377255420562596,0.20932033889734622,0.5806451612903226,93,0.375,8,0.8963342308998108,4,0.17881624400615692,0.3023473620414734
b0,clipart,cosine_mean4,Bed,strong_relative,35,-0.23057791848194087,0.03444744399349174,0.4095238095238095,105,0.08333333333333333,12,1.1412477493286133,6,-0.3830030858516693,0.07690732181072235
b0,clipart,cosine_mean4,Bike,weak_relative,19,0.125397767601508,0.16304341277070125,0.42105263157894735,57,,0,0.05663813278079033,0,-0.00764933368191123,-0.0027853294741362333
b0,clipart,cosine_mean4,Bike,middle_relative,52,0.03230764702500512,0.1336429593346575,0.46794871794871795,156,0.5,4,0.13721364736557007,2,0.0035005868412554264,0.07230380922555923
b0,clipart,cosine_mean4,Bike,strong_relative,28,0.07064814947318243,0.396814469887121,0.40476190476190477,84,,0,0.7000128626823425,0,0.0949396938085556,0.4453776776790619
b0,clipart,cosine_mean4,Bottle,weak_relative,36,0.564981349404561,0.22890552738198636,0.7407407407407407,108,0.8636363636363636,22,2.723702907562256,11,0.740012526512146,1.386067271232605
b0,clipart,cosine_mean4,Bottle,middle_relative,30,0.4973206901342199,0.03273420925270893,0.7,90,0.8333333333333334,18,2.608558177947998,9,0.516992449760437,0.8872439861297607
b0,clipart,cosine_mean4,Bottle,strong_relative,33,0.15381979839405113,-0.1469290189957583,0.48484848484848486,99,0.5,12,2.184028387069702,6,-0.0843346118927002,0.3480883836746216
b0,clipart,cosine_mean4,Bucket,weak_relative,31,-0.10504168983243345,-0.025154652099815742,0.44086021505376344,93,0.0,2,0.45435482263565063,1,-0.028365395963191986,0.011612731032073498
b0,clipart,cosine_mean4,Bucket,middle_relative,21,0.15259014585295425,-0.04338053246185731,0.6031746031746031,63,0.5,8,0.5374475717544556,4,0.15367770195007324,0.2622491419315338
b0,clipart,cosine_mean4,Bucket,strong_relative,21,0.1297005544113131,0.247040511704699,0.6031746031746031,63,0.5,6,0.3749532103538513,3,0.061213862150907516,0.06923742592334747
b0,clipart,cosine_mean4,Calculator,weak_relative,13,0.1302790379395655,-0.04056446232307189,0.41025641025641024,39,1.0,2,0.1163812130689621,1,0.008578949607908726,-0.01314470823854208
b0,clipart,cosine_mean4,Calculator,middle_relative,13,0.056794651084949486,0.08732647443588078,0.4358974358974359,39,,0,0.41494470834732056,0,0.08886782079935074,0.18177492916584015
b0,clipart,cosine_mean4,Calculator,strong_relative,20,-0.1227576472572107,-0.26344010020208836,0.65,60,0.8333333333333334,6,0.42170482873916626,3,0.06250672787427902,0.17488572001457214
b0,clipart,cosine_mean4,Calendar,weak_relative,35,-0.07737227524461074,0.11625662256554398,0.49038461538461536,104,0.5,10,0.5060253143310547,5,0.07958414405584335,0.03431124612689018
b0,clipart,cosine_mean4,Calendar,middle_relative,29,0.16745634220052394,0.30227570872936566,0.42528735632183906,87,0.45,20,0.7968353033065796,10,0.20683692395687103,-0.054250314831733704
b0,clipart,cosine_mean4,Calendar,strong_relative,14,0.25169928256125634,0.6594899297009126,0.275,40,0.75,4,0.3098699748516083,2,0.10475815832614899,0.14422018826007843
b0,clipart,cosine_mean4,Candles,weak_relative,18,0.025015082389201485,0.0036444691148013702,0.5283018867924528,53,0.0,2,0.7925646305084229,1,0.12132106721401215,0.1412682980298996
b0,clipart,cosine_mean4,Candles,middle_relative,31,0.3161599611756579,0.28553159621788793,0.6086956521739131,92,0.5,4,0.5164805054664612,2,0.10950719565153122,0.0019197118235751987
b0,clipart,cosine_mean4,Candles,strong_relative,50,0.0009486789554200449,-0.2422484744958559,0.40939597315436244,149,0.8125,16,0.6945977210998535,8,-0.015167777426540852,-0.2629120945930481
b0,clipart,cosine_mean4,Chair,weak_relative,47,0.23869053213482322,-0.006279529560113206,0.6737588652482269,141,0.7,10,0.41975662112236023,5,0.04314782842993736,0.11645052582025528
b0,clipart,cosine_mean4,Chair,middle_relative,22,0.0015871717076066114,-0.054705826312564265,0.6363636363636364,66,0.375,8,0.5187769532203674,4,-0.05255551636219025,0.07836902141571045
b0,clipart,cosine_mean4,Chair,strong_relative,30,-0.223986355288287,0.20166310499530804,0.28888888888888886,90,0.0,2,0.7097587585449219,1,-0.10467208921909332,0.16626229882240295
b0,clipart,cosine_mean4,Clipboards,middle_relative,15,0.1875475306531464,-0.4045371881710567,0.5555555555555556,45,0.6363636363636364,22,2.347412586212158,11,0.07951054722070694,1.180972933769226
b0,clipart,cosine_mean4,Clipboards,strong_relative,24,0.1569560091718197,0.04088206564964964,0.5416666666666666,72,0.65,20,1.1812399625778198,10,0.19822800159454346,0.16253222525119781
b0,clipart,cosine_mean4,Computer,weak_relative,23,0.1992983082063125,0.3960776004829516,0.5362318840579711,69,0.3333333333333333,18,1.1039191484451294,9,0.1484440118074417,0.19887886941432953
b0,clipart,cosine_mean4,Computer,middle_relative,23,0.10395218034283607,0.33042586904941434,0.4927536231884058,69,0.22727272727272727,22,1.1870412826538086,11,-0.04235386848449707,-0.15868087112903595
b0,clipart,cosine_mean4,Computer,strong_relative,53,-0.23548148102695926,0.012629818896829379,0.37735849056603776,159,0.35714285714285715,56,1.0480129718780518,28,-0.04703536629676819,-0.061734918504953384
b0,clipart,cosine_mean4,Couch,weak_relative,19,0.36796350009863954,0.011926936780961335,0.7543859649122807,57,,0,0.8732803463935852,0,0.2656411826610565,0.5313931107521057
b0,clipart,cosine_mean4,Couch,middle_relative,27,0.1941818665780538,0.08676991474412142,0.6172839506172839,81,0.5,8,0.9599207639694214,4,0.14041820168495178,0.11037732660770416
b0,clipart,cosine_mean4,Couch,strong_relative,18,-0.017608153276291998,0.14449871068221773,0.4074074074074074,54,0.4166666666666667,12,0.7407081127166748,6,-0.043120529502630234,0.09505423158407211
b0,clipart,cosine_mean4,Curtains,weak_relative,12,0.6502499072460768,0.19113226363396396,0.8333333333333334,36,1.0,12,1.5630016326904297,6,0.5618519186973572,0.9135031700134277
b0,clipart,cosine_mean4,Curtains,middle_relative,10,0.06373739934560747,0.02273414303760239,0.6333333333333333,30,0.5,6,1.0169599056243896,3,0.08118870109319687,0.6317687630653381
b0,clipart,cosine_mean4,Curtains,strong_relative,20,-0.05826156602308325,-0.010817328496249543,0.43333333333333335,60,0.5,4,0.793190598487854,2,0.08291837573051453,0.4843522012233734
b0,clipart,cosine_mean4,Desk_Lamp,middle_relative,12,-0.03158730488131972,-0.06411879493893761,0.4722222222222222,36,0.6666666666666666,6,1.7892241477966309,3,-0.29944899678230286,0.16222870349884033
b0,clipart,cosine_mean4,Desk_Lamp,strong_relative,26,-0.08041937926398825,0.18928887999604155,0.5128205128205128,78,0.5,22,1.8155525922775269,11,0.0871744155883789,0.5617094039916992
b0,clipart,cosine_mean4,Drill,weak_relative,8,-0.0159578615236724,0.21587517104385787,0.4583333333333333,24,0.625,8,1.2630150318145752,4,0.16179366409778595,-0.07667852938175201
b0,clipart,cosine_mean4,Drill,middle_relative,14,-0.2577773208402611,-0.2141999342430562,0.30952380952380953,42,0.0,2,0.8148353695869446,1,-0.2576870322227478,-0.5433365702629089
b0,clipart,cosine_mean4,Drill,strong_relative,26,-0.023922133244656113,-0.023740395337544986,0.5897435897435898,78,0.625,8,0.8633456826210022,4,0.08318828791379929,-0.014165157452225685
b0,clipart,cosine_mean4,Eraser,weak_relative,13,-0.0648879840588655,-0.20642325413921853,0.4358974358974359,39,0.375,8,0.8801958560943604,4,-0.003786522662267089,-0.012654373422265053
b0,clipart,cosine_mean4,Eraser,middle_relative,9,0.4517134714133482,0.3035059701741846,0.6666666666666666,27,0.75,4,1.1411560773849487,2,0.33405566215515137,0.4678434729576111
b0,clipart,cosine_mean4,Eraser,strong_relative,18,0.4923478449633097,-0.43917164739085923,0.7962962962962963,54,,0,1.9595372676849365,0,0.5267276763916016,1.4164836406707764
b0,clipart,cosine_mean4,Exit_Sign,weak_relative,30,0.02595896258269177,0.1750998904590036,0.5131578947368421,76,1.0,4,0.2411709576845169,2,0.045851077884435654,0.18030805885791779
b0,clipart,cosine_mean4,Exit_Sign,middle_relative,11,-0.10205235348818886,-0.2597024556216098,0.6,30,0.5,4,0.7121226191520691,2,-0.051656078547239304,0.39408111572265625
b0,clipart,cosine_mean4,Fan,weak_relative,14,-0.47162262444855885,-0.21417360800721852,0.35714285714285715,42,0.5,4,0.9978547096252441,2,-0.26487526297569275,-0.09752979129552841
b0,clipart,cosine_mean4,Fan,middle_relative,22,-0.20197874827704876,0.19020051753328263,0.3484848484848485,66,0.1,10,1.2966938018798828,5,-0.475197970867157,-0.8083416223526001
b0,clipart,cosine_mean4,Fan,strong_relative,14,-0.23391375496987252,0.009782992745962537,0.2857142857142857,42,,0,1.0528703927993774,0,-0.16492855548858643,-0.1429780274629593
b0,clipart,cosine_mean4,File_Cabinet,weak_relative,8,0.033713231927748735,0.113979488934249,0.5833333333333334,24,0.5,6,0.6733121871948242,3,0.18981876969337463,0.2549589276313782
b0,clipart,cosine_mean4,File_Cabinet,middle_relative,5,-0.17292455163912412,0.15502878658516608,0.2,15,,0,0.39538976550102234,0,0.012602506205439568,-0.16751015186309814
b0,clipart,cosine_mean4,File_Cabinet,strong_relative,27,0.19305667763423154,0.29677710399105406,0.6049382716049383,81,0.8333333333333334,6,0.7361053228378296,3,0.2315736562013626,0.04052218794822693
b0,clipart,cosine_mean4,Flipflops,weak_relative,20,-0.4815800712241404,-0.16936260933276642,0.36666666666666664,60,0.3,10,0.49821537733078003,5,-0.22846516966819763,-0.020113158971071243
b0,clipart,cosine_mean4,Flipflops,middle_relative,17,-0.41372258446280813,0.15874921788208943,0.21568627450980393,51,0.0,4,0.4816477298736572,2,-0.2899256944656372,-0.05042862147092819
b0,clipart,cosine_mean4,Flowers,weak_relative,28,0.16444551180104416,0.2297278795483032,0.6071428571428571,84,1.0,2,0.6185303330421448,1,0.1472754329442978,0.17661376297473907
b0,clipart,cosine_mean4,Flowers,middle_relative,47,0.15639707075330608,0.14640804789026216,0.5673758865248227,141,0.5,16,0.570476233959198,8,0.07044254243373871,0.10492806881666183
b0,clipart,cosine_mean4,Flowers,strong_relative,24,-0.24322471986422126,0.22663964679935805,0.4583333333333333,72,0.5,8,0.6630347371101379,4,-0.1500697284936905,0.10709875822067261
b0,clipart,cosine_mean4,Folder,weak_relative,15,-0.1842609112844786,0.3844169821643998,0.4222222222222222,45,0.4166666666666667,12,1.770538330078125,6,-0.5219843983650208,-0.8231973648071289
b0,clipart,cosine_mean4,Folder,middle_relative,37,-0.25817821524265355,0.2765201592317394,0.3783783783783784,111,0.3125,32,1.4421886205673218,16,-0.34999048709869385,-0.5297484397888184
b0,clipart,cosine_mean4,Folder,strong_relative,47,-0.38845471409754145,0.26887662045694016,0.3049645390070922,141,0.203125,64,1.7388498783111572,32,-0.8228026032447815,-1.2194479703903198
b0,clipart,cosine_mean4,Fork,weak_relative,34,0.38468420243451645,0.37076756312010634,0.5247524752475248,101,1.0,8,0.6316542625427246,4,0.10537569969892502,0.19692179560661316
b0,clipart,cosine_mean4,Fork,middle_relative,22,0.399801776987019,0.11519543212453731,0.6060606060606061,66,0.5,14,1.126462459564209,7,0.20377816259860992,0.47580814361572266
b0,clipart,cosine_mean4,Fork,strong_relative,5,0.40346743881900976,0.4042202955063126,0.8,15,1.0,2,1.0579777956008911,1,0.3906305432319641,0.43087369203567505
b0,clipart,cosine_mean4,Glasses,weak_relative,19,0.29539592795968417,-0.14009265611231542,0.7017543859649122,57,1.0,6,0.252053439617157,3,0.11327629536390305,0.19887381792068481
b0,clipart,cosine_mean4,Glasses,middle_relative,23,0.09534460324798284,-0.22620396275624804,0.7101449275362319,69,,0,0.30200737714767456,0,-0.02222863957285881,0.08869480341672897
b0,clipart,cosine_mean4,Glasses,strong_relative,10,-0.02695157635898907,-0.08185969482153344,0.6,30,0.375,8,0.5683712959289551,4,0.011730670928955078,0.22891870141029358
b0,clipart,cosine_mean4,Hammer,weak_relative,38,-0.44744690604481646,-0.16595827428812948,0.2982456140350877,114,0.2777777777777778,18,0.8733077645301819,9,-0.1996650993824005,-0.42025721073150635
b0,clipart,cosine_mean4,Hammer,middle_relative,42,-0.6821108056509346,-0.3984676160247837,0.15079365079365079,126,0.125,24,1.2294490337371826,12,-0.40830284357070923,-0.7621234655380249
b0,clipart,cosine_mean4,Hammer,strong_relative,19,-0.38270831453402454,0.10425354585488394,0.24561403508771928,57,0.2857142857142857,14,1.3400070667266846,7,-0.2135690450668335,-0.8523744344711304
b0,clipart,cosine_mean4,Helmet,weak_relative,17,0.14770466811833172,0.21016177743548742,0.5098039215686274,51,0.5,16,1.6803057193756104,8,-0.055797427892684937,0.18054421246051788
b0,clipart,cosine_mean4,Helmet,middle_relative,27,0.04285703357173155,0.1171270099101863,0.5061728395061729,81,0.46153846153846156,26,1.4520909786224365,13,0.08995874971151352,0.1735401302576065
b0,clipart,cosine_mean4,Helmet,strong_relative,25,0.09567617816869194,0.14826908598898964,0.5333333333333333,75,0.5,26,1.5889018774032593,13,0.015505237504839897,0.3235197961330414
b0,clipart,cosine_mean4,Kettle,weak_relative,13,0.12068107644152973,0.1200044972282852,0.5384615384615384,39,0.25,4,0.6877978444099426,2,-0.03300229832530022,-0.11330626904964447
b0,clipart,cosine_mean4,Kettle,middle_relative,12,0.19330993210727004,0.42184215647079865,0.6111111111111112,36,1.0,2,0.677808940410614,1,0.1955503225326538,0.06338952481746674
b0,clipart,cosine_mean4,Kettle,strong_relative,15,0.41779693897371445,-0.09690506110838489,0.8,45,0.8333333333333334,6,0.8709890842437744,3,0.2893654704093933,-0.1658611297607422
b0,clipart,cosine_mean4,Keyboard,weak_relative,21,0.3438502549303747,0.23690310555541494,0.5967741935483871,62,1.0,2,0.36049628257751465,1,0.13768422603607178,0.19459107518196106
b0,clipart,cosine_mean4,Keyboard,middle_relative,36,0.26011277641913905,0.2968195014387009,0.514018691588785,107,,0,0.3940773010253906,0,0.1386057585477829,0.2870402932167053
b0,clipart,cosine_mean4,Keyboard,strong_relative,42,0.1411309481673769,0.15435545262113257,0.5079365079365079,126,0.75,4,0.662659764289856,2,0.16240116953849792,0.2062709927558899
b0,clipart,cosine_mean4,Knives,weak_relative,24,0.20252239362216204,-0.038958578244827985,0.6527777777777778,72,0.6666666666666666,12,1.2553023099899292,6,-0.017133275046944618,0.05903969332575798
b0,clipart,cosine_mean4,Knives,middle_relative,16,0.18571026744920363,-0.19293831747175755,0.5208333333333334,48,0.5,8,0.9749810695648193,4,-0.14211896061897278,0.02644892781972885
b0,clipart,cosine_mean4,Knives,strong_relative,13,0.020575794754212416,-0.44609487638484724,0.6153846153846154,39,0.75,4,1.2491194009780884,2,0.007181848399341106,0.6464970707893372
b0,clipart,cosine_mean4,Lamp_Shade,weak_relative,7,-0.30752635735028383,-0.3267362103564672,0.23809523809523808,21,,0,0.6322787404060364,0,-0.028316767886281013,-0.2165464460849762
b0,clipart,cosine_mean4,Lamp_Shade,middle_relative,10,-0.43518810009803616,-0.469471374420093,0.43333333333333335,30,0.0,2,0.7505269646644592,1,-0.14627383649349213,-0.015249287709593773
b0,clipart,cosine_mean4,Lamp_Shade,strong_relative,23,-0.3452160641269376,-0.24542932542117835,0.3333333333333333,69,0.3,10,0.5740574598312378,5,-0.14863230288028717,0.03400842472910881
b0,clipart,cosine_mean4,Laptop,weak_relative,25,-0.12947484491084235,0.09602747554136716,0.25333333333333335,75,0.3333333333333333,12,0.8604497313499451,6,-0.009314484894275665,-0.12452690303325653
b0,clipart,cosine_mean4,Laptop,middle_relative,40,-0.4393972393597206,-0.2780225686797397,0.31666666666666665,120,0.32142857142857145,28,0.9271004796028137,14,-0.11482689529657364,-0.08628824353218079
b0,clipart,cosine_mean4,Laptop,strong_relative,34,-0.06159816060053636,0.09194627640041966,0.47058823529411764,102,0.3333333333333333,12,1.0774701833724976,6,0.09969512373209,-0.06251443922519684
b0,clipart,cosine_mean4,Marker,weak_relative,30,0.3331464018682877,0.009679131234410564,0.6555555555555556,90,0.9285714285714286,14,2.0650010108947754,7,0.11017341911792755,0.03174443915486336
b0,clipart,cosine_mean4,Marker,middle_relative,31,0.12298925463423539,-0.19126212251534697,0.6344086021505376,93,0.7,10,1.819100022315979,5,0.0028839409351348877,0.16797299683094025
b0,clipart,cosine_mean4,Marker,strong_relative,10,0.3610490216696252,-0.21993497967094708,0.7,30,,0,2.4227185249328613,0,0.435574471950531,1.290094017982483
b0,clipart,cosine_mean4,Monitor,weak_relative,18,0.5930465945888452,-0.005312887795618241,0.8148148148148148,54,0.9,30,0.9608777165412903,15,0.30983737111091614,0.45983707904815674
b0,clipart,cosine_mean4,Monitor,middle_relative,40,0.39911310335569156,0.022346863834913498,0.6666666666666666,120,0.725,40,0.9911289215087891,20,0.14852438867092133,0.1192842349410057
b0,clipart,cosine_mean4,Monitor,strong_relative,41,0.46350315640662837,-0.07067652780501008,0.7642276422764228,123,0.8181818181818182,44,0.9941359758377075,22,0.27396732568740845,0.23879963159561157
b0,clipart,cosine_mean4,Mop,weak_relative,9,0.7644589219989737,0.5066823273396018,0.7777777777777778,27,1.0,2,1.5117402076721191,1,0.6754341125488281,1.191762924194336
b0,clipart,cosine_mean4,Mop,middle_relative,13,0.7302654692769961,0.5568827173278368,0.7948717948717948,39,1.0,6,1.3388625383377075,3,0.37485188245773315,0.17406828701496124
b0,clipart,cosine_mean4,Mop,strong_relative,18,0.5497031078400073,0.6009066508075676,0.5740740740740741,54,0.75,4,1.2366341352462769,2,0.25562435388565063,0.3439137041568756
b0,clipart,cosine_mean4,Mouse,weak_relative,29,-0.013284424168376857,0.10156741875969919,0.27586206896551724,87,0.2,10,0.6767402291297913,5,-0.08528328686952591,-0.16894620656967163
b0,clipart,cosine_mean4,Mouse,middle_relative,29,-0.1317998632460976,0.14764248760260903,0.3563218390804598,87,0.1,10,0.7570403814315796,5,-0.2244800478219986,-0.26108336448669434
b0,clipart,cosine_mean4,Mouse,strong_relative,18,-0.11214478511115858,-0.007384243148288494,0.3888888888888889,54,0.25,8,1.0147109031677246,4,-0.06764320284128189,0.05341276898980141
b0,clipart,cosine_mean4,Mug,weak_relative,63,-0.18520646474293556,-0.09437950276045123,0.4973544973544973,189,0.25,8,0.2610335648059845,4,-0.007110810372978449,-0.005138268694281578
b0,clipart,cosine_mean4,Mug,middle_relative,23,-0.010918767611780943,0.09862086952556165,0.4057971014492754,69,0.6666666666666666,6,0.8761211633682251,3,0.04774184897542,-0.16982269287109375
b0,clipart,cosine_mean4,Mug,strong_relative,13,0.416926510182845,0.26095503673880915,0.6923076923076923,39,1.0,6,0.9590947031974792,3,0.20758230984210968,-0.22730810940265656
b0,clipart,cosine_mean4,Notebook,weak_relative,37,0.4654096988359835,0.0874299530183155,0.7207207207207207,111,0.8,10,1.1256461143493652,5,0.2878818213939667,0.37396812438964844
b0,clipart,cosine_mean4,Notebook,middle_relative,29,0.5576704955829417,0.17134140187116162,0.735632183908046,87,0.6428571428571429,14,1.4368284940719604,7,0.4921547770500183,0.6961038112640381
b0,clipart,cosine_mean4,Notebook,strong_relative,17,0.3980528574808242,-0.08674669733295289,0.6666666666666666,51,1.0,4,1.2993226051330566,2,0.2943693995475769,0.8924335241317749
b0,clipart,cosine_mean4,Oven,weak_relative,7,0.2680902557529381,0.36323019090603664,0.5714285714285714,21,,0,0.6488666534423828,0,0.1619909703731537,0.21026524901390076
b0,clipart,cosine_mean4,Oven,middle_relative,26,0.1371392018043353,0.12882758713184034,0.5,78,0.75,4,0.581760823726654,2,-0.0427083745598793,-0.013538247905671597
b0,clipart,cosine_mean4,Oven,strong_relative,7,0.07507673294667748,-0.002298893532708707,0.47619047619047616,21,0.5,2,0.5086928606033325,1,-0.1575552523136139,-0.017998086288571358
b0,clipart,cosine_mean4,Pan,weak_relative,19,-0.09869021875709158,0.09286796713550115,0.38596491228070173,57,0.4166666666666667,12,0.863288164138794,6,0.057329609990119934,-0.20111700892448425
b0,clipart,cosine_mean4,Pan,middle_relative,14,-0.1966420239978672,-0.46796007210974994,0.40476190476190477,42,0.5,2,0.6797047853469849,1,-0.032893139868974686,0.02475416660308838
b0,clipart,cosine_mean4,Pan,strong_relative,18,0.14001886282309123,0.18228021444854414,0.5185185185185185,54,0.5,8,0.7778449654579163,4,0.13140781223773956,-0.1664881408214569
b0,clipart,cosine_mean4,Paper_Clip,weak_relative,24,0.10496382827286369,-0.2943099435244426,0.5694444444444444,72,0.5,22,1.2168182134628296,11,0.03727491945028305,0.20270289480686188
b0,clipart,cosine_mean4,Paper_Clip,middle_relative,10,-0.08078465893845738,-0.3949827823778719,0.5333333333333333,30,0.75,8,1.6359812021255493,4,-0.04909105226397514,0.5677540302276611
b0,clipart,cosine_mean4,Paper_Clip,strong_relative,6,-0.1333003133763515,-0.7136561763938646,0.4444444444444444,18,0.5,6,1.4769515991210938,3,0.13693420588970184,0.37542155385017395
b0,clipart,cosine_mean4,Pen,weak_relative,55,0.32231093317037524,-0.091212670393302,0.6848484848484848,165,0.6428571428571429,28,1.0163438320159912,14,0.3546666204929352,0.422230064868927
b0,clipart,cosine_mean4,Pen,middle_relative,35,0.18932158513817046,0.16736267591690185,0.5904761904761905,105,0.5833333333333334,12,0.9332160949707031,6,0.1271819770336151,0.012401134707033634
b0,clipart,cosine_mean4,Pen,strong_relative,9,0.0021787041513605227,0.036513991068339496,0.4074074074074074,27,,0,0.8149208426475525,0,0.0377650111913681,0.1385117918252945
b0,clipart,cosine_mean4,Pencil,weak_relative,49,-0.20791689516533043,-0.08088913617770649,0.46938775510204084,147,0.6111111111111112,36,0.9324780702590942,18,-0.147105872631073,-0.14038443565368652
b0,clipart,cosine_mean4,Pencil,middle_relative,30,-0.12868412331092566,-0.06907064523316045,0.5333333333333333,90,0.7692307692307693,26,0.8804419636726379,13,-0.05586007609963417,-0.09987138956785202
b0,clipart,cosine_mean4,Pencil,strong_relative,20,-0.24922691655115262,-0.12880194561595124,0.45,60,0.3125,16,0.9976381063461304,8,-0.1408691108226776,-0.18560953438282013
b0,clipart,cosine_mean4,Postit_Notes,weak_relative,24,-0.6163755404407796,-0.2720451470977614,0.3055555555555556,72,0.16666666666666666,12,2.1831557750701904,6,-1.052963137626648,-1.1732674837112427
b0,clipart,cosine_mean4,Postit_Notes,middle_relative,10,-0.729944821542015,-0.3150384515711702,0.23333333333333334,30,0.0,2,2.369744300842285,1,-1.3374706506729126,-1.5613024234771729
b0,clipart,cosine_mean4,Postit_Notes,strong_relative,7,-0.32731346669256395,0.10018338662760941,0.38095238095238093,21,1.0,2,1.408712387084961,1,-0.43881168961524963,-0.7362819314002991
b0,clipart,cosine_mean4,Printer,weak_relative,11,-0.07048479167634779,0.4677750289408395,0.45454545454545453,33,0.75,4,0.9618890285491943,2,-0.02446640655398369,-0.39974746108055115
b0,clipart,cosine_mean4,Printer,middle_relative,20,-0.25565919678319815,-0.03269197795090784,0.38333333333333336,60,0.16666666666666666,6,1.258180856704712,3,-0.0776406079530716,-0.05686246603727341
b0,clipart,cosine_mean4,Printer,strong_relative,56,-0.12869954392313415,0.007745584583020807,0.44047619047619047,168,0.5416666666666666,24,0.8088854551315308,12,-0.13940046727657318,-0.14816991984844208
b0,clipart,cosine_mean4,Push_Pin,weak_relative,18,-0.2969428252474728,-0.16029363008701933,0.37037037037037035,54,0.25,12,0.5057687163352966,6,-0.18638458847999573,-0.12529653310775757
b0,clipart,cosine_mean4,Push_Pin,middle_relative,11,-0.5299247533268853,-0.20121887214594664,0.30303030303030304,33,0.25,8,0.8935190439224243,4,-0.2533820867538452,-0.4061140716075897
b0,clipart,cosine_mean4,Push_Pin,strong_relative,11,-0.2529115098323969,-0.1727771194243095,0.42424242424242425,33,0.16666666666666666,12,1.0035886764526367,6,-0.06483776122331619,-0.10506569594144821
b0,clipart,cosine_mean4,Radio,weak_relative,18,0.290646478906654,0.3683010376092759,0.6666666666666666,54,1.0,2,1.005250334739685,1,0.167493537068367,0.37710368633270264
b0,clipart,cosine_mean4,Radio,middle_relative,8,0.22071826164006383,-0.43758825487232256,0.625,24,0.5,2,1.2030918598175049,1,0.30162909626960754,0.7972765564918518
b0,clipart,cosine_mean4,Radio,strong_relative,20,0.23631753578891643,0.22915410922455837,0.7333333333333333,60,0.5,8,1.053593397140503,4,0.24373185634613037,0.3064144253730774
b0,clipart,cosine_mean4,Refrigerator,weak_relative,7,-0.10333445510639702,0.3123743887563196,0.5238095238095238,21,,0,0.8062362670898438,0,-0.22466672956943512,-0.19523224234580994
b0,clipart,cosine_mean4,Refrigerator,middle_relative,16,0.34018574110117433,0.6399141819835011,0.5208333333333334,48,0.5,4,1.1315563917160034,2,0.009384892880916595,-0.2719070315361023
b0,clipart,cosine_mean4,Refrigerator,strong_relative,17,0.32769638080468716,0.4765696925381811,0.5882352941176471,51,0.4166666666666667,12,0.9122729301452637,6,0.0381108820438385,-0.023145528510212898
b0,clipart,cosine_mean4,Ruler,weak_relative,43,-0.22255984530001924,0.09024235008443435,0.3828125,128,0.07142857142857142,14,0.4042509198188782,7,-0.12272197008132935,-0.11964243650436401
b0,clipart,cosine_mean4,Ruler,middle_relative,18,-0.18406645777723604,0.02980804727990032,0.35185185185185186,54,0.0,6,0.3132886588573456,3,-0.03149887174367905,0.07034984976053238
b0,clipart,cosine_mean4,Ruler,strong_relative,6,0.10688423447925328,0.0955348004327063,0.5555555555555556,18,,0,0.015031890012323856,0,0.005061096046119928,0.0
b0,clipart,cosine_mean4,Scissors,weak_relative,26,0.4109017690857924,0.2729433666630389,0.6666666666666666,78,0.6666666666666666,6,0.3602939248085022,3,0.06055586040019989,0.07081812620162964
b0,clipart,cosine_mean4,Scissors,middle_relative,30,0.22999450492759596,-0.11097650538425605,0.6888888888888889,90,0.5,6,0.33733072876930237,3,0.05446169525384903,0.1775638461112976
b0,clipart,cosine_mean4,Scissors,strong_relative,43,-0.05845679465781489,-0.11637474423068718,0.5116279069767442,129,0.5,6,0.335087388753891,3,-0.00923811737447977,0.06203209608793259
b0,clipart,cosine_mean4,Screwdriver,weak_relative,35,-0.5255781144779264,0.11052550207223136,0.20952380952380953,105,0.0,12,1.5606688261032104,6,-0.8380541801452637,-1.046258568763733
b0,clipart,cosine_mean4,Screwdriver,middle_relative,24,-0.6710203576866779,-0.28922855241344464,0.2222222222222222,72,0.1,10,0.9172270894050598,5,-0.4078138768672943,-0.496378630399704
b0,clipart,cosine_mean4,Screwdriver,strong_relative,16,-0.6534408741749755,-0.09444970991878711,0.20833333333333334,48,0.0,8,1.5397324562072754,4,-0.578351616859436,-0.9934663772583008
b0,clipart,cosine_mean4,Shelf,weak_relative,9,-0.17191753050742237,-0.03392602844569678,0.4074074074074074,27,0.5,4,0.9148035049438477,2,-0.1679995059967041,-0.3253943622112274
b0,clipart,cosine_mean4,Shelf,middle_relative,12,0.5163800764427117,0.3305016098480821,0.75,36,1.0,4,0.8432725071907043,2,0.3692227602005005,0.2381099909543991
b0,clipart,cosine_mean4,Shelf,strong_relative,21,0.17612584712100604,0.07887222390359147,0.6190476190476191,63,0.875,8,0.6837674379348755,4,0.08385445922613144,0.10561782121658325
b0,clipart,cosine_mean4,Sink,weak_relative,18,-0.16746856615888817,0.10202501348589697,0.5,54,0.2,10,1.105665922164917,5,-0.05330296978354454,-0.2865493893623352
b0,clipart,cosine_mean4,Sink,middle_relative,10,0.291628119002409,0.5891256945505111,0.6333333333333333,30,0.5,4,0.933076024055481,2,0.12529356777668,-0.18251042068004608
b0,clipart,cosine_mean4,Sink,strong_relative,14,-0.170653671185414,-0.3322112407938135,0.4523809523809524,42,,0,1.2492725849151611,0,-0.2701369822025299,-0.49639493227005005
b0,clipart,cosine_mean4,Sneakers,weak_relative,12,0.3149018547479975,0.4606145770386581,0.5555555555555556,36,0.75,4,0.6082820296287537,2,0.2482849359512329,0.06181807443499565
b0,clipart,cosine_mean4,Sneakers,middle_relative,15,0.18602091045235847,0.144764700971856,0.5555555555555556,45,1.0,4,0.6477760076522827,2,0.17801061272621155,0.2861509621143341
b0,clipart,cosine_mean4,Sneakers,strong_relative,16,0.3252758909624633,0.074035018605307,0.5833333333333334,48,0.75,4,1.0335997343063354,2,0.2725001871585846,0.0
b0,clipart,cosine_mean4,Soda,weak_relative,24,-0.0769887610096595,-0.09606658515161344,0.5416666666666666,72,0.3333333333333333,6,0.7905106544494629,3,-0.01202547550201416,-0.06157655641436577
b0,clipart,cosine_mean4,Soda,middle_relative,24,-0.11704940098456981,-0.11117190417029556,0.4722222222222222,72,0.5,6,1.01756751537323,3,-0.19330941140651703,0.06316899508237839
b0,clipart,cosine_mean4,Soda,strong_relative,13,-0.3902762324602795,-0.25535907335689134,0.38461538461538464,39,0.75,4,1.0334947109222412,2,-0.26409250497817993,-0.06976715475320816
b0,clipart,cosine_mean4,Speaker,weak_relative,24,-0.3572655993888529,-0.3656109581791421,0.3888888888888889,72,0.1111111111111111,18,1.9562753438949585,9,-0.7957038879394531,-0.7570724487304688
b0,clipart,cosine_mean4,Speaker,middle_relative,14,-0.35050380520547286,-0.2809518643888833,0.3333333333333333,42,0.16666666666666666,6,1.032401442527771,3,-0.38905954360961914,-0.39003726840019226
b0,clipart,cosine_mean4,Speaker,strong_relative,52,-0.19731832010470896,0.06137273662820702,0.40384615384615385,156,0.11764705882352941,34,1.1973274946212769,17,-0.3255996108055115,-0.41621243953704834
b0,clipart,cosine_mean4,Spoon,weak_relative,28,0.6410746327819309,0.3991255983362445,0.6904761904761905,84,1.0,4,0.7689738273620605,2,0.2961583435535431,0.3028392195701599
b0,clipart,cosine_mean4,Spoon,middle_relative,22,0.6102492907087926,0.4399811663333066,0.6666666666666666,66,0.5,4,0.8280156850814819,2,0.2933991253376007,0.2677559554576874
b0,clipart,cosine_mean4,Spoon,strong_relative,10,0.6242383838092885,0.49615875656935626,0.6,30,0.3333333333333333,6,1.0571900606155396,3,0.29854312539100647,0.2836262583732605
b0,clipart,cosine_mean4,TV,weak_relative,20,0.2933396374664885,0.49703994848949307,0.5166666666666667,60,0.625,16,1.0749226808547974,8,0.14931648969650269,-0.08926832675933838
b0,clipart,cosine_mean4,TV,middle_relative,41,-0.041842566142787356,0.2842610007924802,0.34959349593495936,123,0.3333333333333333,24,1.2009522914886475,12,-0.22883515059947968,-0.47404614090919495
b0,clipart,cosine_mean4,TV,strong_relative,38,0.06494703305975777,0.30429707363545283,0.49122807017543857,114,0.5,14,1.5300419330596924,7,-0.18479828536510468,-0.5430264472961426
b0,clipart,cosine_mean4,Table,weak_relative,34,-0.1088988416837799,0.1513010763392363,0.35294117647058826,102,0.5,4,0.6168808937072754,2,-0.0824010819196701,-0.10705259442329407
b0,clipart,cosine_mean4,Table,middle_relative,20,-0.28920736880399484,-0.5042051383984121,0.31666666666666665,60,0.0,2,0.7924972772598267,1,-0.27816373109817505,-0.03185136616230011
b0,clipart,cosine_mean4,Table,strong_relative,26,-0.21889253181389592,-0.20279359018566132,0.47435897435897434,78,0.42857142857142855,14,0.7743022441864014,7,-0.08971038460731506,-0.010230937041342258
b0,clipart,cosine_mean4,Telephone,weak_relative,22,0.49231743421279817,0.35949382142209757,0.6515151515151515,66,0.75,8,1.8138927221298218,4,0.45121097564697266,0.42879217863082886
b0,clipart,cosine_mean4,Telephone,middle_relative,32,0.35418400348593865,0.0436434058845581,0.5833333333333334,96,0.7857142857142857,14,1.6319726705551147,7,0.35143038630485535,0.6158180236816406
b0,clipart,cosine_mean4,Telephone,strong_relative,45,0.052849404398280224,-0.12986903819221354,0.45925925925925926,135,0.45,20,1.337782859802246,10,0.006305284798145294,0.31463825702667236
b0,clipart,cosine_mean4,ToothBrush,weak_relative,10,-0.7194895624343804,0.031006933876644934,0.1,30,0.0,8,2.1015849113464355,4,-1.1999561786651611,-1.7830816507339478
b0,clipart,cosine_mean4,ToothBrush,middle_relative,15,-0.6765812908744347,-0.4111029881573371,0.35555555555555557,45,0.0,12,1.7062891721725464,6,-0.7162722945213318,-0.9883145093917847
b0,clipart,cosine_mean4,ToothBrush,strong_relative,14,-0.03995047245982802,-0.006369625152925096,0.4523809523809524,42,0.4,20,2.8281195163726807,10,0.09840961545705795,-0.9468911290168762
b0,clipart,cosine_mean4,Toys,weak_relative,31,0.23330007409701753,0.09585784317734768,0.5376344086021505,93,0.5833333333333334,12,1.9220538139343262,6,0.1704147458076477,0.9086655974388123
b0,clipart,cosine_mean4,Toys,middle_relative,26,-0.39470631325265254,-0.07336980112719997,0.38461538461538464,78,0.2222222222222222,18,1.3953335285186768,9,-0.31083250045776367,0.15430334210395813
b0,clipart,cosine_mean4,Toys,strong_relative,42,-0.24704829026495237,0.2588169249857417,0.38095238095238093,126,0.4375,16,1.3369227647781372,8,-0.33049720525741577,0.1754053831100464
b0,clipart,cosine_mean4,Trash_Can,weak_relative,19,0.3740843065767239,0.008941995788988152,0.6842105263157895,57,0.8,20,1.013644814491272,10,0.33886393904685974,0.4870625436306
b0,clipart,cosine_mean4,Trash_Can,middle_relative,20,0.3425227748906277,0.14277653908545454,0.6,60,0.5,8,0.8837062120437622,4,0.26344743371009827,0.3820722699165344
b0,clipart,cosine_mean4,Trash_Can,strong_relative,14,0.18594261810912938,0.016556253872272345,0.5476190476190477,42,0.5,6,1.0734971761703491,3,0.017909476533532143,0.3942139148712158
b0,clipart,cosine_mean4,Webcam,weak_relative,11,0.1730587178350446,-0.34706104017197564,0.5454545454545454,33,1.0,4,0.8620720505714417,2,0.09267605096101761,0.3009510636329651
b0,clipart,cosine_mean4,Webcam,middle_relative,15,-0.02914467697165613,-0.03694223533974724,0.4444444444444444,45,0.5,2,0.166543111205101,1,-0.04034433513879776,-0.00013360912271309644
b0,clipart,cosine_mean4,Webcam,strong_relative,14,-0.11386795138287409,0.06539423018722762,0.42857142857142855,42,0.5,2,0.9342991709709167,1,-0.1424420028924942,0.10833469778299332
b0,clipart,source_z_l2_mean4,Alarm_Clock,weak_relative,25,-0.0958407230859643,-0.07876506310968713,0.49333333333333335,75,0.0,2,0.25612887740135193,1,0.014718957245349884,0.0010779952863231301
b0,clipart,source_z_l2_mean4,Alarm_Clock,middle_relative,28,0.03771618764286369,-0.0062026437224704505,0.46987951807228917,83,0.5,4,0.29955920577049255,2,-0.024626294150948524,0.05674424767494202
b0,clipart,source_z_l2_mean4,Alarm_Clock,strong_relative,7,0.4666677951120993,0.40328307643610434,0.6190476190476191,21,0.25,4,0.7269240617752075,2,0.15968462824821472,0.3501107394695282
b0,clipart,source_z_l2_mean4,Backpack,weak_relative,9,-0.49647023606792,-0.20826742652041852,0.3333333333333333,27,,0,0.7362117767333984,0,-0.3001396656036377,-0.3673705458641052
b0,clipart,source_z_l2_mean4,Backpack,middle_relative,16,-0.10013278467796682,-0.22160953156092175,0.4375,48,0.4,10,0.7454925775527954,5,-0.004314988851547241,0.1763816922903061
b0,clipart,source_z_l2_mean4,Backpack,strong_relative,31,0.09432695083244198,0.04844849265048292,0.5666666666666667,90,0.7,10,0.7838195562362671,5,-0.00457694660872221,0.22611039876937866
b0,clipart,source_z_l2_mean4,Batteries,weak_relative,14,-0.39991712329457973,-0.17031834280479885,0.21428571428571427,42,0.0,4,0.7908021807670593,2,-0.06410572677850723,-0.17079849541187286
b0,clipart,source_z_l2_mean4,Batteries,middle_relative,22,-0.5607730217879762,-0.3677551983600936,0.22727272727272727,66,0.0,4,0.8015342354774475,2,-0.24367476999759674,-0.4549320936203003
b0,clipart,source_z_l2_mean4,Batteries,strong_relative,28,-0.6331278117896117,-0.23012997172055874,0.17857142857142858,84,0.5,8,0.8642486929893494,4,-0.2861440181732178,-0.5386828780174255
b0,clipart,source_z_l2_mean4,Bed,weak_relative,32,0.03514386815764003,-0.3058056375786356,0.4270833333333333,96,0.08333333333333333,12,0.8030716180801392,6,0.07574478536844254,0.01863829232752323
b0,clipart,source_z_l2_mean4,Bed,middle_relative,31,0.2740603087765029,-0.019937695794415147,0.5376344086021505,93,0.125,8,0.8963342308998108,4,0.1281101554632187,0.25164130330085754
b0,clipart,source_z_l2_mean4,Bed,strong_relative,35,0.22258153659037666,0.16647875625588632,0.5714285714285714,105,0.3333333333333333,12,1.1412477493286133,6,0.07181695103645325,0.5317273139953613
b0,clipart,source_z_l2_mean4,Bike,weak_relative,19,0.20090741349944527,0.25554432982570785,0.6842105263157895,57,,0,0.05663813278079033,0,-0.0066564083099365234,-0.001792402588762343
b0,clipart,source_z_l2_mean4,Bike,middle_relative,52,0.3336061056055164,0.28752144022015796,0.6666666666666666,156,1.0,4,0.13721364736557007,2,0.04200959578156471,0.11081282049417496
b0,clipart,source_z_l2_mean4,Bike,strong_relative,28,0.6588666833241557,0.6032460851057797,0.7261904761904762,84,,0,0.7000128626823425,0,0.26554542779922485,0.6159834265708923
b0,clipart,source_z_l2_mean4,Bottle,weak_relative,36,0.7143569576525143,0.14205176696733904,0.8055555555555556,108,0.9090909090909091,22,2.723702907562256,11,0.8747904300689697,1.5208451747894287
b0,clipart,source_z_l2_mean4,Bottle,middle_relative,30,0.6801321733167305,0.2697912134291057,0.7888888888888889,90,0.8333333333333334,18,2.608558177947998,9,0.7524099349975586,1.1226617097854614
b0,clipart,source_z_l2_mean4,Bottle,strong_relative,33,0.5067759652795635,-0.020989166227122574,0.7171717171717171,99,0.75,12,2.184028387069702,6,0.4715253710746765,0.9039483666419983
b0,clipart,source_z_l2_mean4,Bucket,weak_relative,31,-0.01704431971856095,0.25270390351327043,0.44086021505376344,93,0.0,2,0.45435482263565063,1,-0.024390175938606262,0.015587952919304371
b0,clipart,source_z_l2_mean4,Bucket,middle_relative,21,0.19764384400562482,-0.09887206184281441,0.5238095238095238,63,0.5,8,0.5374475717544556,4,0.1428259164094925,0.25139737129211426
b0,clipart,source_z_l2_mean4,Bucket,strong_relative,21,0.3483143543666742,0.23178035681171785,0.6349206349206349,63,1.0,6,0.3749532103538513,3,0.17839443683624268,0.18641799688339233
b0,clipart,source_z_l2_mean4,Calculator,weak_relative,13,0.19956657847530107,0.10610331022224306,0.358974358974359,39,1.0,2,0.1163812130689621,1,-0.004190901294350624,-0.025914562866091728
b0,clipart,source_z_l2_mean4,Calculator,middle_relative,13,0.05276013847025072,0.058647520601176235,0.5128205128205128,39,,0,0.41494470834732056,0,0.07623927295207977,0.16914638876914978
b0,clipart,source_z_l2_mean4,Calculator,strong_relative,20,-0.17421979133481108,-0.18276706002302254,0.5,60,0.8333333333333334,6,0.42170482873916626,3,0.012784553691744804,0.12516355514526367
b0,clipart,source_z_l2_mean4,Calendar,weak_relative,35,0.32927528875669854,0.20652761081731144,0.5288461538461539,104,0.6,10,0.5060253143310547,5,0.14294154942035675,0.09766864031553268
b0,clipart,source_z_l2_mean4,Calendar,middle_relative,29,0.44876433594683907,0.3745012255856757,0.5517241379310345,87,0.55,20,0.7968353033065796,10,0.33292967081069946,0.07184241712093353
b0,clipart,source_z_l2_mean4,Calendar,strong_relative,14,0.6502672630150776,0.6877269222104871,0.4,40,1.0,4,0.3098699748516083,2,0.1708715409040451,0.21033357083797455
b0,clipart,source_z_l2_mean4,Candles,weak_relative,18,-0.14373755887189563,-0.04904574668083958,0.41509433962264153,53,0.0,2,0.7925646305084229,1,0.05043429881334305,0.0703815221786499
b0,clipart,source_z_l2_mean4,Candles,middle_relative,31,0.025313856499833795,0.2852576973387775,0.5434782608695652,92,0.5,4,0.5164805054664612,2,0.10218711197376251,-0.00540036940947175
b0,clipart,source_z_l2_mean4,Candles,strong_relative,50,-0.5404585348926689,-0.46860688205951245,0.3288590604026846,149,0.25,16,0.6945977210998535,8,-0.1874157190322876,-0.4351600408554077
b0,clipart,source_z_l2_mean4,Chair,weak_relative,47,0.3805724775167428,0.1127378583508152,0.7588652482269503,141,0.8,10,0.41975662112236023,5,0.11397325247526169,0.1872759461402893
b0,clipart,source_z_l2_mean4,Chair,middle_relative,22,0.32197045633425814,0.13557419977922586,0.7878787878787878,66,0.625,8,0.5187769532203674,4,0.13906818628311157,0.26999273896217346
b0,clipart,source_z_l2_mean4,Chair,strong_relative,30,0.28342308539099,0.2668743924791547,0.4777777777777778,90,0.0,2,0.7097587585449219,1,0.226425439119339,0.4973598122596741
b0,clipart,source_z_l2_mean4,Clipboards,middle_relative,15,0.3014076039430256,-0.32730448268299395,0.6888888888888889,45,0.7272727272727273,22,2.347412586212158,11,0.9796353578567505,2.0810978412628174
b0,clipart,source_z_l2_mean4,Clipboards,strong_relative,24,0.21574167657266127,0.2227755370229086,0.5694444444444444,72,0.8,20,1.1812399625778198,10,0.37402763962745667,0.33833184838294983
b0,clipart,source_z_l2_mean4,Computer,weak_relative,23,-0.0328371303671823,0.15934294840334498,0.4057971014492754,69,0.1111111111111111,18,1.1039191484451294,9,0.019933205097913742,0.07036802917718887
b0,clipart,source_z_l2_mean4,Computer,middle_relative,23,-0.11759445855195538,0.1132068785038462,0.43478260869565216,69,0.22727272727272727,22,1.1870412826538086,11,0.01421013567596674,-0.10211685299873352
b0,clipart,source_z_l2_mean4,Computer,strong_relative,53,-0.38721686868306254,-0.012362508420074858,0.3333333333333333,159,0.23214285714285715,56,1.0480129718780518,28,-0.07379557937383652,-0.08849512040615082
b0,clipart,source_z_l2_mean4,Couch,weak_relative,19,0.5272982924673637,0.24610190556861544,0.6666666666666666,57,,0,0.8732803463935852,0,0.36418306827545166,0.629935085773468
b0,clipart,source_z_l2_mean4,Couch,middle_relative,27,0.3620411177447328,0.26143261779285193,0.5802469135802469,81,0.5,8,0.9599207639694214,4,0.156025692820549,0.1259848028421402
b0,clipart,source_z_l2_mean4,Couch,strong_relative,18,0.2571289585843537,0.0031673274440679,0.5740740740740741,54,0.8333333333333334,12,0.7407081127166748,6,0.15854597091674805,0.2967207729816437
b0,clipart,source_z_l2_mean4,Curtains,weak_relative,12,0.7333940714691449,0.27290311730620753,0.9444444444444444,36,1.0,12,1.5630016326904297,6,0.6970565915107727,1.0487078428268433
b0,clipart,source_z_l2_mean4,Curtains,middle_relative,10,0.47300155045539133,0.03772179389013851,0.7666666666666667,30,0.6666666666666666,6,1.0169599056243896,3,0.31180256605148315,0.8623825907707214
b0,clipart,source_z_l2_mean4,Curtains,strong_relative,20,0.26310616202528,-0.2371476890199672,0.6666666666666666,60,1.0,4,0.793190598487854,2,0.21345531940460205,0.6148890852928162
b0,clipart,source_z_l2_mean4,Desk_Lamp,middle_relative,12,0.5686613418646204,-0.16235553544428818,0.8611111111111112,36,1.0,6,1.7892241477966309,3,0.7383206486701965,1.199998378753662
b0,clipart,source_z_l2_mean4,Desk_Lamp,strong_relative,26,0.6231464748936595,0.21525035377428692,0.7692307692307693,78,0.9090909090909091,22,1.8155525922775269,11,0.8414786458015442,1.3160135746002197
b0,clipart,source_z_l2_mean4,Drill,weak_relative,8,-0.21587578030821347,0.12600904698490628,0.4166666666666667,24,0.375,8,1.2630150318145752,4,-0.08204871416091919,-0.32052093744277954
b0,clipart,source_z_l2_mean4,Drill,middle_relative,14,-0.1595013298302056,-0.039241239924851415,0.35714285714285715,42,0.0,2,0.8148353695869446,1,-0.18280421197414398,-0.4684537947177887
b0,clipart,source_z_l2_mean4,Drill,strong_relative,26,-0.05035995948315582,0.014772620217728382,0.5384615384615384,78,0.75,8,0.8633456826210022,4,0.016990946605801582,-0.08036250621080399
b0,clipart,source_z_l2_mean4,Eraser,weak_relative,13,0.0810453161069989,-0.14396876662689254,0.46153846153846156,39,0.375,8,0.8801958560943604,4,0.03490457683801651,0.02603672631084919
b0,clipart,source_z_l2_mean4,Eraser,middle_relative,9,0.3902645461774005,0.1009258240104408,0.6666666666666666,27,0.75,4,1.1411560773849487,2,0.3334261178970337,0.4672139585018158
b0,clipart,source_z_l2_mean4,Eraser,strong_relative,18,0.6768299405373894,-0.1724425921186566,0.8518518518518519,54,,0,1.9595372676849365,0,0.8531147837638855,1.742870807647705
b0,clipart,source_z_l2_mean4,Exit_Sign,weak_relative,30,0.32031135045028875,0.1300582808940355,0.7894736842105263,76,1.0,4,0.2411709576845169,2,0.09021209925413132,0.22466906905174255
b0,clipart,source_z_l2_mean4,Exit_Sign,middle_relative,11,0.26956442441598205,-0.14075627512831582,0.7666666666666667,30,1.0,4,0.7121226191520691,2,0.25819075107574463,0.7039279341697693
b0,clipart,source_z_l2_mean4,Fan,weak_relative,14,-0.4639501858409621,-0.1798764885961446,0.23809523809523808,42,0.25,4,0.9978547096252441,2,-0.41338127851486206,-0.24603576958179474
b0,clipart,source_z_l2_mean4,Fan,middle_relative,22,-0.4491950945082163,-0.16566574035238704,0.36363636363636365,66,0.2,10,1.2966938018798828,5,-0.5898188948631287,-0.9229623675346375
b0,clipart,source_z_l2_mean4,Fan,strong_relative,14,-0.353989793907571,-0.11384068957009434,0.47619047619047616,42,,0,1.0528703927993774,0,-0.3502359390258789,-0.32828542590141296
b0,clipart,source_z_l2_mean4,File_Cabinet,weak_relative,8,-0.015423629874679805,0.016770007724333267,0.625,24,0.5,6,0.6733121871948242,3,0.14701488614082336,0.2121550440788269
b0,clipart,source_z_l2_mean4,File_Cabinet,middle_relative,5,-0.2288582529214881,0.18789455328401133,0.26666666666666666,15,,0,0.39538976550102234,0,0.03528384119272232,-0.14482882618904114
b0,clipart,source_z_l2_mean4,File_Cabinet,strong_relative,27,0.19010040561995262,0.3061132981190986,0.6296296296296297,81,0.8333333333333334,6,0.7361053228378296,3,0.22454620897769928,0.03349471092224121
b0,clipart,source_z_l2_mean4,Flipflops,weak_relative,20,0.32164291826340924,-0.009404432465331722,0.7166666666666667,60,0.7,10,0.49821537733078003,5,0.05007413029670715,0.25842615962028503
b0,clipart,source_z_l2_mean4,Flipflops,middle_relative,17,0.3558022389257561,0.3052355206809128,0.6666666666666666,51,1.0,4,0.4816477298736572,2,0.09696820378303528,0.3364652693271637
b0,clipart,source_z_l2_mean4,Flowers,weak_relative,28,0.43628078048868146,0.38689082647387674,0.5476190476190477,84,1.0,2,0.6185303330421448,1,0.26271408796310425,0.29205241799354553
b0,clipart,source_z_l2_mean4,Flowers,middle_relative,47,0.29621618059182797,0.1683893645614966,0.5673758865248227,141,0.625,16,0.570476233959198,8,0.22556553781032562,0.26005104184150696
b0,clipart,source_z_l2_mean4,Flowers,strong_relative,24,0.5585784835765102,0.5720538484815166,0.625,72,1.0,8,0.6630347371101379,4,0.23838524520397186,0.4955536425113678
b0,clipart,source_z_l2_mean4,Folder,weak_relative,15,-0.4992396693027573,0.2986368586294005,0.26666666666666666,45,0.16666666666666666,12,1.770538330078125,6,-0.8904448747634888,-1.1916577816009521
b0,clipart,source_z_l2_mean4,Folder,middle_relative,37,-0.46049634969406944,0.2754293575147815,0.26126126126126126,111,0.125,32,1.4421886205673218,16,-0.819227397441864,-0.9989852905273438
b0,clipart,source_z_l2_mean4,Folder,strong_relative,47,-0.5251595655623135,0.1544273036798465,0.2624113475177305,141,0.15625,64,1.7388498783111572,32,-0.9584173560142517,-1.35506272315979
b0,clipart,source_z_l2_mean4,Fork,weak_relative,34,0.3235235909677825,0.3544172018176275,0.5247524752475248,101,1.0,8,0.6316542625427246,4,0.10537569969892502,0.19692179560661316
b0,clipart,source_z_l2_mean4,Fork,middle_relative,22,0.48579881365883515,0.04123090336730877,0.6515151515151515,66,0.7142857142857143,14,1.126462459564209,7,0.285944402217865,0.5579743981361389
b0,clipart,source_z_l2_mean4,Fork,strong_relative,5,0.35189154014607166,0.6747131919831448,0.6,15,1.0,2,1.0579777956008911,1,0.08991716057062149,0.13016033172607422
b0,clipart,source_z_l2_mean4,Glasses,weak_relative,19,0.4527006030581416,0.40179143484115076,0.7017543859649122,57,1.0,6,0.252053439617157,3,0.11327629536390305,0.19887381792068481
b0,clipart,source_z_l2_mean4,Glasses,middle_relative,23,0.23462169349043485,-0.1522241981954064,0.7681159420289855,69,,0,0.30200737714767456,0,0.12340041995048523,0.2343238741159439
b0,clipart,source_z_l2_mean4,Glasses,strong_relative,10,0.3072635694127994,-0.12992738960034975,0.6333333333333333,30,0.875,8,0.5683712959289551,4,0.15492597222328186,0.37211400270462036
b0,clipart,source_z_l2_mean4,Hammer,weak_relative,38,-0.43362605379907937,-0.0035590670895181207,0.2982456140350877,114,0.2777777777777778,18,0.8733077645301819,9,-0.1996650993824005,-0.42025721073150635
b0,clipart,source_z_l2_mean4,Hammer,middle_relative,42,-0.6719583202927777,-0.27417037176088865,0.15079365079365079,126,0.125,24,1.2294490337371826,12,-0.44732728600502014,-0.8011479377746582
b0,clipart,source_z_l2_mean4,Hammer,strong_relative,19,-0.6976572555317389,-0.06881247840350874,0.15789473684210525,57,0.14285714285714285,14,1.3400070667266846,7,-0.5098477005958557,-1.1486531496047974
b0,clipart,source_z_l2_mean4,Helmet,weak_relative,17,0.5602065146046072,0.2878197008903915,0.7647058823529411,51,0.875,16,1.6803057193756104,8,0.6769826412200928,0.9133243560791016
b0,clipart,source_z_l2_mean4,Helmet,middle_relative,27,0.5924930403100493,0.15126086562746746,0.8148148148148148,81,0.8076923076923077,26,1.4520909786224365,13,0.5968888401985168,0.6804702281951904
b0,clipart,source_z_l2_mean4,Helmet,strong_relative,25,0.6444578981249508,0.26493559660649674,0.7866666666666666,75,0.7692307692307693,26,1.5889018774032593,13,0.5689787864685059,0.8769933581352234
b0,clipart,source_z_l2_mean4,Kettle,weak_relative,13,-0.19640753732098365,0.157538432962464,0.2564102564102564,39,0.0,4,0.6877978444099426,2,-0.18446773290634155,-0.2647717297077179
b0,clipart,source_z_l2_mean4,Kettle,middle_relative,12,-0.3863031114980134,0.4285311893499605,0.2777777777777778,36,1.0,2,0.677808940410614,1,-0.1184583529829979,-0.25061917304992676
b0,clipart,source_z_l2_mean4,Kettle,strong_relative,15,-0.5564721666959069,-0.380499332113396,0.4,45,0.0,6,0.8709890842437744,3,-0.1920783817768097,-0.6473049521446228
b0,clipart,source_z_l2_mean4,Keyboard,weak_relative,21,0.7151126794821674,0.6858953709905601,0.5967741935483871,62,1.0,2,0.36049628257751465,1,0.19946281611919403,0.2563696801662445
b0,clipart,source_z_l2_mean4,Keyboard,middle_relative,36,0.37742468159360315,0.36002042795198247,0.5607476635514018,107,,0,0.3940773010253906,0,0.18989741802215576,0.338331937789917
b0,clipart,source_z_l2_mean4,Keyboard,strong_relative,42,0.2405945540653593,0.08852178050792749,0.5476190476190477,126,0.75,4,0.662659764289856,2,0.18183201551437378,0.22570185363292694
b0,clipart,source_z_l2_mean4,Knives,weak_relative,24,0.2488664818069653,-0.05015279662133512,0.6805555555555556,72,0.6666666666666666,12,1.2553023099899292,6,0.011371691711246967,0.08754465728998184
b0,clipart,source_z_l2_mean4,Knives,middle_relative,16,0.3220270116908403,-0.06118231777794175,0.5625,48,0.5,8,0.9749810695648193,4,0.07727580517530441,0.24584367871284485
b0,clipart,source_z_l2_mean4,Knives,strong_relative,13,0.4319983278205195,0.05823418860104365,0.6666666666666666,39,0.75,4,1.2491194009780884,2,0.19638267159461975,0.8356978893280029
b0,clipart,source_z_l2_mean4,Lamp_Shade,weak_relative,7,-0.31080395997893595,-0.21417601127019922,0.38095238095238093,21,,0,0.6322787404060364,0,-0.0010822968324646354,-0.18931198120117188
b0,clipart,source_z_l2_mean4,Lamp_Shade,middle_relative,10,-0.01052735950321006,-0.4048466923859634,0.43333333333333335,30,0.0,2,0.7505269646644592,1,-0.0413375198841095,0.0896870344877243
b0,clipart,source_z_l2_mean4,Lamp_Shade,strong_relative,23,-0.09929005687583745,-0.3968605624836395,0.37681159420289856,69,0.3,10,0.5740574598312378,5,-0.18866470456123352,-0.006023984868079424
b0,clipart,source_z_l2_mean4,Laptop,weak_relative,25,-0.1012003474708294,0.2206502884961278,0.25333333333333335,75,0.3333333333333333,12,0.8604497313499451,6,-0.009314484894275665,-0.12452690303325653
b0,clipart,source_z_l2_mean4,Laptop,middle_relative,40,-0.34422676511213507,-0.07265834541321116,0.3333333333333333,120,0.2857142857142857,28,0.9271004796028137,14,-0.07548593729734421,-0.04694728925824165
b0,clipart,source_z_l2_mean4,Laptop,strong_relative,34,-0.1134493751034285,0.08089671523422477,0.49019607843137253,102,0.4166666666666667,12,1.0774701833724976,6,0.05755074322223663,-0.1046588122844696
b0,clipart,source_z_l2_mean4,Marker,weak_relative,30,0.3553820470099524,-0.18133289862842372,0.6777777777777778,90,0.9285714285714286,14,2.0650010108947754,7,0.11495574563741684,0.03652677685022354
b0,clipart,source_z_l2_mean4,Marker,middle_relative,31,0.22376772132238992,-0.17487829276110162,0.6344086021505376,93,0.7,10,1.819100022315979,5,0.0212877057492733,0.18637678027153015
b0,clipart,source_z_l2_mean4,Marker,strong_relative,10,0.5684463675663636,0.1737535399734679,0.7,30,,0,2.4227185249328613,0,0.435574471950531,1.290094017982483
b0,clipart,source_z_l2_mean4,Monitor,weak_relative,18,0.6663044079858752,-0.10914356381276187,0.8333333333333334,54,0.9,30,0.9608777165412903,15,0.2980191707611084,0.4480189085006714
b0,clipart,source_z_l2_mean4,Monitor,middle_relative,40,0.4321933688744523,-0.09615374148998673,0.75,120,0.825,40,0.9911289215087891,20,0.17251837253570557,0.14327821135520935
b0,clipart,source_z_l2_mean4,Monitor,strong_relative,41,0.5417082690264354,0.07412977002833841,0.8048780487804879,123,0.8409090909090909,44,0.9941359758377075,22,0.28186002373695374,0.24669232964515686
b0,clipart,source_z_l2_mean4,Mop,weak_relative,9,0.7196879068938293,0.30888056516835943,0.7407407407407407,27,1.0,2,1.5117402076721191,1,0.6754341125488281,1.191762924194336
b0,clipart,source_z_l2_mean4,Mop,middle_relative,13,0.6476001495655588,0.425521728770707,0.8717948717948718,39,1.0,6,1.3388625383377075,3,0.4866001307964325,0.28581658005714417
b0,clipart,source_z_l2_mean4,Mop,strong_relative,18,0.5574651814668958,0.4718265454821161,0.7592592592592593,54,0.5,4,1.2366341352462769,2,0.4224228858947754,0.5107122659683228
b0,clipart,source_z_l2_mean4,Mouse,weak_relative,29,-0.041961480524150975,0.01010783852404918,0.2988505747126437,87,0.3,10,0.6767402291297913,5,-0.09129602462053299,-0.17495891451835632
b0,clipart,source_z_l2_mean4,Mouse,middle_relative,29,-0.2320657513220386,0.1738789685056229,0.367816091954023,87,0.0,10,0.7570403814315796,5,-0.23051601648330688,-0.2671193480491638
b0,clipart,source_z_l2_mean4,Mouse,strong_relative,18,-0.03824550695785172,0.029677822449681472,0.5370370370370371,54,0.25,8,1.0147109031677246,4,-0.02272375114262104,0.09833220392465591
b0,clipart,source_z_l2_mean4,Mug,weak_relative,63,-0.3517361454062582,-0.10523899887761985,0.2857142857142857,189,0.25,8,0.2610335648059845,4,-0.06323069334030151,-0.06125814840197563
b0,clipart,source_z_l2_mean4,Mug,middle_relative,23,-0.3349516783661132,0.07948257957956521,0.30434782608695654,69,0.0,6,0.8761211633682251,3,-0.18919123709201813,-0.4067557752132416
b0,clipart,source_z_l2_mean4,Mug,strong_relative,13,-0.21738573595377,0.3215326840542555,0.38461538461538464,39,0.5,6,0.9590947031974792,3,-0.12766589224338531,-0.562556266784668
b0,clipart,source_z_l2_mean4,Notebook,weak_relative,37,0.49904335585057036,0.06229518197954384,0.7747747747747747,111,0.8,10,1.1256461143493652,5,0.3775475323200226,0.46363377571105957
b0,clipart,source_z_l2_mean4,Notebook,middle_relative,29,0.5808703969431036,0.07422699052201581,0.8045977011494253,87,0.7142857142857143,14,1.4368284940719604,7,0.5787177085876465,0.7826666831970215
b0,clipart,source_z_l2_mean4,Notebook,strong_relative,17,0.4784004957121425,-0.057077009148265634,0.7647058823529411,51,1.0,4,1.2993226051330566,2,0.412243127822876,1.0103071928024292
b0,clipart,source_z_l2_mean4,Oven,weak_relative,7,0.16014025916794145,0.1925283584222489,0.5238095238095238,21,,0,0.6488666534423828,0,-0.047817058861255646,0.0004572293546516448
b0,clipart,source_z_l2_mean4,Oven,middle_relative,26,0.11447655349669213,0.28822305152395167,0.47435897435897434,78,0.5,4,0.581760823726654,2,0.033837150782346725,0.06300728768110275
b0,clipart,source_z_l2_mean4,Oven,strong_relative,7,0.048900056925772324,0.02011656473018002,0.5714285714285714,21,0.5,2,0.5086928606033325,1,-0.03569788113236427,0.1038593053817749
b0,clipart,source_z_l2_mean4,Pan,weak_relative,19,-0.1524391225450451,0.019400247618526205,0.38596491228070173,57,0.3333333333333333,12,0.863288164138794,6,0.057329609990119934,-0.20111700892448425
b0,clipart,source_z_l2_mean4,Pan,middle_relative,14,-0.10097163874990213,-0.4186851276167893,0.4523809523809524,42,0.5,2,0.6797047853469849,1,0.12514914572238922,0.1827964335680008
b0,clipart,source_z_l2_mean4,Pan,strong_relative,18,-0.049857787010265574,0.19743705280221924,0.5,54,0.5,8,0.7778449654579163,4,0.2397187054157257,-0.05817725136876106
b0,clipart,source_z_l2_mean4,Paper_Clip,weak_relative,24,0.12737048902639125,-0.38324890743438617,0.5555555555555556,72,0.5454545454545454,22,1.2168182134628296,11,0.016941791400313377,0.18236975371837616
b0,clipart,source_z_l2_mean4,Paper_Clip,middle_relative,10,-0.02064181148654048,-0.4935886020839443,0.5333333333333333,30,0.75,8,1.6359812021255493,4,-0.04909105226397514,0.5677540302276611
b0,clipart,source_z_l2_mean4,Paper_Clip,strong_relative,6,0.02815270996972666,-0.6147566818856799,0.5,18,0.6666666666666666,6,1.4769515991210938,3,0.13693420588970184,0.37542155385017395
b0,clipart,source_z_l2_mean4,Pen,weak_relative,55,0.35999075048967394,-0.05219843482427713,0.6848484848484848,165,0.6428571428571429,28,1.0163438320159912,14,0.3546666204929352,0.422230064868927
b0,clipart,source_z_l2_mean4,Pen,middle_relative,35,0.15311670612819045,0.17749654143393456,0.5904761904761905,105,0.5,12,0.9332160949707031,6,0.18069502711296082,0.06591419875621796
b0,clipart,source_z_l2_mean4,Pen,strong_relative,9,-0.138729910765592,-0.09763160353266401,0.3333333333333333,27,,0,0.8149208426475525,0,-0.00028076436137780547,0.10046600550413132
b0,clipart,source_z_l2_mean4,Pencil,weak_relative,49,-0.16048955238021503,0.012606467661851624,0.4421768707482993,147,0.5,36,0.9324780702590942,18,-0.1783718317747116,-0.17165037989616394
b0,clipart,source_z_l2_mean4,Pencil,middle_relative,30,-0.0576583281645695,0.06717804096669232,0.4888888888888889,90,0.5384615384615384,26,0.8804419636726379,13,-0.11972182244062424,-0.16373313963413239
b0,clipart,source_z_l2_mean4,Pencil,strong_relative,20,-0.285612008607606,-0.13098233066725454,0.4666666666666667,60,0.5625,16,0.9976381063461304,8,-0.180132657289505,-0.22487306594848633
b0,clipart,source_z_l2_mean4,Postit_Notes,weak_relative,24,-0.7485156067320878,-0.4025055477259199,0.2222222222222222,72,0.16666666666666666,12,2.1831557750701904,6,-1.1043368577957153,-1.2246413230895996
b0,clipart,source_z_l2_mean4,Postit_Notes,middle_relative,10,-0.6978735833655276,-0.2666704645028144,0.23333333333333334,30,0.0,2,2.369744300842285,1,-1.3374706506729126,-1.5613024234771729
b0,clipart,source_z_l2_mean4,Postit_Notes,strong_relative,7,-0.6388327345022967,0.027638340462949777,0.19047619047619047,21,0.0,2,1.408712387084961,1,-0.8122708201408386,-1.1097412109375
b0,clipart,source_z_l2_mean4,Printer,weak_relative,11,-0.17275128521589234,0.4456424565753631,0.36363636363636365,33,0.75,4,0.9618890285491943,2,-0.24161356687545776,-0.6168946027755737
b0,clipart,source_z_l2_mean4,Printer,middle_relative,20,-0.4035040925889762,-0.24124138232174525,0.38333333333333336,60,0.16666666666666666,6,1.258180856704712,3,-0.1309823989868164,-0.11020427942276001
b0,clipart,source_z_l2_mean4,Printer,strong_relative,56,-0.17191583044100184,0.08568191330900025,0.43452380952380953,168,0.5416666666666666,24,0.8088854551315308,12,-0.15518637001514435,-0.16395582258701324
b0,clipart,source_z_l2_mean4,Push_Pin,weak_relative,18,-0.19282344187458317,-0.03781082091577938,0.48148148148148145,54,0.4166666666666667,12,0.5057687163352966,6,-0.14819437265396118,-0.08710631728172302
b0,clipart,source_z_l2_mean4,Push_Pin,middle_relative,11,-0.6324541620992638,-0.5609071363218526,0.24242424242424243,33,0.25,8,0.8935190439224243,4,-0.422095388174057,-0.5748274326324463
b0,clipart,source_z_l2_mean4,Push_Pin,strong_relative,11,-0.2258208858914399,-0.36905714322556626,0.45454545454545453,33,0.5,12,1.0035886764526367,6,-0.16240324079990387,-0.20263119041919708
b0,clipart,source_z_l2_mean4,Radio,weak_relative,18,0.19109811863173284,0.34507463289740015,0.5555555555555556,54,1.0,2,1.005250334739685,1,-0.09831097722053528,0.11129917204380035
b0,clipart,source_z_l2_mean4,Radio,middle_relative,8,0.4260339855195925,-0.1522126362677349,0.625,24,0.5,2,1.2030918598175049,1,0.30162909626960754,0.7972765564918518
b0,clipart,source_z_l2_mean4,Radio,strong_relative,20,0.30096473135056767,0.3340880960493448,0.5833333333333334,60,0.375,8,1.053593397140503,4,0.16480818390846252,0.22749075293540955
b0,clipart,source_z_l2_mean4,Refrigerator,weak_relative,7,-0.20883847758313784,0.5894223426336177,0.5238095238095238,21,,0,0.8062362670898438,0,-0.22466672956943512,-0.19523224234580994
b0,clipart,source_z_l2_mean4,Refrigerator,middle_relative,16,-0.13772971300029624,0.629625953371961,0.375,48,0.5,4,1.1315563917160034,2,-0.20186777412891388,-0.4831596910953522
b0,clipart,source_z_l2_mean4,Refrigerator,strong_relative,17,-0.09490569095323913,0.3607916040754149,0.4117647058823529,51,0.4166666666666667,12,0.9122729301452637,6,-0.26305171847343445,-0.3243081569671631
b0,clipart,source_z_l2_mean4,Ruler,weak_relative,43,-0.5045462046263135,-0.23662735051630865,0.2265625,128,0.0,14,0.4042509198188782,7,-0.1653977483510971,-0.16231821477413177
b0,clipart,source_z_l2_mean4,Ruler,middle_relative,18,-0.29875473484621157,-0.22876798663534997,0.2777777777777778,54,0.3333333333333333,6,0.3132886588573456,3,-0.03773544728755951,0.06411328166723251
b0,clipart,source_z_l2_mean4,Ruler,strong_relative,6,0.102589987799408,0.11610703894328252,0.5555555555555556,18,,0,0.015031890012323856,0,0.005061096046119928,0.0
b0,clipart,source_z_l2_mean4,Scissors,weak_relative,26,0.4077222855121825,0.27316992106366134,0.717948717948718,78,0.6666666666666666,6,0.3602939248085022,3,0.07256750017404556,0.08282976597547531
b0,clipart,source_z_l2_mean4,Scissors,middle_relative,30,0.29276380735885926,0.006647680111057183,0.6777777777777778,90,0.5,6,0.33733072876930237,3,0.05446169525384903,0.1775638461112976
b0,clipart,source_z_l2_mean4,Scissors,strong_relative,43,0.0764893512254504,-0.1403298249926432,0.627906976744186,129,0.5,6,0.335087388753891,3,0.0038722101598978043,0.07514241337776184
b0,clipart,source_z_l2_mean4,Screwdriver,weak_relative,35,-0.5895188833755046,0.038166720419682006,0.26666666666666666,105,0.3333333333333333,12,1.5606688261032104,6,-0.7720776200294495,-0.9802819490432739
b0,clipart,source_z_l2_mean4,Screwdriver,middle_relative,24,-0.6473391882404205,-0.15836218470886476,0.20833333333333334,72,0.1,10,0.9172270894050598,5,-0.4078138768672943,-0.496378630399704
b0,clipart,source_z_l2_mean4,Screwdriver,strong_relative,16,-0.7447106732102283,-0.06831729438026524,0.14583333333333334,48,0.0,8,1.5397324562072754,4,-0.8164074420928955,-1.2315223217010498
b0,clipart,source_z_l2_mean4,Shelf,weak_relative,9,-0.3109901099593479,-0.20373592395291487,0.4074074074074074,27,0.5,4,0.9148035049438477,2,-0.1679995059967041,-0.3253943622112274
b0,clipart,source_z_l2_mean4,Shelf,middle_relative,12,0.5603878348013727,0.6115119487570583,0.6666666666666666,36,1.0,4,0.8432725071907043,2,0.355855792760849,0.22474300861358643
b0,clipart,source_z_l2_mean4,Shelf,strong_relative,21,0.03472743187570845,0.05005060673479145,0.5238095238095238,63,0.5,8,0.6837674379348755,4,-0.0030614477582275867,0.018701905384659767
b0,clipart,source_z_l2_mean4,Sink,weak_relative,18,-0.4905767486831555,0.11722764802502826,0.2777777777777778,54,0.3,10,1.105665922164917,5,-0.46276146173477173,-0.6960078477859497
b0,clipart,source_z_l2_mean4,Sink,middle_relative,10,-0.25647459029910635,0.1404232648052065,0.4,30,0.0,4,0.933076024055481,2,-0.22260744869709015,-0.530411422252655
b0,clipart,source_z_l2_mean4,Sink,strong_relative,14,-0.6655580156773921,-0.36197483106375233,0.30952380952380953,42,,0,1.2492725849151611,0,-0.5745505094528198,-0.8008084893226624
b0,clipart,source_z_l2_mean4,Sneakers,weak_relative,12,0.07652035155421016,0.3879986277314044,0.5555555555555556,36,0.75,4,0.6082820296287537,2,0.228057861328125,0.04159099981188774
b0,clipart,source_z_l2_mean4,Sneakers,middle_relative,15,0.23121632354506463,0.17881987670135288,0.5555555555555556,45,1.0,4,0.6477760076522827,2,0.15242131054401398,0.26056164503097534
b0,clipart,source_z_l2_mean4,Sneakers,strong_relative,16,0.018890719614009722,0.2909573433764985,0.5,48,0.5,4,1.0335997343063354,2,0.1483553946018219,-0.12414480000734329
b0,clipart,source_z_l2_mean4,Soda,weak_relative,24,-0.13762411105856454,-0.24140482692098175,0.5416666666666666,72,0.5,6,0.7905106544494629,3,-0.05817250907421112,-0.10772361606359482
b0,clipart,source_z_l2_mean4,Soda,middle_relative,24,-0.09957578807068207,-0.17275987686202288,0.4861111111111111,72,0.3333333333333333,6,1.01756751537323,3,-0.11259818077087402,0.143880233168602
b0,clipart,source_z_l2_mean4,Soda,strong_relative,13,-0.39605154340462956,-0.2195959611738802,0.3333333333333333,39,0.5,4,1.0334947109222412,2,-0.26766717433929443,-0.07334180921316147
b0,clipart,source_z_l2_mean4,Speaker,weak_relative,24,-0.23584535787258068,-0.09653294375308986,0.4583333333333333,72,0.16666666666666666,18,1.9562753438949585,9,-0.5349275469779968,-0.49629607796669006
b0,clipart,source_z_l2_mean4,Speaker,middle_relative,14,-0.35109577945139203,-0.32153985623106235,0.42857142857142855,42,0.16666666666666666,6,1.032401442527771,3,-0.3803704082965851,-0.3813481330871582
b0,clipart,source_z_l2_mean4,Speaker,strong_relative,52,-0.32228080093583655,0.03246734188706192,0.30128205128205127,156,0.14705882352941177,34,1.1973274946212769,17,-0.4996606409549713,-0.5902735590934753
b0,clipart,source_z_l2_mean4,Spoon,weak_relative,28,0.5711345825412206,0.1622424444827859,0.6547619047619048,84,1.0,4,0.7689738273620605,2,0.2822045683860779,0.2888854146003723
b0,clipart,source_z_l2_mean4,Spoon,middle_relative,22,0.629097003615059,0.4361761758672917,0.6666666666666666,66,0.25,4,0.8280156850814819,2,0.2933618426322937,0.26771867275238037
b0,clipart,source_z_l2_mean4,Spoon,strong_relative,10,0.4865017880346395,0.21602107349620348,0.5666666666666667,30,0.16666666666666666,6,1.0571900606155396,3,0.29854312539100647,0.2836262583732605
b0,clipart,source_z_l2_mean4,TV,weak_relative,20,-0.08514669990728523,0.5441713732114356,0.3333333333333333,60,0.25,16,1.0749226808547974,8,-0.3202909827232361,-0.5588757991790771
b0,clipart,source_z_l2_mean4,TV,middle_relative,41,-0.21470085999903737,0.18435583604441305,0.25203252032520324,123,0.20833333333333334,24,1.2009522914886475,12,-0.37056219577789307,-0.6157731413841248
b0,clipart,source_z_l2_mean4,TV,strong_relative,38,-0.14068829127196825,0.1919427955598126,0.4473684210526316,114,0.5,14,1.5300419330596924,7,-0.1992294192314148,-0.5574576258659363
b0,clipart,source_z_l2_mean4,Table,weak_relative,34,-0.13596871738462066,0.14847722326887672,0.35294117647058826,102,0.5,4,0.6168808937072754,2,-0.07704882323741913,-0.10170033574104309
b0,clipart,source_z_l2_mean4,Table,middle_relative,20,-0.14421316303318119,-0.5131920207627422,0.3,60,0.0,2,0.7924972772598267,1,-0.17636235058307648,0.06995001435279846
b0,clipart,source_z_l2_mean4,Table,strong_relative,26,-0.09625177242184477,-0.22101238571327084,0.5769230769230769,78,0.5714285714285714,14,0.7743022441864014,7,0.015010954812169075,0.09449037909507751
b0,clipart,source_z_l2_mean4,Telephone,weak_relative,22,0.32005705836917603,0.0036321028973332354,0.5909090909090909,66,0.625,8,1.8138927221298218,4,0.46775171160697937,0.44533297419548035
b0,clipart,source_z_l2_mean4,Telephone,middle_relative,32,0.32964135398566136,-0.3280159630808113,0.6354166666666666,96,0.7857142857142857,14,1.6319726705551147,7,0.3246983289718628,0.5890859365463257
b0,clipart,source_z_l2_mean4,Telephone,strong_relative,45,0.23788435948186237,-0.22036767968905902,0.5925925925925926,135,0.4,20,1.337782859802246,10,0.2232809066772461,0.5316139459609985
b0,clipart,source_z_l2_mean4,ToothBrush,weak_relative,10,-0.6718559240371189,0.1800798489286578,0.06666666666666667,30,0.0,8,2.1015849113464355,4,-0.8708540201187134,-1.4539794921875
b0,clipart,source_z_l2_mean4,ToothBrush,middle_relative,15,-0.8110365623003762,-0.5131169160572664,0.15555555555555556,45,0.0,12,1.7062891721725464,6,-0.9550014734268188,-1.227043628692627
b0,clipart,source_z_l2_mean4,ToothBrush,strong_relative,14,-0.6758453809985212,-0.16495205357223885,0.19047619047619047,42,0.1,20,2.8281195163726807,10,-1.5308562517166138,-2.5761570930480957
b0,clipart,source_z_l2_mean4,Toys,weak_relative,31,0.6268856045209847,0.020262984097466883,0.8279569892473119,93,0.6666666666666666,12,1.9220538139343262,6,0.5682591795921326,1.3065099716186523
b0,clipart,source_z_l2_mean4,Toys,middle_relative,26,0.22481538390339026,-0.07677435927905354,0.6025641025641025,78,0.3333333333333333,18,1.3953335285186768,9,0.030431091785430908,0.4955669641494751
b0,clipart,source_z_l2_mean4,Toys,strong_relative,42,0.30638881391265066,0.12042764178393227,0.5476190476190477,126,0.5625,16,1.3369227647781372,8,0.03541992977261543,0.5413225293159485
b0,clipart,source_z_l2_mean4,Trash_Can,weak_relative,19,0.44205072795630584,0.07479401613248474,0.7719298245614035,57,0.8,20,1.013644814491272,10,0.4293457865715027,0.5775444507598877
b0,clipart,source_z_l2_mean4,Trash_Can,middle_relative,20,0.4239781473107979,0.1327131548873177,0.6666666666666666,60,0.625,8,0.8837062120437622,4,0.3565388321876526,0.4751635491847992
b0,clipart,source_z_l2_mean4,Trash_Can,strong_relative,14,0.43493910156587534,0.1827633611014,0.6666666666666666,42,0.5,6,1.0734971761703491,3,0.2543807327747345,0.6306852102279663
b0,clipart,source_z_l2_mean4,Webcam,weak_relative,11,0.3628563536405431,0.10848877155833553,0.5757575757575758,33,1.0,4,0.8620720505714417,2,0.09267605096101761,0.3009510636329651
b0,clipart,source_z_l2_mean4,Webcam,middle_relative,15,-0.07094937600898737,-0.17039946905792538,0.4888888888888889,45,0.5,2,0.166543111205101,1,-0.040962014347314835,-0.0007512880838476121
b0,clipart,source_z_l2_mean4,Webcam,strong_relative,14,-0.005638940798863499,0.06935035201631083,0.5,42,1.0,2,0.9342991709709167,1,-0.20286695659160614,0.04790973663330078
r4_real,clipart,cosine_mean4,Alarm_Clock,weak_relative,25,0.05954135249941093,-0.05933102281483082,0.5625,48,,0,0.001962588634341955,0,-0.00027011617203243077,-0.0007424330688081682
r4_real,clipart,cosine_mean4,Alarm_Clock,middle_relative,28,-0.057336344187325215,0.0007566232866527952,0.5227272727272727,44,,0,0.004839732311666012,0,0.0003632675507105887,0.002395497402176261
r4_real,clipart,cosine_mean4,Alarm_Clock,strong_relative,7,0.37821630950679175,0.42792449346919337,0.6111111111111112,18,,0,0.01798030361533165,0,0.006966065149754286,0.006984802428632975
r4_real,clipart,cosine_mean4,Backpack,weak_relative,9,0.7065470479134655,0.7121903597001519,0.7407407407407407,27,,0,0.019411470741033554,0,0.00597995612770319,0.008178750984370708
r4_real,clipart,cosine_mean4,Backpack,middle_relative,16,0.13473938267342814,0.1457389127818114,0.6,45,,0,0.012338072061538696,0,0.0005114688538014889,0.0007575815543532372
r4_real,clipart,cosine_mean4,Backpack,strong_relative,31,0.14851332261450234,0.535664870483027,0.48314606741573035,89,,0,0.007016412448137999,0,-0.00021311358432285488,0.0005160993314348161
r4_real,clipart,cosine_mean4,Batteries,weak_relative,14,-0.4264115978304839,-0.045982741804566636,0.19444444444444445,36,,0,0.0055077411234378815,0,-0.002434470457956195,-0.004221237730234861
r4_real,clipart,cosine_mean4,Batteries,middle_relative,22,-0.394923183409926,0.04390129007281898,0.2711864406779661,59,,0,0.012205955572426319,0,-0.004093874245882034,-0.00851399265229702
r4_real,clipart,cosine_mean4,Batteries,strong_relative,28,-0.4717427838932958,-0.281265492673765,0.3373493975903614,83,,0,0.01375888753682375,0,-0.004806367214769125,-0.007577096577733755
r4_real,clipart,cosine_mean4,Bed,weak_relative,32,0.2060313050160349,0.017922848938238565,0.4787234042553192,94,,0,0.009555835276842117,0,0.0018813302740454674,0.0033459041733294725
r4_real,clipart,cosine_mean4,Bed,middle_relative,31,0.17899444527388056,0.15213502295426495,0.6236559139784946,93,,0,0.006333354860544205,0,0.0011220872402191162,0.0014290593098849058
r4_real,clipart,cosine_mean4,Bed,strong_relative,35,0.19584808376282303,0.011073392479340539,0.6190476190476191,105,,0,0.009797020815312862,0,0.001769417547620833,-0.0002625829365570098
r4_real,clipart,cosine_mean4,Bike,weak_relative,19,0.26246348672070136,0.18149954304066096,0.5789473684210527,19,,0,0.0013175385538488626,0,0.0005703408387489617,4.043842272949405e-05
r4_real,clipart,cosine_mean4,Bike,middle_relative,52,0.04412091964584274,-0.014706655413501244,0.5671641791044776,67,,0,0.0004935456672683358,0,3.994215512648225e-05,-4.2928786569973454e-05
r4_real,clipart,cosine_mean4,Bike,strong_relative,28,-0.05460716451904612,-0.3334905692134396,0.4838709677419355,62,,0,0.008250219747424126,0,-0.002506104065105319,-0.006239380221813917
r4_real,clipart,cosine_mean4,Bottle,weak_relative,36,0.4534805968530258,-0.1528338246149895,0.7870370370370371,108,,0,0.020886454731225967,0,0.005689820274710655,0.008952785283327103
r4_real,clipart,cosine_mean4,Bottle,middle_relative,30,0.5770720541674582,-0.12945011949630572,0.8555555555555555,90,,0,0.024785984307527542,0,0.00948155764490366,0.01350129023194313
r4_real,clipart,cosine_mean4,Bottle,strong_relative,33,0.22082365947304847,-0.23747833708611996,0.7070707070707071,99,,0,0.01778057962656021,0,0.00200437824241817,0.004925966262817383
r4_real,clipart,cosine_mean4,Bucket,weak_relative,31,0.5814834926331964,0.20419519630489183,0.782608695652174,92,,0,0.01093788631260395,0,0.0051800343208014965,0.00875622034072876
r4_real,clipart,cosine_mean4,Bucket,middle_relative,21,0.44601638033387503,0.18481078759685948,0.7457627118644068,59,,0,0.011439249850809574,0,0.00430383300408721,0.007643381133675575
r4_real,clipart,cosine_mean4,Bucket,strong_relative,21,-0.08657719799157038,0.2699958245227646,0.288135593220339,59,,0,0.01134574320167303,0,-0.0005675394786521792,0.004575519356876612
r4_real,clipart,cosine_mean4,Calculator,weak_relative,13,0.07029508597619981,0.2276976224769391,0.375,32,,0,0.0005966024473309517,0,-9.265351764042862e-06,-0.00016717505059204996
r4_real,clipart,cosine_mean4,Calculator,middle_relative,13,0.1769823162468815,-0.07319249060458695,0.5454545454545454,33,,0,0.0028877397999167442,0,0.0008208065410144627,0.0016665837028995156
r4_real,clipart,cosine_mean4,Calculator,strong_relative,20,0.14616884152584628,0.2231169441936204,0.5102040816326531,49,,0,0.004621461965143681,0,0.000236772553762421,-0.0010024078655987978
r4_real,clipart,cosine_mean4,Calendar,weak_relative,35,-0.012491310283544348,0.14540034307847552,0.5319148936170213,94,,0,0.01619080826640129,0,0.0006312807090580463,-0.002534427447244525
r4_real,clipart,cosine_mean4,Calendar,middle_relative,29,0.3481745929972778,0.322910490299604,0.6666666666666666,78,,0,0.011772193014621735,0,0.0037908272352069616,0.0006509742233902216
r4_real,clipart,cosine_mean4,Calendar,strong_relative,14,0.4521874774182,0.7862770590697332,0.45454545454545453,22,,0,0.007828466594219208,0,0.0033142108004540205,0.007190825883299112
r4_real,clipart,cosine_mean4,Candles,weak_relative,18,-0.33077259461778347,-0.32448229519836685,0.3695652173913043,46,,0,0.01056596077978611,0,-0.0030781463719904423,-0.0040265643037855625
r4_real,clipart,cosine_mean4,Candles,middle_relative,31,-0.1625353986025218,-0.14753823001917987,0.4,80,,0,0.011141274124383926,0,-0.004408202134072781,-0.007910034619271755
r4_real,clipart,cosine_mean4,Candles,strong_relative,50,-0.13505869701190323,-0.22976581696884915,0.32666666666666666,150,,0,0.006686523091048002,0,-0.0013191672042012215,-0.0023579311091452837
r4_real,clipart,cosine_mean4,Chair,weak_relative,47,0.39353345174068843,0.12381994157828169,0.7898550724637681,138,0.5,2,0.009871388785541058,1,0.0037654885090887547,0.005209105089306831
r4_real,clipart,cosine_mean4,Chair,middle_relative,22,0.021792418193672308,-0.14584920891192016,0.5384615384615384,65,,0,0.015981310978531837,0,-0.0013404437340795994,0.002291868906468153
r4_real,clipart,cosine_mean4,Chair,strong_relative,30,-0.39515254686311435,-0.011348435076182294,0.24719101123595505,89,,0,0.013445118442177773,0,-0.004791418556123972,0.001178916310891509
r4_real,clipart,cosine_mean4,Clipboards,middle_relative,15,-0.5556866416613032,-0.019249791432012088,0.15555555555555556,45,,0,0.032761167734861374,0,-0.008038992062211037,-0.014184953644871712
r4_real,clipart,cosine_mean4,Clipboards,strong_relative,24,-0.3031250380962115,0.044576568564806074,0.2361111111111111,72,,0,0.011796521954238415,0,-0.0021890734788030386,-0.005451241508126259
r4_real,clipart,cosine_mean4,Computer,weak_relative,23,0.6704787842706679,0.4559955497239062,0.7246376811594203,69,,0,0.012748748995363712,0,0.00467937346547842,0.004682285711169243
r4_real,clipart,cosine_mean4,Computer,middle_relative,23,0.4450966538187535,0.09933710509760613,0.6811594202898551,69,,0,0.015941912308335304,0,0.004522336646914482,0.00761207053437829
r4_real,clipart,cosine_mean4,Computer,strong_relative,53,0.3221992109569298,0.050066272974722915,0.660377358490566,159,,0,0.009408388286828995,0,0.0025059659965336323,0.004831505473703146
r4_real,clipart,cosine_mean4,Couch,weak_relative,19,0.5532767964733836,0.15857413979545432,0.8070175438596491,57,,0,0.01584005355834961,0,0.005700661335140467,0.01051472406834364
r4_real,clipart,cosine_mean4,Couch,middle_relative,27,0.11761225088676439,0.030765727941823955,0.6533333333333333,75,,0,0.007781209424138069,0,0.0007678179536014795,0.0020520982798188925
r4_real,clipart,cosine_mean4,Couch,strong_relative,18,0.37026475499889705,0.4445312840480791,0.6470588235294118,51,,0,0.011250000447034836,0,0.0034405828919261694,0.0037477794103324413
r4_real,clipart,cosine_mean4,Curtains,weak_relative,12,0.6126527642507856,0.30101301245306133,0.8888888888888888,36,,0,0.0169867891818285,0,0.008296294137835503,0.01267909724265337
r4_real,clipart,cosine_mean4,Curtains,middle_relative,10,0.2327693269995751,0.23121026339023196,0.6333333333333333,30,,0,0.014667431823909283,0,0.002729659201577306,0.010105542838573456
r4_real,clipart,cosine_mean4,Curtains,strong_relative,20,-0.14015084608913972,-0.13523988952551586,0.48333333333333334,60,,0,0.016667887568473816,0,-0.0024237714242190123,-0.0010116940829902887
r4_real,clipart,cosine_mean4,Desk_Lamp,middle_relative,12,0.13935556709685137,0.20855619735617192,0.6111111111111112,36,,0,0.024504119530320168,0,-0.003938630223274231,0.0025471393018960953
r4_real,clipart,cosine_mean4,Desk_Lamp,strong_relative,26,-0.31527920049348807,-0.04902671153224392,0.3974358974358974,78,,0,0.022685788571834564,0,-0.002953293500468135,0.006727549713104963
r4_real,clipart,cosine_mean4,Drill,weak_relative,8,-0.31993058469900326,-0.0002246505963847183,0.25,24,,0,0.013134364038705826,0,-0.0031982548534870148,-0.004950921982526779
r4_real,clipart,cosine_mean4,Drill,middle_relative,14,-0.12081818463482828,0.23867876981865768,0.3902439024390244,41,,0,0.008281969465315342,0,-0.0011263067135587335,-0.001436882303096354
r4_real,clipart,cosine_mean4,Drill,strong_relative,26,-0.3204912050975434,-0.5755961399816565,0.48717948717948717,78,,0,0.008007475174963474,0,-0.0007155242492444813,0.002431039232760668
r4_real,clipart,cosine_mean4,Eraser,weak_relative,13,-0.3244976396022145,0.4327822354148436,0.1794871794871795,39,,0,0.019518736749887466,0,-0.00605140533298254,-0.008846298791468143
r4_real,clipart,cosine_mean4,Eraser,middle_relative,9,-0.27988200748467695,0.18938854685929213,0.4444444444444444,27,,0,0.031075159087777138,0,-0.006519582588225603,-0.017518268898129463
r4_real,clipart,cosine_mean4,Eraser,strong_relative,18,-0.41324804038660723,0.26386882958120317,0.2777777777777778,54,,0,0.01704411953687668,0,-0.004780994728207588,-0.0120697021484375
r4_real,clipart,cosine_mean4,Exit_Sign,weak_relative,30,0.036743170867320284,0.20453292816365903,0.25,28,,0,0.0012475106632336974,0,0.000510896323248744,0.0011328133987262845
r4_real,clipart,cosine_mean4,Exit_Sign,middle_relative,11,0.08458547090563129,-0.059098774549013564,0.76,25,,0,0.004945725668221712,0,0.0017702329205349088,0.004197089467197657
r4_real,clipart,cosine_mean4,Fan,weak_relative,14,-0.13181527830029544,0.028642960343451814,0.4375,32,,0,0.007513758260756731,0,0.00012569825048558414,-0.00039374400512315333
r4_real,clipart,cosine_mean4,Fan,middle_relative,22,-0.2551940648854624,-0.0336254036170155,0.38333333333333336,60,,0,0.012846473604440689,0,-0.0026132643688470125,-0.005313336383551359
r4_real,clipart,cosine_mean4,Fan,strong_relative,14,-0.31298532193456685,-0.3563594955645235,0.5952380952380952,42,,0,0.007993453182280064,0,-0.000880591687746346,-0.0011476932559162378
r4_real,clipart,cosine_mean4,File_Cabinet,weak_relative,8,-0.6130704923214187,-0.3673799760340599,0.21739130434782608,23,,0,0.016058528795838356,0,-0.007939633913338184,-0.015187702141702175
r4_real,clipart,cosine_mean4,File_Cabinet,middle_relative,5,0.3531636612439255,0.10936341082744731,0.5333333333333333,15,,0,0.0038983519189059734,0,0.0012136775767430663,0.0025814834516495466
r4_real,clipart,cosine_mean4,File_Cabinet,strong_relative,27,0.11496117930072414,-0.020907978230612776,0.5802469135802469,81,0.0,2,0.013276444748044014,1,0.0006435662508010864,-0.005561408121138811
r4_real,clipart,cosine_mean4,Flipflops,weak_relative,20,-0.4143018689834666,-0.3515056173159326,0.32142857142857145,56,,0,0.002570029813796282,0,-0.0008659286540932953,-0.00021132337860763073
r4_real,clipart,cosine_mean4,Flipflops,middle_relative,17,0.02649134563180709,-0.00904930048720638,0.6078431372549019,51,,0,0.006241502705961466,0,0.0007684754091314971,-0.0001411033736076206
r4_real,clipart,cosine_mean4,Flowers,weak_relative,28,-0.09704319721195326,-0.2987296610376453,0.43373493975903615,83,,0,0.009853011928498745,0,-0.0014833572786301374,-0.003505403408780694
r4_real,clipart,cosine_mean4,Flowers,middle_relative,47,-0.349595418029472,-0.5344172552788549,0.3597122302158273,139,,0,0.007097963243722916,0,-0.002513949293643236,-0.0034971493296325207
r4_real,clipart,cosine_mean4,Flowers,strong_relative,24,-0.26785964779818916,-0.3247839383421677,0.36619718309859156,71,,0,0.006397367920726538,0,-0.001694000675342977,-0.0016417670994997025
r4_real,clipart,cosine_mean4,Folder,weak_relative,15,-0.18743825689775243,0.17919400273542388,0.3333333333333333,45,,0,0.01713503710925579,0,-0.004010683391243219,-0.010372640565037727
r4_real,clipart,cosine_mean4,Folder,middle_relative,37,0.13312369311737257,0.1431423219036721,0.5321100917431193,109,,0,0.008732214570045471,0,0.001195583026856184,0.0010524744866415858
r4_real,clipart,cosine_mean4,Folder,strong_relative,47,0.4520718160018413,0.13754895883101118,0.7214285714285714,140,,0,0.011712061241269112,0,0.0031095438171178102,0.004290588200092316
r4_real,clipart,cosine_mean4,Fork,weak_relative,34,-0.18487299482398542,0.0009050332381515931,0.5402298850574713,87,1.0,2,0.006994998082518578,1,-0.0014419888611882925,-0.00015885705943219364
r4_real,clipart,cosine_mean4,Fork,middle_relative,22,0.15936768482203417,-0.3155798566819647,0.5757575757575758,66,,0,0.011994077824056149,0,0.00213984795846045,0.0057928175665438175
r4_real,clipart,cosine_mean4,Fork,strong_relative,5,-0.5854953111926009,-0.8930334908914466,0.2,15,,0,0.00979635864496231,0,-0.003691575024276972,0.0009854317177087069
r4_real,clipart,cosine_mean4,Glasses,weak_relative,19,-0.22995890927544851,0.029782658713455125,0.07692307692307693,52,,0,0.004014709964394569,0,-0.0013029244728386402,-0.0026277622673660517
r4_real,clipart,cosine_mean4,Glasses,middle_relative,23,0.04622082858505432,0.2563404040073868,0.38461538461538464,52,,0,0.0029118515085428953,0,-1.3656509509019088e-05,-0.0008152250084094703
r4_real,clipart,cosine_mean4,Glasses,strong_relative,10,0.6306490901441835,0.8032001578930426,0.7777777777777778,27,,0,0.00918257050216198,0,0.003795325057581067,0.0006523121846839786
r4_real,clipart,cosine_mean4,Hammer,weak_relative,38,0.37781641339589117,-0.23963001173740223,0.7964601769911505,113,,0,0.01048654317855835,0,0.003673285711556673,0.00654599629342556
r4_real,clipart,cosine_mean4,Hammer,middle_relative,42,0.1392914246592007,-0.1987524735513392,0.6639344262295082,122,,0,0.007962937466800213,0,0.0017893781187012792,0.003828121814876795
r4_real,clipart,cosine_mean4,Hammer,strong_relative,19,0.15691356820474,0.46659741465094634,0.6140350877192983,57,,0,0.006749407388269901,0,0.0010805866913869977,-0.00015148990496527404
r4_real,clipart,cosine_mean4,Helmet,weak_relative,17,0.0453223433626616,0.148636243300658,0.47058823529411764,51,,0,0.027395401149988174,0,-0.001021595555357635,0.0003760360705200583
r4_real,clipart,cosine_mean4,Helmet,middle_relative,27,0.040396520613278676,0.2640878120791361,0.40789473684210525,76,,0,0.028692765161395073,0,0.00021606215159408748,0.005174010992050171
r4_real,clipart,cosine_mean4,Helmet,strong_relative,25,0.10288488241792498,0.18212595677844745,0.52,75,,0,0.029050040990114212,0,0.002518522087484598,0.01071865763515234
r4_real,clipart,cosine_mean4,Kettle,weak_relative,13,0.07736724978193307,0.0539986639210582,0.6578947368421053,38,,0,0.012261421419680119,0,-0.0026335762813687325,-0.002697019139304757
r4_real,clipart,cosine_mean4,Kettle,middle_relative,12,0.20921652289762394,0.42545586202119107,0.5555555555555556,36,,0,0.005329541862010956,0,0.001921710092574358,0.0010446053929626942
r4_real,clipart,cosine_mean4,Kettle,strong_relative,15,0.2575289171319254,-0.3003260174832575,0.6744186046511628,43,,0,0.0029827228281646967,0,0.0006527138757519424,-0.0006699164514429867
r4_real,clipart,cosine_mean4,Keyboard,weak_relative,21,-0.23754020757725694,-0.050338620610697424,0.574468085106383,47,,0,0.004246360622346401,0,-0.0003435332328081131,-0.0012326204450801015
r4_real,clipart,cosine_mean4,Keyboard,middle_relative,36,-0.42159395022883733,-0.3340409272643101,0.44594594594594594,74,,0,0.0047638495452702045,0,-0.0017825732938945293,-0.002141021890565753
r4_real,clipart,cosine_mean4,Keyboard,strong_relative,42,-0.2897901773690468,-0.2274549688784592,0.33613445378151263,119,,0,0.007531389594078064,0,-0.0020819075871258974,-0.0030739407520741224
r4_real,clipart,cosine_mean4,Knives,weak_relative,24,0.19569792458759053,-0.706580027623923,0.6111111111111112,72,,0,0.013734504580497742,0,0.003211335279047489,0.0069157760590314865
r4_real,clipart,cosine_mean4,Knives,middle_relative,16,0.4376272601814905,-0.1660127513853904,0.625,48,,0,0.012354652397334576,0,0.0032307254150509834,0.0027438942342996597
r4_real,clipart,cosine_mean4,Knives,strong_relative,13,0.25631651658028987,-0.47889809945395434,0.7948717948717948,39,,0,0.01196480356156826,0,0.0025627973955124617,0.008076225407421589
r4_real,clipart,cosine_mean4,Lamp_Shade,weak_relative,7,-0.4298555156575788,-0.2822225596358399,0.38095238095238093,21,,0,0.010256818495690823,0,-0.0028411487583070993,-0.000344645231962204
r4_real,clipart,cosine_mean4,Lamp_Shade,middle_relative,10,0.03570624194477277,0.0589821115962446,0.5,30,,0,0.011484039947390556,0,0.0012259483337402344,-0.000602369022089988
r4_real,clipart,cosine_mean4,Lamp_Shade,strong_relative,23,0.49883511467714386,0.5086336817346436,0.4626865671641791,67,,0,0.008738909848034382,0,0.002370001282542944,0.001235567731782794
r4_real,clipart,cosine_mean4,Laptop,weak_relative,25,-0.6708540060733285,-0.22836088073200406,0.06666666666666667,75,,0,0.010900581255555153,0,-0.00515966909006238,-0.007495659403502941
r4_real,clipart,cosine_mean4,Laptop,middle_relative,40,-0.781691800781944,-0.20478272724912266,0.08333333333333333,120,,0,0.02595055103302002,0,-0.01086543221026659,-0.016794268041849136
r4_real,clipart,cosine_mean4,Laptop,strong_relative,34,-0.5308834917518445,-0.15956759288521913,0.22549019607843138,102,,0,0.017682773992419243,0,-0.004490009043365717,-0.010967585258185863
r4_real,clipart,cosine_mean4,Marker,weak_relative,30,0.6988795274701733,-0.10526620994389048,0.9111111111111111,90,1.0,2,0.02506944350898266,1,0.011837875470519066,0.011273439973592758
r4_real,clipart,cosine_mean4,Marker,middle_relative,31,0.7094188944333051,-0.002939542692233324,0.9354838709677419,93,,0,0.029937902465462685,0,0.013288254849612713,0.019137252122163773
r4_real,clipart,cosine_mean4,Marker,strong_relative,10,0.6563438945931567,-0.22652720838745083,1.0,30,,0,0.031742244958877563,0,0.01565886102616787,0.024054676294326782
r4_real,clipart,cosine_mean4,Monitor,weak_relative,18,-0.5784805132992146,0.0020760827191157656,0.24528301886792453,53,0.0,2,0.008954768069088459,1,-0.003443522611632943,-0.005840602796524763
r4_real,clipart,cosine_mean4,Monitor,middle_relative,40,-0.22232666259039052,-0.21420992811066422,0.36666666666666664,120,,0,0.0076142242178320885,0,-0.0009804225992411375,-0.0006403508596122265
r4_real,clipart,cosine_mean4,Monitor,strong_relative,41,-0.42604530833087906,-0.0663459589480475,0.24390243902439024,123,,0,0.0074353343807160854,0,-0.0021218028850853443,-0.0026585629675537348
r4_real,clipart,cosine_mean4,Mop,weak_relative,9,-0.5023023683040043,0.3128953630844046,0.25925925925925924,27,,0,0.016638418659567833,0,-0.007335112430155277,-0.012948520481586456
r4_real,clipart,cosine_mean4,Mop,middle_relative,13,-0.3506564317778803,0.42029877772023555,0.3333333333333333,39,,0,0.013412287458777428,0,-0.00430044811218977,-0.007361353375017643
r4_real,clipart,cosine_mean4,Mop,strong_relative,18,0.5938226774370123,0.7246129743289482,0.6666666666666666,54,,0,0.02200532704591751,0,0.008796589449048042,-0.0008233307744376361
r4_real,clipart,cosine_mean4,Mouse,weak_relative,29,-0.36465709768864846,0.32352870364636827,0.18421052631578946,76,,0,0.00933343917131424,0,-0.0039273095317184925,-0.008200200274586678
r4_real,clipart,cosine_mean4,Mouse,middle_relative,29,-0.26500241609549574,0.25427307447400205,0.3333333333333333,87,,0,0.01666472665965557,0,-0.001994210993871093,-0.008113997057080269
r4_real,clipart,cosine_mean4,Mouse,strong_relative,18,-0.5991947067368075,-0.33631834780465136,0.3888888888888889,54,,0,0.015194926410913467,0,-0.005456272512674332,-0.011459342204034328
r4_real,clipart,cosine_mean4,Mug,weak_relative,63,0.3175603011314049,0.18952489672935088,0.6149732620320856,187,,0,0.005667961202561855,0,0.00106583081651479,0.0021008136682212353
r4_real,clipart,cosine_mean4,Mug,middle_relative,23,-0.015596941414944039,-0.1777710752038082,0.5,66,,0,0.012487351894378662,0,-0.0017628041096031666,0.0024506645277142525
r4_real,clipart,cosine_mean4,Mug,strong_relative,13,-0.10320556452446529,0.12701904318967716,0.358974358974359,39,,0,0.012137249112129211,0,-0.0012286019045859575,0.0013289222260937095
r4_real,clipart,cosine_mean4,Notebook,weak_relative,37,-0.1373591733182561,-0.054204597160146355,0.3963963963963964,111,,0,0.013510257005691528,0,-0.00119375204667449,-0.0013438506284728646
r4_real,clipart,cosine_mean4,Notebook,middle_relative,29,-0.27647312655465406,0.13993151878814356,0.3448275862068966,87,0.0,2,0.013041549362242222,1,-0.0020139277912676334,-0.0034040273167192936
r4_real,clipart,cosine_mean4,Notebook,strong_relative,17,-0.3654487312825075,-0.1685886200170936,0.3137254901960784,51,,0,0.014749996364116669,0,-0.002320718253031373,-0.0013201964320614934
r4_real,clipart,cosine_mean4,Oven,weak_relative,7,-0.5627689620637809,-0.4059354752906969,0.1111111111111111,18,,0,0.011738059110939503,0,-0.005161778070032597,-0.005946903955191374
r4_real,clipart,cosine_mean4,Oven,middle_relative,26,0.11242539634062819,0.18690994266682565,0.6231884057971014,69,,0,0.006879314314574003,0,0.0006464588223025203,-0.0001016819805954583
r4_real,clipart,cosine_mean4,Oven,strong_relative,7,-0.6267719400689703,-0.682232557415934,0.0,21,,0,0.007039444986730814,0,-0.003534257411956787,-0.0002238750457763672
r4_real,clipart,cosine_mean4,Pan,weak_relative,19,0.10355027290723241,-0.22616524517716297,0.6938775510204082,49,,0,0.009674173779785633,0,0.0015488682547584176,0.003166296286508441
r4_real,clipart,cosine_mean4,Pan,middle_relative,14,0.5650105170359501,0.5934292439559689,0.8571428571428571,35,,0,0.0028990409336984158,0,0.0011762322392314672,0.0009234747267328203
r4_real,clipart,cosine_mean4,Pan,strong_relative,18,0.04974036047741077,-0.06565143780475469,0.7592592592592593,54,,0,0.011560428887605667,0,0.0003204446111340076,0.003733924590051174
r4_real,clipart,cosine_mean4,Paper_Clip,weak_relative,24,0.39283203164079744,-0.22618097425679745,0.8611111111111112,72,,0,0.014146864414215088,0,0.004415316041558981,0.007848135195672512
r4_real,clipart,cosine_mean4,Paper_Clip,middle_relative,10,0.6151352428642545,0.060790913858073725,0.8,30,,0,0.012511543929576874,0,0.0048940228298306465,0.008933953940868378
r4_real,clipart,cosine_mean4,Paper_Clip,strong_relative,6,0.3486539229996986,-0.02567060538655489,0.5555555555555556,18,,0,0.012191136367619038,0,0.0028006236534565687,0.006280938629060984
r4_real,clipart,cosine_mean4,Pen,weak_relative,55,-0.6527122769235062,0.21621853045494965,0.06666666666666667,165,,0,0.01749032363295555,0,-0.008232935331761837,-0.00926703680306673
r4_real,clipart,cosine_mean4,Pen,middle_relative,35,-0.5289960681554808,0.288043277453143,0.1619047619047619,105,,0,0.01737350784242153,0,-0.006613361183553934,-0.01009922381490469
r4_real,clipart,cosine_mean4,Pen,strong_relative,9,-0.4059287728639388,0.04104040051105823,0.25925925925925924,27,,0,0.01478417869657278,0,-0.004903685767203569,-0.010150858201086521
r4_real,clipart,cosine_mean4,Pencil,weak_relative,49,0.02923231623118316,-0.029734984371664473,0.4931506849315068,146,,0,0.010621169582009315,0,0.0005641048774123192,8.402110688621178e-05
r4_real,clipart,cosine_mean4,Pencil,middle_relative,30,-0.03149271211606887,0.026975931414687862,0.7222222222222222,90,,0,0.018272899091243744,0,0.002094234572723508,0.0021489346399903297
r4_real,clipart,cosine_mean4,Pencil,strong_relative,20,-0.11589706764610079,-0.10660540173884485,0.4067796610169492,59,,0,0.009151998907327652,0,-0.0009848920162767172,-0.002012476325035095
r4_real,clipart,cosine_mean4,Postit_Notes,weak_relative,24,-0.5268301014527338,-0.2221365483394128,0.3333333333333333,72,,0,0.023416882380843163,0,-0.008701648563146591,-0.0110345259308815
r4_real,clipart,cosine_mean4,Postit_Notes,middle_relative,10,-0.46572629448709457,0.2498253063418673,0.3,30,,0,0.01611030101776123,0,-0.006383180618286133,-0.012059159576892853
r4_real,clipart,cosine_mean4,Postit_Notes,strong_relative,7,-0.04677652325697537,0.11975806539424312,0.6190476190476191,21,,0,0.016272172331809998,0,0.00019917104509659111,-0.002635384676977992
r4_real,clipart,cosine_mean4,Printer,weak_relative,11,-0.2949259535688013,0.15617756703347674,0.4838709677419355,31,,0,0.011768508702516556,0,-0.0012327019358053803,-0.004634911194443703
r4_real,clipart,cosine_mean4,Printer,middle_relative,20,-0.03777465812484907,-0.1553343015914688,0.6610169491525424,59,,0,0.006271003279834986,0,0.00032029347494244576,-0.00047950391308404505
r4_real,clipart,cosine_mean4,Printer,strong_relative,56,0.2628092755740387,-0.4879164764202408,0.7784431137724551,167,,0,0.00873477477580309,0,0.0026813007425516844,0.006239048205316067
r4_real,clipart,cosine_mean4,Push_Pin,weak_relative,18,0.15644335911636525,0.04770465903937313,0.6111111111111112,54,1.0,2,0.00506295682862401,1,0.0013686202000826597,0.0023628531489521265
r4_real,clipart,cosine_mean4,Push_Pin,middle_relative,11,-0.09138035033980896,-0.4536535161643411,0.5151515151515151,33,,0,0.009031634777784348,0,-0.0026197140105068684,0.0016064028022810817
r4_real,clipart,cosine_mean4,Push_Pin,strong_relative,11,0.3488239997676469,0.37510606445520406,0.6363636363636364,33,,0,0.014027625322341919,0,0.0009186836541630328,0.0064938366413116455
r4_real,clipart,cosine_mean4,Radio,weak_relative,18,-0.14220667451169208,-0.08048601738493699,0.3888888888888889,54,,0,0.013050894252955914,0,-0.0012340511893853545,-0.0027532847598195076
r4_real,clipart,cosine_mean4,Radio,middle_relative,8,0.03848734881298265,0.5775289413238784,0.5,24,,0,0.005734628066420555,0,0.0003161672502756119,-0.0009690150618553162
r4_real,clipart,cosine_mean4,Radio,strong_relative,20,-0.0177938436641618,0.02534121192346085,0.5166666666666667,60,,0,0.0063410475850105286,0,0.0003621995565481484,-0.0013219952816143632
r4_real,clipart,cosine_mean4,Refrigerator,weak_relative,7,-0.4800373748107356,0.7008194755536303,0.0,21,,0,0.022603383287787437,0,-0.011196737177670002,-0.010552601888775826
r4_real,clipart,cosine_mean4,Refrigerator,middle_relative,16,-0.23086639408855,-0.06853279291383771,0.4375,48,,0,0.012591950595378876,0,-0.004429813474416733,-0.0075875818729400635
r4_real,clipart,cosine_mean4,Refrigerator,strong_relative,17,-0.263117045037035,-0.1760517530353703,0.30612244897959184,49,0.0,2,0.00842971820384264,1,-0.003110973397269845,-0.0051826126873493195
r4_real,clipart,cosine_mean4,Ruler,weak_relative,43,-0.10167699734966189,-0.13304104933166155,0.4954954954954955,111,,0,0.005356098525226116,0,-0.00032567145535722375,-0.0009057954885065556
r4_real,clipart,cosine_mean4,Ruler,middle_relative,18,-0.14412229251468972,-0.38902444410558323,0.525,40,,0,0.006429567467421293,0,0.00016685511218383908,-3.24856118822936e-05
r4_real,clipart,cosine_mean4,Ruler,strong_relative,6,-0.6914010500617676,-0.5273935030897384,0.14285714285714285,7,,0,0.00012564801727421582,0,-6.347759335767478e-05,0.0
r4_real,clipart,cosine_mean4,Scissors,weak_relative,26,0.5721997379993043,0.3180262859421511,0.9315068493150684,73,,0,0.006521185394376516,0,0.0031757543329149485,0.003461212385445833
r4_real,clipart,cosine_mean4,Scissors,middle_relative,30,0.3211609838820032,0.13347105492940425,0.7386363636363636,88,,0,0.004384393338114023,0,0.0011538438266143203,0.00233493372797966
r4_real,clipart,cosine_mean4,Scissors,strong_relative,43,0.3352078382193839,0.11402091490624329,0.6349206349206349,126,,0,0.0038819729816168547,0,0.0009238512138836086,0.002308070659637451
r4_real,clipart,cosine_mean4,Screwdriver,weak_relative,35,-0.07793224164789316,-0.22587866364662126,0.5142857142857142,105,,0,0.012550064362585545,0,-0.0013113294262439013,-0.0019996226765215397
r4_real,clipart,cosine_mean4,Screwdriver,middle_relative,24,-0.037379540827615215,0.3337027130328393,0.5138888888888888,72,,0,0.00981707964092493,0,-0.0012511415407061577,-0.001935441978275776
r4_real,clipart,cosine_mean4,Screwdriver,strong_relative,16,-0.16916279218533112,-0.04738138579847841,0.3958333333333333,48,,0,0.009195566177368164,0,0.0005540628917515278,-0.00017633335664868355
r4_real,clipart,cosine_mean4,Shelf,weak_relative,9,0.46728990647891916,0.35586946412200476,0.2962962962962963,27,,0,0.00936242938041687,0,0.0012068854412063956,0.0019300327403470874
r4_real,clipart,cosine_mean4,Shelf,middle_relative,12,0.0688881301415823,0.36827109711042455,0.7272727272727273,33,,0,0.007082234602421522,0,-0.00025630882009863853,-0.0010377975413575768
r4_real,clipart,cosine_mean4,Shelf,strong_relative,21,0.0790798929557785,0.10070485342635435,0.6984126984126984,63,,0,0.01112296711653471,0,0.00280583999119699,0.004159130156040192
r4_real,clipart,cosine_mean4,Sink,weak_relative,18,0.1325628064575331,-0.03032779919653419,0.6481481481481481,54,,0,0.014961221255362034,0,0.0006574897561222315,0.001686268369667232
r4_real,clipart,cosine_mean4,Sink,middle_relative,10,0.13600587309753842,0.1256099746508337,0.4,30,,0,0.009027864784002304,0,0.001394306542351842,0.0023293502163141966
r4_real,clipart,cosine_mean4,Sink,strong_relative,14,0.041437064751611415,0.29924851360337773,0.5952380952380952,42,,0,0.018966350704431534,0,-0.0015961229801177979,0.005476679187268019
r4_real,clipart,cosine_mean4,Sneakers,weak_relative,12,-0.42890806401533565,-0.2844946476667811,0.5555555555555556,36,,0,0.012965413741767406,0,-0.005193373654037714,-0.00613992428407073
r4_real,clipart,cosine_mean4,Sneakers,middle_relative,15,0.06946239091581254,-0.04328137598371268,0.5555555555555556,45,,0,0.007381917908787727,0,0.0015963236801326275,-0.0003933717671316117
r4_real,clipart,cosine_mean4,Sneakers,strong_relative,16,0.13109252149954623,0.13685133309426153,0.4166666666666667,48,,0,0.009848762303590775,0,0.00014729064423590899,0.0
r4_real,clipart,cosine_mean4,Soda,weak_relative,24,0.11520165421841656,-0.02591541383984607,0.6619718309859155,71,,0,0.011857368052005768,0,0.0009134199353866279,0.001286549144424498
r4_real,clipart,cosine_mean4,Soda,middle_relative,24,0.17134888168130055,0.056250462111003346,0.5416666666666666,72,,0,0.016890188679099083,0,-0.0012815954396501184,-0.00157098937779665
r4_real,clipart,cosine_mean4,Soda,strong_relative,13,-0.3957972448233265,-0.37691580847178285,0.41025641025641024,39,,0,0.012382669374346733,0,-0.0014176219701766968,0.0034467107616364956
r4_real,clipart,cosine_mean4,Speaker,weak_relative,24,0.09132861495830302,-0.30085637784951913,0.5,72,,0,0.012839242815971375,0,0.002244154457002878,0.006356747355312109
r4_real,clipart,cosine_mean4,Speaker,middle_relative,14,0.664997084959985,0.2758575494477347,0.8571428571428571,42,,0,0.009471171535551548,0,0.004436212126165628,0.006968212313950062
r4_real,clipart,cosine_mean4,Speaker,strong_relative,52,0.3154456182401873,-0.05704326925022124,0.6387096774193548,155,,0,0.010917948558926582,0,0.0021205407101660967,0.007207654882222414
r4_real,clipart,cosine_mean4,Spoon,weak_relative,28,0.5640864725443601,0.11119435406096446,0.6904761904761905,84,,0,0.013421544805169106,0,0.005792149342596531,0.004959538578987122
r4_real,clipart,cosine_mean4,Spoon,middle_relative,22,0.3949633928759797,-0.18258982373696853,0.7121212121212122,66,,0,0.01681719347834587,0,0.005139474291354418,0.006546907126903534
r4_real,clipart,cosine_mean4,Spoon,strong_relative,10,0.5365784364433825,0.23377850845976036,0.6666666666666666,30,,0,0.015368020161986351,0,0.0063952296040952206,0.008178383111953735
r4_real,clipart,cosine_mean4,TV,weak_relative,20,0.1870607169407764,-0.13893593705459492,0.6206896551724138,58,,0,0.008848820813000202,0,0.0016680147964507341,0.002794655505567789
r4_real,clipart,cosine_mean4,TV,middle_relative,41,0.45811320496995905,0.11943652165587071,0.7560975609756098,123,,0,0.006965579930692911,0,0.0023457438219338655,0.004230035934597254
r4_real,clipart,cosine_mean4,TV,strong_relative,38,0.0875141827450355,-0.26107946117721403,0.6754385964912281,114,,0,0.01329665444791317,0,0.0008910898468457162,0.003976713865995407
r4_real,clipart,cosine_mean4,Table,weak_relative,34,-0.3043748366032461,-0.17975208428866654,0.24,100,,0,0.00973474234342575,0,-0.0027856002561748028,-0.0033747979905456305
r4_real,clipart,cosine_mean4,Table,middle_relative,20,-0.2833531539058392,0.2459902225281899,0.23333333333333334,60,,0,0.012766152620315552,0,-0.0018456981051713228,-0.0034703388810157776
r4_real,clipart,cosine_mean4,Table,strong_relative,26,-0.08204659992104932,-0.22073255384699506,0.44871794871794873,78,,0,0.01078195869922638,0,-0.001686300034634769,-0.00511020515114069
r4_real,clipart,cosine_mean4,Telephone,weak_relative,22,-0.08140853753488336,-0.0748076012132036,0.4,60,,0,0.01726383902132511,0,0.0001589621970197186,0.002833240432664752
r4_real,clipart,cosine_mean4,Telephone,middle_relative,32,-0.2526414150654348,-0.23941990113586875,0.5052631578947369,95,,0,0.01165383867919445,0,-0.001393226906657219,-0.0010951684089377522
r4_real,clipart,cosine_mean4,Telephone,strong_relative,45,-0.2687486733177395,-0.3583052737851806,0.44360902255639095,133,,0,0.012132610194385052,0,-0.001980191096663475,0.0003027013153769076
r4_real,clipart,cosine_mean4,ToothBrush,weak_relative,10,-0.4564110658584212,-0.09996484247978137,0.4074074074074074,27,,0,0.009097973816096783,0,-0.00302097643725574,-0.0028072402346879244
r4_real,clipart,cosine_mean4,ToothBrush,middle_relative,15,-0.6371725381052761,-0.5465899916712954,0.4090909090909091,44,,0,0.010149703361093998,0,-0.003633972955867648,-0.0031202943064272404
r4_real,clipart,cosine_mean4,ToothBrush,strong_relative,14,-0.1586204949552168,-0.22396084007070413,0.5714285714285714,42,0.5,2,0.006560813169926405,1,-0.0007042320794425905,-0.0025592006277292967
r4_real,clipart,cosine_mean4,Toys,weak_relative,31,-0.0030496480898166037,-0.29951964900276307,0.5268817204301075,93,,0,0.02010948397219181,0,-0.001621380914002657,0.0066735511645674706
r4_real,clipart,cosine_mean4,Toys,middle_relative,26,-0.3842593335757596,0.024223389166349325,0.32051282051282054,78,,0,0.023223739117383957,0,-0.003913999069482088,0.004395084455609322
r4_real,clipart,cosine_mean4,Toys,strong_relative,42,-0.615726638810104,-0.32274323203012206,0.23015873015873015,126,,0,0.028497857972979546,0,-0.010399173013865948,0.0025383320171386003
r4_real,clipart,cosine_mean4,Trash_Can,weak_relative,19,-0.17137976828769824,-0.05569385946899398,0.38596491228070173,57,,0,0.013580565340816975,0,-0.002218622015789151,-0.004459165036678314
r4_real,clipart,cosine_mean4,Trash_Can,middle_relative,20,-0.0046707242734560644,-0.02063301638514357,0.4166666666666667,60,,0,0.010128544643521309,0,-0.0021338830702006817,-0.0042204055935144424
r4_real,clipart,cosine_mean4,Trash_Can,strong_relative,14,0.4900204763496283,0.44584917494478316,0.6097560975609756,41,,0,0.007817688398063183,0,0.002138202777132392,0.0027954375836998224
r4_real,clipart,cosine_mean4,Webcam,weak_relative,11,0.34692094513028937,0.5940500691755998,0.5757575757575758,33,,0,0.012176752090454102,0,0.0010247067548334599,0.00105284561868757
r4_real,clipart,cosine_mean4,Webcam,middle_relative,15,0.07171261230202658,-0.022550303342054153,0.65,40,,0,0.008808540180325508,0,-0.00010690552153391764,0.00029029970755800605
r4_real,clipart,cosine_mean4,Webcam,strong_relative,14,0.00861460283479645,-0.323382748106843,0.42857142857142855,42,,0,0.01326883677393198,0,0.0017336457967758179,0.005875604692846537
r4_real,clipart,source_z_l2_mean4,Alarm_Clock,weak_relative,25,-0.12404108213889001,-0.04564510220232873,0.5416666666666666,48,,0,0.001962588634341955,0,-0.00035962380934506655,-0.0008319408516399562
r4_real,clipart,source_z_l2_mean4,Alarm_Clock,middle_relative,28,0.2210898978879461,0.10292383043066251,0.6136363636363636,44,,0,0.004839732311666012,0,0.0005370421567931771,0.002569271717220545
r4_real,clipart,source_z_l2_mean4,Alarm_Clock,strong_relative,7,0.7158584071184495,0.7529963244490313,0.6666666666666666,18,,0,0.01798030361533165,0,0.0034465810749679804,0.003465318353846669
r4_real,clipart,source_z_l2_mean4,Backpack,weak_relative,9,0.19522402078289738,-0.056893957881000004,0.7037037037037037,27,,0,0.019411470741033554,0,0.003336847759783268,0.005535642616450787
r4_real,clipart,source_z_l2_mean4,Backpack,middle_relative,16,-0.17025572603413244,-0.24690725814979267,0.5111111111111111,45,,0,0.012338072061538696,0,-0.00105615658685565,-0.0008100440609268844
r4_real,clipart,source_z_l2_mean4,Backpack,strong_relative,31,0.30799905218376794,0.23841522894669936,0.5730337078651685,89,,0,0.007016412448137999,0,0.000856930622830987,0.0015861435094848275
r4_real,clipart,source_z_l2_mean4,Batteries,weak_relative,14,-0.6569609206736907,-0.5581638444209259,0.19444444444444445,36,,0,0.0055077411234378815,0,-0.002310879295691848,-0.004097646567970514
r4_real,clipart,source_z_l2_mean4,Batteries,middle_relative,22,-0.5755083491114049,-0.3777034444594662,0.2033898305084746,59,,0,0.012205955572426319,0,-0.004451588727533817,-0.008871707133948803
r4_real,clipart,source_z_l2_mean4,Batteries,strong_relative,28,-0.4827151521661272,-0.1887506122070936,0.3132530120481928,83,,0,0.01375888753682375,0,-0.004570447839796543,-0.007341176737099886
r4_real,clipart,source_z_l2_mean4,Bed,weak_relative,32,0.2554177476219433,-0.04862538581235523,0.5638297872340425,94,,0,0.009555835276842117,0,0.002886613830924034,0.004351187497377396
r4_real,clipart,source_z_l2_mean4,Bed,middle_relative,31,0.057735880398594945,-0.052931029004308565,0.6236559139784946,93,,0,0.006333354860544205,0,0.0004968371358700097,0.0008038092637434602
r4_real,clipart,source_z_l2_mean4,Bed,strong_relative,35,-0.019621310406001385,0.0709054665930315,0.49523809523809526,105,,0,0.009797020815312862,0,0.00045100279385223985,-0.0015809976030141115
r4_real,clipart,source_z_l2_mean4,Bike,weak_relative,19,0.27919134044034993,0.3416020627924404,0.42105263157894735,19,,0,0.0013175385538488626,0,0.0005670685204677284,3.7166111724218354e-05
r4_real,clipart,source_z_l2_mean4,Bike,middle_relative,52,-0.12646525822163251,-0.07528391175778315,0.44776119402985076,67,,0,0.0004935456672683358,0,3.88649023079779e-05,-4.400603211252019e-05
r4_real,clipart,source_z_l2_mean4,Bike,strong_relative,28,-0.5743299435185781,-0.4967579908228553,0.3225806451612903,62,,0,0.008250219747424126,0,-0.0023308212403208017,-0.0060640969313681126
r4_real,clipart,source_z_l2_mean4,Bottle,weak_relative,36,0.609117449500441,-0.27679244543084836,0.8888888888888888,108,,0,0.020886454731225967,0,0.007768591865897179,0.011031556874513626
r4_real,clipart,source_z_l2_mean4,Bottle,middle_relative,30,0.7215207257110701,0.03203077703211331,0.9,90,,0,0.024785984307527542,0,0.010635177604854107,0.014654910191893578
r4_real,clipart,source_z_l2_mean4,Bottle,strong_relative,33,0.6235800698746526,0.06577898864557913,0.8787878787878788,99,,0,0.01778057962656021,0,0.0067310337908566,0.009652622044086456
r4_real,clipart,source_z_l2_mean4,Bucket,weak_relative,31,0.6596258685099754,0.3118587230863744,0.9130434782608695,92,,0,0.01093788631260395,0,0.005213658791035414,0.008789842948317528
r4_real,clipart,source_z_l2_mean4,Bucket,middle_relative,21,0.4888968576946848,0.027516074824795216,0.847457627118644,59,,0,0.011439249850809574,0,0.004636029247194529,0.007975577376782894
r4_real,clipart,source_z_l2_mean4,Bucket,strong_relative,21,0.4331203326712057,0.15653666172276426,0.6610169491525424,59,,0,0.01134574320167303,0,0.0026374554727226496,0.007780514191836119
r4_real,clipart,source_z_l2_mean4,Calculator,weak_relative,13,-0.002855318514032793,0.06947879405840858,0.28125,32,,0,0.0005966024473309517,0,-2.4880337150534615e-05,-0.00018279004143550992
r4_real,clipart,source_z_l2_mean4,Calculator,middle_relative,13,0.4973397609170543,0.327649243780596,0.7272727272727273,33,,0,0.0028877397999167442,0,0.0013718344271183014,0.0022176115307956934
r4_real,clipart,source_z_l2_mean4,Calculator,strong_relative,20,0.16724391137602287,0.2921750578671139,0.5714285714285714,49,,0,0.004621461965143681,0,0.0001684942253632471,-0.001070686150342226
r4_real,clipart,source_z_l2_mean4,Calendar,weak_relative,35,0.5971858482058905,0.42086245693163593,0.6170212765957447,94,,0,0.01619080826640129,0,0.0039464798755943775,0.0007807717774994671
r4_real,clipart,source_z_l2_mean4,Calendar,middle_relative,29,0.7126985537033327,0.4974390413176782,0.8076923076923077,78,,0,0.011772193014621735,0,0.004708011634647846,0.0015681588556617498
r4_real,clipart,source_z_l2_mean4,Calendar,strong_relative,14,0.8778885006404551,0.880603877853666,0.45454545454545453,22,,0,0.007828466594219208,0,0.003722742199897766,0.007599357515573502
r4_real,clipart,source_z_l2_mean4,Candles,weak_relative,18,-0.32776463283841645,-0.33792669436505,0.4782608695652174,46,,0,0.01056596077978611,0,-0.0013414681889116764,-0.002289886586368084
r4_real,clipart,source_z_l2_mean4,Candles,middle_relative,31,-0.29197506191004247,-0.20242297320724004,0.5125,80,,0,0.011141274124383926,0,-0.0027019453700631857,-0.006203777156770229
r4_real,clipart,source_z_l2_mean4,Candles,strong_relative,50,-0.39966289928219473,-0.4020327851178534,0.3333333333333333,150,,0,0.006686523091048002,0,-0.0014762736391276121,-0.0025150375440716743
r4_real,clipart,source_z_l2_mean4,Chair,weak_relative,47,0.5764528979591091,0.3086158802192793,0.8478260869565217,138,1.0,2,0.009871388785541058,1,0.004094286821782589,0.005537903867661953
r4_real,clipart,source_z_l2_mean4,Chair,middle_relative,22,0.5123129723964571,-0.04808648810098062,0.7692307692307693,65,,0,0.015981310978531837,0,0.003383882576599717,0.007016195449978113
r4_real,clipart,source_z_l2_mean4,Chair,strong_relative,30,0.19306856313838197,0.16516856565998195,0.38202247191011235,89,,0,0.013445118442177773,0,0.0017692764522507787,0.0077396114356815815
r4_real,clipart,source_z_l2_mean4,Clipboards,middle_relative,15,-0.7354572802293797,-0.3919655685668669,0.06666666666666667,45,,0,0.032761167734861374,0,-0.01350496057420969,-0.01965092308819294
r4_real,clipart,source_z_l2_mean4,Clipboards,strong_relative,24,-0.419084856238861,0.028134460643591663,0.125,72,,0,0.011796521954238415,0,-0.0037482911720871925,-0.0070104594342410564
r4_real,clipart,source_z_l2_mean4,Computer,weak_relative,23,0.5966893096018314,0.11041313263845894,0.7391304347826086,69,,0,0.012748748995363712,0,0.004468216095119715,0.004471128340810537
r4_real,clipart,source_z_l2_mean4,Computer,middle_relative,23,0.49536545970266926,-0.171843960980857,0.7391304347826086,69,,0,0.015941912308335304,0,0.007131313439458609,0.010221047326922417
r4_real,clipart,source_z_l2_mean4,Computer,strong_relative,53,0.5764464585474705,0.16990409307768084,0.7672955974842768,159,,0,0.009408388286828995,0,0.004085977096110582,0.006411516573280096
r4_real,clipart,source_z_l2_mean4,Couch,weak_relative,19,0.7016950946057151,0.381826556009294,0.8947368421052632,57,,0,0.01584005355834961,0,0.007193337194621563,0.012007400393486023
r4_real,clipart,source_z_l2_mean4,Couch,middle_relative,27,0.3045078239105473,0.3275765957044482,0.6,75,,0,0.007781209424138069,0,0.002026120899245143,0.003310401225462556
r4_real,clipart,source_z_l2_mean4,Couch,strong_relative,18,0.36387053914948175,0.45726300502584694,0.6862745098039216,51,,0,0.011250000447034836,0,0.0023532328195869923,0.002660429337993264
r4_real,clipart,source_z_l2_mean4,Curtains,weak_relative,12,0.6579482531104203,0.4396627565832967,0.8333333333333334,36,,0,0.0169867891818285,0,0.007840256206691265,0.012223060242831707
r4_real,clipart,source_z_l2_mean4,Curtains,middle_relative,10,0.6463296255686817,0.28893612366139937,0.9,30,,0,0.014667431823909283,0,0.006260399706661701,0.013636283576488495
r4_real,clipart,source_z_l2_mean4,Curtains,strong_relative,20,-0.11772996488184191,-0.33286851201176854,0.5833333333333334,60,,0,0.016667887568473816,0,-0.0008708016248419881,0.0005412755417637527
r4_real,clipart,source_z_l2_mean4,Desk_Lamp,middle_relative,12,0.482544060068683,-0.0321763671753661,0.8333333333333334,36,,0,0.024504119530320168,0,0.01068510115146637,0.017170870676636696
r4_real,clipart,source_z_l2_mean4,Desk_Lamp,strong_relative,26,0.514252603932454,-0.13539657230265356,0.782051282051282,78,,0,0.022685788571834564,0,0.009118831716477871,0.0187996756285429
r4_real,clipart,source_z_l2_mean4,Drill,weak_relative,8,-0.4343290346485232,0.08785525492626481,0.375,24,,0,0.013134364038705826,0,-0.002171862870454788,-0.003924529999494553
r4_real,clipart,source_z_l2_mean4,Drill,middle_relative,14,-0.330471115268757,-0.20040015188421256,0.2926829268292683,41,,0,0.008281969465315342,0,-0.0016561067895963788,-0.001966682495549321
r4_real,clipart,source_z_l2_mean4,Drill,strong_relative,26,0.24862196479988147,-0.17538802988250635,0.717948717948718,78,,0,0.008007475174963474,0,0.002163684694096446,0.005310249049216509
r4_real,clipart,source_z_l2_mean4,Eraser,weak_relative,13,-0.6674351416359923,0.19555260726106008,0.0,39,,0,0.019518736749887466,0,-0.009569060057401657,-0.012363954447209835
r4_real,clipart,source_z_l2_mean4,Eraser,middle_relative,9,-0.6466154364249199,0.24485654045091204,0.2222222222222222,27,,0,0.031075159087777138,0,-0.013320366851985455,-0.024319052696228027
r4_real,clipart,source_z_l2_mean4,Eraser,strong_relative,18,-0.49560420662334714,0.30181539424324105,0.2222222222222222,54,,0,0.01704411953687668,0,-0.0067971148528158665,-0.014085822738707066
r4_real,clipart,source_z_l2_mean4,Exit_Sign,weak_relative,30,0.33417578301023415,0.20093557763034528,0.9285714285714286,28,,0,0.0012475106632336974,0,0.0006183059886097908,0.0012402229476720095
r4_real,clipart,source_z_l2_mean4,Exit_Sign,middle_relative,11,0.3891951377958999,0.022054222848798082,0.96,25,,0,0.004945725668221712,0,0.0024430982302874327,0.004869954660534859
r4_real,clipart,source_z_l2_mean4,Fan,weak_relative,14,-0.027620580678173367,0.3121303767675994,0.34375,32,,0,0.007513758260756731,0,-0.0002117628901032731,-0.0007312051020562649
r4_real,clipart,source_z_l2_mean4,Fan,middle_relative,22,-0.3980304431648279,-0.17697301820194689,0.36666666666666664,60,,0,0.012846473604440689,0,-0.003487279871478677,-0.006187352351844311
r4_real,clipart,source_z_l2_mean4,Fan,strong_relative,14,-0.09526327616428182,-0.13952501694792574,0.6428571428571429,42,,0,0.007993453182280064,0,3.100831963820383e-05,-0.0002360931975999847
r4_real,clipart,source_z_l2_mean4,File_Cabinet,weak_relative,8,-0.5939169805146346,-0.3303524049206192,0.2608695652173913,23,,0,0.016058528795838356,0,-0.006434914655983448,-0.013682982884347439
r4_real,clipart,source_z_l2_mean4,File_Cabinet,middle_relative,5,0.46872354348452666,0.20337422486500603,0.4666666666666667,15,,0,0.0038983519189059734,0,0.0008793193846940994,0.0022471253760159016
r4_real,clipart,source_z_l2_mean4,File_Cabinet,strong_relative,27,-0.3087339794655634,-0.02185283251395463,0.43209876543209874,81,0.0,2,0.013276444748044014,1,-0.0014354746090248227,-0.007640448864549398
r4_real,clipart,source_z_l2_mean4,Flipflops,weak_relative,20,-0.01995516742020173,-0.20746766722489762,0.6607142857142857,56,,0,0.002570029813796282,0,0.00043890028609894216,0.0010935055324807763
r4_real,clipart,source_z_l2_mean4,Flipflops,middle_relative,17,-0.06688234328259111,-0.05720347581172153,0.7058823529411765,51,,0,0.006241502705961466,0,-0.0002846385759767145,-0.0011942173587158322
r4_real,clipart,source_z_l2_mean4,Flowers,weak_relative,28,-0.3915435003140769,-0.3587438712616112,0.42168674698795183,83,,0,0.009853011928498745,0,-0.003767776768654585,-0.005789823364466429
r4_real,clipart,source_z_l2_mean4,Flowers,middle_relative,47,-0.49914998323065246,-0.4917709230036623,0.34532374100719426,139,,0,0.007097963243722916,0,-0.0019438163144513965,-0.0029270160011947155
r4_real,clipart,source_z_l2_mean4,Flowers,strong_relative,24,-0.23999837873551844,-0.2782485335655606,0.4647887323943662,71,,0,0.006397367920726538,0,-0.00012856295506935567,-7.632933557033539e-05
r4_real,clipart,source_z_l2_mean4,Folder,weak_relative,15,-0.46222897174451105,0.15795384057812079,0.2222222222222222,45,,0,0.01713503710925579,0,-0.006799854803830385,-0.013161811977624893
r4_real,clipart,source_z_l2_mean4,Folder,middle_relative,37,0.06676670125003203,0.0866723386870104,0.5504587155963303,109,,0,0.008732214570045471,0,0.0003407576004974544,0.000197649045730941
r4_real,clipart,source_z_l2_mean4,Folder,strong_relative,47,0.46227178886735837,0.04526671409148678,0.75,140,,0,0.011712061241269112,0,0.003476908663287759,0.004657953046262264
r4_real,clipart,source_z_l2_mean4,Fork,weak_relative,34,-0.15275218547606778,0.2469059950202719,0.5172413793103449,87,1.0,2,0.006994998082518578,1,-0.0014419888611882925,-0.00015885705943219364
r4_real,clipart,source_z_l2_mean4,Fork,middle_relative,22,0.4486950907840611,-0.06973721438514253,0.7121212121212122,66,,0,0.011994077824056149,0,0.0036213810089975595,0.007274350617080927
r4_real,clipart,source_z_l2_mean4,Fork,strong_relative,5,-0.20537633156349422,-0.7619255213409969,0.4,15,,0,0.00979635864496231,0,-0.0003248663560952991,0.004352140240371227
r4_real,clipart,source_z_l2_mean4,Glasses,weak_relative,19,-0.3164272112889294,-0.2665745419481722,0.07692307692307693,52,,0,0.004014709964394569,0,-0.0013029244728386402,-0.0026277622673660517
r4_real,clipart,source_z_l2_mean4,Glasses,middle_relative,23,0.002786950185120344,0.37739100715873786,0.25,52,,0,0.0029118515085428953,0,-0.0005444634589366615,-0.001346031902357936
r4_real,clipart,source_z_l2_mean4,Glasses,strong_relative,10,-0.020323375559034382,0.5755675628537654,0.37037037037037035,27,,0,0.00918257050216198,0,-0.000567526207305491,-0.003710539313033223
r4_real,clipart,source_z_l2_mean4,Hammer,weak_relative,38,0.45470777919519156,-0.21909563632514328,0.7964601769911505,113,,0,0.01048654317855835,0,0.003673285711556673,0.00654599629342556
r4_real,clipart,source_z_l2_mean4,Hammer,middle_relative,42,0.19974408823999326,-0.28090436383481837,0.680327868852459,122,,0,0.007962937466800213,0,0.0018050342332571745,0.003843778045848012
r4_real,clipart,source_z_l2_mean4,Hammer,strong_relative,19,-0.173361400956619,0.20686142936532453,0.45614035087719296,57,,0,0.006749407388269901,0,-0.0011367186671122909,-0.002368795219808817
r4_real,clipart,source_z_l2_mean4,Helmet,weak_relative,17,0.5846626505212473,0.1740429793352145,0.803921568627451,51,,0,0.027395401149988174,0,0.008455179631710052,0.009852811694145203
r4_real,clipart,source_z_l2_mean4,Helmet,middle_relative,27,0.8022346149046649,0.4429916730371715,0.881578947368421,76,,0,0.028692765161395073,0,0.013256089761853218,0.018214037641882896
r4_real,clipart,source_z_l2_mean4,Helmet,strong_relative,25,0.7586926018130314,0.46922935497526314,0.8266666666666667,75,,0,0.029050040990114212,0,0.01287204772233963,0.021072184666991234
r4_real,clipart,source_z_l2_mean4,Kettle,weak_relative,13,-0.26457368159260586,0.07573230334975162,0.39473684210526316,38,,0,0.012261421419680119,0,-0.0032601545099169016,-0.0033235973678529263
r4_real,clipart,source_z_l2_mean4,Kettle,middle_relative,12,-0.37974839535404975,0.3150627798899778,0.2777777777777778,36,,0,0.005329541862010956,0,-0.001107235555537045,-0.0019843403715640306
r4_real,clipart,source_z_l2_mean4,Kettle,strong_relative,15,-0.5753902624293272,-0.401189773662392,0.32558139534883723,43,,0,0.0029827228281646967,0,-0.0008569441852159798,-0.002179574454203248
r4_real,clipart,source_z_l2_mean4,Keyboard,weak_relative,21,-0.41199633415186926,-0.26653690470596664,0.5106382978723404,47,,0,0.004246360622346401,0,-0.00115047802682966,-0.0020395652391016483
r4_real,clipart,source_z_l2_mean4,Keyboard,middle_relative,36,-0.4442700568567914,-0.3577271401819285,0.32432432432432434,74,,0,0.0047638495452702045,0,-0.002191697945818305,-0.0025501465424895287
r4_real,clipart,source_z_l2_mean4,Keyboard,strong_relative,42,-0.4165442267166075,-0.2671079352703775,0.40336134453781514,119,,0,0.007531389594078064,0,-0.002126963809132576,-0.0031189972069114447
r4_real,clipart,source_z_l2_mean4,Knives,weak_relative,24,0.42081277763753755,-0.6429008706739793,0.6666666666666666,72,,0,0.013734504580497742,0,0.005929723847657442,0.009634165093302727
r4_real,clipart,source_z_l2_mean4,Knives,middle_relative,16,0.6188172120910267,0.10766999898097389,0.75,48,,0,0.012354652397334576,0,0.005038534756749868,0.004551703110337257
r4_real,clipart,source_z_l2_mean4,Knives,strong_relative,13,0.6224825447502592,-0.27420644023046536,0.8974358974358975,39,,0,0.01196480356156826,0,0.005596252158284187,0.011109679006040096
r4_real,clipart,source_z_l2_mean4,Lamp_Shade,weak_relative,7,-0.30491078390874204,0.23097920585558518,0.5238095238095238,21,,0,0.010256818495690823,0,-0.002784965094178915,-0.0002884614805225283
r4_real,clipart,source_z_l2_mean4,Lamp_Shade,middle_relative,10,0.10802309242739053,0.6065084568679506,0.6333333333333333,30,,0,0.011484039947390556,0,0.0026509445160627365,0.0008226271602325141
r4_real,clipart,source_z_l2_mean4,Lamp_Shade,strong_relative,23,0.11767245608597175,0.48820441219207006,0.5970149253731343,67,,0,0.008738909848034382,0,0.0017278530867770314,0.0005934194778092206
r4_real,clipart,source_z_l2_mean4,Laptop,weak_relative,25,-0.6240014745209619,0.05092232618297035,0.06666666666666667,75,,0,0.010900581255555153,0,-0.00515966909006238,-0.007495659403502941
r4_real,clipart,source_z_l2_mean4,Laptop,middle_relative,40,-0.8144195129332399,0.08892094486353054,0.0,120,,0,0.02595055103302002,0,-0.012919765897095203,-0.01884860172867775
r4_real,clipart,source_z_l2_mean4,Laptop,strong_relative,34,-0.6731649976007836,-0.1486944239037594,0.12745098039215685,102,,0,0.017682773992419243,0,-0.007098060101270676,-0.013575635850429535
r4_real,clipart,source_z_l2_mean4,Marker,weak_relative,30,0.7223237513511406,-0.3159213609680792,0.9333333333333333,90,1.0,2,0.02506944350898266,1,0.012009753845632076,0.011445317417383194
r4_real,clipart,source_z_l2_mean4,Marker,middle_relative,31,0.8272174640982798,0.09874935108470129,0.956989247311828,93,,0,0.029937902465462685,0,0.014213387854397297,0.020062385126948357
r4_real,clipart,source_z_l2_mean4,Marker,strong_relative,10,0.8357848513558817,-0.3438934235532941,1.0,30,,0,0.031742244958877563,0,0.01565886102616787,0.024054676294326782
r4_real,clipart,source_z_l2_mean4,Monitor,weak_relative,18,-0.6789401256985284,-0.023086085584356902,0.1509433962264151,53,0.0,2,0.008954768069088459,1,-0.003740984480828047,-0.00613806489855051
r4_real,clipart,source_z_l2_mean4,Monitor,middle_relative,40,-0.24038137771813706,-0.3492487929150663,0.36666666666666664,120,,0,0.0076142242178320885,0,-0.0009211486903950572,-0.0005810769507661462
r4_real,clipart,source_z_l2_mean4,Monitor,strong_relative,41,-0.4426255140233367,-0.05170572993032089,0.2032520325203252,123,,0,0.0074353343807160854,0,-0.0021988165099173784,-0.002735576592385769
r4_real,clipart,source_z_l2_mean4,Mop,weak_relative,9,-0.6253747264759865,0.2297621106274324,0.2222222222222222,27,,0,0.016638418659567833,0,-0.007335112430155277,-0.012948520481586456
r4_real,clipart,source_z_l2_mean4,Mop,middle_relative,13,-0.5929322634445551,0.18853275146555765,0.3076923076923077,39,,0,0.013412287458777428,0,-0.005457811988890171,-0.008518717251718044
r4_real,clipart,source_z_l2_mean4,Mop,strong_relative,18,-0.11286451315802085,0.5211785913756306,0.2962962962962963,54,,0,0.02200532704591751,0,-0.0034156080801039934,-0.013035527430474758
r4_real,clipart,source_z_l2_mean4,Mouse,weak_relative,29,-0.567155562576957,0.1147854927181951,0.10526315789473684,76,,0,0.00933343917131424,0,-0.0045118131674826145,-0.0087847039103508
r4_real,clipart,source_z_l2_mean4,Mouse,middle_relative,29,-0.5082129638806634,0.2624568276798657,0.16091954022988506,87,,0,0.01666472665965557,0,-0.007177888415753841,-0.013297674246132374
r4_real,clipart,source_z_l2_mean4,Mouse,strong_relative,18,-0.619382694877112,0.14490852866070086,0.12962962962962962,54,,0,0.015194926410913467,0,-0.006848382763564587,-0.012851452454924583
r4_real,clipart,source_z_l2_mean4,Mug,weak_relative,63,0.4621231069107145,0.09510359842407062,0.8556149732620321,187,,0,0.005667961202561855,0,0.002311555203050375,0.0033465379383414984
r4_real,clipart,source_z_l2_mean4,Mug,middle_relative,23,0.36302829166794776,-0.171318235701789,0.8181818181818182,66,,0,0.012487351894378662,0,0.003925328142940998,0.00813879631459713
r4_real,clipart,source_z_l2_mean4,Mug,strong_relative,13,0.46437222142711854,0.1855830028819743,0.717948717948718,39,,0,0.012137249112129211,0,0.004663726314902306,0.007221250794827938
r4_real,clipart,source_z_l2_mean4,Notebook,weak_relative,37,-0.2845600053054108,-0.3107823380801042,0.3063063063063063,111,,0,0.013510257005691528,0,-0.0026422441005706787,-0.002792342798784375
r4_real,clipart,source_z_l2_mean4,Notebook,middle_relative,29,-0.37223134711933675,0.12806190241171223,0.3218390804597701,87,0.0,2,0.013041549362242222,1,-0.0023141091223806143,-0.0037042086478322744
r4_real,clipart,source_z_l2_mean4,Notebook,strong_relative,17,-0.3295336827318885,-0.06495484755479687,0.2549019607843137,51,,0,0.014749996364116669,0,-0.0031649619340896606,-0.002164440229535103
r4_real,clipart,source_z_l2_mean4,Oven,weak_relative,7,-0.49572677441218715,-0.20610018148025844,0.16666666666666666,18,,0,0.011738059110939503,0,-0.004574178718030453,-0.005359304137527943
r4_real,clipart,source_z_l2_mean4,Oven,middle_relative,26,-0.10259519190199005,0.007895116873628682,0.3333333333333333,69,,0,0.006879314314574003,0,-0.0009310652385465801,-0.0016792061505839229
r4_real,clipart,source_z_l2_mean4,Oven,strong_relative,7,0.2609491154230228,-0.7010931096469067,0.6666666666666666,21,,0,0.007039444986730814,0,0.002327569993212819,0.005637952126562595
r4_real,clipart,source_z_l2_mean4,Pan,weak_relative,19,0.25207951080614655,0.1594765857025598,0.7346938775510204,49,,0,0.009674173779785633,0,0.0015488682547584176,0.003166296286508441
r4_real,clipart,source_z_l2_mean4,Pan,middle_relative,14,0.4493373347265826,0.5116694898807038,0.8,35,,0,0.0028990409336984158,0,0.000729078077711165,0.00047632065252400935
r4_real,clipart,source_z_l2_mean4,Pan,strong_relative,18,0.20460330983048422,-0.0860081255818157,0.7037037037037037,54,,0,0.011560428887605667,0,-0.0005864119157195091,0.0028270683251321316
r4_real,clipart,source_z_l2_mean4,Paper_Clip,weak_relative,24,0.48883492958914593,-0.13997753195404086,0.9027777777777778,72,,0,0.014146864414215088,0,0.00488488981500268,0.008317709900438786
r4_real,clipart,source_z_l2_mean4,Paper_Clip,middle_relative,10,0.5166903145757128,-0.5770782184756706,0.8,30,,0,0.012511543929576874,0,0.0048940228298306465,0.008933953940868378
r4_real,clipart,source_z_l2_mean4,Paper_Clip,strong_relative,6,0.2934456029137049,-0.4605874639808658,0.6111111111111112,18,,0,0.012191136367619038,0,0.0028006236534565687,0.006280938629060984
r4_real,clipart,source_z_l2_mean4,Pen,weak_relative,55,-0.7389350984164924,0.14243780998852457,0.06666666666666667,165,,0,0.01749032363295555,0,-0.008232935331761837,-0.00926703680306673
r4_real,clipart,source_z_l2_mean4,Pen,middle_relative,35,-0.7086746036909469,0.11447002754167461,0.08571428571428572,105,,0,0.01737350784242153,0,-0.007509092800319195,-0.010994955897331238
r4_real,clipart,source_z_l2_mean4,Pen,strong_relative,9,-0.7587395686374485,-0.07885688981688065,0.1111111111111111,27,,0,0.01478417869657278,0,-0.006687215529382229,-0.011934388428926468
r4_real,clipart,source_z_l2_mean4,Pencil,weak_relative,49,0.05000346899224196,-0.018101607292562345,0.4931506849315068,146,,0,0.010621169582009315,0,0.0005598157877102494,7.973200990818441e-05
r4_real,clipart,source_z_l2_mean4,Pencil,middle_relative,30,-0.02915093715353228,0.0906479854966368,0.5666666666666667,90,,0,0.018272899091243744,0,-8.10866549727507e-05,-2.6386480385554023e-05
r4_real,clipart,source_z_l2_mean4,Pencil,strong_relative,20,-0.1940158993555655,-0.2776909843342293,0.423728813559322,59,,0,0.009151998907327652,0,-0.00030914825038053095,-0.0013367325300350785
r4_real,clipart,source_z_l2_mean4,Postit_Notes,weak_relative,24,-0.6554301259538371,-0.31444171743921756,0.2222222222222222,72,,0,0.023416882380843163,0,-0.009284205734729767,-0.011617082171142101
r4_real,clipart,source_z_l2_mean4,Postit_Notes,middle_relative,10,-0.5858375380706621,-0.08605587194916314,0.3,30,,0,0.01611030101776123,0,-0.006383180618286133,-0.012059159576892853
r4_real,clipart,source_z_l2_mean4,Postit_Notes,strong_relative,7,-0.4385517082219386,-0.3518594319165828,0.42857142857142855,21,,0,0.016272172331809998,0,-0.0034376319963485003,-0.006272187922149897
r4_real,clipart,source_z_l2_mean4,Printer,weak_relative,11,-0.3868088727779996,0.04004641451110537,0.3870967741935484,31,,0,0.011768508702516556,0,-0.004056141246110201,-0.007458351086825132
r4_real,clipart,source_z_l2_mean4,Printer,middle_relative,20,-0.030618986717165373,-0.24680733815521752,0.6779661016949152,59,,0,0.006271003279834986,0,0.0008126635220833123,1.2866221368312836e-05
r4_real,clipart,source_z_l2_mean4,Printer,strong_relative,56,0.5687766340864152,-0.03763832495124123,0.844311377245509,167,,0,0.00873477477580309,0,0.0032823632936924696,0.006840110290795565
r4_real,clipart,source_z_l2_mean4,Push_Pin,weak_relative,18,0.2432902602789262,0.17956240450280062,0.6851851851851852,54,0.0,2,0.00506295682862401,1,0.0005632142419926822,0.001557447132654488
r4_real,clipart,source_z_l2_mean4,Push_Pin,middle_relative,11,0.40562840064547623,-0.3926777697629594,0.8181818181818182,33,,0,0.009031634777784348,0,0.0037973111029714346,0.008023427799344063
r4_real,clipart,source_z_l2_mean4,Push_Pin,strong_relative,11,0.6970984571504579,0.27396873577844866,0.9090909090909091,33,,0,0.014027625322341919,0,0.004997743759304285,0.010572896338999271
r4_real,clipart,source_z_l2_mean4,Radio,weak_relative,18,-0.2436141446273386,-0.1763503470905227,0.5,54,,0,0.013050894252955914,0,-0.002207572339102626,-0.0037268060259521008
r4_real,clipart,source_z_l2_mean4,Radio,middle_relative,8,-0.08715245939100483,0.47708534176345546,0.5,24,,0,0.005734628066420555,0,0.0003161672502756119,-0.0009690150618553162
r4_real,clipart,source_z_l2_mean4,Radio,strong_relative,20,-0.24701283695808132,-0.03630869848597686,0.36666666666666664,60,,0,0.0063410475850105286,0,-0.0015587552916258574,-0.00324295018799603
r4_real,clipart,source_z_l2_mean4,Refrigerator,weak_relative,7,-0.7575631828148653,0.8872668075197108,0.0,21,,0,0.022603383287787437,0,-0.011196737177670002,-0.010552601888775826
r4_real,clipart,source_z_l2_mean4,Refrigerator,middle_relative,16,-0.3937946523858774,-0.15016813100849166,0.5,48,,0,0.012591950595378876,0,-0.002966921776533127,-0.0061246901750564575
r4_real,clipart,source_z_l2_mean4,Refrigerator,strong_relative,17,-0.4801397030009286,-0.2641450609269441,0.40816326530612246,49,0.0,2,0.00842971820384264,1,-0.002036875346675515,-0.00410851463675499
r4_real,clipart,source_z_l2_mean4,Ruler,weak_relative,43,-0.047967597336551544,-0.13787317401233304,0.5495495495495496,111,,0,0.005356098525226116,0,-3.621770520112477e-05,-0.000616341654676944
r4_real,clipart,source_z_l2_mean4,Ruler,middle_relative,18,0.05722408456729177,-0.25612960510207966,0.65,40,,0,0.006429567467421293,0,0.0006945770583115518,0.0004952363669872284
r4_real,clipart,source_z_l2_mean4,Ruler,strong_relative,6,-0.6543768971404549,-0.4271531003389386,0.14285714285714285,7,,0,0.00012564801727421582,0,-6.347759335767478e-05,0.0
r4_real,clipart,source_z_l2_mean4,Scissors,weak_relative,26,0.5295827699603305,0.17918244479738576,0.9315068493150684,73,,0,0.006521185394376516,0,0.0030546102207154036,0.0033400682732462883
r4_real,clipart,source_z_l2_mean4,Scissors,middle_relative,30,0.298183124021036,0.029060512754051058,0.7272727272727273,88,,0,0.004384393338114023,0,0.0011538438266143203,0.00233493372797966
r4_real,clipart,source_z_l2_mean4,Scissors,strong_relative,43,0.43614480030002484,0.1783000807058786,0.6825396825396826,126,,0,0.0038819729816168547,0,0.0011956491507589817,0.0025798685383051634
r4_real,clipart,source_z_l2_mean4,Screwdriver,weak_relative,35,-0.08072794169324178,-0.3857381092541481,0.5714285714285714,105,,0,0.012550064362585545,0,0.0003386633761692792,-0.000349629670381546
r4_real,clipart,source_z_l2_mean4,Screwdriver,middle_relative,24,-0.1839366061283718,0.01967358046616491,0.5,72,,0,0.00981707964092493,0,-0.0012511415407061577,-0.001935441978275776
r4_real,clipart,source_z_l2_mean4,Screwdriver,strong_relative,16,-0.14895083664785672,0.12191457278949148,0.4166666666666667,48,,0,0.009195566177368164,0,-0.00104959262534976,-0.0017799888737499714
r4_real,clipart,source_z_l2_mean4,Shelf,weak_relative,9,0.4405923371235435,0.32796516378271134,0.2962962962962963,27,,0,0.00936242938041687,0,0.0012068854412063956,0.0019300327403470874
r4_real,clipart,source_z_l2_mean4,Shelf,middle_relative,12,0.16232583699477834,0.2047495291084527,0.6363636363636364,33,,0,0.007082234602421522,0,0.0006980801117606461,-8.340863132616505e-05
r4_real,clipart,source_z_l2_mean4,Shelf,strong_relative,21,0.32596294617303034,0.3268483419571824,0.6984126984126984,63,,0,0.01112296711653471,0,0.0028218552470207214,0.004175145179033279
r4_real,clipart,source_z_l2_mean4,Sink,weak_relative,18,0.3537112745472005,-0.006754862393679872,0.6481481481481481,54,,0,0.014961221255362034,0,0.005360614042729139,0.006389392539858818
r4_real,clipart,source_z_l2_mean4,Sink,middle_relative,10,-0.11341455627110808,-0.37413955732787185,0.3,30,,0,0.009027864784002304,0,0.0005540315178222954,0.001489075249992311
r4_real,clipart,source_z_l2_mean4,Sink,strong_relative,14,0.530430130803237,0.0718294177966093,0.7380952380952381,42,,0,0.018966350704431534,0,0.007381119765341282,0.014453922398388386
r4_real,clipart,source_z_l2_mean4,Sneakers,weak_relative,12,-0.6364617818656392,-0.36543599322609843,0.3333333333333333,36,,0,0.012965413741767406,0,-0.005448104348033667,-0.0063946545124053955
r4_real,clipart,source_z_l2_mean4,Sneakers,middle_relative,15,-0.08294458269539332,0.11334014703126398,0.4666666666666667,45,,0,0.007381917908787727,0,-0.0002802915987558663,-0.002269987016916275
r4_real,clipart,source_z_l2_mean4,Sneakers,strong_relative,16,0.07567365450503402,0.08076547669998178,0.5833333333333334,48,,0,0.009848762303590775,0,0.0012863344745710492,0.0011390438303351402
r4_real,clipart,source_z_l2_mean4,Soda,weak_relative,24,0.09630694000991089,-0.19399415937878975,0.6619718309859155,71,,0,0.011857368052005768,0,0.0010901264613494277,0.0014632554957643151
r4_real,clipart,source_z_l2_mean4,Soda,middle_relative,24,0.2801303811134746,0.024850396965426454,0.5555555555555556,72,,0,0.016890188679099083,0,0.003352514700964093,0.0030631208792328835
r4_real,clipart,source_z_l2_mean4,Soda,strong_relative,13,-0.1349498631862269,-0.047548700045499374,0.41025641025641024,39,,0,0.012382669374346733,0,-0.001482394989579916,0.0033819377422332764
r4_real,clipart,source_z_l2_mean4,Speaker,weak_relative,24,0.332678036539336,0.16080719066870458,0.5138888888888888,72,,0,0.012839242815971375,0,0.00238033733330667,0.006492929998785257
r4_real,clipart,source_z_l2_mean4,Speaker,middle_relative,14,0.8252232040360186,0.6624981002343228,0.8571428571428571,42,,0,0.009471171535551548,0,0.0043906839564442635,0.006922684144228697
r4_real,clipart,source_z_l2_mean4,Speaker,strong_relative,52,0.6160266691225916,0.11852496450810829,0.8193548387096774,155,,0,0.010917948558926582,0,0.004445661325007677,0.009532774798572063
r4_real,clipart,source_z_l2_mean4,Spoon,weak_relative,28,0.5147723785305754,-0.2417768042573365,0.6785714285714286,84,,0,0.013421544805169106,0,0.005083960946649313,0.004251350183039904
r4_real,clipart,source_z_l2_mean4,Spoon,middle_relative,22,0.5212090005658412,-0.23135515316292013,0.7121212121212122,66,,0,0.01681719347834587,0,0.004682667087763548,0.006090099923312664
r4_real,clipart,source_z_l2_mean4,Spoon,strong_relative,10,0.5158167171772762,-0.04370694117485582,0.7,30,,0,0.015368020161986351,0,0.0063952296040952206,0.008178383111953735
r4_real,clipart,source_z_l2_mean4,TV,weak_relative,20,0.5929934068560072,0.17696384718284874,0.8103448275862069,58,,0,0.008848820813000202,0,0.0039312043227255344,0.005057844799011946
r4_real,clipart,source_z_l2_mean4,TV,middle_relative,41,0.5170345595812751,0.09655411036866429,0.7560975609756098,123,,0,0.006965579930692911,0,0.002216818742454052,0.004101110622286797
r4_real,clipart,source_z_l2_mean4,TV,strong_relative,38,0.3211287645313488,-0.28886135832319726,0.7894736842105263,114,,0,0.01329665444791317,0,0.0030373551417142153,0.006122978869825602
r4_real,clipart,source_z_l2_mean4,Table,weak_relative,34,-0.35363254009310857,-0.3176966418993618,0.28,100,,0,0.00973474234342575,0,-0.0027242230717092752,-0.003313420806080103
r4_real,clipart,source_z_l2_mean4,Table,middle_relative,20,-0.3867969948925929,0.4464162002726091,0.15,60,,0,0.012766152620315552,0,-0.0033193279523402452,-0.0049439687281847
r4_real,clipart,source_z_l2_mean4,Table,strong_relative,26,-0.3908556720602855,-0.15274195200184834,0.32051282051282054,78,,0,0.01078195869922638,0,-0.003045086283236742,-0.006468991748988628
r4_real,clipart,source_z_l2_mean4,Telephone,weak_relative,22,-0.164490492392388,-0.1840322970415126,0.3,60,,0,0.01726383902132511,0,-0.002007570117712021,0.0006667084526270628
r4_real,clipart,source_z_l2_mean4,Telephone,middle_relative,32,-0.34675464032002357,-0.45694760722321953,0.3473684210526316,95,,0,0.01165383867919445,0,-0.0012064967304468155,-0.000908438116312027
r4_real,clipart,source_z_l2_mean4,Telephone,strong_relative,45,-0.07734541148730606,-0.34742057298685614,0.5037593984962406,133,,0,0.012132610194385052,0,-0.00039473126525990665,0.0018881612922996283
r4_real,clipart,source_z_l2_mean4,ToothBrush,weak_relative,10,-0.31661811037152104,0.25627011409096034,0.4444444444444444,27,,0,0.009097973816096783,0,-0.0017329081892967224,-0.0015191718703135848
r4_real,clipart,source_z_l2_mean4,ToothBrush,middle_relative,15,-0.5416358021065462,-0.41887804790607225,0.45454545454545453,44,,0,0.010149703361093998,0,-0.0031679158564656973,-0.0026542372070252895
r4_real,clipart,source_z_l2_mean4,ToothBrush,strong_relative,14,-0.4139092549581359,-0.2937434319165033,0.35714285714285715,42,0.0,2,0.006560813169926405,1,-0.0022518709301948547,-0.004106839653104544
r4_real,clipart,source_z_l2_mean4,Toys,weak_relative,31,0.49025891007379707,-0.1983497423175126,0.7526881720430108,93,,0,0.02010948397219181,0,0.0061698961071670055,0.014464828185737133
r4_real,clipart,source_z_l2_mean4,Toys,middle_relative,26,0.3898227889586593,-0.03600488798662267,0.717948717948718,78,,0,0.023223739117383957,0,0.005208278074860573,0.013517361134290695
r4_real,clipart,source_z_l2_mean4,Toys,strong_relative,42,0.1453747905239487,-0.3842048163909795,0.5555555555555556,126,,0,0.028497857972979546,0,0.0012314103078097105,0.014168915338814259
r4_real,clipart,source_z_l2_mean4,Trash_Can,weak_relative,19,0.02689438793290656,0.32250394032224744,0.47368421052631576,57,,0,0.013580565340816975,0,-0.00021247408585622907,-0.002453017281368375
r4_real,clipart,source_z_l2_mean4,Trash_Can,middle_relative,20,-0.1025642003381044,-0.23136788566148075,0.55,60,,0,0.010128544643521309,0,0.000220652756979689,-0.0018658697372302413
r4_real,clipart,source_z_l2_mean4,Trash_Can,strong_relative,14,0.3500414933054313,0.30050471383889366,0.7317073170731707,41,,0,0.007817688398063183,0,0.0023358177859336138,0.0029930525925010443
r4_real,clipart,source_z_l2_mean4,Webcam,weak_relative,11,0.04451324385484008,-0.1938083305870858,0.5454545454545454,33,,0,0.012176752090454102,0,0.0010247067548334599,0.00105284561868757
r4_real,clipart,source_z_l2_mean4,Webcam,middle_relative,15,0.05222066569720087,-0.18778243830212246,0.75,40,,0,0.008808540180325508,0,0.0003731204487849027,0.0007703257142566144
r4_real,clipart,source_z_l2_mean4,Webcam,strong_relative,14,0.31123320188785636,-0.3112040121857557,0.5,42,,0,0.01326883677393198,0,0.0037927308585494757,0.00793468952178955
r4_random,clipart,cosine_mean4,Alarm_Clock,weak_relative,25,-0.22998071401147002,-0.6225209787196863,0.6805555555555556,72,0.5,6,0.26404622197151184,3,-0.1179167851805687,-0.13439024984836578
r4_random,clipart,cosine_mean4,Alarm_Clock,middle_relative,28,-0.2652056587272992,-0.4107059390037721,0.6097560975609756,82,,0,0.2948768138885498,0,-0.1201549544930458,-0.18509192764759064
r4_random,clipart,cosine_mean4,Alarm_Clock,strong_relative,7,0.7250800034292098,0.633065297895446,0.6190476190476191,21,1.0,2,0.6269415020942688,1,0.20246244966983795,-0.026004238054156303
r4_random,clipart,cosine_mean4,Backpack,weak_relative,9,0.7170431174939255,0.6984165321343628,0.5925925925925926,27,0.5,2,0.6711774468421936,1,0.21627169847488403,0.195631206035614
r4_random,clipart,cosine_mean4,Backpack,middle_relative,16,-0.27801919731735086,-0.2573507062694786,0.5416666666666666,48,0.3333333333333333,6,0.5682083368301392,3,-0.1112041026353836,0.018968552350997925
r4_random,clipart,cosine_mean4,Backpack,strong_relative,31,-0.44427736232712495,0.0466466710126863,0.358695652173913,92,0.6666666666666666,6,0.6211578845977783,3,-0.2729814052581787,0.05039510503411293
r4_random,clipart,cosine_mean4,Batteries,weak_relative,14,-0.4593708690213313,0.054288958495699695,0.21428571428571427,42,0.5,4,0.541476309299469,2,-0.08753521740436554,-0.25607457756996155
r4_random,clipart,cosine_mean4,Batteries,middle_relative,22,-0.45576659253538426,-0.20842872816616584,0.25757575757575757,66,0.0,4,0.6078709959983826,2,-0.11778029799461365,-0.30578187108039856
r4_random,clipart,cosine_mean4,Batteries,strong_relative,28,-0.5656680005144582,-0.4284387409689148,0.4166666666666667,84,0.0,6,0.7532970309257507,3,-0.15865302085876465,-0.37401464581489563
r4_random,clipart,cosine_mean4,Bed,weak_relative,32,0.2614286985310409,0.03968487848214856,0.59375,96,,0,0.5519028306007385,0,0.06625738739967346,0.11932305991649628
r4_random,clipart,cosine_mean4,Bed,middle_relative,31,0.5244225771170931,0.31635442825922944,0.7096774193548387,93,1.0,2,0.6162636280059814,1,0.21944889426231384,0.4371646046638489
r4_random,clipart,cosine_mean4,Bed,strong_relative,35,-0.146925702070519,0.11713637987337253,0.4380952380952381,105,0.5,8,0.5342410206794739,4,-0.13146410882472992,0.05084982514381409
r4_random,clipart,cosine_mean4,Bike,weak_relative,19,-0.12476024784551774,-0.03580039382093219,0.35714285714285715,56,,0,0.02027706243097782,0,0.00010527670383453369,0.0007189682219177485
r4_random,clipart,cosine_mean4,Bike,middle_relative,52,0.08951923320793206,0.18689153254200538,0.5,154,0.0,2,0.09883416444063187,1,0.01623457483947277,0.05935191735625267
r4_random,clipart,cosine_mean4,Bike,strong_relative,28,0.02960792485985308,0.2929161766210206,0.5595238095238095,84,,0,0.38856205344200134,0,0.04826594516634941,0.20700232684612274
r4_random,clipart,cosine_mean4,Bottle,weak_relative,36,0.507647159090232,0.12150724269650018,0.7129629629629629,108,0.7,10,2.27473783493042,5,0.4970000088214874,0.9797160625457764
r4_random,clipart,cosine_mean4,Bottle,middle_relative,30,0.44515239062873446,-0.3433104591571821,0.6222222222222222,90,1.0,8,2.118403673171997,4,0.36790308356285095,0.685330331325531
r4_random,clipart,cosine_mean4,Bottle,strong_relative,33,0.14710869703552218,-0.3340649824676132,0.5858585858585859,99,0.875,8,1.9753071069717407,4,-0.048994600772857666,0.38814496994018555
r4_random,clipart,cosine_mean4,Bucket,weak_relative,31,-0.3932216173004849,-0.16312972275421372,0.2903225806451613,93,0.0,2,0.36900439858436584,1,-0.1272284835577011,-0.13780105113983154
r4_random,clipart,cosine_mean4,Bucket,middle_relative,21,-0.23887875498356295,-0.043842888278787774,0.3333333333333333,63,0.0,8,0.37578311562538147,4,-0.06017215549945831,-0.11816681921482086
r4_random,clipart,cosine_mean4,Bucket,strong_relative,21,0.2564849073868103,0.015615361002124234,0.6666666666666666,63,0.6666666666666666,6,0.3063212037086487,3,0.10177093744277954,-0.05224999412894249
r4_random,clipart,cosine_mean4,Calculator,weak_relative,13,-0.22490868797173205,0.04268938100892034,0.3333333333333333,39,,0,0.06883854418992996,0,-0.02101670764386654,-0.038248080760240555
r4_random,clipart,cosine_mean4,Calculator,middle_relative,13,0.11926081958261321,0.03871626522902894,0.5384615384615384,39,,0,0.1974359154701233,0,0.056829746812582016,0.08617939054965973
r4_random,clipart,cosine_mean4,Calculator,strong_relative,20,-0.3240011496895016,-0.37074977088946265,0.5333333333333333,60,0.75,4,0.34250348806381226,2,-0.004145526327192783,0.0004666373133659363
r4_random,clipart,cosine_mean4,Calendar,weak_relative,35,0.1599769635978496,0.26439217923736724,0.5576923076923077,104,0.2,10,0.6531269550323486,5,0.0023847129195928574,-0.08632344007492065
r4_random,clipart,cosine_mean4,Calendar,middle_relative,29,0.44532798338933344,0.39527858908225166,0.6744186046511628,86,0.625,8,0.5870741605758667,4,0.20185713469982147,0.0851941853761673
r4_random,clipart,cosine_mean4,Calendar,strong_relative,14,0.4608143892009499,0.7168006043194964,0.6216216216216216,37,1.0,2,0.31801503896713257,1,0.12035922706127167,0.2976555824279785
r4_random,clipart,cosine_mean4,Candles,weak_relative,18,-0.06449882545981618,-0.040730784084416216,0.5208333333333334,48,,0,0.2947539687156677,0,-0.01229026447981596,0.013122737407684326
r4_random,clipart,cosine_mean4,Candles,middle_relative,31,0.010608351814549567,0.10822666727608556,0.36904761904761907,84,,0,0.3880681097507477,0,-0.016698459163308144,0.051042184233665466
r4_random,clipart,cosine_mean4,Candles,strong_relative,50,-0.2436625027170241,-0.20036318279334842,0.348993288590604,149,0.5,10,0.4108803868293762,5,-0.09186908602714539,-0.029427357017993927
r4_random,clipart,cosine_mean4,Chair,weak_relative,47,0.22973537757999501,0.01771083294998284,0.6453900709219859,141,0.4,10,0.29886552691459656,5,0.02877034991979599,0.0650390088558197
r4_random,clipart,cosine_mean4,Chair,middle_relative,22,-0.13190808633190423,-0.18300788826002987,0.5303030303030303,66,0.0,4,0.39902782440185547,2,-0.07481570541858673,0.033730100840330124
r4_random,clipart,cosine_mean4,Chair,strong_relative,30,-0.42346463356226677,-0.203752708813847,0.2777777777777778,90,0.25,8,0.46723639965057373,4,-0.15242451429367065,-0.02390921115875244
r4_random,clipart,cosine_mean4,Clipboards,middle_relative,15,0.2002294093093852,-0.08924174026310755,0.6,45,0.6666666666666666,12,0.5334063172340393,6,0.143788143992424,0.3142152726650238
r4_random,clipart,cosine_mean4,Clipboards,strong_relative,24,0.24233692135958726,-0.017893682390268593,0.625,72,0.5,8,0.3115275204181671,4,0.07353369146585464,0.13099591434001923
r4_random,clipart,cosine_mean4,Computer,weak_relative,23,0.21155577388512362,0.512241340585327,0.5652173913043478,69,0.8,10,0.6533516645431519,5,-0.03182385861873627,-0.034996770322322845
r4_random,clipart,cosine_mean4,Computer,middle_relative,23,0.24644193803196932,0.416001386572601,0.5507246376811594,69,0.35714285714285715,14,0.6314241290092468,7,0.04925984889268875,0.02368403784930706
r4_random,clipart,cosine_mean4,Computer,strong_relative,53,-0.1540292750986829,-0.0331123938320528,0.3081761006289308,159,0.25,32,0.5068801045417786,16,-0.04326358065009117,-0.030219564214348793
r4_random,clipart,cosine_mean4,Couch,weak_relative,19,0.026613467128496188,0.1284748209457202,0.631578947368421,57,0.25,4,0.3826950192451477,2,-0.0347435362637043,-0.038791149854660034
r4_random,clipart,cosine_mean4,Couch,middle_relative,27,-0.016027418365577892,0.09695468046818796,0.4444444444444444,81,0.6666666666666666,6,0.3766673803329468,3,-0.013675122521817684,-0.01606190763413906
r4_random,clipart,cosine_mean4,Couch,strong_relative,18,0.26839967026864503,0.28289376101859104,0.5,54,0.75,4,0.3431893587112427,2,0.03974458947777748,0.03353887423872948
r4_random,clipart,cosine_mean4,Curtains,weak_relative,12,0.6195894964631483,0.08165412320648308,0.8055555555555556,36,1.0,10,0.8475723266601562,5,0.2665829658508301,0.5931783318519592
r4_random,clipart,cosine_mean4,Curtains,middle_relative,10,0.15900292966972257,0.15885077383641535,0.6,30,0.5,2,0.7640075087547302,1,-1.0955333891615737e-05,0.3958752751350403
r4_random,clipart,cosine_mean4,Curtains,strong_relative,20,-0.22473948838547994,-0.18992672472518804,0.55,60,1.0,2,1.025217056274414,1,0.007410311605781317,0.6012864708900452
r4_random,clipart,cosine_mean4,Desk_Lamp,middle_relative,12,-0.26452306867279773,-0.4522920385070482,0.3888888888888889,36,0.16666666666666666,6,0.9519951343536377,3,-0.2463088035583496,-0.0663999393582344
r4_random,clipart,cosine_mean4,Desk_Lamp,strong_relative,26,-0.09103296512750747,0.3082946297259006,0.5,78,0.5,6,1.0702710151672363,3,0.06835329532623291,0.45828840136528015
r4_random,clipart,cosine_mean4,Drill,weak_relative,8,0.5718896352519274,0.36738844080309857,0.7083333333333334,24,0.75,4,0.8441842794418335,2,0.2293677181005478,0.5651770830154419
r4_random,clipart,cosine_mean4,Drill,middle_relative,14,0.3914406539516806,-0.5956597164465585,0.8333333333333334,42,1.0,4,0.4845837652683258,2,0.1254667192697525,0.23265929520130157
r4_random,clipart,cosine_mean4,Drill,strong_relative,26,0.09481250373739063,-0.30026231542865905,0.6025641025641025,78,0.6666666666666666,6,0.7460479736328125,3,0.039978064596652985,0.370247483253479
r4_random,clipart,cosine_mean4,Eraser,weak_relative,13,-0.12155865089824341,-0.20719159039180082,0.4358974358974359,39,0.5,4,0.7233095169067383,2,-0.08611655235290527,-0.2722146809101105
r4_random,clipart,cosine_mean4,Eraser,middle_relative,9,0.27174124878385914,0.19832845205349672,0.48148148148148145,27,1.0,4,0.7829608917236328,2,0.03803061693906784,0.23549646139144897
r4_random,clipart,cosine_mean4,Eraser,strong_relative,18,0.4087377690075441,-0.14160425813183158,0.5925925925925926,54,,0,1.483577013015747,0,0.11065532267093658,0.895727813243866
r4_random,clipart,cosine_mean4,Exit_Sign,weak_relative,30,0.024505494148921732,0.1519002831517172,0.40816326530612246,49,,0,0.060439515858888626,0,0.011256719939410686,0.04759955033659935
r4_random,clipart,cosine_mean4,Exit_Sign,middle_relative,11,0.07465752462556696,-0.019906392367477065,0.5666666666666667,30,1.0,2,0.23285898566246033,1,0.06476188451051712,0.20975932478904724
r4_random,clipart,cosine_mean4,Fan,weak_relative,14,-0.49986453769315514,-0.4435869217656776,0.48717948717948717,39,0.16666666666666666,6,0.5411818623542786,3,-0.2096085101366043,-0.19712349772453308
r4_random,clipart,cosine_mean4,Fan,middle_relative,22,-0.020014056861548994,0.21992333820264473,0.42424242424242425,66,0.5,6,0.6896757483482361,3,-0.17838077247142792,-0.2642271816730499
r4_random,clipart,cosine_mean4,Fan,strong_relative,14,0.19100664357471211,0.42381432859087825,0.5,42,0.6666666666666666,6,0.4036861062049866,3,0.012088106945157051,0.072078637778759
r4_random,clipart,cosine_mean4,File_Cabinet,weak_relative,8,-0.2831817418184452,0.4670149651776881,0.25,24,0.3333333333333333,6,0.4957941174507141,3,-0.015746384859085083,-0.10739737749099731
r4_random,clipart,cosine_mean4,File_Cabinet,middle_relative,5,-0.21446806953011638,0.38073968299079947,0.26666666666666666,15,0.0,2,0.4178701937198639,1,-0.04798310622572899,-0.25398489832878113
r4_random,clipart,cosine_mean4,File_Cabinet,strong_relative,27,-0.07535577983295852,-0.20080521245962937,0.49382716049382713,81,0.5,12,0.47145289182662964,6,-0.043363042175769806,-0.2566778361797333
r4_random,clipart,cosine_mean4,Flipflops,weak_relative,20,-0.5320817896464292,-0.3074391167748489,0.3,60,0.125,8,0.5449070930480957,4,-0.286226749420166,-0.12582094967365265
r4_random,clipart,cosine_mean4,Flipflops,middle_relative,17,-0.42777116298556234,0.1966358582991576,0.39215686274509803,51,0.0,6,0.5615816116333008,3,-0.2639549672603607,-0.18560902774333954
r4_random,clipart,cosine_mean4,Flowers,weak_relative,28,0.12597622179419996,0.1537049618143999,0.6666666666666666,84,0.3333333333333333,6,0.5073323845863342,3,0.08636200428009033,0.09036806970834732
r4_random,clipart,cosine_mean4,Flowers,middle_relative,47,0.26951467257423983,0.34918441929467653,0.6524822695035462,141,0.7,10,0.4835059940814972,5,0.10722824931144714,0.15629197657108307
r4_random,clipart,cosine_mean4,Flowers,strong_relative,24,-0.14229996182340512,0.03183177273438037,0.5277777777777778,72,0.16666666666666666,6,0.49954891204833984,3,-0.012972116470336914,0.11144528537988663
r4_random,clipart,cosine_mean4,Folder,weak_relative,15,-0.356892902371384,0.25233868013675875,0.35555555555555557,45,,0,0.7519964575767517,0,-0.21288944780826569,-0.43289852142333984
r4_random,clipart,cosine_mean4,Folder,middle_relative,37,-0.23894540651437907,0.26844427110126634,0.2972972972972973,111,0.125,8,0.471160888671875,4,-0.12059754133224487,-0.24819858372211456
r4_random,clipart,cosine_mean4,Folder,strong_relative,47,-0.46451813301691414,-0.005309620468411432,0.22695035460992907,141,0.05555555555555555,18,0.5031372308731079,9,-0.2516992390155792,-0.3479686975479126
r4_random,clipart,cosine_mean4,Fork,weak_relative,34,-0.32338187777374594,-0.18605095752562228,0.24242424242424243,99,1.0,4,0.2577888071537018,2,-0.06365039944648743,-0.018498491495847702
r4_random,clipart,cosine_mean4,Fork,middle_relative,22,-0.29225273108021577,-0.2720482867653426,0.30303030303030304,66,0.0,4,0.4704176187515259,2,-0.12546931207180023,-0.07931280136108398
r4_random,clipart,cosine_mean4,Fork,strong_relative,5,0.15053761150546038,0.6968456344009233,0.4666666666666667,15,0.5,4,0.4032796025276184,2,0.01034595351666212,-0.08545491844415665
r4_random,clipart,cosine_mean4,Glasses,weak_relative,19,0.29116768988004676,-0.21279858947114066,0.7368421052631579,57,,0,0.2078157365322113,0,0.10550445318222046,0.184035524725914
r4_random,clipart,cosine_mean4,Glasses,middle_relative,23,0.09693052545883672,-0.03838669157753459,0.5757575757575758,66,,0,0.14173905551433563,0,0.030755028128623962,0.04637453332543373
r4_random,clipart,cosine_mean4,Glasses,strong_relative,10,0.3744470139246428,0.4399179322637057,0.7333333333333333,30,1.0,2,0.2628895342350006,1,0.07114588469266891,0.03565356880426407
r4_random,clipart,cosine_mean4,Hammer,weak_relative,38,-0.6645730688902856,-0.16667164633355722,0.11403508771929824,114,0.08333333333333333,12,0.6386494636535645,6,-0.27658969163894653,-0.42940711975097656
r4_random,clipart,cosine_mean4,Hammer,middle_relative,42,-0.7388401128220764,-0.4790662734722842,0.07936507936507936,126,0.0,22,0.6561247706413269,11,-0.2555972933769226,-0.47414249181747437
r4_random,clipart,cosine_mean4,Hammer,strong_relative,19,-0.3788712459944202,0.2602180084000625,0.2982456140350877,57,0.5,12,0.8307534456253052,6,-0.19258351624011993,-0.5987720489501953
r4_random,clipart,cosine_mean4,Helmet,weak_relative,17,0.23700982048441124,0.4056930773471621,0.49019607843137253,51,0.5,4,0.5607817769050598,2,-0.040101341903209686,-0.06861880421638489
r4_random,clipart,cosine_mean4,Helmet,middle_relative,27,-0.20045058039808242,0.00591449001669292,0.3875,80,0.4,10,0.7421848773956299,5,-0.1935661882162094,-0.30076414346694946
r4_random,clipart,cosine_mean4,Helmet,strong_relative,25,-0.05663347603943817,0.08188890110168985,0.5066666666666667,75,0.0,8,0.6737917065620422,4,-0.13830310106277466,-0.08192133158445358
r4_random,clipart,cosine_mean4,Kettle,weak_relative,13,0.19813798522264126,0.34465277754915047,0.5641025641025641,39,0.75,4,0.5164929628372192,2,0.006644680164754391,-0.21202808618545532
r4_random,clipart,cosine_mean4,Kettle,middle_relative,12,-0.15858885687527977,-0.11013442173113787,0.3888888888888889,36,0.5,4,0.24097542464733124,2,0.006929030176252127,-0.010542350821197033
r4_random,clipart,cosine_mean4,Kettle,strong_relative,15,0.15116919601580694,-0.03698040856213392,0.5555555555555556,45,1.0,2,0.3494732975959778,1,0.03863674774765968,-0.036052022129297256
r4_random,clipart,cosine_mean4,Keyboard,weak_relative,21,0.32939005475227984,0.11215547077600602,0.6507936507936508,63,,0,0.26471590995788574,0,0.07393991202116013,0.11691337823867798
r4_random,clipart,cosine_mean4,Keyboard,middle_relative,36,0.3752810754173789,0.2798505591368578,0.5514018691588785,107,0.5,2,0.1792164444923401,1,0.05422857776284218,0.07810190320014954
r4_random,clipart,cosine_mean4,Keyboard,strong_relative,42,0.3101343356982358,0.2565644222030507,0.5555555555555556,126,1.0,2,0.38299351930618286,1,0.13801360130310059,0.2405562847852707
r4_random,clipart,cosine_mean4,Knives,weak_relative,24,0.35689455321933,-0.1754261316275385,0.7323943661971831,71,1.0,2,0.7468100190162659,1,0.12854838371276855,0.26998284459114075
r4_random,clipart,cosine_mean4,Knives,middle_relative,16,0.2897984241594696,-0.13217140195317567,0.6458333333333334,48,1.0,4,0.41487205028533936,2,-0.00594695657491684,-0.0002092253416776657
r4_random,clipart,cosine_mean4,Knives,strong_relative,13,0.04441943034645782,-0.5092873816228456,0.6410256410256411,39,0.5,2,0.6484616994857788,1,-0.029832908883690834,0.3292606770992279
r4_random,clipart,cosine_mean4,Lamp_Shade,weak_relative,7,-0.7395599514151826,-0.508952999454515,0.14285714285714285,21,0.0,2,0.49373361468315125,1,-0.2112157642841339,-0.20360605418682098
r4_random,clipart,cosine_mean4,Lamp_Shade,middle_relative,10,-0.0967655666123805,-0.16743612318969284,0.4,30,,0,0.538553774356842,0,-0.09296824038028717,0.18493010103702545
r4_random,clipart,cosine_mean4,Lamp_Shade,strong_relative,23,-0.441148793965648,-0.3708956276310611,0.4057971014492754,69,0.25,4,0.3801652193069458,2,-0.10577956587076187,0.03903413191437721
r4_random,clipart,cosine_mean4,Laptop,weak_relative,25,-0.36538184857830314,-0.07363064463637989,0.26666666666666666,75,0.2,10,0.4279707670211792,5,-0.020560555160045624,-0.08845186233520508
r4_random,clipart,cosine_mean4,Laptop,middle_relative,40,-0.5045117277212382,-0.054646213884781074,0.26666666666666666,120,0.0,12,0.6059452891349792,6,-0.09161988645792007,-0.15954308211803436
r4_random,clipart,cosine_mean4,Laptop,strong_relative,34,-0.3680189123377712,-0.10785643957836155,0.38235294117647056,102,0.16666666666666666,12,0.6659651398658752,6,-0.011797209270298481,-0.23190557956695557
r4_random,clipart,cosine_mean4,Marker,weak_relative,30,0.15765416335043983,-0.10442727270075446,0.6555555555555556,90,0.8333333333333334,6,0.8089293241500854,3,-0.0040565370582044125,-0.03714580461382866
r4_random,clipart,cosine_mean4,Marker,middle_relative,31,0.14787929795807392,-0.17024732420505573,0.6344086021505376,93,0.8,10,0.7371723055839539,5,0.02655418962240219,0.043048981577157974
r4_random,clipart,cosine_mean4,Marker,strong_relative,10,0.11729056401079464,-0.19935083003554993,0.5333333333333333,30,,0,0.8674694299697876,0,-0.05276094749569893,0.19129899144172668
r4_random,clipart,cosine_mean4,Monitor,weak_relative,18,0.28656724092604613,0.005466894070228733,0.6111111111111112,54,0.6666666666666666,6,0.3213229775428772,3,0.06820611655712128,0.08543717861175537
r4_random,clipart,cosine_mean4,Monitor,middle_relative,40,0.27076057256836067,-0.12114548125158782,0.6,120,0.7857142857142857,14,0.35502782464027405,7,0.06002504378557205,0.1334293633699417
r4_random,clipart,cosine_mean4,Monitor,strong_relative,41,-0.29186755325516417,-0.29429012017259093,0.5772357723577236,123,0.4,10,0.37234410643577576,5,-0.03695205971598625,0.02877129055559635
r4_random,clipart,cosine_mean4,Mop,weak_relative,9,0.27195471507570323,-0.02456069514610442,0.5185185185185185,27,,0,1.3080031871795654,0,0.25505614280700684,0.5170577764511108
r4_random,clipart,cosine_mean4,Mop,middle_relative,13,0.4722800917904169,0.3747386744320352,0.717948717948718,39,1.0,4,1.1038954257965088,2,0.2144516408443451,-0.023906102403998375
r4_random,clipart,cosine_mean4,Mop,strong_relative,18,0.030471168390510204,0.024073083071552773,0.5555555555555556,54,0.0,4,0.8947259187698364,2,-0.0785733088850975,0.008764619939029217
r4_random,clipart,cosine_mean4,Mouse,weak_relative,29,-0.18620338135096112,0.3017002697020962,0.1724137931034483,87,,0,0.3720639646053314,0,-0.12393919378519058,-0.22157612442970276
r4_random,clipart,cosine_mean4,Mouse,middle_relative,29,-0.248609072269525,0.19973517416438513,0.27586206896551724,87,0.1,10,0.4129621386528015,5,-0.0675513818860054,-0.16175703704357147
r4_random,clipart,cosine_mean4,Mouse,strong_relative,18,-0.3442091820599024,-0.0639743311164901,0.3888888888888889,54,0.0,2,0.5397717952728271,1,-0.052422262728214264,-0.27957314252853394
r4_random,clipart,cosine_mean4,Mug,weak_relative,63,0.1668155690364272,0.10520764050247658,0.5638297872340425,188,0.6,10,0.16708971560001373,5,0.036317531019449234,0.04208913818001747
r4_random,clipart,cosine_mean4,Mug,middle_relative,23,0.13375326584386577,0.13145466536184544,0.5797101449275363,69,1.0,4,0.436890572309494,2,0.061271559447050095,0.02875961735844612
r4_random,clipart,cosine_mean4,Mug,strong_relative,13,0.45835572407760744,0.49812802631318015,0.6410256410256411,39,0.6666666666666666,6,0.5179519057273865,3,0.1475331038236618,-0.04584721848368645
r4_random,clipart,cosine_mean4,Notebook,weak_relative,37,0.2604933211452385,-0.232664853965959,0.6216216216216216,111,0.5,2,0.7952905893325806,1,0.08913151174783707,0.19081085920333862
r4_random,clipart,cosine_mean4,Notebook,middle_relative,29,0.5340102067781407,0.10153152197708,0.6896551724137931,87,0.5,4,1.101586937904358,2,0.2571862041950226,0.19105949997901917
r4_random,clipart,cosine_mean4,Notebook,strong_relative,17,0.20502296296073536,-0.3304773167929884,0.6078431372549019,51,0.625,8,0.7384742498397827,4,0.060100093483924866,0.22056233882904053
r4_random,clipart,cosine_mean4,Oven,weak_relative,7,-0.0006143584256321727,0.3706958188183475,0.2857142857142857,21,,0,0.4524599611759186,0,-0.015379266813397408,0.01112392544746399
r4_random,clipart,cosine_mean4,Oven,middle_relative,26,-0.06051837339780526,0.056509839401894996,0.4675324675324675,77,1.0,2,0.3431771993637085,1,-0.024123014882206917,-0.12563525140285492
r4_random,clipart,cosine_mean4,Oven,strong_relative,7,0.1671281687415949,-0.041054516636192334,0.6190476190476191,21,,0,0.2714576721191406,0,0.02526102028787136,-0.06080108880996704
r4_random,clipart,cosine_mean4,Pan,weak_relative,19,0.1201769818696258,0.030042322978210766,0.5614035087719298,57,0.6666666666666666,6,0.30497026443481445,3,0.08537402004003525,0.06743082404136658
r4_random,clipart,cosine_mean4,Pan,middle_relative,14,-0.0930599957154645,-0.3880157006715898,0.47619047619047616,42,1.0,2,0.196538046002388,1,0.013749854639172554,0.08707708865404129
r4_random,clipart,cosine_mean4,Pan,strong_relative,18,0.06754141635898851,-0.09308217959530936,0.6481481481481481,54,1.0,2,0.20720583200454712,1,0.025723017752170563,0.033611442893743515
r4_random,clipart,cosine_mean4,Paper_Clip,weak_relative,24,0.3102255633418271,-0.13638367297662318,0.6111111111111112,72,1.0,6,1.1183867454528809,3,0.0894484892487526,0.25553175806999207
r4_random,clipart,cosine_mean4,Paper_Clip,middle_relative,10,0.09864316465802739,-0.32284331959762647,0.5333333333333333,30,0.75,8,1.2573175430297852,4,0.005530255846679211,0.5186885595321655
r4_random,clipart,cosine_mean4,Paper_Clip,strong_relative,6,0.017342493637684128,-0.5655231063979117,0.5,18,0.5,4,1.3121134042739868,2,-0.013829628936946392,0.5067288875579834
r4_random,clipart,cosine_mean4,Pen,weak_relative,55,0.07721011978440495,0.03146726529707937,0.5151515151515151,165,0.5,10,0.4109240770339966,5,-0.031723856925964355,-0.03832321614027023
r4_random,clipart,cosine_mean4,Pen,middle_relative,35,0.12162448843652489,0.1309155637439552,0.4857142857142857,105,1.0,2,0.41706421971321106,1,-0.012235705740749836,0.0133516239002347
r4_random,clipart,cosine_mean4,Pen,strong_relative,9,0.29191979677502217,0.36929367012338266,0.48148148148148145,27,,0,0.6020902395248413,0,0.012901697307825089,0.16845577955245972
r4_random,clipart,cosine_mean4,Pencil,weak_relative,49,-0.1586337395308294,0.04833011701393771,0.43537414965986393,147,0.9166666666666666,24,0.3867776691913605,12,-0.08523320406675339,-0.09488485008478165
r4_random,clipart,cosine_mean4,Pencil,middle_relative,30,-0.004278958818959634,0.23979036729403008,0.4888888888888889,90,0.8571428571428571,14,0.4659895896911621,7,0.011839172802865505,-0.020748671144247055
r4_random,clipart,cosine_mean4,Pencil,strong_relative,20,-0.18123104548210797,-0.15420583395109708,0.4666666666666667,60,0.75,4,0.5262126922607422,2,-0.09927844256162643,-0.08661474287509918
r4_random,clipart,cosine_mean4,Postit_Notes,weak_relative,24,-0.6503083697080874,-0.4300011381995984,0.2777777777777778,72,0.25,8,0.542966902256012,4,-0.1954691857099533,-0.14593951404094696
r4_random,clipart,cosine_mean4,Postit_Notes,middle_relative,10,-0.8000137813692065,-0.5033537580582333,0.13333333333333333,30,,0,0.6073366403579712,0,-0.27227577567100525,-0.2996901869773865
r4_random,clipart,cosine_mean4,Postit_Notes,strong_relative,7,-0.24967627402033205,0.0018466925072038072,0.42857142857142855,21,0.5,4,0.6222366690635681,2,-0.06072618439793587,-0.12859736382961273
r4_random,clipart,cosine_mean4,Printer,weak_relative,11,-0.16354192905362977,0.3309643876298487,0.5151515151515151,33,0.0,2,0.3090970814228058,1,-0.027585141360759735,-0.10425612330436707
r4_random,clipart,cosine_mean4,Printer,middle_relative,20,-0.17161790819111486,-0.34445215584102773,0.5166666666666667,60,0.0,2,0.5573993921279907,1,0.013001109473407269,-0.07123376429080963
r4_random,clipart,cosine_mean4,Printer,strong_relative,56,0.32787002637589585,0.016068512974608203,0.6785714285714286,168,0.42857142857142855,14,0.5042672157287598,7,0.06695754826068878,0.23426178097724915
r4_random,clipart,cosine_mean4,Push_Pin,weak_relative,18,0.2965347268385264,0.05055029955477411,0.5370370370370371,54,0.25,4,0.5288485884666443,2,0.03189441189169884,0.18701545894145966
r4_random,clipart,cosine_mean4,Push_Pin,middle_relative,11,-0.2609411836926363,-0.35504412872733315,0.24242424242424243,33,0.0,4,0.54824298620224,2,-0.2173973023891449,0.03538564220070839
r4_random,clipart,cosine_mean4,Push_Pin,strong_relative,11,0.12799334904757692,0.3714322497902377,0.48484848484848486,33,0.25,8,1.041925311088562,4,-0.10298404097557068,0.5225039720535278
r4_random,clipart,cosine_mean4,Radio,weak_relative,18,-0.007140493323406699,0.1971077744731826,0.48148148148148145,54,1.0,4,0.5551591515541077,2,0.038589928299188614,0.030172215774655342
r4_random,clipart,cosine_mean4,Radio,middle_relative,8,-0.3928782585847079,-0.38375156150730866,0.4583333333333333,24,,0,0.31984636187553406,0,-0.07422790676355362,-0.05431472510099411
r4_random,clipart,cosine_mean4,Radio,strong_relative,20,0.09527071521315358,0.16563266921797687,0.6166666666666667,60,0.5,4,0.508268415927887,2,0.022883979603648186,-0.06319883465766907
r4_random,clipart,cosine_mean4,Refrigerator,weak_relative,7,0.1811299466316308,-0.4234180910416187,0.6190476190476191,21,0.0,2,0.9795275926589966,1,0.27848413586616516,0.10333836078643799
r4_random,clipart,cosine_mean4,Refrigerator,middle_relative,16,0.1745583481802081,0.16712498267340292,0.6875,48,1.0,2,1.2574245929718018,1,0.14131350815296173,0.12537145614624023
r4_random,clipart,cosine_mean4,Refrigerator,strong_relative,17,0.47958850960110283,0.4886273356517878,0.6862745098039216,51,0.8333333333333334,6,0.44189536571502686,3,0.09041295945644379,0.10498491674661636
r4_random,clipart,cosine_mean4,Ruler,weak_relative,43,-0.35121257155414776,0.04470225342941192,0.24806201550387597,129,0.25,8,0.44734546542167664,4,-0.14811046421527863,-0.07356467097997665
r4_random,clipart,cosine_mean4,Ruler,middle_relative,18,-0.41559595061988086,-0.16293694253335497,0.14814814814814814,54,0.5,2,0.2938499450683594,1,-0.1021142527461052,-0.1223180815577507
r4_random,clipart,cosine_mean4,Ruler,strong_relative,6,-0.4269810712058851,-0.2319065131068361,0.3333333333333333,18,,0,0.028204476460814476,0,-0.004129144828766584,0.0
r4_random,clipart,cosine_mean4,Scissors,weak_relative,26,0.325562389135134,0.570820404692681,0.5974025974025974,77,1.0,2,0.1831180453300476,1,0.017427967861294746,-0.009124585427343845
r4_random,clipart,cosine_mean4,Scissors,middle_relative,30,-0.1294541932251047,0.05407653303213357,0.5333333333333333,90,0.75,4,0.21049171686172485,2,-0.055528946220874786,-0.02818651683628559
r4_random,clipart,cosine_mean4,Scissors,strong_relative,43,-0.3926323197515631,-0.15189982922396908,0.3178294573643411,129,0.0,8,0.24640269577503204,4,-0.0858292356133461,-0.07876581698656082
r4_random,clipart,cosine_mean4,Screwdriver,weak_relative,35,-0.18549026450607625,-0.2616460488357625,0.2761904761904762,105,0.5,2,0.3444474935531616,1,-0.043945252895355225,-0.005720145534723997
r4_random,clipart,cosine_mean4,Screwdriver,middle_relative,24,-0.4122356000244243,-0.1556275953177165,0.25,72,0.8333333333333334,6,0.3201615512371063,3,-0.0902455672621727,-0.11302188038825989
r4_random,clipart,cosine_mean4,Screwdriver,strong_relative,16,-0.03374908687661517,0.2932231071726176,0.3125,48,,0,0.3472185432910919,0,0.00788439903408289,-0.06802179664373398
r4_random,clipart,cosine_mean4,Shelf,weak_relative,9,0.4933761370060518,0.24338258580458846,0.7037037037037037,27,,0,0.8345975279808044,0,0.07250360399484634,0.1390349566936493
r4_random,clipart,cosine_mean4,Shelf,middle_relative,12,-0.10196640172181724,0.2937282158530426,0.4722222222222222,36,,0,0.5817484259605408,0,-0.02231736294925213,0.07048163563013077
r4_random,clipart,cosine_mean4,Shelf,strong_relative,21,0.059961699467543116,0.47820484091839366,0.4603174603174603,63,0.5,4,0.6876680850982666,2,-0.03970492631196976,0.23326249420642853
r4_random,clipart,cosine_mean4,Sink,weak_relative,18,0.16756758604765176,-0.07746188752372436,0.5740740740740741,54,0.5,4,1.1281062364578247,2,0.08997563272714615,0.13091115653514862
r4_random,clipart,cosine_mean4,Sink,middle_relative,10,0.34256575084694363,0.030580840001712267,0.6666666666666666,30,0.8333333333333334,6,0.7496811151504517,3,0.143971249461174,0.3751745820045471
r4_random,clipart,cosine_mean4,Sink,strong_relative,14,-0.11017302647638025,-0.10273126641126341,0.42857142857142855,42,0.3333333333333333,6,0.8858671188354492,3,-0.14575321972370148,-0.023577501997351646
r4_random,clipart,cosine_mean4,Sneakers,weak_relative,12,0.0426305436399001,0.23649601094951095,0.6111111111111112,36,1.0,2,0.2422512322664261,1,0.026527022942900658,-0.0288989394903183
r4_random,clipart,cosine_mean4,Sneakers,middle_relative,15,0.018761895926472642,0.026763827678570978,0.6888888888888889,45,,0,0.23451972007751465,0,0.000585859059356153,0.03472651541233063
r4_random,clipart,cosine_mean4,Sneakers,strong_relative,16,0.16354336619479348,-0.03516069341248264,0.6875,48,0.5,4,0.28653794527053833,2,0.03039652109146118,0.0
r4_random,clipart,cosine_mean4,Soda,weak_relative,24,0.09886749238714783,0.05430388153142043,0.5555555555555556,72,1.0,2,0.44944944977760315,1,0.012152687646448612,0.03818841651082039
r4_random,clipart,cosine_mean4,Soda,middle_relative,24,-0.00868779917648226,-0.08557930380969309,0.5,72,0.8333333333333334,6,0.7881385684013367,3,-0.08505943417549133,0.17381668090820312
r4_random,clipart,cosine_mean4,Soda,strong_relative,13,-0.17001114463255423,-0.27571363176868846,0.4358974358974359,39,0.0,2,0.5761381387710571,1,0.025389106944203377,0.15936972200870514
r4_random,clipart,cosine_mean4,Speaker,weak_relative,24,-0.17646737147553349,0.24556087430808665,0.3194444444444444,72,0.5,2,0.5744854807853699,1,-0.20257063210010529,-0.20798011124134064
r4_random,clipart,cosine_mean4,Speaker,middle_relative,14,-0.07239102281755844,-0.16610965496918786,0.5,42,0.5,2,0.40524962544441223,1,-0.04961341246962547,0.09152691066265106
r4_random,clipart,cosine_mean4,Speaker,strong_relative,52,-0.04280713003592547,0.12739114077278127,0.44871794871794873,156,0.5,4,0.416629821062088,2,-0.06893772631883621,-0.054386258125305176
r4_random,clipart,cosine_mean4,Spoon,weak_relative,28,0.40628067092140957,-0.04906664974026542,0.5714285714285714,84,1.0,2,0.43353018164634705,1,0.12229854613542557,0.13189809024333954
r4_random,clipart,cosine_mean4,Spoon,middle_relative,22,0.4815851929990202,0.2842745004466576,0.6212121212121212,66,0.5,2,0.48046931624412537,1,0.1617777943611145,0.13805726170539856
r4_random,clipart,cosine_mean4,Spoon,strong_relative,10,0.1998047114497269,0.3923521590805227,0.4666666666666667,30,0.0,4,0.6059392690658569,2,-0.03680419921875,-0.11581780761480331
r4_random,clipart,cosine_mean4,TV,weak_relative,20,0.37619151779691584,0.19362226395869667,0.6833333333333333,60,0.8,10,0.3996964693069458,5,0.1267419010400772,0.0994892418384552
r4_random,clipart,cosine_mean4,TV,middle_relative,41,0.48327249469323424,0.36144472988147913,0.5609756097560976,123,0.7857142857142857,14,0.6024672389030457,7,0.15624035894870758,0.21504448354244232
r4_random,clipart,cosine_mean4,TV,strong_relative,38,0.3765149656843855,0.1402825607739132,0.6578947368421053,114,1.0,14,0.8455873727798462,7,0.16811025142669678,0.21900427341461182
r4_random,clipart,cosine_mean4,Table,weak_relative,34,0.4572968527717933,-0.00237828579056988,0.6666666666666666,102,0.25,4,0.48884227871894836,2,0.208868145942688,0.31914302706718445
r4_random,clipart,cosine_mean4,Table,middle_relative,20,0.035081672898356106,-0.4001760357352507,0.48333333333333334,60,0.0,2,0.3924272656440735,1,-0.00785894226282835,0.04604547470808029
r4_random,clipart,cosine_mean4,Table,strong_relative,26,-0.12110204104880054,-0.04354284600609831,0.46153846153846156,78,0.75,4,0.43152934312820435,2,0.04399789869785309,0.11593366414308548
r4_random,clipart,cosine_mean4,Telephone,weak_relative,22,0.5664097030522388,0.42718751125902943,0.696969696969697,66,1.0,8,1.0766032934188843,4,0.2679769694805145,0.5730569362640381
r4_random,clipart,cosine_mean4,Telephone,middle_relative,32,0.368675391958461,0.14678175548097008,0.5208333333333334,96,0.4166666666666667,12,1.1231950521469116,6,0.12141819298267365,0.38472551107406616
r4_random,clipart,cosine_mean4,Telephone,strong_relative,45,0.011828680484611998,-0.0953766267510115,0.4,135,0.16666666666666666,12,0.6905419826507568,6,-0.029962725937366486,0.15381577610969543
r4_random,clipart,cosine_mean4,ToothBrush,weak_relative,10,-0.14782513893852342,0.18318303036925937,0.5333333333333333,30,1.0,2,0.4802548885345459,1,-0.13846132159233093,-0.12203389406204224
r4_random,clipart,cosine_mean4,ToothBrush,middle_relative,15,-0.24091916283803844,-0.459493440809545,0.35555555555555557,45,0.5,2,0.595375657081604,1,-0.20104046165943146,0.0735311359167099
r4_random,clipart,cosine_mean4,ToothBrush,strong_relative,14,0.008091480077395906,0.12734743382906252,0.40476190476190477,42,0.0,2,0.2591067850589752,1,-0.030720612034201622,0.05281360074877739
r4_random,clipart,cosine_mean4,Toys,weak_relative,31,0.1685410613483566,0.13107166069561982,0.5268817204301075,93,0.125,8,1.44930100440979,4,-0.038819052278995514,0.647452712059021
r4_random,clipart,cosine_mean4,Toys,middle_relative,26,-0.3883620224347939,0.1817859853852818,0.34615384615384615,78,0.2857142857142857,14,1.183522343635559,7,-0.2678230106830597,0.17434310913085938
r4_random,clipart,cosine_mean4,Toys,strong_relative,42,-0.5307349582637411,0.1105967920818266,0.2698412698412698,126,0.2222222222222222,18,1.2914259433746338,9,-0.5367606282234192,0.14849306643009186
r4_random,clipart,cosine_mean4,Trash_Can,weak_relative,19,0.165902532123282,-0.3429752607757472,0.6842105263157895,57,0.8333333333333334,18,0.6612828969955444,9,0.13636335730552673,0.2971465587615967
r4_random,clipart,cosine_mean4,Trash_Can,middle_relative,20,0.2619440980402259,-0.03490994570937729,0.5666666666666667,60,,0,0.5439883470535278,0,0.18631787598133087,0.29448604583740234
r4_random,clipart,cosine_mean4,Trash_Can,strong_relative,14,-0.031829497693994645,-0.3742650062095192,0.5952380952380952,42,1.0,2,0.7130054831504822,1,-0.14643494784832,0.251219242811203
r4_random,clipart,cosine_mean4,Webcam,weak_relative,11,0.41109774867105586,-0.48286626034873764,0.8787878787878788,33,1.0,4,0.6661018133163452,2,0.3135608732700348,0.5040836930274963
r4_random,clipart,cosine_mean4,Webcam,middle_relative,15,0.27220169607515343,-0.2307990589463613,0.6590909090909091,44,,0,0.17086009681224823,0,0.07418055832386017,0.14014078676700592
r4_random,clipart,cosine_mean4,Webcam,strong_relative,14,0.30650766427678294,-0.17112933404512454,0.7142857142857143,42,0.3333333333333333,6,0.7103314399719238,3,0.12725266814231873,0.47409752011299133
r4_random,clipart,source_z_l2_mean4,Alarm_Clock,weak_relative,25,-0.6161426657381507,-0.5355124016426179,0.4305555555555556,72,0.0,6,0.26404622197151184,3,-0.12808965146541595,-0.14456312358379364
r4_random,clipart,source_z_l2_mean4,Alarm_Clock,middle_relative,28,-0.4747989477763335,-0.2892894350512877,0.25609756097560976,82,,0,0.2948768138885498,0,-0.13488495349884033,-0.19982193410396576
r4_random,clipart,source_z_l2_mean4,Alarm_Clock,strong_relative,7,-0.05717786602268408,0.1716129639648827,0.5238095238095238,21,1.0,2,0.6269415020942688,1,0.14371506869792938,-0.08475162088871002
r4_random,clipart,source_z_l2_mean4,Backpack,weak_relative,9,0.3608795914311175,0.19577119387050856,0.5555555555555556,27,0.0,2,0.6711774468421936,1,0.1395493447780609,0.1189088523387909
r4_random,clipart,source_z_l2_mean4,Backpack,middle_relative,16,0.10087893193043794,-0.13510706199095204,0.4791666666666667,48,0.3333333333333333,6,0.5682083368301392,3,0.05647338554263115,0.18664604425430298
r4_random,clipart,source_z_l2_mean4,Backpack,strong_relative,31,0.3201197287224927,0.23482995886042782,0.6521739130434783,92,0.8333333333333334,6,0.6211578845977783,3,0.09077546000480652,0.41415196657180786
r4_random,clipart,source_z_l2_mean4,Batteries,weak_relative,14,-0.6755448585566077,-0.4191130845296367,0.11904761904761904,42,0.0,4,0.541476309299469,2,-0.16039374470710754,-0.32893306016921997
r4_random,clipart,source_z_l2_mean4,Batteries,middle_relative,22,-0.5042989100782529,-0.35897858429388485,0.19696969696969696,66,0.0,4,0.6078709959983826,2,-0.13456779718399048,-0.3225694000720978
r4_random,clipart,source_z_l2_mean4,Batteries,strong_relative,28,-0.7294382957385019,-0.47706795734950197,0.20238095238095238,84,0.0,6,0.7532970309257507,3,-0.2212018072605133,-0.4365634024143219
r4_random,clipart,source_z_l2_mean4,Bed,weak_relative,32,0.27354806209269134,-0.15163591643663404,0.5833333333333334,96,,0,0.5519028306007385,0,0.08626069128513336,0.13932636380195618
r4_random,clipart,source_z_l2_mean4,Bed,middle_relative,31,0.6097952420686342,0.20529475184670065,0.7526881720430108,93,1.0,2,0.6162636280059814,1,0.2564663290977478,0.4741820693016052
r4_random,clipart,source_z_l2_mean4,Bed,strong_relative,35,0.2776334935987081,0.22351233488777078,0.580952380952381,105,0.75,8,0.5342410206794739,4,0.042985983192920685,0.2252999097108841
r4_random,clipart,source_z_l2_mean4,Bike,weak_relative,19,-0.0498983035684593,-0.13977548226778883,0.625,56,,0,0.02027706243097782,0,0.0005271654226817191,0.001140856766141951
r4_random,clipart,source_z_l2_mean4,Bike,middle_relative,52,0.3679134341674565,0.2976392815440372,0.6168831168831169,154,1.0,2,0.09883416444063187,1,0.05186307802796364,0.09498042613267899
r4_random,clipart,source_z_l2_mean4,Bike,strong_relative,28,0.5605661607235894,0.44625480716903504,0.6666666666666666,84,,0,0.38856205344200134,0,0.17076310515403748,0.3294995129108429
r4_random,clipart,source_z_l2_mean4,Bottle,weak_relative,36,0.7204788094716603,0.08248282009965077,0.7962962962962963,108,1.0,10,2.27473783493042,5,0.6626330018043518,1.1453490257263184
r4_random,clipart,source_z_l2_mean4,Bottle,middle_relative,30,0.6539915064157973,0.0011840989424317194,0.6888888888888889,90,1.0,8,2.118403673171997,4,0.49720561504364014,0.8146328330039978
r4_random,clipart,source_z_l2_mean4,Bottle,strong_relative,33,0.5915545663655464,-0.045554870046887026,0.7575757575757576,99,0.875,8,1.9753071069717407,4,0.4992816746234894,0.936421275138855
r4_random,clipart,source_z_l2_mean4,Bucket,weak_relative,31,-0.30829921000157423,0.15491924392575124,0.24731182795698925,93,0.0,2,0.36900439858436584,1,-0.12989312410354614,-0.1404656618833542
r4_random,clipart,source_z_l2_mean4,Bucket,middle_relative,21,-0.30784952996717163,0.16502985072018334,0.25396825396825395,63,0.0,8,0.37578311562538147,4,-0.06464187800884247,-0.12263654172420502
r4_random,clipart,source_z_l2_mean4,Bucket,strong_relative,21,-0.30465430425128104,-0.1204607704034924,0.4444444444444444,63,0.16666666666666666,6,0.3063212037086487,3,-0.019258877262473106,-0.1732797920703888
r4_random,clipart,source_z_l2_mean4,Calculator,weak_relative,13,-0.08732195009886219,0.1193597908289578,0.3333333333333333,39,,0,0.06883854418992996,0,-0.024149537086486816,-0.04138090834021568
r4_random,clipart,source_z_l2_mean4,Calculator,middle_relative,13,0.21276661988543297,0.16968621184909957,0.5641025641025641,39,,0,0.1974359154701233,0,0.039539117366075516,0.06888876855373383
r4_random,clipart,source_z_l2_mean4,Calculator,strong_relative,20,-0.37568486241708693,-0.2959798448910725,0.55,60,0.5,4,0.34250348806381226,2,-0.014860441908240318,-0.010248279199004173
r4_random,clipart,source_z_l2_mean4,Calendar,weak_relative,35,0.5625150032553319,0.40310070436425854,0.6057692307692307,104,0.7,10,0.6531269550323486,5,0.085640549659729,-0.0030676089227199554
r4_random,clipart,source_z_l2_mean4,Calendar,middle_relative,29,0.6662831551275252,0.4341466462593041,0.7441860465116279,86,1.0,8,0.5870741605758667,4,0.16204185783863068,0.0453789085149765
r4_random,clipart,source_z_l2_mean4,Calendar,strong_relative,14,0.8308383454494026,0.8292707447916076,0.5135135135135135,37,1.0,2,0.31801503896713257,1,0.10347093641757965,0.2807672917842865
r4_random,clipart,source_z_l2_mean4,Candles,weak_relative,18,-0.05620553053353497,-0.12476322465987523,0.5416666666666666,48,,0,0.2947539687156677,0,-0.02512977458536625,0.0002832280588336289
r4_random,clipart,source_z_l2_mean4,Candles,middle_relative,31,0.18083078767466615,0.13154798698440157,0.5238095238095238,84,,0,0.3880681097507477,0,0.01879885047674179,0.08653949201107025
r4_random,clipart,source_z_l2_mean4,Candles,strong_relative,50,-0.28999587565495927,-0.31045566818177067,0.28187919463087246,149,0.1,10,0.4108803868293762,5,-0.13738547265529633,-0.07494375854730606
r4_random,clipart,source_z_l2_mean4,Chair,weak_relative,47,0.29838489831094156,0.017229083345016778,0.6879432624113475,141,0.7,10,0.29886552691459656,5,0.04852272942662239,0.084791399538517
r4_random,clipart,source_z_l2_mean4,Chair,middle_relative,22,0.24223605698575754,0.0793888893176572,0.7727272727272727,66,0.0,4,0.39902782440185547,2,0.09449238330125809,0.20303817093372345
r4_random,clipart,source_z_l2_mean4,Chair,strong_relative,30,-0.04287232656191014,-0.10865554417931159,0.4222222222222222,90,0.25,8,0.46723639965057373,4,0.0544748418033123,0.1829901486635208
r4_random,clipart,source_z_l2_mean4,Clipboards,middle_relative,15,0.2037265591419084,-0.12946561931830933,0.6444444444444445,45,0.6666666666666666,12,0.5334063172340393,6,0.18560732901096344,0.35603442788124084
r4_random,clipart,source_z_l2_mean4,Clipboards,strong_relative,24,0.3841913416600526,0.16435877886016084,0.6805555555555556,72,0.625,8,0.3115275204181671,4,0.08586303144693375,0.14332525432109833
r4_random,clipart,source_z_l2_mean4,Computer,weak_relative,23,-0.11438463053531635,0.26890437119787985,0.37681159420289856,69,0.2,10,0.6533516645431519,5,-0.11326520144939423,-0.1164381206035614
r4_random,clipart,source_z_l2_mean4,Computer,middle_relative,23,0.04745247397908892,0.3739273562834091,0.5217391304347826,69,0.21428571428571427,14,0.6314241290092468,7,-0.021217133849859238,-0.04679294303059578
r4_random,clipart,source_z_l2_mean4,Computer,strong_relative,53,-0.11232161068179447,0.21988398283112318,0.2893081761006289,159,0.25,32,0.5068801045417786,16,-0.02939026616513729,-0.016346251592040062
r4_random,clipart,source_z_l2_mean4,Couch,weak_relative,19,-0.011036840146306442,0.21040488297171808,0.5087719298245614,57,0.0,4,0.3826950192451477,2,-0.022696603089571,-0.026744218543171883
r4_random,clipart,source_z_l2_mean4,Couch,middle_relative,27,-0.012903465718546963,0.3508253806567892,0.43209876543209874,81,0.3333333333333333,6,0.3766673803329468,3,-0.05411741882562637,-0.056504204869270325
r4_random,clipart,source_z_l2_mean4,Couch,strong_relative,18,0.03141175079276716,0.08639630591438152,0.4074074074074074,54,0.5,4,0.3431893587112427,2,-0.005341556388884783,-0.011547280475497246
r4_random,clipart,source_z_l2_mean4,Curtains,weak_relative,12,0.7211117696114934,0.20097460840228965,0.9166666666666666,36,1.0,10,0.8475723266601562,5,0.4097701609134674,0.736365556716919
r4_random,clipart,source_z_l2_mean4,Curtains,middle_relative,10,0.6760248706888775,0.35141695109385235,0.8666666666666667,30,1.0,2,0.7640075087547302,1,0.32706528902053833,0.7229515314102173
r4_random,clipart,source_z_l2_mean4,Curtains,strong_relative,20,0.3796159825065566,-0.23679478022890638,0.7833333333333333,60,1.0,2,1.025217056274414,1,0.24190866947174072,0.8357847929000854
r4_random,clipart,source_z_l2_mean4,Desk_Lamp,middle_relative,12,0.4549424675622878,-0.34645118761238375,0.7222222222222222,36,0.5,6,0.9519951343536377,3,0.4447770118713379,0.6246858835220337
r4_random,clipart,source_z_l2_mean4,Desk_Lamp,strong_relative,26,0.7009175852015139,0.24510526086834078,0.8333333333333334,78,0.8333333333333334,6,1.0702710151672363,3,0.5132078528404236,0.9031428694725037
r4_random,clipart,source_z_l2_mean4,Drill,weak_relative,8,0.7598585066280328,0.453734421343808,0.8333333333333334,24,1.0,4,0.8441842794418335,2,0.31653738021850586,0.6523467302322388
r4_random,clipart,source_z_l2_mean4,Drill,middle_relative,14,0.6843898432544956,0.08788013758979378,0.9285714285714286,42,1.0,4,0.4845837652683258,2,0.20638267695903778,0.31357523798942566
r4_random,clipart,source_z_l2_mean4,Drill,strong_relative,26,0.5937512247353871,-0.020157875926795663,0.9102564102564102,78,1.0,6,0.7460479736328125,3,0.3640094995498657,0.6942788362503052
r4_random,clipart,source_z_l2_mean4,Eraser,weak_relative,13,0.04270534996488638,-0.10860171847983385,0.46153846153846156,39,0.5,4,0.7233095169067383,2,-0.14812777936458588,-0.33422592282295227
r4_random,clipart,source_z_l2_mean4,Eraser,middle_relative,9,0.5594177428751402,0.12602006528197418,0.7037037037037037,27,1.0,4,0.7829608917236328,2,0.10610136389732361,0.30356723070144653
r4_random,clipart,source_z_l2_mean4,Eraser,strong_relative,18,0.48179163179162593,0.19892553174794045,0.5740740740740741,54,,0,1.483577013015747,0,0.12345398962497711,0.9085265398025513
r4_random,clipart,source_z_l2_mean4,Exit_Sign,weak_relative,30,0.2235767290951113,0.005760312845218871,0.7346938775510204,49,,0,0.060439515858888626,0,0.023112671449780464,0.0594555027782917
r4_random,clipart,source_z_l2_mean4,Exit_Sign,middle_relative,11,0.33039121951619266,0.0719715465953718,0.6666666666666666,30,1.0,2,0.23285898566246033,1,0.08040709048509598,0.2254045456647873
r4_random,clipart,source_z_l2_mean4,Fan,weak_relative,14,-0.3151901402525259,-0.30736770687297577,0.41025641025641024,39,0.3333333333333333,6,0.5411818623542786,3,-0.2477560192346573,-0.23527105152606964
r4_random,clipart,source_z_l2_mean4,Fan,middle_relative,22,-0.22609917479464225,-0.08409951604233698,0.3787878787878788,66,0.5,6,0.6896757483482361,3,-0.24365149438381195,-0.32949790358543396
r4_random,clipart,source_z_l2_mean4,Fan,strong_relative,14,-0.011552654078374447,0.09481442564022607,0.5,42,0.16666666666666666,6,0.4036861062049866,3,-0.06020359322428703,-0.0002130695793312043
r4_random,clipart,source_z_l2_mean4,File_Cabinet,weak_relative,8,-0.39164303314249305,0.22878348733895626,0.20833333333333334,24,0.16666666666666666,6,0.4957941174507141,3,-0.21776531636714935,-0.3094162940979004
r4_random,clipart,source_z_l2_mean4,File_Cabinet,middle_relative,5,-0.35548839925096437,0.379801704334896,0.3333333333333333,15,0.0,2,0.4178701937198639,1,-0.009910667315125465,-0.21591246128082275
r4_random,clipart,source_z_l2_mean4,File_Cabinet,strong_relative,27,-0.5610645245576049,-0.44818485771511063,0.3950617283950617,81,0.16666666666666666,12,0.47145289182662964,6,-0.09275954216718674,-0.306074321269989
r4_random,clipart,source_z_l2_mean4,Flipflops,weak_relative,20,0.16172296870335529,-0.21214663629387445,0.5833333333333334,60,0.875,8,0.5449070930480957,4,-0.008047744631767273,0.1523580551147461
r4_random,clipart,source_z_l2_mean4,Flipflops,middle_relative,17,0.2700873275368865,0.26118410775035983,0.5686274509803921,51,0.8333333333333334,6,0.5615816116333008,3,0.037606142461299896,0.11595207452774048
r4_random,clipart,source_z_l2_mean4,Flowers,weak_relative,28,0.3946219585358969,0.34021230571507044,0.5595238095238095,84,0.5,6,0.5073323845863342,3,0.16102327406406403,0.16502930223941803
r4_random,clipart,source_z_l2_mean4,Flowers,middle_relative,47,0.42354886694292526,0.31066183776036377,0.5815602836879432,141,0.8,10,0.4835059940814972,5,0.21544310450553894,0.26450681686401367
r4_random,clipart,source_z_l2_mean4,Flowers,strong_relative,24,0.3445731110233338,0.2836714111218336,0.5555555555555556,72,0.6666666666666666,6,0.49954891204833984,3,0.15202197432518005,0.276439368724823
r4_random,clipart,source_z_l2_mean4,Folder,weak_relative,15,-0.7000790797298377,0.1754139681007018,0.2,45,,0,0.7519964575767517,0,-0.36161839962005615,-0.5816274881362915
r4_random,clipart,source_z_l2_mean4,Folder,middle_relative,37,-0.49770409334717897,0.05379620895307166,0.1981981981981982,111,0.125,8,0.471160888671875,4,-0.26088371872901917,-0.3884848356246948
r4_random,clipart,source_z_l2_mean4,Folder,strong_relative,47,-0.5458673233137451,-0.04476414040346097,0.18439716312056736,141,0.05555555555555555,18,0.5031372308731079,9,-0.2617827355861664,-0.3580522835254669
r4_random,clipart,source_z_l2_mean4,Fork,weak_relative,34,-0.26219493069901006,0.011251922292520682,0.24242424242424243,99,1.0,4,0.2577888071537018,2,-0.06365039944648743,-0.018498491495847702
r4_random,clipart,source_z_l2_mean4,Fork,middle_relative,22,-0.12708991909237533,0.014910165892613016,0.4090909090909091,66,0.5,4,0.4704176187515259,2,-0.06405102461576462,-0.01789451390504837
r4_random,clipart,source_z_l2_mean4,Fork,strong_relative,5,-0.1557009442214642,0.7108379089448194,0.4,15,0.5,4,0.4032796025276184,2,-0.12125104665756226,-0.2170519083738327
r4_random,clipart,source_z_l2_mean4,Glasses,weak_relative,19,0.45098569143148554,0.30575538543247166,0.7368421052631579,57,,0,0.2078157365322113,0,0.10550445318222046,0.184035524725914
r4_random,clipart,source_z_l2_mean4,Glasses,middle_relative,23,0.1503644726365454,0.04573605885944688,0.48484848484848486,66,,0,0.14173905551433563,0,0.04512837529182434,0.06074787676334381
r4_random,clipart,source_z_l2_mean4,Glasses,strong_relative,10,0.03232170799246014,0.30535212055770566,0.36666666666666664,30,0.5,2,0.2628895342350006,1,0.006823892239481211,-0.028668424114584923
r4_random,clipart,source_z_l2_mean4,Hammer,weak_relative,38,-0.6560765741439111,0.08117422632331034,0.11403508771929824,114,0.08333333333333333,12,0.6386494636535645,6,-0.27658969163894653,-0.42940711975097656
r4_random,clipart,source_z_l2_mean4,Hammer,middle_relative,42,-0.7186824089332732,-0.3706273543778938,0.07936507936507936,126,0.0,22,0.6561247706413269,11,-0.2736329436302185,-0.49217820167541504
r4_random,clipart,source_z_l2_mean4,Hammer,strong_relative,19,-0.7344043181794114,0.00916740124857321,0.07017543859649122,57,0.08333333333333333,12,0.8307534456253052,6,-0.3810648024082184,-0.7872533202171326
r4_random,clipart,source_z_l2_mean4,Helmet,weak_relative,17,0.6540003915821766,0.5979909220411797,0.6666666666666666,51,1.0,4,0.5607817769050598,2,0.14473259449005127,0.11621514707803726
r4_random,clipart,source_z_l2_mean4,Helmet,middle_relative,27,0.46920018942700675,0.08719792646988844,0.725,80,0.8,10,0.7421848773956299,5,0.0905730202794075,-0.01662497967481613
r4_random,clipart,source_z_l2_mean4,Helmet,strong_relative,25,0.47394521628175407,0.1382615845271728,0.7866666666666666,75,0.75,8,0.6737917065620422,4,0.10437124222517014,0.1607530266046524
r4_random,clipart,source_z_l2_mean4,Kettle,weak_relative,13,0.23223331380071213,0.05138778544332579,0.5897435897435898,39,0.25,4,0.5164929628372192,2,-0.0004016917373519391,-0.21907445788383484
r4_random,clipart,source_z_l2_mean4,Kettle,middle_relative,12,-0.3901987594261063,-0.27444814837206655,0.3333333333333333,36,0.5,4,0.24097542464733124,2,-0.08202388137578964,-0.09949526935815811
r4_random,clipart,source_z_l2_mean4,Kettle,strong_relative,15,-0.32888300150041216,-0.26823944070437683,0.37777777777777777,45,0.0,2,0.3494732975959778,1,-0.06051105633378029,-0.13519982993602753
r4_random,clipart,source_z_l2_mean4,Keyboard,weak_relative,21,0.6568888434317681,0.555395987290257,0.7301587301587301,63,,0,0.26471590995788574,0,0.10845787078142166,0.1514313519001007
r4_random,clipart,source_z_l2_mean4,Keyboard,middle_relative,36,0.6615320682692921,0.6156042066788693,0.5420560747663551,107,0.5,2,0.1792164444923401,1,0.07775340229272842,0.10162673145532608
r4_random,clipart,source_z_l2_mean4,Keyboard,strong_relative,42,0.41782875654002805,0.21866789270994866,0.6111111111111112,126,0.0,2,0.38299351930618286,1,0.13486430048942566,0.23740695416927338
r4_random,clipart,source_z_l2_mean4,Knives,weak_relative,24,0.4593186215715089,-0.14965679124851083,0.7605633802816901,71,1.0,2,0.7468100190162659,1,0.15918810665607452,0.3006225824356079
r4_random,clipart,source_z_l2_mean4,Knives,middle_relative,16,0.40151117326128727,-0.09618222064080735,0.6875,48,1.0,4,0.41487205028533936,2,0.07791157066822052,0.08364930003881454
r4_random,clipart,source_z_l2_mean4,Knives,strong_relative,13,0.4419058115743221,-0.25402106738301206,0.7435897435897436,39,0.5,2,0.6484616994857788,1,0.12775257229804993,0.48684611916542053
r4_random,clipart,source_z_l2_mean4,Lamp_Shade,weak_relative,7,-0.7364693119700304,-0.47977952910276556,0.09523809523809523,21,0.0,2,0.49373361468315125,1,-0.21463845670223236,-0.20702874660491943
r4_random,clipart,source_z_l2_mean4,Lamp_Shade,middle_relative,10,0.22553241394031667,-0.4458755659050956,0.4,30,,0,0.538553774356842,0,-0.020280808210372925,0.2576175332069397
r4_random,clipart,source_z_l2_mean4,Lamp_Shade,strong_relative,23,-0.05721537386443743,-0.44312517391295525,0.2753623188405797,69,0.75,4,0.3801652193069458,2,-0.12916328012943268,0.015650423243641853
r4_random,clipart,source_z_l2_mean4,Laptop,weak_relative,25,-0.2757352521302928,0.26231874286260054,0.26666666666666666,75,0.2,10,0.4279707670211792,5,-0.020560555160045624,-0.08845186233520508
r4_random,clipart,source_z_l2_mean4,Laptop,middle_relative,40,-0.5030089794967676,0.05362090582986263,0.26666666666666666,120,0.0,12,0.6059452891349792,6,-0.07471609115600586,-0.14263927936553955
r4_random,clipart,source_z_l2_mean4,Laptop,strong_relative,34,-0.4244262492990624,-0.14358049779409227,0.3431372549019608,102,0.16666666666666666,12,0.6659651398658752,6,0.001519148820079863,-0.21858923137187958
r4_random,clipart,source_z_l2_mean4,Marker,weak_relative,30,0.15484646574060681,-0.3566624876982832,0.6333333333333333,90,0.8333333333333334,6,0.8089293241500854,3,-0.012315941043198109,-0.04540521278977394
r4_random,clipart,source_z_l2_mean4,Marker,middle_relative,31,0.27517190861158797,-0.06166889910120643,0.6559139784946236,93,0.8,10,0.7371723055839539,5,0.03549228236079216,0.051987070590257645
r4_random,clipart,source_z_l2_mean4,Marker,strong_relative,10,0.25766438062232866,-0.11464649409696313,0.5333333333333333,30,,0,0.8674694299697876,0,-0.05276094749569893,0.19129899144172668
r4_random,clipart,source_z_l2_mean4,Monitor,weak_relative,18,0.3487844070165877,0.08254466542464375,0.6296296296296297,54,0.6666666666666666,6,0.3213229775428772,3,0.07942050695419312,0.09665156155824661
r4_random,clipart,source_z_l2_mean4,Monitor,middle_relative,40,0.3622278535931156,-0.1502480520363142,0.65,120,0.9285714285714286,14,0.35502782464027405,7,0.07976547628641129,0.15316978096961975
r4_random,clipart,source_z_l2_mean4,Monitor,strong_relative,41,-0.2226167880846076,-0.1829121995055296,0.6016260162601627,123,0.6,10,0.37234410643577576,5,-0.014970747753977776,0.050752606242895126
r4_random,clipart,source_z_l2_mean4,Mop,weak_relative,9,0.29458583960361306,-0.0916712653425224,0.48148148148148145,27,,0,1.3080031871795654,0,0.25505614280700684,0.5170577764511108
r4_random,clipart,source_z_l2_mean4,Mop,middle_relative,13,0.3836488106286171,0.19622867396328197,0.6410256410256411,39,1.0,4,1.1038954257965088,2,0.19606608152389526,-0.04229164868593216
r4_random,clipart,source_z_l2_mean4,Mop,strong_relative,18,0.21869534881676722,0.05060832618737739,0.6296296296296297,54,1.0,4,0.8947259187698364,2,0.19320383667945862,0.2805417478084564
r4_random,clipart,source_z_l2_mean4,Mouse,weak_relative,29,-0.33446053320125174,0.23332709747976307,0.12643678160919541,87,,0,0.3720639646053314,0,-0.12348205596208572,-0.2211189866065979
r4_random,clipart,source_z_l2_mean4,Mouse,middle_relative,29,-0.4769442666584425,0.21564839174490205,0.1724137931034483,87,0.0,10,0.4129621386528015,5,-0.1507216840982437,-0.24492737650871277
r4_random,clipart,source_z_l2_mean4,Mouse,strong_relative,18,-0.5012969211485238,0.2621558891827454,0.16666666666666666,54,0.0,2,0.5397717952728271,1,-0.12741708755493164,-0.3545680344104767
r4_random,clipart,source_z_l2_mean4,Mug,weak_relative,63,0.13483679853108577,0.07957267059938919,0.5851063829787234,188,0.6,10,0.16708971560001373,5,0.02929815836250782,0.03506976366043091
r4_random,clipart,source_z_l2_mean4,Mug,middle_relative,23,0.0630007461265814,0.17600148584387917,0.4782608695652174,69,0.75,4,0.436890572309494,2,0.045870885252952576,0.013358943164348602
r4_random,clipart,source_z_l2_mean4,Mug,strong_relative,13,0.09251613933985015,0.2378804304731612,0.5897435897435898,39,0.3333333333333333,6,0.5179519057273865,3,0.09396347403526306,-0.09941684454679489
r4_random,clipart,source_z_l2_mean4,Notebook,weak_relative,37,0.4768216176609304,0.1252491673886904,0.6396396396396397,111,0.5,2,0.7952905893325806,1,0.12750579416751862,0.22918517887592316
r4_random,clipart,source_z_l2_mean4,Notebook,middle_relative,29,0.6711964171421797,0.24866202257393222,0.735632183908046,87,0.5,4,1.101586937904358,2,0.360107421875,0.2939806878566742
r4_random,clipart,source_z_l2_mean4,Notebook,strong_relative,17,0.38327459080499005,-0.06473730281262768,0.6274509803921569,51,0.5,8,0.7384742498397827,4,0.09526672959327698,0.25572898983955383
r4_random,clipart,source_z_l2_mean4,Oven,weak_relative,7,-0.2925474848418015,-0.24800405960686225,0.23809523809523808,21,,0,0.4524599611759186,0,-0.09232967346906662,-0.06582649797201157
r4_random,clipart,source_z_l2_mean4,Oven,middle_relative,26,-0.18995238003411197,0.0011625370541523798,0.38961038961038963,77,0.0,2,0.3431771993637085,1,-0.02401798591017723,-0.1255302131175995
r4_random,clipart,source_z_l2_mean4,Oven,strong_relative,7,-0.4656517589429966,0.06811296176976615,0.23809523809523808,21,,0,0.2714576721191406,0,-0.12215065956115723,-0.20821276307106018
r4_random,clipart,source_z_l2_mean4,Pan,weak_relative,19,0.10255508388952474,0.03130708028772173,0.5263157894736842,57,0.6666666666666666,6,0.30497026443481445,3,0.08537402004003525,0.06743082404136658
r4_random,clipart,source_z_l2_mean4,Pan,middle_relative,14,0.010552182077668547,-0.2816445278737653,0.5714285714285714,42,1.0,2,0.196538046002388,1,0.05559099465608597,0.12891824543476105
r4_random,clipart,source_z_l2_mean4,Pan,strong_relative,18,0.20652822412837069,-0.02090247938091662,0.6666666666666666,54,1.0,2,0.20720583200454712,1,0.04267732426524162,0.05056575685739517
r4_random,clipart,source_z_l2_mean4,Paper_Clip,weak_relative,24,0.33656261277498745,-0.1916239649281518,0.5972222222222222,72,1.0,6,1.1183867454528809,3,0.06329037994146347,0.22937367856502533
r4_random,clipart,source_z_l2_mean4,Paper_Clip,middle_relative,10,0.2240399340679152,-0.3009592723985824,0.5333333333333333,30,0.75,8,1.2573175430297852,4,0.005530255846679211,0.5186885595321655
r4_random,clipart,source_z_l2_mean4,Paper_Clip,strong_relative,6,0.19027793894961745,-0.6319305530631629,0.5555555555555556,18,0.75,4,1.3121134042739868,2,-0.013829628936946392,0.5067288875579834
r4_random,clipart,source_z_l2_mean4,Pen,weak_relative,55,0.09922824730795866,0.08534976483698044,0.5151515151515151,165,0.5,10,0.4109240770339966,5,-0.031723856925964355,-0.03832321614027023
r4_random,clipart,source_z_l2_mean4,Pen,middle_relative,35,0.15310271678875464,0.2442874374516759,0.4666666666666667,105,1.0,2,0.41706421971321106,1,-0.009329264052212238,0.016258064657449722
r4_random,clipart,source_z_l2_mean4,Pen,strong_relative,9,0.2925391469610895,0.512330442014838,0.3333333333333333,27,,0,0.6020902395248413,0,-0.022141622379422188,0.1334124654531479
r4_random,clipart,source_z_l2_mean4,Pencil,weak_relative,49,-0.14655140190209773,0.11746240313909909,0.3945578231292517,147,0.9166666666666666,24,0.3867776691913605,12,-0.09200772643089294,-0.1016593649983406
r4_random,clipart,source_z_l2_mean4,Pencil,middle_relative,30,-0.11876013205308102,0.23418982463614255,0.4222222222222222,90,0.5714285714285714,14,0.4659895896911621,7,-0.05083910748362541,-0.08342695981264114
r4_random,clipart,source_z_l2_mean4,Pencil,strong_relative,20,-0.16278406297046466,-0.1731004346094119,0.45,60,0.5,4,0.5262126922607422,2,-0.02280125953257084,-0.01013755239546299
r4_random,clipart,source_z_l2_mean4,Postit_Notes,weak_relative,24,-0.7313387573518703,-0.4667299352430887,0.2222222222222222,72,0.25,8,0.542966902256012,4,-0.19687294960021973,-0.14734327793121338
r4_random,clipart,source_z_l2_mean4,Postit_Notes,middle_relative,10,-0.7434198248991425,-0.19870477410193574,0.13333333333333333,30,,0,0.6073366403579712,0,-0.27227577567100525,-0.2996901869773865
r4_random,clipart,source_z_l2_mean4,Postit_Notes,strong_relative,7,-0.4749772856255749,0.18383559044264622,0.23809523809523808,21,0.0,4,0.6222366690635681,2,-0.17679166793823242,-0.24466286599636078
r4_random,clipart,source_z_l2_mean4,Printer,weak_relative,11,-0.19860113626174777,0.4622844737405279,0.42424242424242425,33,0.0,2,0.3090970814228058,1,-0.08877725899219513,-0.16544824838638306
r4_random,clipart,source_z_l2_mean4,Printer,middle_relative,20,-0.08744277826012385,-0.3483313284538004,0.45,60,0.0,2,0.5573993921279907,1,-0.00774282356724143,-0.09197769314050674
r4_random,clipart,source_z_l2_mean4,Printer,strong_relative,56,0.3412635740798535,0.025648568243193216,0.6726190476190477,168,0.42857142857142855,14,0.5042672157287598,7,0.054761920124292374,0.22206616401672363
r4_random,clipart,source_z_l2_mean4,Push_Pin,weak_relative,18,0.5027416299023881,0.15359929161922217,0.6851851851851852,54,1.0,4,0.5288485884666443,2,0.09357685595750809,0.2486979216337204
r4_random,clipart,source_z_l2_mean4,Push_Pin,middle_relative,11,0.2505568864938612,-0.31536681552948503,0.5454545454545454,33,0.25,4,0.54824298620224,2,0.022954685613512993,0.2757376432418823
r4_random,clipart,source_z_l2_mean4,Push_Pin,strong_relative,11,0.7311141434036668,0.15637869539120403,0.8787878787878788,33,0.875,8,1.041925311088562,4,0.3278968930244446,0.9533849358558655
r4_random,clipart,source_z_l2_mean4,Radio,weak_relative,18,-0.20976467046477093,0.08876526418214976,0.4444444444444444,54,0.75,4,0.5551591515541077,2,-0.1193552017211914,-0.12777291238307953
r4_random,clipart,source_z_l2_mean4,Radio,middle_relative,8,-0.34978417693760755,-0.2955779650572394,0.4583333333333333,24,,0,0.31984636187553406,0,-0.07422790676355362,-0.05431472510099411
r4_random,clipart,source_z_l2_mean4,Radio,strong_relative,20,-0.15180472732619416,0.22260786499516336,0.43333333333333335,60,0.0,4,0.508268415927887,2,-0.10865505784749985,-0.19473788142204285
r4_random,clipart,source_z_l2_mean4,Refrigerator,weak_relative,7,0.44897809994266963,-0.2982744747465529,0.6190476190476191,21,0.0,2,0.9795275926589966,1,0.27848413586616516,0.10333836078643799
r4_random,clipart,source_z_l2_mean4,Refrigerator,middle_relative,16,0.15082341448816253,0.307263396666926,0.75,48,1.0,2,1.2574245929718018,1,-0.09005804359912872,-0.10600009560585022
r4_random,clipart,source_z_l2_mean4,Refrigerator,strong_relative,17,0.3217379031418736,0.5326107615968911,0.5098039215686274,51,0.5,6,0.44189536571502686,3,0.0017642518505454063,0.01633620634675026
r4_random,clipart,source_z_l2_mean4,Ruler,weak_relative,43,-0.6531319005518693,-0.3374641568429862,0.14728682170542637,129,0.25,8,0.44734546542167664,4,-0.18624767661094666,-0.1117018535733223
r4_random,clipart,source_z_l2_mean4,Ruler,middle_relative,18,-0.5378730793495045,-0.4831823625586477,0.14814814814814814,54,0.5,2,0.2938499450683594,1,-0.14524753391742706,-0.16545134782791138
r4_random,clipart,source_z_l2_mean4,Ruler,strong_relative,6,-0.41068998884929175,-0.1570488208291896,0.3333333333333333,18,,0,0.028204476460814476,0,-0.004129144828766584,0.0
r4_random,clipart,source_z_l2_mean4,Scissors,weak_relative,26,0.24323006792145843,0.5013648695382419,0.5714285714285714,77,1.0,2,0.1831180453300476,1,0.009891011752188206,-0.016661541536450386
r4_random,clipart,source_z_l2_mean4,Scissors,middle_relative,30,-0.13511020240540478,-0.02345363510140576,0.5444444444444444,90,0.75,4,0.21049171686172485,2,-0.055528946220874786,-0.02818651683628559
r4_random,clipart,source_z_l2_mean4,Scissors,strong_relative,43,-0.30533257926160895,-0.22552865295639557,0.43410852713178294,129,0.0,8,0.24640269577503204,4,-0.09314770251512527,-0.0860842764377594
r4_random,clipart,source_z_l2_mean4,Screwdriver,weak_relative,35,-0.1546090841748929,-0.30697352155006963,0.3333333333333333,105,0.5,2,0.3444474935531616,1,-0.029669489711523056,0.00855562649667263
r4_random,clipart,source_z_l2_mean4,Screwdriver,middle_relative,24,-0.4611620274326274,-0.3676321981561187,0.2638888888888889,72,0.8333333333333334,6,0.3201615512371063,3,-0.0902455672621727,-0.11302188038825989
r4_random,clipart,source_z_l2_mean4,Screwdriver,strong_relative,16,-0.2911680442737067,-0.2057688347651139,0.25,48,,0,0.3472185432910919,0,-0.058106034994125366,-0.13401222229003906
r4_random,clipart,source_z_l2_mean4,Shelf,weak_relative,9,0.43616020191693333,0.18220149404838643,0.7037037037037037,27,,0,0.8345975279808044,0,0.07250360399484634,0.1390349566936493
r4_random,clipart,source_z_l2_mean4,Shelf,middle_relative,12,0.18776108151375623,0.2639140032398203,0.5555555555555556,36,,0,0.5817484259605408,0,0.04397151991724968,0.13677050173282623
r4_random,clipart,source_z_l2_mean4,Shelf,strong_relative,21,0.47288855899033294,0.4566286636516816,0.6190476190476191,63,1.0,4,0.6876680850982666,2,0.15077318251132965,0.4237406253814697
r4_random,clipart,source_z_l2_mean4,Sink,weak_relative,18,0.38865228886357234,-0.2788605584053708,0.7962962962962963,54,0.5,4,1.1281062364578247,2,0.41863471269607544,0.4595702588558197
r4_random,clipart,source_z_l2_mean4,Sink,middle_relative,10,0.41971022232843735,-0.4163108232000717,0.7666666666666667,30,1.0,6,0.7496811151504517,3,0.3494113087654114,0.5806146264076233
r4_random,clipart,source_z_l2_mean4,Sink,strong_relative,14,0.27888996622254203,-0.15979850903706455,0.7142857142857143,42,1.0,6,0.8858671188354492,3,0.29374977946281433,0.4159255027770996
r4_random,clipart,source_z_l2_mean4,Sneakers,weak_relative,12,-0.25826003567879496,0.06804814589004972,0.3888888888888889,36,1.0,2,0.2422512322664261,1,0.004083814565092325,-0.05134214833378792
r4_random,clipart,source_z_l2_mean4,Sneakers,middle_relative,15,-0.055748744573128256,0.04522568833065014,0.4222222222222222,45,,0,0.23451972007751465,0,-0.03646747022867203,-0.0023268137592822313
r4_random,clipart,source_z_l2_mean4,Sneakers,strong_relative,16,-0.2591141050637897,-0.04374533164907619,0.4791666666666667,48,0.5,4,0.28653794527053833,2,-0.041216857731342316,-0.0716133713722229
r4_random,clipart,source_z_l2_mean4,Soda,weak_relative,24,0.09773909384658364,0.00821657323059182,0.6388888888888888,72,1.0,2,0.44944944977760315,1,0.02284463308751583,0.048880357295274734
r4_random,clipart,source_z_l2_mean4,Soda,middle_relative,24,0.23985914802202454,0.08038212305468323,0.5138888888888888,72,0.3333333333333333,6,0.7881385684013367,3,0.05873508378863335,0.3176112174987793
r4_random,clipart,source_z_l2_mean4,Soda,strong_relative,13,0.11653535474389191,0.0929133151476561,0.5384615384615384,39,0.0,2,0.5761381387710571,1,0.07195989042520523,0.20594049990177155
r4_random,clipart,source_z_l2_mean4,Speaker,weak_relative,24,-0.3535240304613566,-0.16796946577105507,0.3333333333333333,72,0.5,2,0.5744854807853699,1,-0.2217632383108139,-0.22717273235321045
r4_random,clipart,source_z_l2_mean4,Speaker,middle_relative,14,-0.032714902792579006,-0.13795712882771813,0.5476190476190477,42,0.5,2,0.40524962544441223,1,-0.04825907200574875,0.09288124740123749
r4_random,clipart,source_z_l2_mean4,Speaker,strong_relative,52,-0.19913458115575056,-0.08299513333451398,0.41025641025641024,156,0.25,4,0.416629821062088,2,-0.15150554478168488,-0.13695409893989563
r4_random,clipart,source_z_l2_mean4,Spoon,weak_relative,28,0.41247990730356143,-0.18333185605504176,0.5595238095238095,84,1.0,2,0.43353018164634705,1,0.09441392868757248,0.10401348024606705
r4_random,clipart,source_z_l2_mean4,Spoon,middle_relative,22,0.5240829827073408,0.30895197177914935,0.5909090909090909,66,0.5,2,0.48046931624412537,1,0.13576851785182953,0.1120479628443718
r4_random,clipart,source_z_l2_mean4,Spoon,strong_relative,10,-0.03659372580886298,0.1539778307632306,0.43333333333333335,30,0.0,4,0.6059392690658569,2,-0.03680419921875,-0.11581780761480331
r4_random,clipart,source_z_l2_mean4,TV,weak_relative,20,0.5288167303878769,0.4313687269194864,0.5666666666666667,60,0.9,10,0.3996964693069458,5,0.10314220190048218,0.07588957995176315
r4_random,clipart,source_z_l2_mean4,TV,middle_relative,41,0.39547498812479087,0.21391653642222794,0.5284552845528455,123,0.6428571428571429,14,0.6024672389030457,7,0.12488081306219101,0.18368497490882874
r4_random,clipart,source_z_l2_mean4,TV,strong_relative,38,0.4474860246803869,-0.007241103856149291,0.6491228070175439,114,1.0,14,0.8455873727798462,7,0.21195738017559052,0.26285138726234436
r4_random,clipart,source_z_l2_mean4,Table,weak_relative,34,0.5027911629951948,0.05002028947438245,0.6666666666666666,102,0.25,4,0.48884227871894836,2,0.20310404896736145,0.3133789598941803
r4_random,clipart,source_z_l2_mean4,Table,middle_relative,20,0.18781010357815262,-0.47426737586895973,0.5333333333333333,60,0.0,2,0.3924272656440735,1,0.059068016707897186,0.1129724383354187
r4_random,clipart,source_z_l2_mean4,Table,strong_relative,26,0.08726506745981885,-0.19138205459943042,0.5384615384615384,78,0.0,4,0.43152934312820435,2,0.09890515357255936,0.17084088921546936
r4_random,clipart,source_z_l2_mean4,Telephone,weak_relative,22,0.45240739915835587,0.11383604647981137,0.6666666666666666,66,0.875,8,1.0766032934188843,4,0.32256627082824707,0.6276462078094482
r4_random,clipart,source_z_l2_mean4,Telephone,middle_relative,32,0.27664715123836475,-0.24035284215275882,0.65625,96,0.6666666666666666,12,1.1231950521469116,6,0.22443437576293945,0.4877416491508484
r4_random,clipart,source_z_l2_mean4,Telephone,strong_relative,45,0.15889110722157945,-0.17804049764461005,0.5333333333333333,135,0.3333333333333333,12,0.6905419826507568,6,0.061287637799978256,0.24506615102291107
r4_random,clipart,source_z_l2_mean4,ToothBrush,weak_relative,10,-0.09004356989712291,0.23219114534125426,0.5,30,1.0,2,0.4802548885345459,1,-0.04406454414129257,-0.02763710543513298
r4_random,clipart,source_z_l2_mean4,ToothBrush,middle_relative,15,-0.018399611596748112,-0.35808630914792594,0.4222222222222222,45,0.5,2,0.595375657081604,1,-0.03570659086108208,0.2388649880886078
r4_random,clipart,source_z_l2_mean4,ToothBrush,strong_relative,14,0.17379586231053107,0.1362252195398862,0.47619047619047616,42,1.0,2,0.2591067850589752,1,0.005230692680925131,0.08876492083072662
r4_random,clipart,source_z_l2_mean4,Toys,weak_relative,31,0.6617813481515014,0.10401783632361802,0.8387096774193549,93,0.75,8,1.44930100440979,4,0.4011476933956146,1.0874196290969849
r4_random,clipart,source_z_l2_mean4,Toys,middle_relative,26,0.4945276297746056,0.26597710349062204,0.7435897435897436,78,0.7142857142857143,14,1.183522343635559,7,0.17347097396850586,0.6156370639801025
r4_random,clipart,source_z_l2_mean4,Toys,strong_relative,42,0.29495674761386304,-0.06111885608609837,0.5634920634920635,126,0.3888888888888889,18,1.2914259433746338,9,-0.04213085025548935,0.6431229114532471
r4_random,clipart,source_z_l2_mean4,Trash_Can,weak_relative,19,0.25652287318932804,-0.34997420766984766,0.6666666666666666,57,0.8333333333333334,18,0.6612828969955444,9,0.19919651746749878,0.3599797487258911
r4_random,clipart,source_z_l2_mean4,Trash_Can,middle_relative,20,0.4638948719689551,0.03217323763035839,0.6666666666666666,60,,0,0.5439883470535278,0,0.2293521910905838,0.3375203609466553
r4_random,clipart,source_z_l2_mean4,Trash_Can,strong_relative,14,0.28549846714709914,-0.4294338713986553,0.8095238095238095,42,1.0,2,0.7130054831504822,1,0.19988121092319489,0.5975354313850403
r4_random,clipart,source_z_l2_mean4,Webcam,weak_relative,11,0.664747748958795,0.2995442374958334,0.9090909090909091,33,1.0,4,0.6661018133163452,2,0.3135608732700348,0.5040836930274963
r4_random,clipart,source_z_l2_mean4,Webcam,middle_relative,15,0.6444975409982858,0.31410006132610785,0.75,44,,0,0.17086009681224823,0,0.07425148040056229,0.14021171629428864
r4_random,clipart,source_z_l2_mean4,Webcam,strong_relative,14,0.739475736604546,0.042458070311871036,0.8333333333333334,42,0.6666666666666666,6,0.7103314399719238,3,0.27984341979026794,0.6266883015632629
b0,product,cosine_mean4,Alarm_Clock,weak_relative,9,0.2532010679002926,0.02197252498497549,0.6666666666666666,27,,0,0.08781468123197556,0,0.03554792329668999,0.013588594272732735
b0,product,cosine_mean4,Alarm_Clock,middle_relative,35,0.017410887239676764,0.06023480121205707,0.6666666666666666,105,1.0,2,0.14332935214042664,1,0.002993442816659808,0.010909914039075375
b0,product,cosine_mean4,Alarm_Clock,strong_relative,35,-0.04314075465843018,-0.15249280426593195,0.5428571428571428,105,0.5,2,0.08175389468669891,1,0.004528252873569727,0.0
b0,product,cosine_mean4,Backpack,weak_relative,14,-0.0641930781345211,-0.38753374921452743,0.5238095238095238,42,0.0,2,0.3451494574546814,1,-0.022940605878829956,-0.06267927587032318
b0,product,cosine_mean4,Backpack,middle_relative,31,0.3150363935865499,0.2521515729579273,0.6739130434782609,92,0.5,4,0.16621562838554382,2,0.03010776825249195,2.5135066607617773e-05
b0,product,cosine_mean4,Backpack,strong_relative,54,0.2925647170220342,0.20638481429037528,0.6962025316455697,158,,0,0.016265183687210083,0,0.004844820126891136,0.0
b0,product,cosine_mean4,Batteries,weak_relative,29,-0.03105030126421689,-0.4268400612786626,0.5057471264367817,87,0.5,6,0.702850341796875,3,-0.062269970774650574,-0.18064869940280914
b0,product,cosine_mean4,Batteries,middle_relative,26,0.149588607116324,-0.35747612712357907,0.7307692307692307,78,0.6666666666666666,6,0.26039305329322815,3,0.0713406503200531,0.0
b0,product,cosine_mean4,Batteries,strong_relative,7,0.6057300998514875,0.014679880971947626,0.6190476190476191,21,,0,0.02031138725578785,0,0.0056299264542758465,0.0
b0,product,cosine_mean4,Bed,strong_relative,41,0.6708095880363439,0.08886061348970492,0.7317073170731707,123,0.94,50,1.323638677597046,25,0.3831995725631714,0.00010429911344544962
b0,product,cosine_mean4,Bike,middle_relative,25,-0.0977608130126882,-0.20028651289096022,0.6571428571428571,70,,0,0.033745717257261276,0,-0.009222743101418018,0.0
b0,product,cosine_mean4,Bike,strong_relative,16,0.4453008832538007,0.0010856715858438186,0.875,48,,0,0.0009771435288712382,0,0.0004526160773821175,0.0
b0,product,cosine_mean4,Bottle,weak_relative,32,0.2343655345855851,0.25612184484907796,0.4842105263157895,95,0.8333333333333334,12,0.8539447784423828,6,0.31016919016838074,0.379716694355011
b0,product,cosine_mean4,Bottle,middle_relative,29,0.39719546976051195,0.5026130402071928,0.5977011494252874,87,0.5,4,0.6684070229530334,2,0.16732951998710632,0.17666514217853546
b0,product,cosine_mean4,Bucket,middle_relative,21,0.10299845020849087,0.08593083848202752,0.5238095238095238,63,0.3333333333333333,6,0.36091285943984985,3,0.046233609318733215,-0.006273102015256882
b0,product,cosine_mean4,Bucket,strong_relative,22,-0.22143315343870626,0.0025344882149909743,0.4393939393939394,66,0.5,6,0.2955036163330078,3,-0.09204939007759094,0.0
b0,product,cosine_mean4,Calculator,weak_relative,43,-0.15834393421364515,-0.25635616947501705,0.34108527131782945,129,0.5,6,0.20702697336673737,3,-0.009214562363922596,-0.026351775974035263
b0,product,cosine_mean4,Calculator,middle_relative,36,-0.20814253521734843,-0.14846757372950833,0.39814814814814814,108,,0,0.06356200575828552,0,-0.01597176305949688,0.0
b0,product,cosine_mean4,Calendar,weak_relative,57,-0.14450159559411663,-0.1492916841841973,0.4411764705882353,170,0.25,8,0.43705126643180847,4,-0.05988543853163719,-0.005893013905733824
b0,product,cosine_mean4,Calendar,middle_relative,23,-0.05986959563225497,-0.11456502726323921,0.5362318840579711,69,0.5,2,0.102409228682518,1,-0.008786346763372421,0.000378007156541571
b0,product,cosine_mean4,Candles,weak_relative,44,0.0988438236858648,-0.30137553226263863,0.816793893129771,131,0.875,8,0.3902444541454315,4,0.05687791481614113,0.15192319452762604
b0,product,cosine_mean4,Candles,middle_relative,11,0.23477058270746698,-0.1661398097681288,0.7575757575757576,33,,0,0.5116849541664124,0,0.21317201852798462,0.403889536857605
b0,product,cosine_mean4,Chair,weak_relative,27,0.2833999907209207,0.09594676692124729,0.7625,80,0.75,4,0.32254910469055176,2,0.08158544450998306,0.02254851907491684
b0,product,cosine_mean4,Chair,middle_relative,51,0.2409747959779447,-0.05333256216466088,0.8079470198675497,151,1.0,4,0.20563241839408875,2,0.07883289456367493,-8.493665518471971e-05
b0,product,cosine_mean4,Chair,strong_relative,21,-0.041179679340074604,-0.12283219657569643,0.49206349206349204,63,1.0,2,0.2560044825077057,1,0.03607290983200073,-0.0010816880967468023
b0,product,cosine_mean4,Clipboards,weak_relative,39,-0.505158959928866,-0.33414672626436004,0.358974358974359,117,0.19444444444444445,36,1.497536540031433,18,-0.47756218910217285,-0.6987721920013428
b0,product,cosine_mean4,Clipboards,middle_relative,25,-0.15697188676186577,0.24798251995315715,0.44,75,0.5,10,1.197549819946289,5,-0.018670368939638138,-0.0472857803106308
b0,product,cosine_mean4,Computer,weak_relative,55,0.5299251373110796,0.32827307157016483,0.6848484848484848,165,0.7083333333333334,48,1.668947696685791,24,0.18046358227729797,-0.04029613360762596
b0,product,cosine_mean4,Computer,middle_relative,25,0.5178500767492145,0.3051549763676852,0.76,75,0.7,20,1.1333197355270386,10,0.48533231019973755,0.05915701761841774
b0,product,cosine_mean4,Computer,strong_relative,16,0.38080387812412586,-0.018554072251586527,0.7083333333333334,48,0.8,10,2.6091535091400146,5,1.1200573444366455,0.0
b0,product,cosine_mean4,Couch,middle_relative,9,0.14560656874284314,0.020566777945034042,0.5555555555555556,27,0.5,2,0.2969321012496948,1,0.0851108729839325,0.021973462775349617
b0,product,cosine_mean4,Couch,strong_relative,77,-0.035495581773952053,-0.027274366322278754,0.49130434782608695,230,0.25,4,0.08201093226671219,2,-0.002530100755393505,0.0
b0,product,cosine_mean4,Curtains,weak_relative,12,0.2785763427253615,-0.15336076729816883,0.6388888888888888,36,0.625,8,0.5756363272666931,4,0.07419895380735397,-0.020052412524819374
b0,product,cosine_mean4,Curtains,middle_relative,18,-0.16492652074588232,-0.06762483720457363,0.4074074074074074,54,,0,0.3543801009654999,0,-0.04236458241939545,-0.07275901734828949
b0,product,cosine_mean4,Curtains,strong_relative,45,-0.07005789421682666,-0.04662419655745153,0.6370370370370371,135,0.3333333333333333,6,0.16395778954029083,3,0.034869711846113205,-0.027807893231511116
b0,product,cosine_mean4,Desk_Lamp,weak_relative,17,-0.0006885092285212199,0.01330284841155275,0.49019607843137253,51,0.7,20,2.0310189723968506,10,-0.378917396068573,-0.9589025974273682
b0,product,cosine_mean4,Desk_Lamp,middle_relative,36,0.34587794119175097,0.3413758930389152,0.6296296296296297,108,0.5384615384615384,26,1.5305156707763672,13,0.19229526817798615,-0.3864140808582306
b0,product,cosine_mean4,Desk_Lamp,strong_relative,30,0.003970083655980119,0.04157354160966271,0.5777777777777777,90,0.39285714285714285,28,1.299368143081665,14,-0.06414151936769485,-0.6048064827919006
b0,product,cosine_mean4,Drill,weak_relative,7,0.46124568049996345,0.34576224569933833,0.42857142857142855,21,1.0,2,0.5728029608726501,1,0.22451184689998627,0.03573454171419144
b0,product,cosine_mean4,Drill,strong_relative,56,-0.20323237559910762,0.09826691956404693,0.20833333333333334,168,,0,0.043329354375600815,0,-0.012341503985226154,0.008689983747899532
b0,product,cosine_mean4,Eraser,weak_relative,13,-0.2664233101954963,0.08185365254539274,0.38461538461538464,39,0.125,8,1.6968010663986206,4,-0.23963616788387299,0.05859671160578728
b0,product,cosine_mean4,Eraser,middle_relative,17,0.11689048343466696,0.055155257888526196,0.5882352941176471,51,0.75,12,1.2595069408416748,6,-0.07565164566040039,-0.2597879469394684
b0,product,cosine_mean4,Eraser,strong_relative,11,0.28495123155044116,0.2705178532980548,0.6363636363636364,33,0.5,2,0.28439822793006897,1,0.10578815639019012,-0.01685226708650589
b0,product,cosine_mean4,Exit_Sign,weak_relative,61,-0.08885572566611917,0.09840717247996188,0.27167630057803466,173,0.625,8,0.16618117690086365,4,-0.021580573171377182,-0.01604211889207363
b0,product,cosine_mean4,Exit_Sign,middle_relative,6,0.35539817298538157,0.45623362130200673,0.17647058823529413,17,,0,0.0476008839905262,0,0.008108372800052166,-0.005578348878771067
b0,product,cosine_mean4,Fan,weak_relative,12,-0.3704494776623993,-0.21298312808254558,0.5555555555555556,36,0.5,4,0.9089933037757874,2,0.17178714275360107,0.45277321338653564
b0,product,cosine_mean4,Fan,middle_relative,33,-0.373961446492653,-0.1642599106859518,0.45454545454545453,99,0.5,12,0.4763569235801697,6,-0.0816333144903183,0.140542671084404
b0,product,cosine_mean4,Fan,strong_relative,13,-0.32616928326645206,-0.04001141659036658,0.3333333333333333,39,0.0,2,0.11720725148916245,1,-0.05344054847955704,0.010977257043123245
b0,product,cosine_mean4,File_Cabinet,weak_relative,57,0.011771667210183906,0.18051662512935965,0.45614035087719296,171,0.21428571428571427,14,0.34294596314430237,7,-0.04404345154762268,-0.06697358191013336
b0,product,cosine_mean4,File_Cabinet,middle_relative,13,-0.33104263656816485,-0.36935552575893926,0.46153846153846156,39,,0,0.28619998693466187,0,-0.01984139159321785,0.0
b0,product,cosine_mean4,Flipflops,weak_relative,5,-0.10002684272820399,-0.36228311994171397,0.4666666666666667,15,1.0,2,1.6999785900115967,1,0.3763815760612488,0.2847291827201843
b0,product,cosine_mean4,Flipflops,middle_relative,16,0.31240984066246047,0.04265506766855137,0.8541666666666666,48,1.0,6,0.9281737804412842,3,0.34236037731170654,0.10568895936012268
b0,product,cosine_mean4,Flipflops,strong_relative,78,0.22919395761242414,-0.15643847841665992,0.7982832618025751,233,0.6764705882352942,34,0.6897715926170349,17,0.25922197103500366,-0.012255807407200336
b0,product,cosine_mean4,Flowers,weak_relative,63,0.08347869463592564,0.19965180537871285,0.5957446808510638,188,0.5,2,0.03740030527114868,1,0.012778866104781628,0.005485462956130505
b0,product,cosine_mean4,Flowers,middle_relative,27,0.16126755517233635,0.006341155943898843,0.7875,80,,0,0.016718748956918716,0,-0.0017307946691289544,-0.006674625910818577
b0,product,cosine_mean4,Folder,weak_relative,59,-0.411046145566042,-0.4088421297022455,0.288135593220339,177,0.22727272727272727,22,2.2117130756378174,11,-0.3661455512046814,-0.5076640248298645
b0,product,cosine_mean4,Folder,middle_relative,31,-0.4762045953453229,0.17204331019604546,0.34408602150537637,93,0.5,2,1.901631474494934,1,-0.5100433826446533,-0.47571465373039246
b0,product,cosine_mean4,Fork,weak_relative,8,0.2498967513708969,0.2091440288251527,0.625,24,0.5,4,0.861306369304657,2,0.10539655387401581,0.03746254742145538
b0,product,cosine_mean4,Fork,middle_relative,18,0.18408634144952699,0.17016381840322725,0.5185185185185185,54,0.5,10,0.6758583188056946,5,0.08433164656162262,-0.11475510150194168
b0,product,cosine_mean4,Fork,strong_relative,15,0.35433851076541484,0.4689457050582632,0.6,45,0.5,2,0.3103971779346466,1,0.048057276755571365,-0.07652474194765091
b0,product,cosine_mean4,Glasses,weak_relative,7,0.21430496039643254,0.3074542212897973,0.5238095238095238,21,0.5,6,0.6521948575973511,3,0.28367170691490173,0.3859836161136627
b0,product,cosine_mean4,Glasses,middle_relative,13,0.038778269290265455,0.12704333290007705,0.6388888888888888,36,,0,0.01650933176279068,0,0.007276884280145168,0.015488524921238422
b0,product,cosine_mean4,Glasses,strong_relative,47,-0.13079674170312447,-0.04267138327410755,0.5242718446601942,103,,0,0.0005858879303559661,0,-0.00028833269607275724,7.5398938861326315e-06
b0,product,cosine_mean4,Hammer,weak_relative,25,0.2223988675857197,-0.08479106535129793,0.5466666666666666,75,0.16666666666666666,6,1.5152766704559326,3,-0.012871930375695229,-0.1394944041967392
b0,product,cosine_mean4,Hammer,middle_relative,24,0.0929345185834561,-0.45928460769925206,0.6388888888888888,72,0.5,20,0.7936888337135315,10,0.10891097784042358,-0.031131619587540627
b0,product,cosine_mean4,Hammer,strong_relative,8,0.12684877148397727,0.5490714306437824,0.5416666666666666,24,0.5,2,0.6146286129951477,1,0.13018296658992767,0.00716550275683403
b0,product,cosine_mean4,Helmet,weak_relative,23,-0.1135181015528382,-0.157805051465704,0.5797101449275363,69,0.8333333333333334,6,0.8543358445167542,3,-0.12336016446352005,0.03160112723708153
b0,product,cosine_mean4,Helmet,middle_relative,41,-0.2970470725823567,-0.4132066875834145,0.5454545454545454,121,0.0,4,0.19749818742275238,2,-0.029426952823996544,0.030984530225396156
b0,product,cosine_mean4,Helmet,strong_relative,26,0.25212942966259505,0.1847216178631028,0.6621621621621622,74,1.0,4,0.1519840657711029,2,0.04209905117750168,0.0
b0,product,cosine_mean4,Kettle,middle_relative,17,0.27032639975727135,-0.040001461210427296,0.6470588235294118,51,0.8333333333333334,6,0.5655031800270081,3,0.24120604991912842,-0.05462349206209183
b0,product,cosine_mean4,Kettle,strong_relative,55,0.2809085966236817,-0.0875680417746497,0.7757575757575758,165,0.6071428571428571,28,0.5386843085289001,14,0.2212725132703781,-0.00047447343240492046
b0,product,cosine_mean4,Keyboard,weak_relative,17,0.10768340461706029,-0.20679355076222622,0.6666666666666666,51,0.5,6,0.381977915763855,3,0.04861585050821304,0.0010383561020717025
b0,product,cosine_mean4,Keyboard,middle_relative,17,0.11892373391000365,-0.3706253723434997,0.5686274509803921,51,0.5,8,0.35282111167907715,4,0.02605609968304634,-0.011389503255486488
b0,product,cosine_mean4,Keyboard,strong_relative,65,0.17108536747298317,-0.15286917087143012,0.5567010309278351,194,1.0,2,0.09401176869869232,1,0.018228422850370407,-0.0013721991563215852
b0,product,cosine_mean4,Knives,weak_relative,32,-0.03830289478082263,-0.056877694279418925,0.4375,96,0.25,16,0.4341387152671814,8,0.04239804297685623,0.12376430630683899
b0,product,cosine_mean4,Knives,middle_relative,9,0.36542392121750084,0.4505397466703302,0.5925925925925926,27,,0,0.1021777093410492,0,0.03283847123384476,0.0
b0,product,cosine_mean4,Lamp_Shade,weak_relative,14,-0.37683258745784537,-0.36443899183198225,0.42857142857142855,42,0.3333333333333333,6,1.1108096837997437,3,-0.41805359721183777,-0.38620445132255554
b0,product,cosine_mean4,Lamp_Shade,middle_relative,24,-0.1484472148060634,-0.1791156925991046,0.4583333333333333,72,0.5,10,1.2733813524246216,5,-0.07820864021778107,-0.6253543496131897
b0,product,cosine_mean4,Lamp_Shade,strong_relative,16,-0.10045612138336799,-0.19099581636357998,0.5208333333333334,48,0.4166666666666667,12,0.99295973777771,6,0.02013862133026123,-0.3601440191268921
b0,product,cosine_mean4,Laptop,weak_relative,25,-0.5571579342719182,-0.11172762921792231,0.14666666666666667,75,0.13636363636363635,22,1.6543561220169067,11,-0.511328935623169,-0.13261817395687103
b0,product,cosine_mean4,Laptop,middle_relative,34,-0.3933395889688263,-0.12345742331085215,0.22549019607843138,102,0.25,28,0.9035914540290833,14,-0.19306345283985138,0.01632707193493843
b0,product,cosine_mean4,Laptop,strong_relative,40,-0.4678628105575688,0.06108674413594898,0.25,120,0.125,24,0.6649629473686218,12,-0.3159089982509613,0.0
b0,product,cosine_mean4,Marker,weak_relative,33,0.49108717441103455,0.49706073922051613,0.6767676767676768,99,0.84375,32,1.697709083557129,16,0.31153953075408936,-0.1328996866941452
b0,product,cosine_mean4,Marker,middle_relative,19,0.3736681517512635,0.18097108505661033,0.7017543859649122,57,0.6428571428571429,14,1.2779064178466797,7,0.3852534294128418,-0.07507472485303879
b0,product,cosine_mean4,Monitor,middle_relative,19,-0.26468755907329833,0.03758266052695976,0.3508771929824561,57,0.1875,16,0.7872937917709351,8,0.03804074600338936,0.40776801109313965
b0,product,cosine_mean4,Monitor,strong_relative,75,-0.07011085018647124,0.20557616242728965,0.4,225,0.4444444444444444,72,0.6949224472045898,36,-0.1235307827591896,0.07221516966819763
b0,product,cosine_mean4,Mop,weak_relative,12,0.27879036971696736,0.4867617774088692,0.6111111111111112,36,0.75,12,1.1581298112869263,6,-0.09490212053060532,-0.312762975692749
b0,product,cosine_mean4,Mop,middle_relative,26,0.19900686608903242,0.5253773283478302,0.5641025641025641,78,0.5714285714285714,14,0.7884254455566406,7,0.1789170652627945,-0.14608775079250336
b0,product,cosine_mean4,Mop,strong_relative,34,0.2739768855181654,0.05865335768017817,0.7941176470588235,102,0.625,8,0.5615477561950684,4,0.16597022116184235,-0.06169861927628517
b0,product,cosine_mean4,Mouse,weak_relative,34,0.1851172792290657,0.16243015510659414,0.4215686274509804,102,0.5,4,0.2161647230386734,2,0.013848798349499702,-0.062367647886276245
b0,product,cosine_mean4,Mouse,middle_relative,47,-0.062098413588441745,0.0408349258448238,0.4676258992805755,139,0.5,4,0.1343286633491516,2,0.013791190460324287,-0.030268695205450058
b0,product,cosine_mean4,Mouse,strong_relative,15,-0.11879956483175795,-0.27478145585537433,0.4666666666666667,45,0.5,2,0.12904787063598633,1,0.026165610179305077,-0.00024699827190488577
b0,product,cosine_mean4,Mug,weak_relative,27,0.27713842551969026,0.2558794782551836,0.4567901234567901,81,1.0,2,0.4726858139038086,1,0.02046169899404049,-0.020081980153918266
b0,product,cosine_mean4,Mug,middle_relative,14,-0.28225928014092067,-0.09284708180240368,0.2682926829268293,41,,0,0.28169605135917664,0,-0.15898041427135468,5.788273824691714e-07
b0,product,cosine_mean4,Notebook,weak_relative,70,0.14789883387076225,0.11961105088922172,0.5384615384615384,208,0.5909090909090909,22,0.32154226303100586,11,0.06120862439274788,0.09509006887674332
b0,product,cosine_mean4,Notebook,middle_relative,23,0.28965220254031143,0.1285268982821387,0.6376811594202898,69,1.0,6,0.6477190256118774,3,0.16906580328941345,0.006809134967625141
b0,product,cosine_mean4,Oven,weak_relative,6,0.48593432143116755,0.5994669561652413,0.6666666666666666,18,0.5,4,0.2640492618083954,2,0.11722413450479507,0.10095807164907455
b0,product,cosine_mean4,Oven,middle_relative,13,-0.271436787423809,-0.0696506466379636,0.48717948717948717,39,,0,0.035822365432977676,0,-0.015717947855591774,0.0
b0,product,cosine_mean4,Oven,strong_relative,49,0.06834897267505408,-0.06279519411110013,0.4652777777777778,144,,0,0.01789287105202675,0,0.004728258121758699,0.0
b0,product,cosine_mean4,Pan,weak_relative,24,-0.08632580972462911,-0.09070984259736527,0.3472222222222222,72,0.5,8,0.4099977910518646,4,-0.07718256860971451,-0.10344118624925613
b0,product,cosine_mean4,Pan,middle_relative,24,-0.1512259017991829,-0.21632756923897425,0.3194444444444444,72,0.75,4,0.21352159976959229,2,-0.05133941397070885,-0.012319947592914104
b0,product,cosine_mean4,Pan,strong_relative,22,-0.11340533008750588,-0.047284275550548316,0.5303030303030303,66,0.0,6,0.22037038207054138,3,-0.04208715260028839,0.0009288821020163596
b0,product,cosine_mean4,Paper_Clip,weak_relative,22,0.05716550889610696,0.050326267987020314,0.4696969696969697,66,0.5,6,0.6571247577667236,3,-0.012936853803694248,-0.20797942578792572
b0,product,cosine_mean4,Paper_Clip,middle_relative,23,0.10188744021283866,0.001611695827334724,0.463768115942029,69,0.25,4,0.15907563269138336,2,0.03274130821228027,-0.042119890451431274
b0,product,cosine_mean4,Pen,weak_relative,23,0.41641265514769443,0.29868448305052986,0.7246376811594203,69,0.8,10,0.9236252903938293,5,0.38068687915802,0.10027080774307251
b0,product,cosine_mean4,Pen,middle_relative,31,0.3319701687853828,0.2590239880763701,0.7204301075268817,93,1.0,4,0.9431440830230713,2,0.2784106731414795,-0.11592268198728561
b0,product,cosine_mean4,Pen,strong_relative,6,0.23499731442357893,-0.11029744582600541,0.7222222222222222,18,1.0,2,0.4990997612476349,1,0.2810520827770233,0.0002463973651174456
b0,product,cosine_mean4,Pencil,weak_relative,22,0.10414359030992719,0.009198146969306886,0.5151515151515151,66,0.55,20,1.2802163362503052,10,0.03215468302369118,0.02818921208381653
b0,product,cosine_mean4,Pencil,middle_relative,16,0.1529538916335376,-0.16479091154168207,0.5625,48,0.5,12,1.0812445878982544,6,0.1852698177099228,0.02288975566625595
b0,product,cosine_mean4,Postit_Notes,weak_relative,24,-0.1815786520518673,-0.24822297953179576,0.4583333333333333,72,0.3125,16,0.7524712085723877,8,-0.09606828540563583,-0.2997749149799347
b0,product,cosine_mean4,Postit_Notes,middle_relative,14,0.06916083775538823,-0.009179900713717694,0.38095238095238093,42,0.5,4,0.3324911594390869,2,0.0561298243701458,-0.04308834299445152
b0,product,cosine_mean4,Printer,weak_relative,5,0.02842730150042239,-0.042279654506836906,0.6,15,,0,0.13762953877449036,0,-0.017918560653924942,-0.018041854724287987
b0,product,cosine_mean4,Printer,middle_relative,32,0.10960275997309706,-0.005294880713674609,0.7263157894736842,95,1.0,2,0.048399507999420166,1,0.017964784055948257,-0.0008698107558302581
b0,product,cosine_mean4,Printer,strong_relative,62,0.10480312302881005,-0.06257787607973754,0.7663043478260869,184,,0,0.0144611531868577,0,0.004094443749636412,-0.00063716946169734
b0,product,cosine_mean4,Push_Pin,weak_relative,37,0.13366445469874302,-0.07507125418067617,0.6216216216216216,111,0.6153846153846154,26,0.7604597210884094,13,0.14102321863174438,0.005177049897611141
b0,product,cosine_mean4,Push_Pin,middle_relative,6,-0.15031985772786785,-0.6457415844418521,0.5,18,,0,0.6688150763511658,0,-0.09446939080953598,0.023763617500662804
b0,product,cosine_mean4,Radio,middle_relative,21,-0.09473371454560404,-0.448902036392331,0.5555555555555556,63,0.75,8,0.7931256890296936,4,0.06616412103176117,0.0
b0,product,cosine_mean4,Radio,strong_relative,18,0.07537931254941788,-0.17307899953478176,0.7037037037037037,54,,0,0.6610414385795593,0,0.09524828940629959,0.0
b0,product,cosine_mean4,Refrigerator,weak_relative,16,-0.3586981715498515,0.01568916973177975,0.25,48,0.3,10,0.5195782780647278,5,-0.14941412210464478,-0.08384555578231812
b0,product,cosine_mean4,Refrigerator,middle_relative,14,-0.01694243383170467,0.5024701554658912,0.36585365853658536,41,0.5,4,0.23229144513607025,2,0.04724525660276413,-0.0019338804995641112
b0,product,cosine_mean4,Refrigerator,strong_relative,29,0.47498855125538425,0.32787033366370466,0.6436781609195402,87,1.0,4,0.20859645307064056,2,0.06737450510263443,0.0
b0,product,cosine_mean4,Ruler,weak_relative,35,-0.32220507217190647,0.0028354644046636786,0.1346153846153846,104,0.0,12,0.6259275078773499,6,-0.21682347357273102,-0.07373715937137604
b0,product,cosine_mean4,Ruler,middle_relative,21,-0.18643219022827148,0.24321429751906867,0.19047619047619047,63,0.0,2,0.4326365292072296,1,-0.11648429185152054,0.000595605990383774
b0,product,cosine_mean4,Scissors,weak_relative,11,0.3567669470211503,0.2062478813749812,0.7575757575757576,33,,0,0.9664431214332581,0,0.34871912002563477,0.1053261011838913
b0,product,cosine_mean4,Scissors,middle_relative,41,0.2894703235872756,0.08363554105404589,0.7704918032786885,122,1.0,8,0.42336225509643555,4,0.17959029972553253,-0.0028568527195602655
b0,product,cosine_mean4,Scissors,strong_relative,47,0.30685073779040767,-0.0116631815509262,0.8,140,0.6666666666666666,12,0.49847567081451416,6,0.18919430673122406,0.013164384290575981
b0,product,cosine_mean4,Screwdriver,weak_relative,14,0.0012673918221235436,-0.15065841781589673,0.5238095238095238,42,0.8333333333333334,6,0.59146648645401,3,0.08929473161697388,-0.08101586997509003
b0,product,cosine_mean4,Screwdriver,middle_relative,23,0.22002989716710356,-0.2360982847495729,0.6086956521739131,69,0.75,4,0.23069508373737335,2,0.09626927226781845,0.0
b0,product,cosine_mean4,Shelf,weak_relative,24,-0.18540271795919877,-0.5229836663654795,0.5694444444444444,72,0.16666666666666666,6,0.6898040771484375,3,-0.1464570015668869,-0.03962121158838272
b0,product,cosine_mean4,Shelf,middle_relative,16,0.08228748615890115,-0.1381492339905476,0.5,48,0.0,4,0.4018211364746094,2,0.08829491585493088,-0.053152695298194885
b0,product,cosine_mean4,Shelf,strong_relative,9,0.3449612367562703,-0.22666558112515903,0.7037037037037037,27,1.0,4,0.35471096634864807,2,0.11726196855306625,0.0
b0,product,cosine_mean4,Sink,middle_relative,8,0.30038525455296267,0.3291313009689168,0.7083333333333334,24,,0,0.33822304010391235,0,0.14105094969272614,-0.03334233909845352
b0,product,cosine_mean4,Sink,strong_relative,36,0.28695016930850376,0.10035721239506107,0.9166666666666666,108,,0,0.04035858437418938,0,0.02059718407690525,-6.789155304431915e-05
b0,product,cosine_mean4,Sneakers,weak_relative,6,-0.3330100753462952,0.5079297383666401,0.3888888888888889,18,,0,1.0136539936065674,0,-0.42415377497673035,-0.10991978645324707
b0,product,cosine_mean4,Sneakers,middle_relative,19,0.02045717114366673,0.017282641413782367,0.42857142857142855,56,0.6,10,0.28566521406173706,5,0.02265770733356476,0.0
b0,product,cosine_mean4,Sneakers,strong_relative,74,-0.1775595007438468,0.2112224998518721,0.6100917431192661,218,0.4,10,0.3068576157093048,5,-0.12498029321432114,0.0
b0,product,cosine_mean4,Soda,weak_relative,15,-0.17485594690966602,-0.14520632321566074,0.35555555555555557,45,0.0,2,0.1213049441576004,1,-0.06009112671017647,-0.0018326762365177274
b0,product,cosine_mean4,Soda,middle_relative,21,-0.17244835606522044,0.034740878978780955,0.4126984126984127,63,0.0,2,0.32260003685951233,1,-0.19629374146461487,0.002082550898194313
b0,product,cosine_mean4,Soda,strong_relative,7,-0.1698244515213087,-0.24746144528358247,0.6,20,0.0,4,0.3306376039981842,2,-0.17874430119991302,0.0028791727963835
b0,product,cosine_mean4,Speaker,weak_relative,29,0.44008404240306115,0.0035038346000975077,0.7931034482758621,87,0.75,28,1.5364629030227661,14,0.3534853458404541,0.36716562509536743
b0,product,cosine_mean4,Speaker,middle_relative,37,0.4088882246192806,-0.009573923232795883,0.8090909090909091,110,0.8636363636363636,22,0.8005302548408508,11,0.31397107243537903,-0.06804872304201126
b0,product,cosine_mean4,Speaker,strong_relative,33,0.5131270207571293,0.17350901713754044,0.8383838383838383,99,1.0,14,0.7208297848701477,7,0.2921062111854553,-0.012310837395489216
b0,product,cosine_mean4,Spoon,weak_relative,35,0.03674907977291288,0.15720266177436404,0.4857142857142857,105,0.4,10,0.3700267970561981,5,0.02830401062965393,0.07926938682794571
b0,product,cosine_mean4,Spoon,middle_relative,12,-0.08676887569454002,0.09397005803801901,0.5,36,0.3333333333333333,6,0.47248896956443787,3,0.007532829884439707,0.12420525401830673
b0,product,cosine_mean4,TV,weak_relative,12,0.37026701471734785,0.24502634406204693,0.6111111111111112,36,1.0,2,0.8927755355834961,1,0.25299838185310364,0.425773948431015
b0,product,cosine_mean4,TV,middle_relative,13,0.1094043429923538,-0.09615718736405057,0.5128205128205128,39,0.625,8,0.9468070268630981,4,0.01243599783629179,-0.29969146847724915
b0,product,cosine_mean4,TV,strong_relative,51,0.24933010094145505,0.46367181288513754,0.6339869281045751,153,0.6,10,0.34003153443336487,5,0.08566180616617203,-0.03639039024710655
b0,product,cosine_mean4,Table,weak_relative,15,0.006182083521150305,-0.2827072536227535,0.4444444444444444,45,0.75,4,0.5021870732307434,2,-0.0354766771197319,0.04493200406432152
b0,product,cosine_mean4,Table,middle_relative,37,0.2806311405931746,0.05258757286376659,0.5945945945945946,111,0.5714285714285714,14,0.6517967581748962,7,0.02495085820555687,0.04122031852602959
b0,product,cosine_mean4,Table,strong_relative,8,0.22171766057930256,0.10162767602408417,0.5833333333333334,24,1.0,6,0.6975325345993042,3,0.13505211472511292,0.0
b0,product,cosine_mean4,Telephone,weak_relative,17,0.5243743329481292,-0.2001759706930396,0.803921568627451,51,0.7692307692307693,26,2.2959768772125244,13,0.8278008699417114,0.05779857560992241
b0,product,cosine_mean4,Telephone,middle_relative,28,0.44155611406626827,0.13548368142136274,0.8333333333333334,84,0.75,40,1.600937843322754,20,0.5382933616638184,-0.04676155373454094
b0,product,cosine_mean4,Telephone,strong_relative,13,0.24245787777834713,0.10598815174062491,0.6153846153846154,39,0.6428571428571429,14,0.8979620337486267,7,0.29861924052238464,0.0
b0,product,cosine_mean4,ToothBrush,weak_relative,10,-0.5371053839080047,-0.3856820618666899,0.3333333333333333,30,0.25,8,0.47253522276878357,4,-0.16745977103710175,-0.22535261511802673
b0,product,cosine_mean4,ToothBrush,middle_relative,22,-0.3069662046677595,0.22775765095242126,0.3939393939393939,66,0.75,4,0.7919461727142334,2,-0.10091142356395721,-0.18492919206619263
b0,product,cosine_mean4,ToothBrush,strong_relative,10,-0.3452999128706088,-0.6441453602296154,0.5517241379310345,29,0.0,2,0.39405563473701477,1,-0.23472115397453308,-0.38233140110969543
b0,product,cosine_mean4,Toys,weak_relative,22,0.0920752492106678,-0.1990023850176863,0.6363636363636364,66,0.875,8,1.0471336841583252,4,0.18484796583652496,0.04140062630176544
b0,product,cosine_mean4,Toys,middle_relative,22,0.28356227788502225,0.3034265422872878,0.696969696969697,66,0.9166666666666666,12,1.189726710319519,6,0.2211201786994934,-0.22974982857704163
b0,product,cosine_mean4,Trash_Can,weak_relative,48,0.008817544636698434,0.11573493425613472,0.4444444444444444,144,0.6666666666666666,6,0.30978378653526306,3,0.053942617028951645,0.014258980751037598
b0,product,cosine_mean4,Trash_Can,middle_relative,34,-0.0046323774806922985,0.044288746211956,0.5490196078431373,102,0.5,4,0.2249995470046997,2,0.06586886197328568,0.0
b0,product,cosine_mean4,Trash_Can,strong_relative,11,-0.2128065227675903,-0.24573665311625736,0.36363636363636365,33,0.2,10,1.1314525604248047,5,0.18657436966896057,0.0
b0,product,cosine_mean4,Webcam,weak_relative,6,0.19808871860244578,0.1267951064990638,0.6666666666666666,18,0.5,2,1.1986650228500366,1,0.20533408224582672,-0.10645993798971176
b0,product,cosine_mean4,Webcam,middle_relative,38,0.10898713431576076,0.1341098775238807,0.6754385964912281,114,0.7142857142857143,14,0.48278212547302246,7,-0.0006155486335046589,-0.07398242503404617
b0,product,cosine_mean4,Webcam,strong_relative,54,0.23889829856287845,0.0260245464227094,0.691358024691358,162,,0,0.0632174089550972,0,0.02906731329858303,-0.00011563496082089841
b0,product,source_z_l2_mean4,Alarm_Clock,weak_relative,9,0.34631137742527796,0.21788987748111677,0.7777777777777778,27,,0,0.08781468123197556,0,0.03557497635483742,0.01361564826220274
b0,product,source_z_l2_mean4,Alarm_Clock,middle_relative,35,0.1441592735396319,0.16266584005143453,0.6285714285714286,105,1.0,2,0.14332935214042664,1,0.03661448135972023,0.0445309579372406
b0,product,source_z_l2_mean4,Alarm_Clock,strong_relative,35,-0.11458560775199869,-0.13224633584334436,0.4666666666666667,105,0.5,2,0.08175389468669891,1,-0.018723685294389725,-0.023251937702298164
b0,product,source_z_l2_mean4,Backpack,weak_relative,14,-0.13511275517728882,-0.3907877306215299,0.5,42,0.0,2,0.3451494574546814,1,-0.01793012022972107,-0.057668786495923996
b0,product,source_z_l2_mean4,Backpack,middle_relative,31,0.3058993155711929,0.13602701047743615,0.6086956521739131,92,0.5,4,0.16621562838554382,2,0.030142376199364662,5.974094892735593e-05
b0,product,source_z_l2_mean4,Backpack,strong_relative,54,0.38468523297620727,0.2506441807942024,0.6645569620253164,158,,0,0.016265183687210083,0,0.00442089419811964,-0.00042392502655275166
b0,product,source_z_l2_mean4,Batteries,weak_relative,29,0.35608733185101304,-0.1400544107216705,0.7241379310344828,87,0.8333333333333334,6,0.702850341796875,3,0.09918076545000076,-0.01919797994196415
b0,product,source_z_l2_mean4,Batteries,middle_relative,26,0.17060446874455107,-0.29966853704121943,0.6153846153846154,78,0.5,6,0.26039305329322815,3,0.018690841272473335,-0.05264980345964432
b0,product,source_z_l2_mean4,Batteries,strong_relative,7,0.6790460774566424,0.09771712270594106,0.9523809523809523,21,,0,0.02031138725578785,0,0.007334176916629076,0.0017042502295225859
b0,product,source_z_l2_mean4,Bed,strong_relative,41,0.6203399999612998,0.08813468185235904,0.7560975609756098,123,0.88,50,1.323638677597046,25,0.3697742223739624,-0.013321059755980968
b0,product,source_z_l2_mean4,Bike,middle_relative,25,-0.0889988798090008,-0.2600448722905991,0.5857142857142857,70,,0,0.033745717257261276,0,-0.01293895859271288,-0.0037162157241255045
b0,product,source_z_l2_mean4,Bike,strong_relative,16,0.27917153348518264,0.0815169169797938,0.6458333333333334,48,,0,0.0009771435288712382,0,-0.00011751678539440036,-0.0005701328627765179
b0,product,source_z_l2_mean4,Bottle,weak_relative,32,0.34288867206721574,0.22525870423072208,0.5473684210526316,95,0.8333333333333334,12,0.8539447784423828,6,0.2973601818084717,0.36690768599510193
b0,product,source_z_l2_mean4,Bottle,middle_relative,29,0.46473583868048085,0.3654211678550943,0.6206896551724138,87,0.75,4,0.6684070229530334,2,0.2772376537322998,0.28657329082489014
b0,product,source_z_l2_mean4,Bucket,middle_relative,21,0.11456456450286523,0.2508038706613153,0.5714285714285714,63,0.5,6,0.36091285943984985,3,0.11581535637378693,0.06330864876508713
b0,product,source_z_l2_mean4,Bucket,strong_relative,22,0.13009670558122768,0.20549082154606707,0.5,66,0.8333333333333334,6,0.2955036163330078,3,0.03550224006175995,0.1275516152381897
b0,product,source_z_l2_mean4,Calculator,weak_relative,43,-0.006752695102532604,-0.256329215636037,0.4573643410852713,129,0.3333333333333333,6,0.20702697336673737,3,-0.014499971643090248,-0.03163718804717064
b0,product,source_z_l2_mean4,Calculator,middle_relative,36,0.022267354770404684,-0.060238224435336864,0.5648148148148148,108,,0,0.06356200575828552,0,-0.004856502637267113,0.011115259490907192
b0,product,source_z_l2_mean4,Calendar,weak_relative,57,-0.10744728245330182,-0.13191725675214658,0.5529411764705883,170,0.25,8,0.43705126643180847,4,-0.03406780958175659,0.019924623891711235
b0,product,source_z_l2_mean4,Calendar,middle_relative,23,-0.02901325079341339,-0.16104433033400445,0.6231884057971014,69,1.0,2,0.102409228682518,1,0.030862946063280106,0.04002729430794716
b0,product,source_z_l2_mean4,Candles,weak_relative,44,-0.012889574322674712,-0.27079647205318,0.6870229007633588,131,0.75,8,0.3902444541454315,4,-0.0047818259336054325,0.09026343375444412
b0,product,source_z_l2_mean4,Candles,middle_relative,11,0.12635786858909182,-0.22445126464101114,0.7575757575757576,33,,0,0.5116849541664124,0,0.2385936677455902,0.4293110966682434
b0,product,source_z_l2_mean4,Chair,weak_relative,27,0.22834464664406912,0.06531696469233246,0.775,80,1.0,4,0.32254910469055176,2,0.10659346729516983,0.04755653813481331
b0,product,source_z_l2_mean4,Chair,middle_relative,51,0.132088994177681,0.01228908105649751,0.7615894039735099,151,1.0,4,0.20563241839408875,2,0.019673600792884827,-0.05924424156546593
b0,product,source_z_l2_mean4,Chair,strong_relative,21,-0.02213905614513454,-0.1481842971967278,0.5873015873015873,63,1.0,2,0.2560044825077057,1,0.06540434062480927,0.028249740600585938
b0,product,source_z_l2_mean4,Clipboards,weak_relative,39,-0.6411259517080237,-0.29551643934751054,0.27350427350427353,117,0.16666666666666666,36,1.497536540031433,18,-0.6212611794471741,-0.842471182346344
b0,product,source_z_l2_mean4,Clipboards,middle_relative,25,-0.563911190556421,0.021543811576256906,0.21333333333333335,75,0.2,10,1.197549819946289,5,-0.4388621151447296,-0.4674775302410126
b0,product,source_z_l2_mean4,Computer,weak_relative,55,0.6629778857637245,0.37829022750355057,0.7393939393939394,165,0.9583333333333334,48,1.668947696685791,24,0.5201082825660706,0.2993485927581787
b0,product,source_z_l2_mean4,Computer,middle_relative,25,0.48439271494994446,0.29982712185557414,0.76,75,0.75,20,1.1333197355270386,10,0.4627249836921692,0.036549702286720276
b0,product,source_z_l2_mean4,Computer,strong_relative,16,0.18183449067646684,0.05035171426510047,0.7291666666666666,48,0.7,10,2.6091535091400146,5,0.9171890020370483,-0.20286834239959717
b0,product,source_z_l2_mean4,Couch,middle_relative,9,0.27827857833939323,-0.06609757381136865,0.7407407407407407,27,1.0,2,0.2969321012496948,1,0.029617514461278915,-0.033519893884658813
b0,product,source_z_l2_mean4,Couch,strong_relative,77,-0.011985911308912897,-0.007258746149513843,0.46956521739130436,230,0.25,4,0.08201093226671219,2,-0.01613977923989296,-0.013609680347144604
b0,product,source_z_l2_mean4,Curtains,weak_relative,12,0.3383614392545598,0.08757064197919104,0.7222222222222222,36,0.5,8,0.5756363272666931,4,0.0378340482711792,-0.056417305022478104
b0,product,source_z_l2_mean4,Curtains,middle_relative,18,0.22374609318338415,0.09836275284279004,0.5925925925925926,54,,0,0.3543801009654999,0,0.08810827881097794,0.05771384760737419
b0,product,source_z_l2_mean4,Curtains,strong_relative,45,-0.13145696819670358,-0.15211875095398514,0.5407407407407407,135,0.0,6,0.16395778954029083,3,-0.04359783977270126,-0.10627543926239014
b0,product,source_z_l2_mean4,Desk_Lamp,weak_relative,17,-0.27999920548671203,-0.017840032793486713,0.49019607843137253,51,0.65,20,2.0310189723968506,10,-0.5848116874694824,-1.1647968292236328
b0,product,source_z_l2_mean4,Desk_Lamp,middle_relative,36,0.07026184175523814,0.3963570027001576,0.5555555555555556,108,0.46153846153846156,26,1.5305156707763672,13,-0.038620270788669586,-0.6173295974731445
b0,product,source_z_l2_mean4,Desk_Lamp,strong_relative,30,-0.43193127165831074,-0.0073984804396909545,0.4666666666666667,90,0.25,28,1.299368143081665,14,-0.478113055229187,-1.0187780857086182
b0,product,source_z_l2_mean4,Drill,weak_relative,7,0.4858710103208627,0.42871864187785425,0.5714285714285714,21,1.0,2,0.5728029608726501,1,0.2250186949968338,0.03624137118458748
b0,product,source_z_l2_mean4,Drill,strong_relative,56,-0.08291456900893197,0.046625865985825236,0.3630952380952381,168,,0,0.043329354375600815,0,0.012599704787135124,0.03363119065761566
b0,product,source_z_l2_mean4,Eraser,weak_relative,13,-0.004615585668300657,0.10768558377342152,0.4358974358974359,39,0.25,8,1.6968010663986206,4,0.19365693628787994,0.49188974499702454
b0,product,source_z_l2_mean4,Eraser,middle_relative,17,0.2277229304192078,0.19629726894293806,0.5882352941176471,51,0.5833333333333334,12,1.2595069408416748,6,0.1539219617843628,-0.030214333906769753
b0,product,source_z_l2_mean4,Eraser,strong_relative,11,0.08530858839678268,0.315797419800153,0.45454545454545453,33,0.0,2,0.28439822793006897,1,-0.08876844495534897,-0.2114088535308838
b0,product,source_z_l2_mean4,Exit_Sign,weak_relative,61,-0.07790254952449151,0.10344682249395064,0.26011560693641617,173,0.625,8,0.16618117690086365,4,-0.013686678372323513,-0.008148220367729664
b0,product,source_z_l2_mean4,Exit_Sign,middle_relative,6,0.3527975899145621,0.3872731078555163,0.17647058823529413,17,,0,0.0476008839905262,0,0.008108372800052166,-0.005578348878771067
b0,product,source_z_l2_mean4,Fan,weak_relative,12,-0.043813650011349604,0.04476770420585426,0.5277777777777778,36,0.5,4,0.9089933037757874,2,0.16980235278606415,0.4507884681224823
b0,product,source_z_l2_mean4,Fan,middle_relative,33,-0.12744693437302235,-0.08618438025529186,0.46464646464646464,99,0.5,12,0.4763569235801697,6,-0.03640596568584442,0.18577001988887787
b0,product,source_z_l2_mean4,Fan,strong_relative,13,-0.10799323963393281,0.014591329683276854,0.48717948717948717,39,0.0,2,0.11720725148916245,1,-0.046080298721790314,0.01833750307559967
b0,product,source_z_l2_mean4,File_Cabinet,weak_relative,57,0.17011310686452003,0.36580725249310153,0.5789473684210527,171,0.5714285714285714,14,0.34294596314430237,7,0.03511552885174751,0.012185400351881981
b0,product,source_z_l2_mean4,File_Cabinet,middle_relative,13,-0.30318696305604254,-0.43962454438266163,0.358974358974359,39,,0,0.28619998693466187,0,-0.03615299612283707,-0.016311608254909515
b0,product,source_z_l2_mean4,Flipflops,weak_relative,5,-0.08785869129694443,-0.3353284083469405,0.5333333333333333,15,1.0,2,1.6999785900115967,1,0.056438397616147995,-0.03521399572491646
b0,product,source_z_l2_mean4,Flipflops,middle_relative,16,0.11214703812564658,-0.0848784135077392,0.7083333333333334,48,0.6666666666666666,6,0.9281737804412842,3,0.015950459986925125,-0.22072096168994904
b0,product,source_z_l2_mean4,Flipflops,strong_relative,78,0.12642577572283933,0.0014742852758693537,0.7124463519313304,233,0.5588235294117647,34,0.6897715926170349,17,0.08404340595006943,-0.1874343603849411
b0,product,source_z_l2_mean4,Flowers,weak_relative,63,0.07874552264538143,0.28573401031387186,0.5106382978723404,188,0.5,2,0.03740030527114868,1,0.008151457644999027,0.0008580541471019387
b0,product,source_z_l2_mean4,Flowers,middle_relative,27,0.14196147150727056,0.04193020096227392,0.625,80,,0,0.016718748956918716,0,-0.0033230867702513933,-0.008266917429864407
b0,product,source_z_l2_mean4,Folder,weak_relative,59,-0.5642358703207654,-0.41047565318909707,0.2542372881355932,177,0.3181818181818182,22,2.2117130756378174,11,-0.7076084613800049,-0.849126935005188
b0,product,source_z_l2_mean4,Folder,middle_relative,31,-0.5232995866374784,0.2162766327763729,0.27956989247311825,93,0.5,2,1.901631474494934,1,-0.6520112752914429,-0.617682695388794
b0,product,source_z_l2_mean4,Fork,weak_relative,8,0.38818697976468536,0.35670130974811715,0.7083333333333334,24,0.75,4,0.861306369304657,2,0.2554822564125061,0.18754826486110687
b0,product,source_z_l2_mean4,Fork,middle_relative,18,0.010136431454879916,0.11648071326617912,0.4444444444444444,54,0.4,10,0.6758583188056946,5,-0.13907656073570251,-0.338163286447525
b0,product,source_z_l2_mean4,Fork,strong_relative,15,0.09154890422206219,0.4846136222091409,0.5333333333333333,45,0.0,2,0.3103971779346466,1,-0.07252240180969238,-0.19710442423820496
b0,product,source_z_l2_mean4,Glasses,weak_relative,7,0.33478594558879887,0.2308967931434177,0.5238095238095238,21,0.5,6,0.6521948575973511,3,0.28367170691490173,0.3859836161136627
b0,product,source_z_l2_mean4,Glasses,middle_relative,13,0.18489744170880834,0.0753080186013481,0.7222222222222222,36,,0,0.01650933176279068,0,0.007378905080258846,0.015590544790029526
b0,product,source_z_l2_mean4,Glasses,strong_relative,47,0.054108720305582635,-0.0025338411286375904,0.6116504854368932,103,,0,0.0005858879303559661,0,0.00020610340288840234,0.0005019759992137551
b0,product,source_z_l2_mean4,Hammer,weak_relative,25,-0.013283582475829846,-0.12615263309805816,0.52,75,0.16666666666666666,6,1.5152766704559326,3,-0.16298523545265198,-0.2896077334880829
b0,product,source_z_l2_mean4,Hammer,middle_relative,24,0.03193053434862806,-0.4711477643724935,0.5555555555555556,72,0.5,20,0.7936888337135315,10,-0.01283194124698639,-0.15287452936172485
b0,product,source_z_l2_mean4,Hammer,strong_relative,8,-0.21719330110782425,0.36448694351451877,0.4166666666666667,24,0.0,2,0.6146286129951477,1,-0.202389657497406,-0.32540708780288696
b0,product,source_z_l2_mean4,Helmet,weak_relative,23,-0.022323770363163718,-0.2103419096942654,0.6521739130434783,69,0.3333333333333333,6,0.8543358445167542,3,0.17466391623020172,0.3296252489089966
b0,product,source_z_l2_mean4,Helmet,middle_relative,41,-0.2987785634556405,-0.3461199163019937,0.5454545454545454,121,0.0,4,0.19749818742275238,2,-0.06737340986728668,-0.006961931008845568
b0,product,source_z_l2_mean4,Helmet,strong_relative,26,0.07002267547782726,-0.05152357762042371,0.6081081081081081,74,0.75,4,0.1519840657711029,2,0.0499265156686306,0.007827462628483772
b0,product,source_z_l2_mean4,Kettle,middle_relative,17,-0.0691587057244969,-0.1330714020351574,0.45098039215686275,51,0.8333333333333334,6,0.5655031800270081,3,-0.04805830121040344,-0.3438878655433655
b0,product,source_z_l2_mean4,Kettle,strong_relative,55,-0.14508175624245698,-0.09837458283753259,0.5878787878787879,165,0.2857142857142857,28,0.5386843085289001,14,-0.11637530475854874,-0.33812227845191956
b0,product,source_z_l2_mean4,Keyboard,weak_relative,17,0.028786411385726983,-0.06911805048925349,0.6078431372549019,51,0.5,6,0.381977915763855,3,0.012459172867238522,-0.03511832281947136
b0,product,source_z_l2_mean4,Keyboard,middle_relative,17,-0.00865072297043698,-0.3208177837720431,0.6078431372549019,51,0.5,8,0.35282111167907715,4,0.03638126328587532,-0.0010643419809639454
b0,product,source_z_l2_mean4,Keyboard,strong_relative,65,-0.002563068863666957,-0.11835371136869509,0.5257731958762887,194,0.5,2,0.09401176869869232,1,0.004319208208471537,-0.015281414613127708
b0,product,source_z_l2_mean4,Knives,weak_relative,32,-0.1020176089219321,0.07502198067963609,0.3229166666666667,96,0.125,16,0.4341387152671814,8,-0.08589918911457062,-0.004532931838184595
b0,product,source_z_l2_mean4,Knives,middle_relative,9,-0.0584507816273706,0.4496232105806779,0.2962962962962963,27,,0,0.1021777093410492,0,-0.020000891759991646,-0.052839357405900955
b0,product,source_z_l2_mean4,Lamp_Shade,weak_relative,14,-0.4873126328071229,-0.41216040794460446,0.4523809523809524,42,0.3333333333333333,6,1.1108096837997437,3,-0.35769888758659363,-0.3258497416973114
b0,product,source_z_l2_mean4,Lamp_Shade,middle_relative,24,-0.42083299891132475,-0.12308873980645108,0.3472222222222222,72,0.2,10,1.2733813524246216,5,-0.6393309831619263,-1.186476707458496
b0,product,source_z_l2_mean4,Lamp_Shade,strong_relative,16,-0.42932481550812346,-0.23072138319286334,0.2916666666666667,48,0.25,12,0.99295973777771,6,-0.4800012707710266,-0.8602838516235352
b0,product,source_z_l2_mean4,Laptop,weak_relative,25,-0.4919389413270315,-0.1928638602873857,0.17333333333333334,75,0.18181818181818182,22,1.6543561220169067,11,-0.4928115904331207,-0.11410079151391983
b0,product,source_z_l2_mean4,Laptop,middle_relative,34,-0.4440723946674413,-0.2231981568840673,0.20588235294117646,102,0.14285714285714285,28,0.9035914540290833,14,-0.3556642234325409,-0.1462736874818802
b0,product,source_z_l2_mean4,Laptop,strong_relative,40,-0.24501543988930308,0.039744021616465834,0.3,120,0.16666666666666666,24,0.6649629473686218,12,-0.16315285861492157,0.15275613963603973
b0,product,source_z_l2_mean4,Marker,weak_relative,33,0.43033357331963135,0.5481890689905916,0.7171717171717171,99,0.8125,32,1.697709083557129,16,0.2858673930168152,-0.15857180953025818
b0,product,source_z_l2_mean4,Marker,middle_relative,19,0.228918148710833,0.24066692405772597,0.6842105263157895,57,0.7857142857142857,14,1.2779064178466797,7,-0.02908843196928501,-0.48941656947135925
b0,product,source_z_l2_mean4,Monitor,middle_relative,19,-0.06381775292408993,0.0002849793531534074,0.42105263157894735,57,0.1875,16,0.7872937917709351,8,0.09902109950780869,0.46874839067459106
b0,product,source_z_l2_mean4,Monitor,strong_relative,75,0.027932000245019826,0.11970517296891443,0.5155555555555555,225,0.5694444444444444,72,0.6949224472045898,36,0.05811196565628052,0.25385794043540955
b0,product,source_z_l2_mean4,Mop,weak_relative,12,0.21239371765542753,0.7209067418055315,0.6111111111111112,36,0.75,12,1.1581298112869263,6,-0.09490212053060532,-0.312762975692749
b0,product,source_z_l2_mean4,Mop,middle_relative,26,0.13302304869693565,0.6126254735936563,0.5,78,0.5,14,0.7884254455566406,7,0.04302426427602768,-0.2819805443286896
b0,product,source_z_l2_mean4,Mop,strong_relative,34,0.2460331453202731,0.18612938883326632,0.5980392156862745,102,0.75,8,0.5615477561950684,4,0.10896088927984238,-0.11870796233415604
b0,product,source_z_l2_mean4,Mouse,weak_relative,34,0.055342364790289617,0.1317258357284115,0.3431372549019608,102,0.25,4,0.2161647230386734,2,-0.02787153609097004,-0.10408798605203629
b0,product,source_z_l2_mean4,Mouse,middle_relative,47,-0.2430703543912847,0.15490457292382379,0.2733812949640288,139,0.5,4,0.1343286633491516,2,-0.043424349278211594,-0.08748422563076019
b0,product,source_z_l2_mean4,Mouse,strong_relative,15,-0.2359991309424945,-0.08927990599664797,0.2,45,0.0,2,0.12904787063598633,1,-0.07695256918668747,-0.10336517542600632
b0,product,source_z_l2_mean4,Mug,weak_relative,27,0.20874702699480646,0.0792381640137238,0.4567901234567901,81,1.0,2,0.4726858139038086,1,0.05033423751592636,0.009790553711354733
b0,product,source_z_l2_mean4,Mug,middle_relative,14,-0.04764919683195342,-0.016373547596648833,0.34146341463414637,41,,0,0.28169605135917664,0,0.07010643929243088,0.2290874570608139
b0,product,source_z_l2_mean4,Notebook,weak_relative,70,0.24915482493400923,0.23485015709396692,0.4807692307692308,208,0.6363636363636364,22,0.32154226303100586,11,0.06894147396087646,0.1028229147195816
b0,product,source_z_l2_mean4,Notebook,middle_relative,23,0.2783820306650259,0.11838607938592483,0.6811594202898551,69,1.0,6,0.6477190256118774,3,0.14910955727100372,-0.013147122226655483
b0,product,source_z_l2_mean4,Oven,weak_relative,6,0.4512441169265083,0.4895996853637014,0.7222222222222222,18,0.5,4,0.2640492618083954,2,0.12390002608299255,0.10763397067785263
b0,product,source_z_l2_mean4,Oven,middle_relative,13,-0.19747293804602595,-0.07294777841795065,0.48717948717948717,39,,0,0.035822365432977676,0,-0.013672048225998878,0.002045899396762252
b0,product,source_z_l2_mean4,Oven,strong_relative,49,0.031598913984290905,-0.02177035091365161,0.5347222222222222,144,,0,0.01789287105202675,0,0.004844487179070711,0.00011622909369179979
b0,product,source_z_l2_mean4,Pan,weak_relative,24,-0.007647630453056079,-0.13445210016451284,0.3472222222222222,72,0.5,8,0.4099977910518646,4,0.03910267353057861,0.012844055891036987
b0,product,source_z_l2_mean4,Pan,middle_relative,24,-0.0341884292473997,-0.298734121137714,0.3055555555555556,72,0.75,4,0.21352159976959229,2,0.022511355578899384,0.06153082475066185
b0,product,source_z_l2_mean4,Pan,strong_relative,22,-0.02259335412721683,0.04566409322251012,0.30303030303030304,66,0.3333333333333333,6,0.22037038207054138,3,0.0314878448843956,0.07450388371944427
b0,product,source_z_l2_mean4,Paper_Clip,weak_relative,22,0.04523317777097172,0.07907165690642941,0.48484848484848486,66,0.8333333333333334,6,0.6571247577667236,3,-0.020263569429516792,-0.2153061479330063
b0,product,source_z_l2_mean4,Paper_Clip,middle_relative,23,0.14763107996058691,0.15415885258903164,0.4782608695652174,69,0.75,4,0.15907563269138336,2,0.060355477035045624,-0.014505714178085327
b0,product,source_z_l2_mean4,Pen,weak_relative,23,0.20086480484502553,0.15877329084470587,0.6666666666666666,69,0.7,10,0.9236252903938293,5,0.15547996759414673,-0.12493610382080078
b0,product,source_z_l2_mean4,Pen,middle_relative,31,0.20656112279255262,0.35071708026837206,0.6989247311827957,93,1.0,4,0.9431440830230713,2,0.06874890625476837,-0.3255844712257385
b0,product,source_z_l2_mean4,Pen,strong_relative,6,0.09543665077516972,-0.011883165997428145,0.6111111111111112,18,0.5,2,0.4990997612476349,1,-0.14153321087360382,-0.4223388731479645
b0,product,source_z_l2_mean4,Pencil,weak_relative,22,0.02060556062117451,-0.021268000272589942,0.5151515151515151,66,0.55,20,1.2802163362503052,10,0.11495861411094666,0.11099312454462051
b0,product,source_z_l2_mean4,Pencil,middle_relative,16,0.0006173874328479557,-0.22168848718851059,0.4583333333333333,48,0.25,12,1.0812445878982544,6,-0.003666900098323822,-0.16604696214199066
b0,product,source_z_l2_mean4,Postit_Notes,weak_relative,24,-0.07807398299457098,-0.12946990577511688,0.5277777777777778,72,0.4375,16,0.7524712085723877,8,0.08237311244010925,-0.12133350223302841
b0,product,source_z_l2_mean4,Postit_Notes,middle_relative,14,0.09561926804387459,0.1093430609963722,0.42857142857142855,42,0.5,4,0.3324911594390869,2,0.044954270124435425,-0.05426390841603279
b0,product,source_z_l2_mean4,Printer,weak_relative,5,0.07593717785421915,-0.05405457128434339,0.6,15,,0,0.13762953877449036,0,0.04882616177201271,0.048702869564294815
b0,product,source_z_l2_mean4,Printer,middle_relative,32,0.1063432467496768,0.042480887104106614,0.5052631578947369,95,1.0,2,0.048399507999420166,1,0.00623346958309412,-0.012601124122738838
b0,product,source_z_l2_mean4,Printer,strong_relative,62,-0.14709150213623548,-0.11557166663791422,0.5434782608695652,184,,0,0.0144611531868577,0,-0.0027520793955773115,-0.0074836923740804195
b0,product,source_z_l2_mean4,Push_Pin,weak_relative,37,0.06856224876078987,-0.013212850176743155,0.5855855855855856,111,0.46153846153846156,26,0.7604597210884094,13,0.05492796748876572,-0.08091821521520615
b0,product,source_z_l2_mean4,Push_Pin,middle_relative,6,0.057150533581593395,-0.11865589477502182,0.6111111111111112,18,,0,0.6688150763511658,0,-0.09138047695159912,0.026852531358599663
b0,product,source_z_l2_mean4,Radio,middle_relative,21,-0.30226542280201285,-0.3855544975755146,0.5238095238095238,63,0.625,8,0.7931256890296936,4,-0.09663668274879456,-0.16280080378055573
b0,product,source_z_l2_mean4,Radio,strong_relative,18,-0.031136012091326937,-0.17389370819166652,0.5925925925925926,54,,0,0.6610414385795593,0,-0.12202225625514984,-0.21727055311203003
b0,product,source_z_l2_mean4,Refrigerator,weak_relative,16,-0.2425611299023651,0.20002189608606585,0.2708333333333333,48,0.3,10,0.5195782780647278,5,-0.07339711487293243,-0.007828548550605774
b0,product,source_z_l2_mean4,Refrigerator,middle_relative,14,-0.09287061972417407,0.3895387966983252,0.1951219512195122,41,0.25,4,0.23229144513607025,2,0.04198984429240227,-0.007189291995018721
b0,product,source_z_l2_mean4,Refrigerator,strong_relative,29,0.5189209991899936,0.38613414833227705,0.5632183908045977,87,1.0,4,0.20859645307064056,2,0.056802790611982346,-0.010571717284619808
b0,product,source_z_l2_mean4,Ruler,weak_relative,35,-0.19316318391899712,0.11092308785998609,0.18269230769230768,104,0.16666666666666666,12,0.6259275078773499,6,-0.15939095616340637,-0.01630464196205139
b0,product,source_z_l2_mean4,Ruler,middle_relative,21,0.02409566959210164,0.4659163697842012,0.23809523809523808,63,0.0,2,0.4326365292072296,1,-0.1164877861738205,0.0005920983385294676
b0,product,source_z_l2_mean4,Scissors,weak_relative,11,0.16620430992823387,0.0930942106369613,0.7272727272727273,33,,0,0.9664431214332581,0,0.34871912002563477,0.1053261011838913
b0,product,source_z_l2_mean4,Scissors,middle_relative,41,0.10796796390767213,0.062000676470348216,0.7049180327868853,122,0.5,8,0.42336225509643555,4,0.0011348791886121035,-0.18131229281425476
b0,product,source_z_l2_mean4,Scissors,strong_relative,47,0.2183970938220067,0.013720936757235333,0.7642857142857142,140,0.6666666666666666,12,0.49847567081451416,6,0.0704481452703476,-0.10558178275823593
b0,product,source_z_l2_mean4,Screwdriver,weak_relative,14,-0.058311204392580786,-0.006098191385822888,0.5,42,0.5,6,0.59146648645401,3,-0.09093624353408813,-0.26124686002731323
b0,product,source_z_l2_mean4,Screwdriver,middle_relative,23,0.08959498615366666,-0.1282626315898211,0.4782608695652174,69,0.5,4,0.23069508373737335,2,0.050426434725522995,-0.04584284499287605
b0,product,source_z_l2_mean4,Shelf,weak_relative,24,-0.31489976740765696,-0.42186441501086563,0.4583333333333333,72,0.3333333333333333,6,0.6898040771484375,3,-0.22369424998760223,-0.11685847491025925
b0,product,source_z_l2_mean4,Shelf,middle_relative,16,7.646344620034058e-05,-0.1301996743670064,0.5416666666666666,48,0.25,4,0.4018211364746094,2,0.11745402216911316,-0.023993587121367455
b0,product,source_z_l2_mean4,Shelf,strong_relative,9,-0.08440255938456226,-0.11634866994504481,0.5185185185185185,27,0.5,4,0.35471096634864807,2,-0.05319352447986603,-0.17045548558235168
b0,product,source_z_l2_mean4,Sink,middle_relative,8,0.0971252262538731,0.2801385510256886,0.5833333333333334,24,,0,0.33822304010391235,0,0.13608378171920776,-0.03830950707197189
b0,product,source_z_l2_mean4,Sink,strong_relative,36,0.2616625615261466,0.07796836379906551,0.7962962962962963,108,,0,0.04035858437418938,0,0.004751489032059908,-0.0159135852009058
b0,product,source_z_l2_mean4,Sneakers,weak_relative,6,-0.48059504723676255,-0.23390061452514022,0.4444444444444444,18,,0,1.0136539936065674,0,-0.42419710755348206,-0.10996312648057938
b0,product,source_z_l2_mean4,Sneakers,middle_relative,19,0.045106207048922015,0.022391433482909825,0.5178571428571429,56,0.7,10,0.28566521406173706,5,0.02440420351922512,0.0017465000273659825
b0,product,source_z_l2_mean4,Sneakers,strong_relative,74,-0.08842422714430424,0.04954246574511061,0.6284403669724771,218,0.5,10,0.3068576157093048,5,-0.08657997101545334,0.0384003221988678
b0,product,source_z_l2_mean4,Soda,weak_relative,15,-0.09866246208833171,-0.20247316710487398,0.4666666666666667,45,0.5,2,0.1213049441576004,1,0.011400760151445866,0.06965921074151993
b0,product,source_z_l2_mean4,Soda,middle_relative,21,-0.041563460084356726,0.0874761582175648,0.5873015873015873,63,0.0,2,0.32260003685951233,1,0.034496694803237915,0.23287293314933777
b0,product,source_z_l2_mean4,Soda,strong_relative,7,0.003657026530728135,-0.22013040512160328,0.8,20,0.5,4,0.3306376039981842,2,0.14687536656856537,0.32849884033203125
b0,product,source_z_l2_mean4,Speaker,weak_relative,29,0.2344638171508906,0.019786836526284168,0.6896551724137931,87,0.6428571428571429,28,1.5364629030227661,14,0.019213976338505745,0.03289429470896721
b0,product,source_z_l2_mean4,Speaker,middle_relative,37,0.24442581178076384,0.0339853607602017,0.7,110,0.7272727272727273,22,0.8005302548408508,11,0.08307912200689316,-0.2989407479763031
b0,product,source_z_l2_mean4,Speaker,strong_relative,33,0.34696272524334393,0.049817177955781305,0.6565656565656566,99,0.8571428571428571,14,0.7208297848701477,7,0.09312684088945389,-0.21129022538661957
b0,product,source_z_l2_mean4,Spoon,weak_relative,35,0.04783283410378913,0.16660325408885676,0.47619047619047616,105,0.5,10,0.3700267970561981,5,0.03961288928985596,0.09057826548814774
b0,product,source_z_l2_mean4,Spoon,middle_relative,12,0.06949390425835529,0.1396197791611003,0.5,36,0.16666666666666666,6,0.47248896956443787,3,-0.010306239128112793,0.10636617988348007
b0,product,source_z_l2_mean4,TV,weak_relative,12,0.27343877533476707,0.1701154114383899,0.5555555555555556,36,1.0,2,0.8927755355834961,1,0.19027240574359894,0.3630479872226715
b0,product,source_z_l2_mean4,TV,middle_relative,13,0.07996914900254057,-0.0739750623648145,0.48717948717948717,39,0.625,8,0.9468070268630981,4,-0.01731022074818611,-0.3294376730918884
b0,product,source_z_l2_mean4,TV,strong_relative,51,0.13939260100249215,0.449094333606894,0.5359477124183006,153,0.5,10,0.34003153443336487,5,0.043826401233673096,-0.07822579890489578
b0,product,source_z_l2_mean4,Table,weak_relative,15,0.17354848083493685,-0.20020698286283026,0.5555555555555556,45,1.0,4,0.5021870732307434,2,0.12141846120357513,0.20182713866233826
b0,product,source_z_l2_mean4,Table,middle_relative,37,0.4285430862405017,0.08297529077747978,0.7747747747747747,111,0.7142857142857143,14,0.6517967581748962,7,0.2508520483970642,0.26712149381637573
b0,product,source_z_l2_mean4,Table,strong_relative,8,0.0986708465200034,0.2677330764790686,0.4166666666666667,24,0.6666666666666666,6,0.6975325345993042,3,0.11238498985767365,-0.022667111828923225
b0,product,source_z_l2_mean4,Telephone,weak_relative,17,0.15211331221614832,-0.41161896776851264,0.6666666666666666,51,0.7307692307692307,26,2.2959768772125244,13,0.5762871503829956,-0.19371506571769714
b0,product,source_z_l2_mean4,Telephone,middle_relative,28,0.15950343750533527,-0.0014818944346276703,0.6547619047619048,84,0.55,40,1.600937843322754,20,0.3439805805683136,-0.24107439815998077
b0,product,source_z_l2_mean4,Telephone,strong_relative,13,-0.09746059915931805,0.039105411056253814,0.5384615384615384,39,0.5,14,0.8979620337486267,7,0.11840888112783432,-0.18021038174629211
b0,product,source_z_l2_mean4,ToothBrush,weak_relative,10,-0.5897652323286618,-0.4178008820885266,0.4,30,0.375,8,0.47253522276878357,4,-0.09399491548538208,-0.15188775956630707
b0,product,source_z_l2_mean4,ToothBrush,middle_relative,22,-0.5572107222311844,-0.02672437890072824,0.2878787878787879,66,0.0,4,0.7919461727142334,2,-0.43489161133766174,-0.5189093351364136
b0,product,source_z_l2_mean4,ToothBrush,strong_relative,10,-0.6677823044403043,-0.6684741746526353,0.5517241379310345,29,0.0,2,0.39405563473701477,1,-0.23472115397453308,-0.38233140110969543
b0,product,source_z_l2_mean4,Toys,weak_relative,22,-0.271770795504887,-0.3143472530139733,0.48484848484848486,66,0.25,8,1.0471336841583252,4,-0.3975609838962555,-0.5410082936286926
b0,product,source_z_l2_mean4,Toys,middle_relative,22,-0.004626379077424203,0.16787409285556484,0.5303030303030303,66,0.5833333333333334,12,1.189726710319519,6,0.04042113199830055,-0.41044890880584717
b0,product,source_z_l2_mean4,Trash_Can,weak_relative,48,-0.06526159291642117,0.18880495316878232,0.2569444444444444,144,0.6666666666666666,6,0.30978378653526306,3,-0.060618747025728226,-0.10030237585306168
b0,product,source_z_l2_mean4,Trash_Can,middle_relative,34,-0.3063304130694731,0.06378043496439197,0.30392156862745096,102,0.0,4,0.2249995470046997,2,-0.11056242138147354,-0.1764312982559204
b0,product,source_z_l2_mean4,Trash_Can,strong_relative,11,-0.45294663019517095,-0.14729630912754274,0.21212121212121213,33,0.0,10,1.1314525604248047,5,-0.26382169127464294,-0.4503960907459259
b0,product,source_z_l2_mean4,Webcam,weak_relative,6,-0.08292294231266706,0.02360400327792785,0.4444444444444444,18,0.5,2,1.1986650228500366,1,-0.2570309042930603,-0.5688249468803406
b0,product,source_z_l2_mean4,Webcam,middle_relative,38,0.045436091984346096,0.25578124123733054,0.5789473684210527,114,0.7142857142857143,14,0.48278212547302246,7,0.06809893995523453,-0.005267946515232325
b0,product,source_z_l2_mean4,Webcam,strong_relative,54,-0.02856931677775205,0.016622025717365582,0.48148148148148145,162,,0,0.0632174089550972,0,-0.010333516635000706,-0.03951646387577057
r4_real,product,cosine_mean4,Alarm_Clock,weak_relative,9,0.29967063751544126,-0.14587614072688201,0.9545454545454546,22,,0,0.004620766267180443,0,0.001692122546955943,0.0027086702175438404
r4_real,product,cosine_mean4,Alarm_Clock,middle_relative,35,0.06725718639726039,-0.09244198320489934,0.7204301075268817,93,,0,0.0195641927421093,0,0.005262521095573902,-0.0019910407718271017
r4_real,product,cosine_mean4,Alarm_Clock,strong_relative,35,0.2580671105177224,0.21296140317874768,0.7676767676767676,99,,0,0.005170163232833147,0,0.0018879411509260535,0.0
r4_real,product,cosine_mean4,Backpack,weak_relative,14,0.671158932319226,0.30852187203043985,0.7619047619047619,42,,0,0.05145000293850899,0,0.017321238294243813,0.009701545350253582
r4_real,product,cosine_mean4,Backpack,middle_relative,31,0.43737198610615163,0.24457863746195302,0.9204545454545454,88,,0,0.01749034970998764,0,0.006545962765812874,-2.1737159840995446e-05
r4_real,product,cosine_mean4,Backpack,strong_relative,54,0.3109045063141515,0.03812915793669603,0.905511811023622,127,,0,0.0005190788651816547,0,0.00019139116920996457,0.0
r4_real,product,cosine_mean4,Batteries,weak_relative,29,0.17385096195602107,0.4768362786080191,0.6455696202531646,79,,0,0.015524627640843391,0,0.0034582277294248343,0.006598970387130976
r4_real,product,cosine_mean4,Batteries,middle_relative,26,0.08181457050234019,0.34501831329185434,0.7068965517241379,58,,0,0.006088326685130596,0,-0.0008647748618386686,0.0
r4_real,product,cosine_mean4,Batteries,strong_relative,7,0.4536004404480668,-0.2673211191167651,0.9,10,,0,0.0001339250593446195,0,4.393020208226517e-05,0.0
r4_real,product,cosine_mean4,Bed,strong_relative,41,0.5991312358058151,-0.033824386054747864,0.957983193277311,119,1.0,2,0.03806597366929054,1,0.013748088851571083,-3.2782909897832724e-07
r4_real,product,cosine_mean4,Bike,middle_relative,25,-0.10468172243482646,0.11703604809609504,0.7894736842105263,19,,0,0.0005591693916358054,0,-0.00014224706683307886,0.0
r4_real,product,cosine_mean4,Bike,strong_relative,16,0.5801041099004186,0.04681218187379759,1.0,17,,0,1.622911440790631e-05,0,6.236341505427845e-06,0.0
r4_real,product,cosine_mean4,Bottle,weak_relative,32,-0.023429713193163317,0.002085395491424332,0.3333333333333333,90,,0,0.02292260155081749,0,0.0009593439754098654,0.0004049004055559635
r4_real,product,cosine_mean4,Bottle,middle_relative,29,0.20945049264239365,0.247799096679094,0.5232558139534884,86,,0,0.05157794803380966,0,0.005413944832980633,0.02805309370160103
r4_real,product,cosine_mean4,Bucket,middle_relative,21,0.1591157818007477,0.2507472931982182,0.5555555555555556,63,,0,0.01794237643480301,0,0.0035371643025428057,-0.0009544557542540133
r4_real,product,cosine_mean4,Bucket,strong_relative,22,0.24810985983660322,0.22723041810536362,0.6818181818181818,66,,0,0.028613358736038208,0,0.010013922117650509,0.0
r4_real,product,cosine_mean4,Calculator,weak_relative,43,0.12089010309816696,0.07606208200701492,0.616,125,,0,0.004652735311537981,0,0.0011596045223996043,0.0005186384660191834
r4_real,product,cosine_mean4,Calculator,middle_relative,36,0.16876256420034338,0.02972768339747306,0.6421052631578947,95,,0,0.0030322817619889975,0,0.0008315360173583031,0.0
r4_real,product,cosine_mean4,Calendar,weak_relative,57,0.07924505199638063,0.07650425023540977,0.656441717791411,163,,0,0.02724253386259079,0,0.004999685566872358,0.0026597001124173403
r4_real,product,cosine_mean4,Calendar,middle_relative,23,0.0553843667928776,0.0944790668114553,0.7014925373134329,67,,0,0.003281081560999155,0,-6.54201448924141e-06,-0.0015906133921816945
r4_real,product,cosine_mean4,Candles,weak_relative,44,0.14568587247609271,-0.3531509214768561,0.8409090909090909,132,,0,0.06132049858570099,0,0.019627416506409645,0.026991726830601692
r4_real,product,cosine_mean4,Candles,middle_relative,11,0.18344560132956303,-0.425274952412312,0.8387096774193549,31,,0,0.022314859554171562,0,0.007969456724822521,0.006473876070231199
r4_real,product,cosine_mean4,Chair,weak_relative,27,0.028910400169591784,-0.1774286617190933,0.6351351351351351,74,,0,0.009718893095850945,0,-0.0010381736792623997,0.00024947922793217003
r4_real,product,cosine_mean4,Chair,middle_relative,51,0.061590180122510316,0.0991381833208268,0.48760330578512395,121,,0,0.010981428436934948,0,-0.002306137466803193,2.422780016786419e-05
r4_real,product,cosine_mean4,Chair,strong_relative,21,-0.37204374566829274,-0.2740306040266568,0.2982456140350877,57,,0,0.013655503280460835,0,-0.004729399457573891,2.2003436242812313e-05
r4_real,product,cosine_mean4,Clipboards,weak_relative,39,-0.19356603266808442,-0.01430143750546407,0.36752136752136755,117,1.0,2,0.02806997299194336,1,-0.005658344831317663,-0.012842968106269836
r4_real,product,cosine_mean4,Clipboards,middle_relative,25,-0.15631699139562566,-0.2137777541529005,0.5694444444444444,72,,0,0.015210424549877644,0,-0.0011100159026682377,-0.0004774276167154312
r4_real,product,cosine_mean4,Computer,weak_relative,55,-0.014623945457253906,0.051354586557331786,0.6727272727272727,165,1.0,2,0.12959982454776764,1,0.03529435396194458,0.01399671845138073
r4_real,product,cosine_mean4,Computer,middle_relative,25,0.1764292742212562,-0.4053004463332188,0.8108108108108109,74,,0,0.08803991973400116,0,0.029406791552901268,-0.0023446655832231045
r4_real,product,cosine_mean4,Computer,strong_relative,16,0.20361051909981445,-0.2726453446688476,0.6304347826086957,46,,0,0.11272414028644562,0,0.022082168608903885,0.0
r4_real,product,cosine_mean4,Couch,middle_relative,9,0.13941859909788182,-0.1129151547068654,0.47368421052631576,19,,0,0.028142383322119713,0,0.00906552653759718,0.0004043653607368469
r4_real,product,cosine_mean4,Couch,strong_relative,77,0.05290673158810549,-0.14651880329756461,0.7593984962406015,133,,0,0.007485568523406982,0,0.0024561132304370403,0.0
r4_real,product,cosine_mean4,Curtains,weak_relative,12,-0.08680577867703944,-0.31336173063807066,0.6666666666666666,36,,0,0.035027582198381424,0,0.006148349493741989,-0.004893799778074026
r4_real,product,cosine_mean4,Curtains,middle_relative,18,-0.05862371389532207,-0.14877283560373278,0.6078431372549019,51,,0,0.021331362426280975,0,-0.000305369176203385,-0.00027624383801594377
r4_real,product,cosine_mean4,Curtains,strong_relative,45,0.4228613839641791,-0.13775360798498074,0.9312977099236641,131,,0,0.006949768401682377,0,0.002465288620442152,-2.5340257707284763e-05
r4_real,product,cosine_mean4,Desk_Lamp,weak_relative,17,-0.34795575123603495,-0.4281338468147672,0.37254901960784315,51,0.5,2,0.05210525542497635,1,-0.01720975711941719,-0.027541277930140495
r4_real,product,cosine_mean4,Desk_Lamp,middle_relative,36,-0.03377097678226552,-0.08605342016476303,0.5648148148148148,108,,0,0.04843009635806084,0,0.0031016694847494364,-0.009831232018768787
r4_real,product,cosine_mean4,Desk_Lamp,strong_relative,30,0.13059427618841338,0.3013670571432171,0.5444444444444444,90,1.0,2,0.020438142120838165,1,0.003692342434078455,-0.002588762901723385
r4_real,product,cosine_mean4,Drill,weak_relative,7,0.3125964152297237,0.360453182762951,0.38095238095238093,21,,0,0.034831855446100235,0,0.0018296827329322696,0.0006431979709304869
r4_real,product,cosine_mean4,Drill,strong_relative,56,-0.4355529150571454,-0.4586259389192127,0.34965034965034963,143,,0,0.0016263527795672417,0,-0.0004245932796038687,0.00012641932698898017
r4_real,product,cosine_mean4,Eraser,weak_relative,13,0.021598380486503903,0.21445816957819333,0.6153846153846154,39,,0,0.040294189006090164,0,0.0033693090081214905,-0.0008414931944571435
r4_real,product,cosine_mean4,Eraser,middle_relative,17,0.15538215009758471,0.048575528657908464,0.6666666666666666,48,,0,0.035216618329286575,0,0.01254522055387497,0.00038117566145956516
r4_real,product,cosine_mean4,Eraser,strong_relative,11,0.3281326947040934,0.7098720331023612,0.5185185185185185,27,,0,0.009310275316238403,0,0.0033457977697253227,-7.22594850230962e-05
r4_real,product,cosine_mean4,Exit_Sign,weak_relative,61,0.056486878726237914,0.2013196575748627,0.4426229508196721,61,,0,0.0007194202626124024,0,0.0001452349970350042,0.0002764762321021408
r4_real,product,cosine_mean4,Exit_Sign,middle_relative,6,0.3841525410121626,0.03336963461318548,0.42857142857142855,7,,0,0.005686756689101458,0,0.0033100529108196497,0.00426974194124341
r4_real,product,cosine_mean4,Fan,weak_relative,12,-0.3137142635808323,-0.06282178313663546,0.2571428571428571,35,,0,0.0366377979516983,0,-0.020003167912364006,-0.03131340816617012
r4_real,product,cosine_mean4,Fan,middle_relative,33,-0.14926339404914635,-0.11825487302374686,0.5157894736842106,95,,0,0.03680276498198509,0,0.005061403848230839,-0.007809927221387625
r4_real,product,cosine_mean4,Fan,strong_relative,13,0.013480154865724937,-0.38661278546775074,0.8333333333333334,36,,0,0.03715362399816513,0,0.01134115643799305,-0.0020333242136985064
r4_real,product,cosine_mean4,File_Cabinet,weak_relative,57,0.22705940722336657,0.26289064417188857,0.5963855421686747,166,,0,0.028636284172534943,0,0.004219674039632082,-0.0007487946422770619
r4_real,product,cosine_mean4,File_Cabinet,middle_relative,13,0.6919987348508319,0.6359415375264149,0.717948717948718,39,,0,0.023496661335229874,0,0.00853753462433815,0.0
r4_real,product,cosine_mean4,Flipflops,weak_relative,5,0.0476211006308278,-0.27897844893753226,0.6666666666666666,15,,0,0.09323804080486298,0,0.029469722881913185,0.02718205749988556
r4_real,product,cosine_mean4,Flipflops,middle_relative,16,0.10691680812900246,-0.07384641362630276,0.7708333333333334,48,,0,0.02564096823334694,0,0.006317751482129097,0.0020277798175811768
r4_real,product,cosine_mean4,Flipflops,strong_relative,78,0.07617914819037848,-0.21493252106707122,0.7366071428571429,224,1.0,2,0.02051679976284504,1,0.007277294062077999,-3.8440215575974435e-05
r4_real,product,cosine_mean4,Flowers,weak_relative,63,0.2510701077422328,0.09235284934141512,0.7814207650273224,183,,0,0.0024769294541329145,0,0.0005929262842983007,0.0006761624827049673
r4_real,product,cosine_mean4,Flowers,middle_relative,27,0.6254579228372772,0.36882166315546067,0.875,80,,0,0.0025252935010939837,0,0.0007216035155579448,-6.468455831054598e-05
r4_real,product,cosine_mean4,Folder,weak_relative,59,-0.10277085967142234,-0.18266924312928287,0.5254237288135594,177,,0,0.05487086996436119,0,0.005141270346939564,-0.006209525745362043
r4_real,product,cosine_mean4,Folder,middle_relative,31,-0.5060592993235045,-0.45778958483240556,0.3548387096774194,93,,0,0.07491911202669144,0,-0.033336322754621506,-0.05287977308034897
r4_real,product,cosine_mean4,Fork,weak_relative,8,-0.09905458325960938,-0.09179040187119004,0.5,24,1.0,2,0.029760874807834625,1,-0.001826401799917221,-0.012479436583817005
r4_real,product,cosine_mean4,Fork,middle_relative,18,-0.15405041848084297,-0.06451613259595736,0.35294117647058826,51,,0,0.00810497347265482,0,-0.002911830320954323,-0.0024088467471301556
r4_real,product,cosine_mean4,Fork,strong_relative,15,-0.45905780248652417,-0.5719419461959562,0.2,35,,0,0.00847466941922903,0,-0.003148663090541959,-0.0012237835908308625
r4_real,product,cosine_mean4,Glasses,weak_relative,7,-0.4530656021887515,-0.04369108315567462,0.35,20,,0,0.04638173431158066,0,-0.02542213536798954,-0.03926507383584976
r4_real,product,cosine_mean4,Glasses,middle_relative,13,-0.20083963594365062,-0.2244773725235068,0.3103448275862069,29,,0,0.006975479423999786,0,-0.004206164740025997,-0.006940305698662996
r4_real,product,cosine_mean4,Glasses,strong_relative,47,0.008441431996207348,0.11131365930958946,0.5189873417721519,79,,0,6.920007581356913e-05,0,2.1455383830470964e-05,-3.0028515993762994e-06
r4_real,product,cosine_mean4,Hammer,weak_relative,25,0.030321921959195374,0.10043437760276992,0.6,75,,0,0.06678302586078644,0,0.0009917450370267034,-0.011025940999388695
r4_real,product,cosine_mean4,Hammer,middle_relative,24,0.0022081195808329158,-0.0781854291450591,0.5833333333333334,72,,0,0.045294731855392456,0,0.0046440050937235355,-0.00242936541326344
r4_real,product,cosine_mean4,Hammer,strong_relative,8,-0.008832480164713578,0.07744952810832459,0.625,24,,0,0.018854031339287758,0,0.0024550268426537514,-0.004582669585943222
r4_real,product,cosine_mean4,Helmet,weak_relative,23,0.11812828708531363,0.13455997556956942,0.5303030303030303,66,,0,0.023366358131170273,0,0.001452382537536323,0.0018921192968264222
r4_real,product,cosine_mean4,Helmet,middle_relative,41,0.21552988515774923,0.1820909999740427,0.7352941176470589,102,,0,0.01492726244032383,0,0.0032941338140517473,0.0001325025805272162
r4_real,product,cosine_mean4,Helmet,strong_relative,26,0.13980259302864917,-0.01419485167109016,0.7166666666666667,60,,0,0.004421290475875139,0,0.001449971809051931,0.0
r4_real,product,cosine_mean4,Kettle,middle_relative,17,0.1128588617349179,0.04076224384612231,0.6222222222222222,45,,0,0.021840473636984825,0,0.006826502736657858,-0.0008298078901134431
r4_real,product,cosine_mean4,Kettle,strong_relative,55,0.1258842711258711,-0.15342044640661814,0.7123287671232876,146,0.5,2,0.020827332511544228,1,0.007416937034577131,-1.5838577382965013e-05
r4_real,product,cosine_mean4,Keyboard,weak_relative,17,0.06693351577049574,0.07412159342149267,0.48936170212765956,47,,0,0.009583933278918266,0,0.0012530006933957338,0.00035594007931649685
r4_real,product,cosine_mean4,Keyboard,middle_relative,17,-0.24635363195690063,-0.5264283094460761,0.4,50,,0,0.004198819864541292,0,-0.0009033842943608761,0.0005143401795066893
r4_real,product,cosine_mean4,Keyboard,strong_relative,65,-0.14902362126258728,-0.21494646973122852,0.2717948717948718,195,0.0,2,0.00571615993976593,1,-0.0020668983925133944,2.5162609745166264e-05
r4_real,product,cosine_mean4,Knives,weak_relative,32,0.21174306421078176,0.2361959067035237,0.5978260869565217,92,,0,0.014778469689190388,0,0.0031857716385275126,0.0013826254289597273
r4_real,product,cosine_mean4,Knives,middle_relative,9,0.42030004702220924,0.5715819363724869,0.625,24,,0,0.0005969139165244997,0,0.00018675572937354445,0.0
r4_real,product,cosine_mean4,Lamp_Shade,weak_relative,14,-0.4717022982578971,-0.3205841257377869,0.38095238095238093,42,,0,0.06989287585020065,0,-0.03790035471320152,-0.03097219206392765
r4_real,product,cosine_mean4,Lamp_Shade,middle_relative,24,-0.2955651549657743,-0.10458951356350583,0.4647887323943662,71,,0,0.06927241384983063,0,-0.009854850359261036,-0.03417155519127846
r4_real,product,cosine_mean4,Lamp_Shade,strong_relative,16,-0.17982398822199974,0.07336213809711627,0.5625,48,0.25,8,0.06422878801822662,4,0.0057466039434075356,-0.017655719071626663
r4_real,product,cosine_mean4,Laptop,weak_relative,25,0.11034362067827425,0.11605609418187,0.4266666666666667,75,,0,0.040749918669462204,0,-0.005399234127253294,-0.008600424975156784
r4_real,product,cosine_mean4,Laptop,middle_relative,34,-0.06348042562621582,0.0689826608374065,0.3465346534653465,101,,0,0.029251964762806892,0,-0.005290193483233452,-0.0005253562121652067
r4_real,product,cosine_mean4,Laptop,strong_relative,40,-0.3696250362449624,-0.019539155841366354,0.2,120,0.0,2,0.02903047762811184,1,-0.008970683440566063,0.0
r4_real,product,cosine_mean4,Marker,weak_relative,33,0.13964391489522066,0.35963314753790804,0.6666666666666666,99,0.5,2,0.0599365159869194,1,0.008980011567473412,-0.005748116411268711
r4_real,product,cosine_mean4,Marker,middle_relative,19,-0.05943958164757398,-0.10683056467761078,0.5087719298245614,57,,0,0.04897110536694527,0,-0.01248394325375557,-0.010265739634633064
r4_real,product,cosine_mean4,Monitor,middle_relative,19,-0.3697407627683849,-0.2672489576065977,0.49122807017543857,57,,0,0.05657334253191948,0,-0.022512249648571014,-0.04100308567285538
r4_real,product,cosine_mean4,Monitor,strong_relative,75,0.49366986048272204,0.17812768370509066,0.7733333333333333,225,0.9,10,0.10674228519201279,5,0.031137488782405853,-0.006581107620149851
r4_real,product,cosine_mean4,Mop,weak_relative,12,-0.5056893672798016,0.22247998296034763,0.4166666666666667,36,,0,0.07162477821111679,0,-0.0426294170320034,-0.04421694949269295
r4_real,product,cosine_mean4,Mop,middle_relative,26,-0.01376540133198329,0.45801114403727466,0.45454545454545453,77,,0,0.05317521095275879,0,0.0019061026396229863,-0.01726951263844967
r4_real,product,cosine_mean4,Mop,strong_relative,34,0.058312344277832454,-0.2061210415048502,0.7835051546391752,97,,0,0.024274330586194992,0,0.0009456184925511479,-0.0011744004441425204
r4_real,product,cosine_mean4,Mouse,weak_relative,34,0.014341565243142106,0.17358636829299184,0.5777777777777777,90,,0,0.016590449959039688,0,0.0034340342972427607,-0.0018701001536101103
r4_real,product,cosine_mean4,Mouse,middle_relative,47,0.08679056020173956,0.23833427828825682,0.6165413533834586,133,0.5,2,0.01492372341454029,1,0.005417127627879381,0.0013104691170156002
r4_real,product,cosine_mean4,Mouse,strong_relative,15,0.08730834987277017,-0.10996793930871741,0.6486486486486487,37,,0,0.00541461119428277,0,0.0021950670052319765,-2.8234067940502428e-05
r4_real,product,cosine_mean4,Mug,weak_relative,27,-0.04116689572890183,-0.0756602662442013,0.6060606060606061,66,,0,0.013370143249630928,0,-0.0023938831873238087,-0.002244968432933092
r4_real,product,cosine_mean4,Mug,middle_relative,14,0.0004694558536837641,0.02824614469848999,0.6956521739130435,23,,0,0.004987513180822134,0,-0.0004928657435812056,-3.3207030014636985e-07
r4_real,product,cosine_mean4,Notebook,weak_relative,70,-0.20409400931188626,-0.2518146187229501,0.47783251231527096,203,,0,0.019696839153766632,0,-0.003880937583744526,-0.0036028530448675156
r4_real,product,cosine_mean4,Notebook,middle_relative,23,-0.011204808996930805,-0.10006746505047942,0.5797101449275363,69,,0,0.02462967298924923,0,0.000877675018273294,-0.0013331498485058546
r4_real,product,cosine_mean4,Oven,weak_relative,6,0.45133221312654886,0.44657259640635194,0.7777777777777778,18,,0,0.012763727456331253,0,0.004548408556729555,0.001659723580814898
r4_real,product,cosine_mean4,Oven,middle_relative,13,-0.10398169159473068,-0.18224211254687708,0.5833333333333334,36,,0,0.0016635601641610265,0,-4.141053432249464e-05,0.0
r4_real,product,cosine_mean4,Oven,strong_relative,49,0.09369859675371943,-0.15758193106774313,0.717391304347826,92,,0,0.001020359923131764,0,0.0003555883886292577,0.0
r4_real,product,cosine_mean4,Pan,weak_relative,24,0.03927191568704268,0.08330982120244408,0.4264705882352941,68,,0,0.024613061919808388,0,0.0019389744848012924,0.0034985048696398735
r4_real,product,cosine_mean4,Pan,middle_relative,24,0.07956145839796892,0.14095665617820619,0.4067796610169492,59,,0,0.007108083460479975,0,0.0022113167215138674,-7.236352394102141e-05
r4_real,product,cosine_mean4,Pan,strong_relative,22,-0.18311507566681892,-0.1794736175716933,0.4,55,,0,0.009467000141739845,0,-0.0009708829456940293,2.791859515127726e-05
r4_real,product,cosine_mean4,Paper_Clip,weak_relative,22,0.06063882383347141,0.09832766111611482,0.5535714285714286,56,,0,0.015769584104418755,0,0.002807548036798835,0.00010788125655381009
r4_real,product,cosine_mean4,Paper_Clip,middle_relative,23,0.2074825292927379,0.3322627325173937,0.5789473684210527,38,,0,0.0036549128126353025,0,0.000527513911947608,-0.0008331278222613037
r4_real,product,cosine_mean4,Pen,weak_relative,23,0.25666343805874503,0.5400017236881873,0.6231884057971014,69,0.5,2,0.036113426089286804,1,0.007292420137673616,-0.002279031788930297
r4_real,product,cosine_mean4,Pen,middle_relative,31,0.21087131082399968,0.23689646283749405,0.5714285714285714,91,,0,0.022625185549259186,0,0.0017478126101195812,-0.000518948188982904
r4_real,product,cosine_mean4,Pen,strong_relative,6,0.5686027301312795,0.6108077734652797,0.7777777777777778,18,,0,0.016666166484355927,0,0.005606131162494421,-0.000280055683106184
r4_real,product,cosine_mean4,Pencil,weak_relative,22,-0.2721430814965793,-0.30532620918558523,0.47692307692307695,65,0.5,2,0.032010383903980255,1,-0.008347410708665848,0.0031145771499723196
r4_real,product,cosine_mean4,Pencil,middle_relative,16,-0.5857750735963302,-0.7297281914332825,0.25,48,,0,0.023820428177714348,0,-0.013239266350865364,-0.0004774902481585741
r4_real,product,cosine_mean4,Postit_Notes,weak_relative,24,-0.05382389057727217,0.031115792017219077,0.5,62,,0,0.00727371871471405,0,0.0017532106721773744,0.0005067335441708565
r4_real,product,cosine_mean4,Postit_Notes,middle_relative,14,-0.00910408123104291,0.12993181735262627,0.35135135135135137,37,,0,0.0028834703844040632,0,-0.00048260428593494,-0.0005055611254647374
r4_real,product,cosine_mean4,Printer,weak_relative,5,-0.23817957043370372,-0.36147809060150526,0.5,12,,0,0.016288327053189278,0,-0.005678574088960886,-0.009153442457318306
r4_real,product,cosine_mean4,Printer,middle_relative,32,0.055240391906681466,0.04166590005905392,0.5526315789473685,76,,0,0.0026924400590360165,0,0.0008655261481180787,-4.300852015148848e-05
r4_real,product,cosine_mean4,Printer,strong_relative,62,0.18264156880460927,0.18135257797616028,0.6470588235294118,136,,0,0.0025650504976511,0,0.0008518834947608411,-3.230000220355578e-05
r4_real,product,cosine_mean4,Push_Pin,weak_relative,37,0.09385075762898226,-0.15219473495155447,0.6635514018691588,107,0.5,2,0.05276293307542801,1,0.003197792451828718,-0.010487225838005543
r4_real,product,cosine_mean4,Push_Pin,middle_relative,6,0.4455094459834561,0.17915819819733345,0.5333333333333333,15,,0,0.07799120992422104,0,0.01898573525249958,0.02092965506017208
r4_real,product,cosine_mean4,Radio,middle_relative,21,-0.024722224561252986,-0.37282547527323123,0.6779661016949152,59,1.0,2,0.03487809747457504,1,0.005058630835264921,0.0
r4_real,product,cosine_mean4,Radio,strong_relative,18,0.10717442951582602,0.18370122186574275,0.5882352941176471,51,,0,0.03869377821683884,0,0.0017655746778473258,0.0
r4_real,product,cosine_mean4,Refrigerator,weak_relative,16,0.14797220389878843,-0.09867850021156205,0.4583333333333333,48,,0,0.02187536284327507,0,-0.003967492841184139,0.0020225942134857178
r4_real,product,cosine_mean4,Refrigerator,middle_relative,14,0.05360516715476501,-0.17914072556145483,0.47368421052631576,38,,0,0.001947738346643746,0,-7.315224502235651e-05,9.082052565645427e-05
r4_real,product,cosine_mean4,Refrigerator,strong_relative,29,0.1947608193413924,0.3813955488563652,0.5277777777777778,72,,0,0.00043345364974811673,0,-1.7522093912702985e-05,0.0
r4_real,product,cosine_mean4,Ruler,weak_relative,35,-0.2249146896044191,0.11471631161552032,0.25287356321839083,87,0.0,2,0.03632345050573349,1,-0.0160516407340765,-0.009010023437440395
r4_real,product,cosine_mean4,Ruler,middle_relative,21,-0.177537293861726,0.06681052719269759,0.3,30,,0,0.013000043109059334,0,-0.002975094597786665,-2.6977420930052176e-05
r4_real,product,cosine_mean4,Scissors,weak_relative,11,0.18864491559822802,0.12922751000599136,0.59375,32,,0,0.03752530738711357,0,0.0062334779649972916,0.00307492446154356
r4_real,product,cosine_mean4,Scissors,middle_relative,41,0.09386235351849347,0.10631001950941392,0.5614035087719298,114,,0,0.010982545092701912,0,0.000448561564553529,-0.0003538904420565814
r4_real,product,cosine_mean4,Scissors,strong_relative,47,0.23400698319908533,0.3651416226135796,0.6818181818181818,132,,0,0.010278227739036083,0,0.0032328080851584673,-0.0007504128152504563
r4_real,product,cosine_mean4,Screwdriver,weak_relative,14,0.35688099385138583,0.44892718790230385,0.4523809523809524,42,1.0,2,0.03680012375116348,1,0.0013643577694892883,-0.001414105063304305
r4_real,product,cosine_mean4,Screwdriver,middle_relative,23,-0.11600860082443694,-0.33672040080997007,0.484375,64,,0,0.003932760562747717,0,0.0008204648038372397,0.0
r4_real,product,cosine_mean4,Shelf,weak_relative,24,0.28789565776494164,0.3801018105744206,0.4492753623188406,69,1.0,2,0.05438989773392677,1,0.006498858332633972,0.0027708050329238176
r4_real,product,cosine_mean4,Shelf,middle_relative,16,0.10592001111656464,0.5725380174672136,0.4375,48,,0,0.03958798944950104,0,0.00025963340885937214,0.0023458972573280334
r4_real,product,cosine_mean4,Shelf,strong_relative,9,-0.37711741360702655,0.2828755178160095,0.3333333333333333,27,,0,0.011926284059882164,0,-0.004422532394528389,0.0
r4_real,product,cosine_mean4,Sink,middle_relative,8,0.20462786242987996,0.5381361549284517,0.4583333333333333,24,,0,0.020804375410079956,0,0.006088120862841606,-0.0002148596104234457
r4_real,product,cosine_mean4,Sink,strong_relative,36,0.1649342613824494,0.0010577398577322026,0.7432432432432432,74,,0,0.002652124734595418,0,0.00030192697886377573,2.6665318273444427e-06
r4_real,product,cosine_mean4,Sneakers,weak_relative,6,0.5627299294092593,0.17048851731652886,0.8666666666666667,15,,0,0.07529472559690475,0,0.030228691175580025,0.04387490078806877
r4_real,product,cosine_mean4,Sneakers,middle_relative,19,0.3269700415959556,0.09800417481209506,0.6511627906976745,43,,0,0.022626729682087898,0,0.007284990046173334,0.0
r4_real,product,cosine_mean4,Sneakers,strong_relative,74,0.09681457799865945,-0.18663529013401464,0.8494623655913979,186,,0,0.014536678791046143,0,0.004330044146627188,0.0
r4_real,product,cosine_mean4,Soda,weak_relative,15,0.02779698199460391,-0.3174877540907338,0.7,40,,0,0.006425090134143829,0,0.0017998091643676162,0.00032517837826162577
r4_real,product,cosine_mean4,Soda,middle_relative,21,0.1296658444528998,-0.28619610521652206,0.7049180327868853,61,,0,0.0118491742759943,0,0.0041975099593400955,3.0142200557747856e-06
r4_real,product,cosine_mean4,Soda,strong_relative,7,0.26465434860622833,-0.36336818646152574,0.7647058823529411,17,,0,0.0009671504958532751,0,0.0002293147990712896,-0.0001045310782501474
r4_real,product,cosine_mean4,Speaker,weak_relative,29,-0.16151408335496853,-0.3236551687154521,0.425,80,,0,0.02058674953877926,0,-0.009653500281274319,-0.005172840319573879
r4_real,product,cosine_mean4,Speaker,middle_relative,37,-0.07259555533471941,-0.08586357601810224,0.44565217391304346,92,,0,0.007500539068132639,0,-0.001922104973345995,-0.0019142039818689227
r4_real,product,cosine_mean4,Speaker,strong_relative,33,0.09044544989831141,0.202595375302079,0.34375,64,,0,0.00313936872407794,0,0.001029897015541792,-3.0243490982684307e-05
r4_real,product,cosine_mean4,Spoon,weak_relative,35,0.09615402598909775,0.17336557113089332,0.5784313725490197,102,,0,0.009336724877357483,0,0.0013588574947789311,0.0005279426113702357
r4_real,product,cosine_mean4,Spoon,middle_relative,12,0.017055659636697626,-0.04305699969054322,0.5833333333333334,36,,0,0.03471436724066734,0,0.0005885555292479694,0.001610486418940127
r4_real,product,cosine_mean4,TV,weak_relative,12,-0.19648565748035746,0.32701350826082565,0.4444444444444444,36,,0,0.06584828346967697,0,-0.008463848382234573,-0.018829768523573875
r4_real,product,cosine_mean4,TV,middle_relative,13,0.030359197100982737,0.045449372303369345,0.6052631578947368,38,,0,0.03486615791916847,0,-0.0024254717864096165,-0.013731366023421288
r4_real,product,cosine_mean4,TV,strong_relative,51,0.4906491364847881,0.3858195087610703,0.8609271523178808,151,,0,0.013091632165014744,0,0.003971578553318977,0.00022728575277142227
r4_real,product,cosine_mean4,Table,weak_relative,15,-0.03466140496171595,0.20599439616966775,0.38095238095238093,42,,0,0.035339854657649994,0,-0.005730634089559317,-0.005841572768986225
r4_real,product,cosine_mean4,Table,middle_relative,37,0.12886019184324565,0.1826076419390445,0.5327102803738317,107,0.0,2,0.03842534124851227,1,0.0022181805688887835,-0.0037500113248825073
r4_real,product,cosine_mean4,Table,strong_relative,8,0.08693900904968231,-0.22456738767780557,0.7083333333333334,24,,0,0.06794522702693939,0,0.018082253634929657,0.0
r4_real,product,cosine_mean4,Telephone,weak_relative,17,0.3579914538075167,0.21673691286847707,0.7647058823529411,51,1.0,2,0.0775996670126915,1,0.028998907655477524,0.011638714000582695
r4_real,product,cosine_mean4,Telephone,middle_relative,28,0.3151999593039312,0.15456301658148824,0.7710843373493976,83,,0,0.04343258962035179,0,0.01314420998096466,0.0004979978548362851
r4_real,product,cosine_mean4,Telephone,strong_relative,13,0.2059590726406213,-0.08155720133465938,0.8888888888888888,36,,0,0.009699394926428795,0,0.0036097760312259197,0.0
r4_real,product,cosine_mean4,ToothBrush,weak_relative,10,0.3270588549363674,0.5097412214832497,0.5666666666666667,30,,0,0.037548430263996124,0,0.014328055083751678,0.014780918136239052
r4_real,product,cosine_mean4,ToothBrush,middle_relative,22,-0.025073064538068467,0.13247487442513906,0.5151515151515151,66,,0,0.03469998389482498,0,0.002442313823848963,-0.0019342572195455432
r4_real,product,cosine_mean4,ToothBrush,strong_relative,10,-0.26959363515940865,-0.39896338495813627,0.48,25,,0,0.020813515409827232,0,-0.012544761411845684,-0.0202188640832901
r4_real,product,cosine_mean4,Toys,weak_relative,22,-0.01063536640198658,0.10951546702049832,0.532258064516129,62,0.0,2,0.04971101135015488,1,-0.002218198264017701,-0.007875262759625912
r4_real,product,cosine_mean4,Toys,middle_relative,22,0.5013090646971252,0.37016554767348925,0.6153846153846154,65,,0,0.039154134690761566,0,0.008810398168861866,-0.00567648746073246
r4_real,product,cosine_mean4,Trash_Can,weak_relative,48,-0.22454371900576015,-0.29540861099973503,0.4460431654676259,139,,0,0.01142942439764738,0,-0.00033255424932576716,0.00011771199206123129
r4_real,product,cosine_mean4,Trash_Can,middle_relative,34,-0.04692933606418116,-0.09990750818626286,0.5274725274725275,91,,0,0.006848679855465889,0,0.0011247239308431745,0.0
r4_real,product,cosine_mean4,Trash_Can,strong_relative,11,0.06460677805255276,0.1031303623227947,0.5454545454545454,33,,0,0.048242028802633286,0,0.009187676012516022,0.0
r4_real,product,cosine_mean4,Webcam,weak_relative,6,0.10905428590320893,0.11885128603417838,0.7058823529411765,17,,0,0.056799959391355515,0,-0.010094091296195984,-0.013742933981120586
r4_real,product,cosine_mean4,Webcam,middle_relative,38,0.026305103880288075,0.03869168669393621,0.7425742574257426,101,,0,0.027305355295538902,0,0.004149711690843105,0.003942288924008608
r4_real,product,cosine_mean4,Webcam,strong_relative,54,0.0026637703701666467,-0.12657738480139552,0.7028985507246377,138,,0,0.0038520933594554663,0,0.0014192955568432808,-5.822520961373812e-06
r4_real,product,source_z_l2_mean4,Alarm_Clock,weak_relative,9,0.06663498842778202,-0.36185167246265043,0.8181818181818182,22,,0,0.004620766267180443,0,0.001691407524049282,0.0027079551946371794
r4_real,product,source_z_l2_mean4,Alarm_Clock,middle_relative,35,-0.20153858596820143,-0.27851552158969195,0.6666666666666666,93,,0,0.0195641927421093,0,-0.00476246839389205,-0.012016029097139835
r4_real,product,source_z_l2_mean4,Alarm_Clock,strong_relative,35,-0.015525239860517886,0.059651253302805594,0.5757575757575758,99,,0,0.005170163232833147,0,0.0007518551428802311,-0.0011360859498381615
r4_real,product,source_z_l2_mean4,Backpack,weak_relative,14,0.5120777891561427,0.09800597767459066,0.6904761904761905,42,,0,0.05145000293850899,0,0.014144345186650753,0.006524651776999235
r4_real,product,source_z_l2_mean4,Backpack,middle_relative,31,0.4239926620499092,0.19852451923951336,0.7045454545454546,88,,0,0.01749034970998764,0,0.006066865287721157,-0.0005008342559449375
r4_real,product,source_z_l2_mean4,Backpack,strong_relative,54,0.34450886830010247,0.13001506290096945,0.7637795275590551,127,,0,0.0005190788651816547,0,0.00013945807586424053,-5.193306424189359e-05
r4_real,product,source_z_l2_mean4,Batteries,weak_relative,29,-0.07022338003451996,0.213210784144342,0.5189873417721519,79,,0,0.015524627640843391,0,-0.00294512789696455,0.00019561454246286303
r4_real,product,source_z_l2_mean4,Batteries,middle_relative,26,0.007739501994072665,0.17193664138964856,0.6551724137931034,58,,0,0.006088326685130596,0,-0.0008444406557828188,2.0334086002549157e-05
r4_real,product,source_z_l2_mean4,Batteries,strong_relative,7,0.5030688202780809,-0.2589451879061574,0.9,10,,0,0.0001339250593446195,0,4.1361530747963116e-05,-2.56867247117043e-06
r4_real,product,source_z_l2_mean4,Bed,strong_relative,41,0.5339553113446862,-0.016266072560998986,0.7310924369747899,119,1.0,2,0.03806597366929054,1,0.009224227629601955,-0.004524188116192818
r4_real,product,source_z_l2_mean4,Bike,middle_relative,25,-0.012414422053277044,0.26265186083192427,0.631578947368421,19,,0,0.0005591693916358054,0,-0.00016377546126022935,-2.15283998841187e-05
r4_real,product,source_z_l2_mean4,Bike,strong_relative,16,0.6149050484022908,0.07615206930978685,0.9411764705882353,17,,0,1.622911440790631e-05,0,3.920341441698838e-06,-2.316000063729007e-06
r4_real,product,source_z_l2_mean4,Bottle,weak_relative,32,-0.012471040020041237,-0.027974431972836025,0.3888888888888889,90,,0,0.02292260155081749,0,-0.0011903437552973628,-0.0017447872087359428
r4_real,product,source_z_l2_mean4,Bottle,middle_relative,29,0.2795134254713585,0.44264183202289203,0.5,86,,0,0.05157794803380966,0,0.004545364994555712,0.027184512466192245
r4_real,product,source_z_l2_mean4,Bucket,middle_relative,21,-0.10947197381712663,0.23831962275033391,0.5079365079365079,63,,0,0.01794237643480301,0,-0.0006342721171677113,-0.005125892348587513
r4_real,product,source_z_l2_mean4,Bucket,strong_relative,22,-0.16334787397537237,0.20650714746194462,0.4393939393939394,66,,0,0.028613358736038208,0,-0.002854142105206847,-0.012868064455688
r4_real,product,source_z_l2_mean4,Calculator,weak_relative,43,0.22671634265178345,0.15837641560980348,0.584,125,,0,0.004652735311537981,0,0.0007788450457155704,0.0001378789747832343
r4_real,product,source_z_l2_mean4,Calculator,middle_relative,36,0.3586084041495643,0.22056592235183317,0.7684210526315789,95,,0,0.0030322817619889975,0,0.001063669566065073,0.0002321335196029395
r4_real,product,source_z_l2_mean4,Calendar,weak_relative,57,0.019613835457834673,0.19584406800519583,0.558282208588957,163,,0,0.02724253386259079,0,0.003948726691305637,0.001608740771189332
r4_real,product,source_z_l2_mean4,Calendar,middle_relative,23,-0.049290831755543316,0.08010391659328689,0.6119402985074627,67,,0,0.003281081560999155,0,-0.00018684344831854105,-0.001770914881490171
r4_real,product,source_z_l2_mean4,Candles,weak_relative,44,-0.01765562781495784,-0.354824102200123,0.7121212121212122,132,,0,0.06132049858570099,0,0.002810291014611721,0.010174602270126343
r4_real,product,source_z_l2_mean4,Candles,middle_relative,11,-0.07496015770338844,-0.6617063765621674,0.8064516129032258,31,,0,0.022314859554171562,0,-0.002708256244659424,-0.004203836899250746
r4_real,product,source_z_l2_mean4,Chair,weak_relative,27,0.2250982070115648,-0.03221514708631502,0.7297297297297297,74,,0,0.009718893095850945,0,0.003687340999022126,0.0049749938771128654
r4_real,product,source_z_l2_mean4,Chair,middle_relative,51,0.20489822193458943,-0.05081057863024023,0.7272727272727273,121,,0,0.010981428436934948,0,0.006390272174030542,0.008720637299120426
r4_real,product,source_z_l2_mean4,Chair,strong_relative,21,-0.1852634057861431,-0.29613308337717625,0.43859649122807015,57,,0,0.013655503280460835,0,-0.0019144030520692468,0.0028369997162371874
r4_real,product,source_z_l2_mean4,Clipboards,weak_relative,39,-0.3580752784785063,-0.0005180014320405567,0.3333333333333333,117,0.5,2,0.02806997299194336,1,-0.008365216664969921,-0.015549840405583382
r4_real,product,source_z_l2_mean4,Clipboards,middle_relative,25,-0.051544569745966676,-0.09723677961227892,0.4444444444444444,72,,0,0.015210424549877644,0,-0.0014356353785842657,-0.0008030468015931547
r4_real,product,source_z_l2_mean4,Computer,weak_relative,55,-0.521377065306271,-0.06502345634183371,0.43636363636363634,165,0.5,2,0.12959982454776764,1,-0.06062958016991615,-0.08192721009254456
r4_real,product,source_z_l2_mean4,Computer,middle_relative,25,-0.26533265835786807,-0.32503458813246117,0.6486486486486487,74,,0,0.08803991973400116,0,-0.019330857321619987,-0.0510823093354702
r4_real,product,source_z_l2_mean4,Computer,strong_relative,16,0.17210295905097375,-0.12838807945704037,0.5652173913043478,46,,0,0.11272414028644562,0,0.0015306714922189713,-0.020551495254039764
r4_real,product,source_z_l2_mean4,Couch,middle_relative,9,-0.17918423208541845,-0.08060525471974737,0.5263157894736842,19,,0,0.028142383322119713,0,-0.016524866223335266,-0.025186028331518173
r4_real,product,source_z_l2_mean4,Couch,strong_relative,77,-0.09678900943806931,-0.15421609864291097,0.6390977443609023,133,,0,0.007485568523406982,0,-0.003107714233919978,-0.005563828162848949
r4_real,product,source_z_l2_mean4,Curtains,weak_relative,12,-0.5576932354016063,-0.29274986408126147,0.4166666666666667,36,,0,0.035027582198381424,0,-0.020238330587744713,-0.031280480325222015
r4_real,product,source_z_l2_mean4,Curtains,middle_relative,18,-0.03241855445125311,-0.035937658062152655,0.5686274509803921,51,,0,0.021331362426280975,0,-0.005206662695854902,-0.00517753791064024
r4_real,product,source_z_l2_mean4,Curtains,strong_relative,45,0.39467886500147153,0.004729025935966443,0.8015267175572519,131,,0,0.006949768401682377,0,0.0023537257220596075,-0.0001369027595501393
r4_real,product,source_z_l2_mean4,Desk_Lamp,weak_relative,17,-0.5929626609563695,-0.4063327637877153,0.3333333333333333,51,0.0,2,0.05210525542497635,1,-0.027191726490855217,-0.03752324730157852
r4_real,product,source_z_l2_mean4,Desk_Lamp,middle_relative,36,-0.27876211966977904,-0.18058973177120352,0.49074074074074076,108,,0,0.04843009635806084,0,-0.01171131245791912,-0.024644216522574425
r4_real,product,source_z_l2_mean4,Desk_Lamp,strong_relative,30,-0.07526135182307528,0.369989859717192,0.45555555555555555,90,1.0,2,0.020438142120838165,1,-0.0016993253957480192,-0.007980430498719215
r4_real,product,source_z_l2_mean4,Drill,weak_relative,7,0.5397625387715242,0.553601975248754,0.6190476190476191,21,,0,0.034831855446100235,0,0.0058943964540958405,0.004707911517471075
r4_real,product,source_z_l2_mean4,Drill,strong_relative,56,-0.4741395324120264,-0.4180409677109722,0.43356643356643354,143,,0,0.0016263527795672417,0,-0.00015934331167954952,0.0003916693094652146
r4_real,product,source_z_l2_mean4,Eraser,weak_relative,13,0.35577959791015806,0.40377009451230217,0.5128205128205128,39,,0,0.040294189006090164,0,-0.0005579235730692744,-0.004768725950270891
r4_real,product,source_z_l2_mean4,Eraser,middle_relative,17,0.1812384410867996,0.12461133054133632,0.5,48,,0,0.035216618329286575,0,-0.0027718008495867252,-0.014935845509171486
r4_real,product,source_z_l2_mean4,Eraser,strong_relative,11,0.20881296286904774,0.7643123178863401,0.2962962962962963,27,,0,0.009310275316238403,0,-0.0016169912414625287,-0.005035048816353083
r4_real,product,source_z_l2_mean4,Exit_Sign,weak_relative,61,0.0636431918791822,0.2000490569671095,0.4426229508196721,61,,0,0.0007194202626124024,0,0.0001637926179682836,0.0002950338530354202
r4_real,product,source_z_l2_mean4,Exit_Sign,middle_relative,6,0.4864091139148628,0.3702978475765032,0.42857142857142855,7,,0,0.005686756689101458,0,0.0033100529108196497,0.00426974194124341
r4_real,product,source_z_l2_mean4,Fan,weak_relative,12,-0.5510197812991429,-0.3205423041366122,0.22857142857142856,35,,0,0.0366377979516983,0,-0.022700199857354164,-0.03401043638586998
r4_real,product,source_z_l2_mean4,Fan,middle_relative,33,-0.3713165344910836,-0.10501804548781278,0.4421052631578947,95,,0,0.03680276498198509,0,-0.014649900607764721,-0.027521230280399323
r4_real,product,source_z_l2_mean4,Fan,strong_relative,13,-0.15440727925067307,-0.30306172971689743,0.75,36,,0,0.03715362399816513,0,0.0008238175651058555,-0.012550665065646172
r4_real,product,source_z_l2_mean4,File_Cabinet,weak_relative,57,0.1415528553905329,0.3421510464503942,0.5060240963855421,166,,0,0.028636284172534943,0,0.003176033264026046,-0.0017924363492056727
r4_real,product,source_z_l2_mean4,File_Cabinet,middle_relative,13,0.440041688682251,0.6987165075097175,0.5641025641025641,39,,0,0.023496661335229874,0,0.004097561351954937,-0.004439972806721926
r4_real,product,source_z_l2_mean4,Flipflops,weak_relative,5,0.1218816624164299,-0.1555030549476953,0.7333333333333333,15,,0,0.09323804080486298,0,0.007864326238632202,0.005576661322265863
r4_real,product,source_z_l2_mean4,Flipflops,middle_relative,16,0.4059349193347222,0.367029782490057,0.75,48,,0,0.02564096823334694,0,0.00601356802508235,0.0017235968261957169
r4_real,product,source_z_l2_mean4,Flipflops,strong_relative,78,0.04444142537314584,-0.03451541366580782,0.6696428571428571,224,1.0,2,0.02051679976284504,1,0.0019232069607824087,-0.005392527673393488
r4_real,product,source_z_l2_mean4,Flowers,weak_relative,63,0.3192036401766585,0.18377319642358403,0.6666666666666666,183,,0,0.0024769294541329145,0,0.0005760790081694722,0.0006593152065761387
r4_real,product,source_z_l2_mean4,Flowers,middle_relative,27,0.5275146168767983,0.0762934981392562,0.675,80,,0,0.0025252935010939837,0,0.0006608326802961528,-0.00012545542267616838
r4_real,product,source_z_l2_mean4,Folder,weak_relative,59,-0.31943809448483285,-0.2486260759765131,0.480225988700565,177,,0,0.05487086996436119,0,-0.01687275432050228,-0.028223546221852303
r4_real,product,source_z_l2_mean4,Folder,middle_relative,31,-0.645516489795068,-0.4376337215249587,0.3333333333333333,93,,0,0.07491911202669144,0,-0.0373985730111599,-0.05694201961159706
r4_real,product,source_z_l2_mean4,Fork,weak_relative,8,-0.11290467019305327,-0.19758077455144293,0.5,24,1.0,2,0.029760874807834625,1,-0.0021843118593096733,-0.012837346643209457
r4_real,product,source_z_l2_mean4,Fork,middle_relative,18,-0.2593796718993901,-0.04766598807452559,0.35294117647058826,51,,0,0.00810497347265482,0,-0.00107035122346133,-0.0005673676496371627
r4_real,product,source_z_l2_mean4,Fork,strong_relative,15,-0.31159721643967986,-0.546083029777239,0.14285714285714285,35,,0,0.00847466941922903,0,-0.0025446563959121704,-0.0006197766051627696
r4_real,product,source_z_l2_mean4,Glasses,weak_relative,7,-0.6432811235425817,-0.197397754114074,0.35,20,,0,0.04638173431158066,0,-0.02542213536798954,-0.03926507383584976
r4_real,product,source_z_l2_mean4,Glasses,middle_relative,13,-0.29417754491880527,-0.13538065243484398,0.1724137931034483,29,,0,0.006975479423999786,0,-0.004238615743815899,-0.006972756702452898
r4_real,product,source_z_l2_mean4,Glasses,strong_relative,47,-0.26322505065914126,0.0627530642214306,0.13924050632911392,79,,0,6.920007581356913e-05,0,-3.982649286626838e-05,-6.428472988773137e-05
r4_real,product,source_z_l2_mean4,Hammer,weak_relative,25,-0.19212405282082645,-0.0037181894545257983,0.5733333333333334,75,,0,0.06678302586078644,0,-0.01768842153251171,-0.029706109315156937
r4_real,product,source_z_l2_mean4,Hammer,middle_relative,24,-0.19843621521786373,-0.1680583618559239,0.4444444444444444,72,,0,0.045294731855392456,0,-0.008254768326878548,-0.015328139066696167
r4_real,product,source_z_l2_mean4,Hammer,strong_relative,8,-0.4933541143333728,-0.2278879579904867,0.4166666666666667,24,,0,0.018854031339287758,0,-0.010850997641682625,-0.017888693138957024
r4_real,product,source_z_l2_mean4,Helmet,weak_relative,23,0.06563895571397303,0.14094533971563847,0.5151515151515151,66,,0,0.023366358131170273,0,0.004613744560629129,0.005053481087088585
r4_real,product,source_z_l2_mean4,Helmet,middle_relative,41,0.18202664060299117,0.17632701912882295,0.46078431372549017,102,,0,0.01492726244032383,0,0.0022819775622338057,-0.0008796536130830646
r4_real,product,source_z_l2_mean4,Helmet,strong_relative,26,-0.022619451847655923,-0.06953111292602428,0.7,60,,0,0.004421290475875139,0,-0.0005937566747888923,-0.002043728483840823
r4_real,product,source_z_l2_mean4,Kettle,middle_relative,17,-0.16903155854102617,-0.011756705650867585,0.35555555555555557,45,,0,0.021840473636984825,0,-0.01105620339512825,-0.018712513148784637
r4_real,product,source_z_l2_mean4,Kettle,strong_relative,55,-0.16525842503848973,-0.08928868643514407,0.5136986301369864,146,0.0,2,0.020827332511544228,1,-0.0064787957817316055,-0.01391157228499651
r4_real,product,source_z_l2_mean4,Keyboard,weak_relative,17,0.1694434237761904,0.16548912180693812,0.46808510638297873,47,,0,0.009583933278918266,0,0.0012023543240502477,0.00030529368086718023
r4_real,product,source_z_l2_mean4,Keyboard,middle_relative,17,-0.08951045901715513,-0.3138279241966916,0.44,50,,0,0.004198819864541292,0,-0.00017653500253800303,0.0012411894276738167
r4_real,product,source_z_l2_mean4,Keyboard,strong_relative,65,-0.2719860995800956,-0.26269385586069316,0.28205128205128205,195,0.0,2,0.00571615993976593,1,-0.001289859414100647,0.000802201742772013
r4_real,product,source_z_l2_mean4,Knives,weak_relative,32,0.21744575907538052,0.30228084262367355,0.5652173913043478,92,,0,0.014778469689190388,0,0.004973269067704678,0.0031701228581368923
r4_real,product,source_z_l2_mean4,Knives,middle_relative,9,-0.05841646443046254,0.5591362465241453,0.2916666666666667,24,,0,0.0005969139165244997,0,-5.33648235432338e-05,-0.00024012051289901137
r4_real,product,source_z_l2_mean4,Lamp_Shade,weak_relative,14,-0.5506966898835287,-0.20137395617226791,0.40476190476190477,42,,0,0.06989287585020065,0,-0.02745819464325905,-0.020530035719275475
r4_real,product,source_z_l2_mean4,Lamp_Shade,middle_relative,24,-0.5269423402256089,-0.10575283308600515,0.352112676056338,71,,0,0.06927241384983063,0,-0.04437609016895294,-0.06869279593229294
r4_real,product,source_z_l2_mean4,Lamp_Shade,strong_relative,16,-0.5543080381811601,-0.07091945620023325,0.3333333333333333,48,0.0,8,0.06422878801822662,4,-0.0408264622092247,-0.06422878801822662
r4_real,product,source_z_l2_mean4,Laptop,weak_relative,25,0.12390799090304219,0.08365735075948952,0.48,75,,0,0.040749918669462204,0,0.002036545192822814,-0.0011646449565887451
r4_real,product,source_z_l2_mean4,Laptop,middle_relative,34,0.08197302787777608,0.046963154435123305,0.3465346534653465,101,,0,0.029251964762806892,0,-0.0006829508929513395,0.004081886727362871
r4_real,product,source_z_l2_mean4,Laptop,strong_relative,40,-0.18381858943813045,0.021169635769994356,0.31666666666666665,120,0.5,2,0.02903047762811184,1,-0.0039640264585614204,0.00500665744766593
r4_real,product,source_z_l2_mean4,Marker,weak_relative,33,0.18227328386273178,0.43576577576185355,0.6262626262626263,99,1.0,2,0.0599365159869194,1,0.004984710365533829,-0.009743417613208294
r4_real,product,source_z_l2_mean4,Marker,middle_relative,19,0.21486249702949087,0.20738353831188283,0.5964912280701754,57,,0,0.04897110536694527,0,0.0062755704857409,0.008493774570524693
r4_real,product,source_z_l2_mean4,Monitor,middle_relative,19,-0.6015437659387579,-0.32053979197595067,0.42105263157894735,57,,0,0.05657334253191948,0,-0.027603937312960625,-0.04609477519989014
r4_real,product,source_z_l2_mean4,Monitor,strong_relative,75,0.32947446314534995,0.23735722652166835,0.64,225,0.8,10,0.10674228519201279,5,0.009826050139963627,-0.027892548590898514
r4_real,product,source_z_l2_mean4,Mop,weak_relative,12,-0.5580033485042858,0.5076528300633544,0.4166666666666667,36,,0,0.07162477821111679,0,-0.0426294170320034,-0.04421694949269295
r4_real,product,source_z_l2_mean4,Mop,middle_relative,26,-0.10184817916588931,0.47230384562167205,0.38961038961038963,77,,0,0.05317521095275879,0,-0.00996200181543827,-0.029137615114450455
r4_real,product,source_z_l2_mean4,Mop,strong_relative,34,0.03609066763237881,-0.041026902331762614,0.5567010309278351,97,,0,0.024274330586194992,0,-0.00030304837855510414,-0.0024230675771832466
r4_real,product,source_z_l2_mean4,Mouse,weak_relative,34,-0.15081430822774702,0.15086901296475588,0.5333333333333333,90,,0,0.016590449959039688,0,-0.005330279469490051,-0.010634413920342922
r4_real,product,source_z_l2_mean4,Mouse,middle_relative,47,-0.060874075980858366,0.2619546676517781,0.42857142857142855,133,0.0,2,0.01492372341454029,1,-0.0019344722386449575,-0.0060411300510168076
r4_real,product,source_z_l2_mean4,Mouse,strong_relative,15,-0.13505372932793208,0.14352225429686402,0.3783783783783784,37,,0,0.00541461119428277,0,-0.0028449189849197865,-0.0050682201981544495
r4_real,product,source_z_l2_mean4,Mug,weak_relative,27,-0.22829551314287658,-0.2982664035858135,0.5606060606060606,66,,0,0.013370143249630928,0,-0.004547165706753731,-0.004398250486701727
r4_real,product,source_z_l2_mean4,Mug,middle_relative,14,0.21122916472333939,0.13884874247426163,0.5652173913043478,23,,0,0.004987513180822134,0,0.0025755527894943953,0.0030680864583700895
r4_real,product,source_z_l2_mean4,Notebook,weak_relative,70,-0.08245500670241321,-0.09545912672776916,0.5467980295566502,203,,0,0.019696839153766632,0,-0.0028095818124711514,-0.0025314977392554283
r4_real,product,source_z_l2_mean4,Notebook,middle_relative,23,0.19825479550031538,0.23292082037648296,0.6231884057971014,69,,0,0.02462967298924923,0,0.0018054742831736803,-0.00040535093285143375
r4_real,product,source_z_l2_mean4,Oven,weak_relative,6,0.4176383822573516,0.4031121673813473,0.8333333333333334,18,,0,0.012763727456331253,0,0.004701259545981884,0.001812574453651905
r4_real,product,source_z_l2_mean4,Oven,middle_relative,13,-0.09214772371686225,-0.11093629633653382,0.5277777777777778,36,,0,0.0016635601641610265,0,-0.00019487229292280972,-0.00015346176223829389
r4_real,product,source_z_l2_mean4,Oven,strong_relative,49,-0.040293160608986155,-0.23269887600412642,0.6195652173913043,92,,0,0.001020359923131764,0,-6.545375799760222e-05,-0.00042104211752302945
r4_real,product,source_z_l2_mean4,Pan,weak_relative,24,0.013670745643417444,-0.005440746328974494,0.3088235294117647,68,,0,0.024613061919808388,0,0.0007343919132836163,0.002293923171237111
r4_real,product,source_z_l2_mean4,Pan,middle_relative,24,-0.04843862761370377,0.26029906486758336,0.23728813559322035,59,,0,0.007108083460479975,0,7.920729694887996e-05,-0.002204472664743662
r4_real,product,source_z_l2_mean4,Pan,strong_relative,22,-0.305912821212873,-0.32518702872934196,0.2,55,,0,0.009467000141739845,0,-0.004290624056011438,-0.0032918229699134827
r4_real,product,source_z_l2_mean4,Paper_Clip,weak_relative,22,0.15742084561977226,0.23611602375727958,0.5,56,,0,0.015769584104418755,0,0.0029930593445897102,0.0002933927462436259
r4_real,product,source_z_l2_mean4,Paper_Clip,middle_relative,23,0.2959515943018284,0.4415205374173567,0.6842105263157895,38,,0,0.0036549128126353025,0,0.0011691602412611246,-0.0001914813183248043
r4_real,product,source_z_l2_mean4,Pen,weak_relative,23,0.20349595716874513,0.5156321754161841,0.5652173913043478,69,0.0,2,0.036113426089286804,1,0.005241219885647297,-0.00433023227378726
r4_real,product,source_z_l2_mean4,Pen,middle_relative,31,0.1237171828628069,0.1718536748349474,0.5274725274725275,91,,0,0.022625185549259186,0,0.0006486608763225377,-0.0016180997481569648
r4_real,product,source_z_l2_mean4,Pen,strong_relative,6,0.3380125510971557,0.5371474505569344,0.6666666666666666,18,,0,0.016666166484355927,0,0.00499084172770381,-0.0008953443611972034
r4_real,product,source_z_l2_mean4,Pencil,weak_relative,22,-0.19301544953290803,-0.19944821408262237,0.5692307692307692,65,1.0,2,0.032010383903980255,1,-0.0033091490622609854,0.008152838796377182
r4_real,product,source_z_l2_mean4,Pencil,middle_relative,16,-0.4578699374383706,-0.4728036741997162,0.3541666666666667,48,,0,0.023820428177714348,0,-0.00932342279702425,0.0034383537713438272
r4_real,product,source_z_l2_mean4,Postit_Notes,weak_relative,24,-0.014300419302763564,0.0012408895107227575,0.5,62,,0,0.00727371871471405,0,0.0010595436906442046,-0.00018693342281039804
r4_real,product,source_z_l2_mean4,Postit_Notes,middle_relative,14,-0.021742605012616798,0.06836439244235822,0.40540540540540543,37,,0,0.0028834703844040632,0,-6.8242363340687e-05,-9.119921742239967e-05
r4_real,product,source_z_l2_mean4,Printer,weak_relative,5,-0.44990618322004045,-0.38640553044706755,0.5833333333333334,12,,0,0.016288327053189278,0,-0.0031466162763535976,-0.006621485110372305
r4_real,product,source_z_l2_mean4,Printer,middle_relative,32,-0.10576440235660568,-0.02955010853326336,0.3157894736842105,76,,0,0.0026924400590360165,0,-0.0015861241845414042,-0.0024946590419858694
r4_real,product,source_z_l2_mean4,Printer,strong_relative,62,0.07083088391755231,0.1738495970954195,0.39705882352941174,136,,0,0.0025650504976511,0,0.0001793087722035125,-0.0007048748666420579
r4_real,product,source_z_l2_mean4,Push_Pin,weak_relative,37,0.026532998214047396,-0.036374058811330254,0.6074766355140186,107,1.0,2,0.05276293307542801,1,0.00021201050549279898,-0.013473006896674633
r4_real,product,source_z_l2_mean4,Push_Pin,middle_relative,6,0.43176178826890105,0.466734747908362,0.6,15,,0,0.07799120992422104,0,0.02923322655260563,0.03117714636027813
r4_real,product,source_z_l2_mean4,Radio,middle_relative,21,-0.27354338582623855,-0.3836693144656997,0.6440677966101694,59,1.0,2,0.03487809747457504,1,-0.002229830948635936,-0.007288461551070213
r4_real,product,source_z_l2_mean4,Radio,strong_relative,18,0.266540928641441,0.3165674252909696,0.5490196078431373,51,,0,0.03869377821683884,0,0.005179436877369881,0.0034138625487685204
r4_real,product,source_z_l2_mean4,Refrigerator,weak_relative,16,0.46260858241213687,0.19241976567456567,0.6041666666666666,48,,0,0.02187536284327507,0,0.012125838547945023,0.018115924671292305
r4_real,product,source_z_l2_mean4,Refrigerator,middle_relative,14,0.11166590618090562,-0.6457045416612931,0.6578947368421053,38,,0,0.001947738346643746,0,-4.924102086079074e-06,0.00015904866450000554
r4_real,product,source_z_l2_mean4,Refrigerator,strong_relative,29,0.36538505279457123,0.43095853006310597,0.5694444444444444,72,,0,0.00043345364974811673,0,0.00012213611626066267,0.00013965820835437626
r4_real,product,source_z_l2_mean4,Ruler,weak_relative,35,-0.04551360133965528,0.33561740865540995,0.3563218390804598,87,0.0,2,0.03632345050573349,1,-0.0006103189662098885,0.006431299727410078
r4_real,product,source_z_l2_mean4,Ruler,middle_relative,21,0.0168539616113377,0.45856134729278886,0.4,30,,0,0.013000043109059334,0,-0.0029755712021142244,-2.745425263128709e-05
r4_real,product,source_z_l2_mean4,Scissors,weak_relative,11,0.17994517182483505,0.1978830224425577,0.625,32,,0,0.03752530738711357,0,0.0062334779649972916,0.00307492446154356
r4_real,product,source_z_l2_mean4,Scissors,middle_relative,41,0.037924918651234325,0.04920787694362197,0.5263157894736842,114,,0,0.010982545092701912,0,-0.0007214798824861646,-0.0015239319764077663
r4_real,product,source_z_l2_mean4,Scissors,strong_relative,47,0.06836045767372184,0.36385582443744263,0.49242424242424243,132,,0,0.010278227739036083,0,-0.0016037580789998174,-0.005586979445070028
r4_real,product,source_z_l2_mean4,Screwdriver,weak_relative,14,0.33580904448288473,0.44885235843726584,0.2857142857142857,42,1.0,2,0.03680012375116348,1,-0.0006256456254050136,-0.003404108574613929
r4_real,product,source_z_l2_mean4,Screwdriver,middle_relative,23,-0.4272325600161673,-0.32229588660362113,0.390625,64,,0,0.003932760562747717,0,-0.0015044448664411902,-0.00232490967027843
r4_real,product,source_z_l2_mean4,Shelf,weak_relative,24,0.49320818248743875,0.3984471927026282,0.5217391304347826,69,1.0,2,0.05438989773392677,1,0.0206867977976799,0.016958745196461678
r4_real,product,source_z_l2_mean4,Shelf,middle_relative,16,0.4171724325078934,0.4755911093185787,0.6041666666666666,48,,0,0.03958798944950104,0,0.014602191746234894,0.016688454896211624
r4_real,product,source_z_l2_mean4,Shelf,strong_relative,9,0.13791185742954534,0.3023706263461635,0.5185185185185185,27,,0,0.011926284059882164,0,0.0018298228969797492,0.006252354942262173
r4_real,product,source_z_l2_mean4,Sink,middle_relative,8,0.0011096832918032074,0.35346137978472614,0.4166666666666667,24,,0,0.020804375410079956,0,0.004999884404242039,-0.0013030957197770476
r4_real,product,source_z_l2_mean4,Sink,strong_relative,36,0.10856794975852291,-0.03422070278496943,0.7027027027027027,74,,0,0.002652124734595418,0,0.0006290474557317793,0.00032978702802211046
r4_real,product,source_z_l2_mean4,Sneakers,weak_relative,6,0.35271139194585016,-0.048325250648908386,0.9333333333333333,15,,0,0.07529472559690475,0,0.030230281874537468,0.043876487761735916
r4_real,product,source_z_l2_mean4,Sneakers,middle_relative,19,0.3158301026313975,0.22616482034079013,0.6976744186046512,43,,0,0.022626729682087898,0,0.006526703014969826,-0.0007582871476188302
r4_real,product,source_z_l2_mean4,Sneakers,strong_relative,74,-0.02845462211862388,-0.1310271212596856,0.7150537634408602,186,,0,0.014536678791046143,0,0.002813383936882019,-0.001516660675406456
r4_real,product,source_z_l2_mean4,Soda,weak_relative,15,-0.06353837741489193,-0.6786359236139166,0.6,40,,0,0.006425090134143829,0,-0.00170690449886024,-0.0031815357506275177
r4_real,product,source_z_l2_mean4,Soda,middle_relative,21,0.022823861707772293,-0.41308762818942246,0.5573770491803278,61,,0,0.0118491742759943,0,-0.002413421403616667,-0.006607917137444019
r4_real,product,source_z_l2_mean4,Soda,strong_relative,7,0.27281130442876367,-0.5186862288327819,0.6470588235294118,17,,0,0.0009671504958532751,0,6.606633542105556e-05,-0.00026777954190038145
r4_real,product,source_z_l2_mean4,Speaker,weak_relative,29,-0.22411570532449254,-0.19298940893179903,0.4375,80,,0,0.02058674953877926,0,-0.009753837250173092,-0.005273176822811365
r4_real,product,source_z_l2_mean4,Speaker,middle_relative,37,-0.07893030566410707,-0.0637620561262482,0.4891304347826087,92,,0,0.007500539068132639,0,-0.0009926790371537209,-0.0009847779292613268
r4_real,product,source_z_l2_mean4,Speaker,strong_relative,33,-0.11819381913634174,0.011482027326263137,0.234375,64,,0,0.00313936872407794,0,-0.0018778255907818675,-0.002937966026365757
r4_real,product,source_z_l2_mean4,Spoon,weak_relative,35,-0.06852857108992506,-0.035938720024542514,0.5686274509803921,102,,0,0.009336724877357483,0,-0.0009190586861222982,-0.0017499736277386546
r4_real,product,source_z_l2_mean4,Spoon,middle_relative,12,0.13055677520810854,0.06050932996586727,0.5833333333333334,36,,0,0.03471436724066734,0,0.0036068253684788942,0.004628756549209356
r4_real,product,source_z_l2_mean4,TV,weak_relative,12,-0.23758529551180702,0.26437347194727917,0.4444444444444444,36,,0,0.06584828346967697,0,-0.0035859309136867523,-0.013951849192380905
r4_real,product,source_z_l2_mean4,TV,middle_relative,13,-0.07750953176209092,-0.06645165028471137,0.5263157894736842,38,,0,0.03486615791916847,0,-0.002521952148526907,-0.013827846385538578
r4_real,product,source_z_l2_mean4,TV,strong_relative,51,0.4232994023567778,0.2652724127774509,0.8344370860927153,151,,0,0.013091632165014744,0,0.004618299659341574,0.00087400694610551
r4_real,product,source_z_l2_mean4,Table,weak_relative,15,-0.12073605775442994,0.31795616186605496,0.35714285714285715,42,,0,0.035339854657649994,0,0.0007350504165515304,0.0006241122609935701
r4_real,product,source_z_l2_mean4,Table,middle_relative,37,0.09082901632513707,0.09558288072951787,0.4205607476635514,107,0.0,2,0.03842534124851227,1,0.0046541765332221985,-0.0013140153605490923
r4_real,product,source_z_l2_mean4,Table,strong_relative,8,-0.24382539309038248,0.026666632729790803,0.375,24,,0,0.06794522702693939,0,0.0009461953304708004,-0.01713605970144272
r4_real,product,source_z_l2_mean4,Telephone,weak_relative,17,0.2562730246271414,0.19381323268550568,0.7450980392156863,51,1.0,2,0.0775996670126915,1,0.014589237980544567,-0.0027709552086889744
r4_real,product,source_z_l2_mean4,Telephone,middle_relative,28,0.19249955930855883,0.05947292706191333,0.7831325301204819,83,,0,0.04343258962035179,0,0.004831387661397457,-0.007814825512468815
r4_real,product,source_z_l2_mean4,Telephone,strong_relative,13,0.24077244173999254,-0.013456134785684979,0.8055555555555556,36,,0,0.009699394926428795,0,0.003458071732893586,-0.00015170408005360514
r4_real,product,source_z_l2_mean4,ToothBrush,weak_relative,10,0.4667597085125946,0.7633341792669525,0.6333333333333333,30,,0,0.037548430263996124,0,0.01372914481908083,0.014182006940245628
r4_real,product,source_z_l2_mean4,ToothBrush,middle_relative,22,-0.11987177417938301,0.07872012647125522,0.4393939393939394,66,,0,0.03469998389482498,0,-0.007273973897099495,-0.01165054738521576
r4_real,product,source_z_l2_mean4,ToothBrush,strong_relative,10,-0.4622349413183177,-0.38311320567048546,0.48,25,,0,0.020813515409827232,0,-0.012544761411845684,-0.0202188640832901
r4_real,product,source_z_l2_mean4,Toys,weak_relative,22,0.3190475663322786,0.16845739907386117,0.45161290322580644,62,0.0,2,0.04971101135015488,1,-0.0008650679374113679,-0.0065221325494349
r4_real,product,source_z_l2_mean4,Toys,middle_relative,22,0.49092323516022196,0.30896237953134287,0.6307692307692307,65,,0,0.039154134690761566,0,0.008214015513658524,-0.0062728701159358025
r4_real,product,source_z_l2_mean4,Trash_Can,weak_relative,48,-0.33999575779584357,-0.2909769214462959,0.35251798561151076,139,,0,0.01142942439764738,0,-0.0054675922729074955,-0.005017326213419437
r4_real,product,source_z_l2_mean4,Trash_Can,middle_relative,34,-0.2639783964825925,-0.20021315367478737,0.42857142857142855,91,,0,0.006848679855465889,0,-0.0028661349788308144,-0.003990858793258667
r4_real,product,source_z_l2_mean4,Trash_Can,strong_relative,11,-0.10502414860941416,0.12987552847372114,0.6363636363636364,33,,0,0.048242028802633286,0,-0.00491762300953269,-0.014105298556387424
r4_real,product,source_z_l2_mean4,Webcam,weak_relative,6,-0.09041305683372022,-0.08964252532725103,0.5882352941176471,17,,0,0.056799959391355515,0,0.012950696982443333,0.009301855228841305
r4_real,product,source_z_l2_mean4,Webcam,middle_relative,38,-0.09499933969601437,-0.13750526695047272,0.5544554455445545,101,,0,0.027305355295538902,0,-0.004739884752780199,-0.004947307985275984
r4_real,product,source_z_l2_mean4,Webcam,strong_relative,54,-0.1955259755487414,-0.13038657543834994,0.47101449275362317,138,,0,0.0038520933594554663,0,-0.0021988931111991405,-0.003624011529609561
r4_random,product,cosine_mean4,Alarm_Clock,weak_relative,9,0.4266076201066807,-0.0886687613228636,0.7307692307692307,26,,0,0.010513953864574432,0,0.004165580961853266,0.004170041531324387
r4_random,product,cosine_mean4,Alarm_Clock,middle_relative,35,0.18359756741627817,0.03619955915125143,0.7115384615384616,104,,0,0.07515855878591537,0,0.03740645572543144,0.0035427138209342957
r4_random,product,cosine_mean4,Alarm_Clock,strong_relative,35,0.21596610533890348,0.2014496429966845,0.7619047619047619,105,,0,0.02410399727523327,0,0.007978489622473717,0.0
r4_random,product,cosine_mean4,Backpack,weak_relative,14,0.0960002113619426,-0.06908949792226551,0.6428571428571429,42,,0,0.17105595767498016,0,0.04697858542203903,0.02215219847857952
r4_random,product,cosine_mean4,Backpack,middle_relative,31,0.1141101269429598,-0.12142844094431228,0.8152173913043478,92,0.5,2,0.08545513451099396,1,0.034553565084934235,-4.290235210646642e-06
r4_random,product,cosine_mean4,Backpack,strong_relative,54,0.2543472908418396,0.06728383206499938,0.8940397350993378,151,,0,0.0021369652822613716,0,0.0009388949838466942,0.0
r4_random,product,cosine_mean4,Batteries,weak_relative,29,-0.05619801135659601,0.023735395975350935,0.5747126436781609,87,0.5,2,0.2371373325586319,1,-0.008583659306168556,0.04366457834839821
r4_random,product,cosine_mean4,Batteries,middle_relative,26,0.1310395402739555,-0.2997968628010736,0.6883116883116883,77,,0,0.10893659293651581,0,0.02404031530022621,0.0
r4_random,product,cosine_mean4,Batteries,strong_relative,7,0.534392769438686,-0.44074636497319375,0.75,20,,0,0.0031021146569401026,0,0.0005477179656736553,0.0
r4_random,product,cosine_mean4,Bed,strong_relative,41,0.5705481078680491,0.06352245776954953,0.7967479674796748,123,0.8888888888888888,18,0.4529556632041931,9,0.11289109289646149,-5.964667798252776e-05
r4_random,product,cosine_mean4,Bike,middle_relative,25,0.08902619723069902,-0.14236300711267294,0.8235294117647058,68,,0,0.01796427182853222,0,0.001841892022639513,0.0
r4_random,product,cosine_mean4,Bike,strong_relative,16,0.7413031686061161,0.10044988819231526,1.0,48,,0,0.0015188825782388449,0,0.0005416677449829876,0.0
r4_random,product,cosine_mean4,Bottle,weak_relative,32,0.4626162777013914,0.35649891643616993,0.5625,96,1.0,2,0.7271161079406738,1,0.20885762572288513,0.02511977031826973
r4_random,product,cosine_mean4,Bottle,middle_relative,29,0.45759446877431575,0.3729766440615915,0.5402298850574713,87,0.8333333333333334,12,0.8655858635902405,6,0.10750127583742142,0.28927987813949585
r4_random,product,cosine_mean4,Bucket,middle_relative,21,0.17658186839533999,-0.12502937336219538,0.5079365079365079,63,0.75,4,0.2429039627313614,2,0.07115272432565689,-0.00048523565055802464
r4_random,product,cosine_mean4,Bucket,strong_relative,22,0.28733867678728586,-0.04032552429604591,0.5757575757575758,66,1.0,4,0.2473900467157364,2,0.07820764183998108,0.0
r4_random,product,cosine_mean4,Calculator,weak_relative,43,-0.1396304506419699,-0.1614418896644212,0.46511627906976744,129,0.25,4,0.10359210520982742,2,-0.004402435850352049,-0.006903489585965872
r4_random,product,cosine_mean4,Calculator,middle_relative,36,-0.08148265413877863,0.009277850560213522,0.5092592592592593,108,0.0,2,0.04714903607964516,1,-0.008950075134634972,0.0
r4_random,product,cosine_mean4,Calendar,weak_relative,57,-0.07903999428266503,-0.06096863436983808,0.4444444444444444,171,0.16666666666666666,6,0.25617653131484985,3,-0.042240336537361145,-0.023791205137968063
r4_random,product,cosine_mean4,Calendar,middle_relative,23,-0.3732372679689912,-0.507149605117093,0.6417910447761194,67,,0,0.061382636427879333,0,-0.0126942815259099,0.013909363187849522
r4_random,product,cosine_mean4,Candles,weak_relative,44,0.12548625065770105,-0.02293864109996384,0.6515151515151515,132,0.75,4,0.2394799143075943,2,0.08018028736114502,0.12623685598373413
r4_random,product,cosine_mean4,Candles,middle_relative,11,-0.02483149113080215,-0.044209580859211554,0.6875,32,0.0,2,0.2678297460079193,1,0.04848209396004677,0.09764125198125839
r4_random,product,cosine_mean4,Chair,weak_relative,27,0.2839986852675372,-0.10319097648898576,0.825,80,0.875,8,0.3862385153770447,4,0.07523642480373383,-0.04468398913741112
r4_random,product,cosine_mean4,Chair,middle_relative,51,0.2808522183679609,-0.06380881806916386,0.8235294117647058,153,0.6666666666666666,6,0.20403707027435303,3,0.07514943182468414,-0.0001906987017719075
r4_random,product,cosine_mean4,Chair,strong_relative,21,0.4198174311568155,0.22441382064280435,0.8064516129032258,62,1.0,2,0.2633163034915924,1,0.13048584759235382,-0.0007534504402428865
r4_random,product,cosine_mean4,Clipboards,weak_relative,39,-0.2491233377816588,-0.1793229488129107,0.42735042735042733,117,0.375,8,0.6332077383995056,4,-0.02665783278644085,-0.15863700211048126
r4_random,product,cosine_mean4,Clipboards,middle_relative,25,0.13395741224586044,0.13268941391144756,0.49333333333333335,75,0.25,4,0.35029318928718567,2,0.10426883399486542,0.0011100162519142032
r4_random,product,cosine_mean4,Computer,weak_relative,55,0.4582274829804354,0.13919353207222857,0.6787878787878788,165,0.75,24,0.7176908254623413,12,0.14706873893737793,0.05112004652619362
r4_random,product,cosine_mean4,Computer,middle_relative,25,0.5310814278089512,0.16131081283418158,0.64,75,0.9,10,0.5881204009056091,5,0.31046852469444275,0.014456377364695072
r4_random,product,cosine_mean4,Computer,strong_relative,16,0.338544308294077,-0.1457190006233227,0.5625,48,1.0,4,1.1811647415161133,2,0.4518392086029053,0.0
r4_random,product,cosine_mean4,Couch,middle_relative,9,0.1013773168365851,0.035138049503154176,0.4166666666666667,24,,0,0.21647074818611145,0,0.03953155130147934,0.013150532729923725
r4_random,product,cosine_mean4,Couch,strong_relative,77,-0.10440484003311201,0.0595179057698074,0.3377777777777778,225,,0,0.06126274913549423,0,-0.017965329810976982,0.0
r4_random,product,cosine_mean4,Curtains,weak_relative,12,-0.20618128764802898,-0.26852389557890627,0.5,36,0.5,6,0.6682794690132141,3,-0.11843719333410263,-0.15421460568904877
r4_random,product,cosine_mean4,Curtains,middle_relative,18,-0.30441503672557324,-0.24059315106272566,0.32075471698113206,53,,0,0.3880659341812134,0,-0.14762462675571442,-0.04032839089632034
r4_random,product,cosine_mean4,Curtains,strong_relative,45,0.13029750799569723,-0.1730995588754679,0.762962962962963,135,0.5,4,0.0880659744143486,2,0.03334890678524971,-0.0035607032477855682
r4_random,product,cosine_mean4,Desk_Lamp,weak_relative,17,-0.11364009698742863,-0.06554606007517055,0.49019607843137253,51,0.35714285714285715,14,0.9803260564804077,7,-0.17108719050884247,-0.35236236453056335
r4_random,product,cosine_mean4,Desk_Lamp,middle_relative,36,0.3008410543113642,0.2808158567539371,0.5277777777777778,108,0.7857142857142857,14,0.6309432983398438,7,0.13265137374401093,-0.11316748708486557
r4_random,product,cosine_mean4,Desk_Lamp,strong_relative,30,0.2233292445687463,0.08137223247936844,0.5555555555555556,90,0.5,6,0.42688900232315063,3,0.08173487335443497,-0.1356622874736786
r4_random,product,cosine_mean4,Drill,weak_relative,7,0.4895909719419573,0.5213797498161689,0.5238095238095238,21,1.0,4,0.25611037015914917,2,0.04335087910294533,0.012428434565663338
r4_random,product,cosine_mean4,Drill,strong_relative,56,-0.24043734407939063,-0.06711308141219853,0.2,165,0.5,2,0.07956252992153168,1,-0.01532974373549223,0.03307938203215599
r4_random,product,cosine_mean4,Eraser,weak_relative,13,0.05713470044235209,0.3341737436488451,0.41025641025641024,39,0.3333333333333333,6,0.817349374294281,3,-0.0034023660700768232,0.030385585501790047
r4_random,product,cosine_mean4,Eraser,middle_relative,17,0.1832580246074881,0.17449418704640487,0.5294117647058824,51,1.0,2,0.5300697088241577,1,0.028526652604341507,-0.046942733228206635
r4_random,product,cosine_mean4,Eraser,strong_relative,11,0.2077882477308116,0.6869443582853979,0.3333333333333333,33,0.5,4,0.25700098276138306,2,-0.006147736683487892,-0.009925409220159054
r4_random,product,cosine_mean4,Exit_Sign,weak_relative,61,-0.058876828161350134,0.03765138036180474,0.2857142857142857,147,0.5,4,0.07289564609527588,2,-0.008933517150580883,0.010489588603377342
r4_random,product,cosine_mean4,Exit_Sign,middle_relative,6,-0.3974606866118942,-0.06749029053824965,0.0,13,,0,0.16003642976284027,0,-0.09062632918357849,-0.11175593733787537
r4_random,product,cosine_mean4,Fan,weak_relative,12,-0.735436461329648,-0.43400290577281636,0.2777777777777778,36,0.25,4,0.7512114644050598,2,-0.23975993692874908,-0.0794558897614479
r4_random,product,cosine_mean4,Fan,middle_relative,33,-0.47859184171020713,-0.3603147905523505,0.35353535353535354,99,0.16666666666666666,6,0.26946011185646057,3,-0.04072706401348114,-0.015497957356274128
r4_random,product,cosine_mean4,Fan,strong_relative,13,-0.13287447521751877,-0.5127816191097535,0.5263157894736842,38,0.5,2,0.08502236008644104,1,2.2075177184888162e-05,-0.018173811957240105
r4_random,product,cosine_mean4,File_Cabinet,weak_relative,57,0.22431534584075086,0.12505167356374972,0.6470588235294118,170,0.75,16,0.21524417400360107,8,0.04367421567440033,0.017529211938381195
r4_random,product,cosine_mean4,File_Cabinet,middle_relative,13,0.034855162076639495,-0.3800552748064932,0.717948717948718,39,0.5,2,0.21472837030887604,1,0.09594695270061493,0.0
r4_random,product,cosine_mean4,Flipflops,weak_relative,5,0.11703837626976937,0.03322170663559901,0.8,15,,0,0.7178117036819458,0,0.11576521396636963,0.11964988708496094
r4_random,product,cosine_mean4,Flipflops,middle_relative,16,0.45169567018531287,0.5085226779764285,0.8125,48,0.5,2,0.41396546363830566,1,0.07205340266227722,0.022015124559402466
r4_random,product,cosine_mean4,Flipflops,strong_relative,78,0.20305732037401547,0.03523432675779176,0.7136752136752137,234,0.6,10,0.18977652490139008,5,0.0660184994339943,0.0005567549378611147
r4_random,product,cosine_mean4,Flowers,weak_relative,63,0.13939629115123295,0.0825861214387991,0.6702127659574468,188,0.5,2,0.03683064132928848,1,0.004902767017483711,0.006843388080596924
r4_random,product,cosine_mean4,Flowers,middle_relative,27,0.45906698893515024,0.35234586751805075,0.8765432098765432,81,,0,0.07884129881858826,0,0.021542057394981384,-0.003468355629593134
r4_random,product,cosine_mean4,Folder,weak_relative,59,-0.43617822196308625,-0.4998449206416847,0.2711864406779661,177,0.0,8,2.311807870864868,4,-0.4780970811843872,-0.7520749568939209
r4_random,product,cosine_mean4,Folder,middle_relative,31,-0.7688518733058728,-0.2377399250474104,0.15053763440860216,93,0.16666666666666666,6,2.113833427429199,3,-0.7063412666320801,-0.5884789228439331
r4_random,product,cosine_mean4,Fork,weak_relative,8,0.1393320423525526,0.1634782636560769,0.5,24,,0,0.5489264726638794,0,0.07504081726074219,0.020426087081432343
r4_random,product,cosine_mean4,Fork,middle_relative,18,-0.030858307429656246,0.03167929390644874,0.2962962962962963,54,0.25,4,0.17840702831745148,2,-0.032230231910943985,0.02386731281876564
r4_random,product,cosine_mean4,Fork,strong_relative,15,-0.22006326368776843,-0.15556789854093706,0.35555555555555557,45,,0,0.09223183989524841,0,-0.029866183176636696,0.0008383097592741251
r4_random,product,cosine_mean4,Glasses,weak_relative,7,0.3337257704564637,0.10526770462703094,0.65,20,1.0,4,0.1260135918855667,2,0.019349362701177597,-0.004081013612449169
r4_random,product,cosine_mean4,Glasses,middle_relative,13,-0.0449298465068491,-0.13225569744513366,0.5,38,,0,0.014295728877186775,0,-0.006290972698479891,-0.01327778771519661
r4_random,product,cosine_mean4,Glasses,strong_relative,47,0.06591772975190635,0.11084108360400287,0.6065573770491803,122,,0,0.000992113957181573,0,0.0004009701660834253,-1.7200136426254176e-05
r4_random,product,cosine_mean4,Hammer,weak_relative,25,0.1307074030761772,0.04726988345755074,0.4533333333333333,75,0.16666666666666666,6,1.3927627801895142,3,0.06174149364233017,-0.27090656757354736
r4_random,product,cosine_mean4,Hammer,middle_relative,24,0.16363899212052865,-0.022218660392820534,0.5833333333333334,72,0.6666666666666666,6,0.6683962941169739,3,0.20271842181682587,-0.116801917552948
r4_random,product,cosine_mean4,Hammer,strong_relative,8,0.1239755449557891,0.5980650761751968,0.625,24,1.0,2,0.4015548825263977,1,0.13619016110897064,-0.0256845373660326
r4_random,product,cosine_mean4,Helmet,weak_relative,23,0.04541969600699834,-0.1252609678884956,0.7101449275362319,69,0.6666666666666666,6,0.5457265973091125,3,0.012438458390533924,0.006960464641451836
r4_random,product,cosine_mean4,Helmet,middle_relative,41,0.0841495697630745,-0.19658830668966645,0.7142857142857143,112,,0,0.1480712890625,0,0.05249826982617378,0.03813386708498001
r4_random,product,cosine_mean4,Helmet,strong_relative,26,0.18802696501843108,0.26683786358536404,0.7246376811594203,69,,0,0.050175413489341736,0,0.0043202838860452175,0.0
r4_random,product,cosine_mean4,Kettle,middle_relative,17,0.28413685266949307,0.08243179997637089,0.66,50,1.0,4,0.40058252215385437,2,0.20020878314971924,-0.00991302914917469
r4_random,product,cosine_mean4,Kettle,strong_relative,55,0.35699921747376623,-0.05567709907548047,0.7682926829268293,164,0.9,10,0.16903305053710938,5,0.0901159793138504,-6.298082007560879e-05
r4_random,product,cosine_mean4,Keyboard,weak_relative,17,0.18078742777162138,-0.03265110100881717,0.6470588235294118,51,1.0,2,0.11487561464309692,1,0.027713635936379433,0.0072690267115831375
r4_random,product,cosine_mean4,Keyboard,middle_relative,17,-0.08902467960950769,-0.33167030111863616,0.5882352941176471,51,,0,0.10484929382801056,0,-0.01162124052643776,-0.0004871851415373385
r4_random,product,cosine_mean4,Keyboard,strong_relative,65,-0.10854197690273377,-0.19976384953031595,0.5076923076923077,195,0.0,2,0.03915916383266449,1,-0.009101174771785736,0.0003001596196554601
r4_random,product,cosine_mean4,Knives,weak_relative,32,-0.14869363495128077,0.01235454322117017,0.3854166666666667,96,0.5,2,0.36021608114242554,1,-0.10441599041223526,-0.08554155379533768
r4_random,product,cosine_mean4,Knives,middle_relative,9,0.3244278478004867,0.40052610813092093,0.5185185185185185,27,,0,0.04084809496998787,0,0.01156050618737936,0.0
r4_random,product,cosine_mean4,Lamp_Shade,weak_relative,14,-0.40052548823701317,-0.3568092278781172,0.38095238095238093,42,0.0,2,1.0711759328842163,1,-0.42511385679244995,-0.4679626524448395
r4_random,product,cosine_mean4,Lamp_Shade,middle_relative,24,-0.257618731291682,-0.24811793312383632,0.4861111111111111,72,0.75,4,1.0404740571975708,2,-0.16873474419116974,-0.5897377729415894
r4_random,product,cosine_mean4,Lamp_Shade,strong_relative,16,-0.13659257356184554,-0.039548074012922964,0.4791666666666667,48,0.3333333333333333,6,1.0050767660140991,3,0.07935884594917297,-0.3197381794452667
r4_random,product,cosine_mean4,Laptop,weak_relative,25,-0.4192739767591077,-0.19800968138567804,0.2,75,0.08333333333333333,12,0.7229204773902893,6,-0.31220629811286926,-0.038915589451789856
r4_random,product,cosine_mean4,Laptop,middle_relative,34,-0.29136264139482904,0.32665553145597304,0.19607843137254902,102,0.16666666666666666,12,0.4215576648712158,6,-0.13011404871940613,0.02735573798418045
r4_random,product,cosine_mean4,Laptop,strong_relative,40,-0.5245160006406864,0.10923794543927112,0.175,120,0.16666666666666666,6,0.3252900242805481,3,-0.19242581725120544,0.0
r4_random,product,cosine_mean4,Marker,weak_relative,33,0.34905765651897686,0.382356438456538,0.5555555555555556,99,0.5,18,0.7076420783996582,9,0.044662367552518845,-0.11431445181369781
r4_random,product,cosine_mean4,Marker,middle_relative,19,-0.05958452217845223,-0.11939612138220784,0.3508771929824561,57,0.0,2,0.5012461543083191,1,-0.04817788675427437,-0.04021409898996353
r4_random,product,cosine_mean4,Monitor,middle_relative,19,-0.25721372480935406,-0.06975441728014437,0.3684210526315789,57,0.2,10,0.3491179049015045,5,-0.021134966984391212,0.03323762118816376
r4_random,product,cosine_mean4,Monitor,strong_relative,75,0.2945263926956382,0.12176009747985014,0.6755555555555556,225,0.75,16,0.21888495981693268,8,0.03765406087040901,0.0029681380838155746
r4_random,product,cosine_mean4,Mop,weak_relative,12,0.4773908040884233,0.5161695604366294,0.6944444444444444,36,0.8,10,1.0668712854385376,5,0.07954201102256775,-0.09787175059318542
r4_random,product,cosine_mean4,Mop,middle_relative,26,0.2500143250608418,-0.07653192301993143,0.7051282051282052,78,0.5,6,0.5713740587234497,3,0.050392407923936844,-0.20917104184627533
r4_random,product,cosine_mean4,Mop,strong_relative,34,0.21992689052814618,0.10328411779749418,0.75,100,0.5,4,0.1626955270767212,2,0.053536321967840195,-0.001786990207619965
r4_random,product,cosine_mean4,Mouse,weak_relative,34,0.05659018342432498,0.1716459377121251,0.56,100,0.375,8,0.20840907096862793,4,0.00987570732831955,-0.06063253805041313
r4_random,product,cosine_mean4,Mouse,middle_relative,47,-0.019359565751095282,0.08970957497423442,0.5571428571428572,140,0.5,6,0.18883413076400757,3,0.04482988268136978,-0.01795116811990738
r4_random,product,cosine_mean4,Mouse,strong_relative,15,0.19861212856980703,0.4153190993341296,0.6590909090909091,44,0.5,4,0.14761938154697418,2,0.04145028814673424,-0.0002267384552396834
r4_random,product,cosine_mean4,Mug,weak_relative,27,0.425375216938775,0.2952196149022049,0.7283950617283951,81,0.5,2,0.3478885591030121,1,0.01751529611647129,-0.0001634695945540443
r4_random,product,cosine_mean4,Mug,middle_relative,14,0.14573905950682095,0.0724776232614244,0.7380952380952381,42,,0,0.1700127273797989,0,0.04114223271608353,-1.8176342564402148e-05
r4_random,product,cosine_mean4,Notebook,weak_relative,70,0.25441479817303003,0.1785144386892751,0.6124401913875598,209,0.9090909090909091,22,0.33099856972694397,11,0.05809815227985382,-0.01419653557240963
r4_random,product,cosine_mean4,Notebook,middle_relative,23,0.037033041956278386,-0.11699823087170713,0.5797101449275363,69,0.3333333333333333,6,0.5138700008392334,3,0.034441567957401276,-0.08909045159816742
r4_random,product,cosine_mean4,Oven,weak_relative,6,0.2804727059394082,-0.006265790793246978,0.5294117647058824,17,,0,0.23115964233875275,0,0.04635624587535858,-0.03323599323630333
r4_random,product,cosine_mean4,Oven,middle_relative,13,0.08482008747189114,-0.09684754717447056,0.4358974358974359,39,,0,0.03894142061471939,0,0.006605774164199829,0.0
r4_random,product,cosine_mean4,Oven,strong_relative,49,0.15063247147715483,0.06833191003471845,0.5827338129496403,139,,0,0.006085305009037256,0,0.0017147035105153918,0.0
r4_random,product,cosine_mean4,Pan,weak_relative,24,-0.0724937362804014,-0.04150062144144925,0.3888888888888889,72,0.5,2,0.17090511322021484,1,0.012442057020962238,-0.015502718277275562
r4_random,product,cosine_mean4,Pan,middle_relative,24,-0.25206983534243144,-0.060906155433741636,0.22535211267605634,71,,0,0.0374549925327301,0,-0.012740097008645535,-0.00022164413530845195
r4_random,product,cosine_mean4,Pan,strong_relative,22,-0.20457808840861375,-0.22797048931737796,0.3384615384615385,65,,0,0.08319292217493057,0,-0.006593829486519098,0.00010453562572365627
r4_random,product,cosine_mean4,Paper_Clip,weak_relative,22,0.08051769942808307,0.1054138826421581,0.609375,64,0.75,8,0.3144218325614929,4,0.06567936390638351,-0.03522404283285141
r4_random,product,cosine_mean4,Paper_Clip,middle_relative,23,0.11430188446993392,0.1160935310491517,0.5384615384615384,65,0.5,2,0.10366357862949371,1,0.0247696153819561,-0.020620817318558693
r4_random,product,cosine_mean4,Pen,weak_relative,23,0.3060190801811834,0.5152321806014564,0.5507246376811594,69,0.25,4,0.47716736793518066,2,0.0940096452832222,-0.0004965248517692089
r4_random,product,cosine_mean4,Pen,middle_relative,31,0.2627761198359205,0.42596212590761523,0.3870967741935484,93,0.0,2,0.48764607310295105,1,0.10589903593063354,0.04183138534426689
r4_random,product,cosine_mean4,Pen,strong_relative,6,0.47389998521846194,0.38041640333686505,0.3333333333333333,18,1.0,2,0.10989319533109665,1,0.038105543702840805,-0.003631853498518467
r4_random,product,cosine_mean4,Pencil,weak_relative,22,-0.23575776398730117,-0.34766624545045854,0.5151515151515151,66,0.2,10,0.46501195430755615,5,-0.03804607689380646,0.07038833945989609
r4_random,product,cosine_mean4,Pencil,middle_relative,16,-0.1766756016365069,-0.49508375432071394,0.6041666666666666,48,0.0,2,0.3136742115020752,1,-0.03599824011325836,-0.044495534151792526
r4_random,product,cosine_mean4,Postit_Notes,weak_relative,24,-0.1198397585241299,-0.2030687267144218,0.4861111111111111,72,0.5714285714285714,14,0.3843998908996582,7,0.01815296709537506,-0.021612294018268585
r4_random,product,cosine_mean4,Postit_Notes,middle_relative,14,-0.012459007737393805,0.46638027853179853,0.47619047619047616,42,,0,0.06428421288728714,0,0.013076272793114185,0.0030100583098828793
r4_random,product,cosine_mean4,Printer,weak_relative,5,0.21681605325492898,-0.0736258872323824,0.6666666666666666,15,1.0,2,0.18609194457530975,1,0.06803923845291138,-0.02286977879703045
r4_random,product,cosine_mean4,Printer,middle_relative,32,0.14802438505741555,0.018214960579332095,0.7083333333333334,96,1.0,2,0.03027552366256714,1,0.014387888833880424,-0.0006648424314334989
r4_random,product,cosine_mean4,Printer,strong_relative,62,0.22957316164127334,0.20691666732743086,0.745945945945946,185,0.8333333333333334,6,0.06086069718003273,3,0.02383578009903431,-0.0004368348163552582
r4_random,product,cosine_mean4,Push_Pin,weak_relative,37,0.05511835309127127,-0.07784552098113097,0.5909090909090909,110,0.5625,16,0.651759922504425,8,0.1258738934993744,0.01690841279923916
r4_random,product,cosine_mean4,Push_Pin,middle_relative,6,0.04373169380983743,-0.27465231704628673,0.3333333333333333,18,,0,0.7273326516151428,0,-0.11765613406896591,-0.006612261291593313
r4_random,product,cosine_mean4,Radio,middle_relative,21,0.3087304657122821,-0.2886785210205886,0.6984126984126984,63,0.75,4,0.5476306676864624,2,0.3033848702907562,0.0
r4_random,product,cosine_mean4,Radio,strong_relative,18,0.21848980127840506,-0.3953383484625109,0.7037037037037037,54,1.0,2,0.2659103274345398,1,0.12644629180431366,0.0
r4_random,product,cosine_mean4,Refrigerator,weak_relative,16,-0.2773160698547776,-0.1562347475088108,0.375,48,0.0,2,0.392456978559494,1,-0.15071189403533936,-0.299320250749588
r4_random,product,cosine_mean4,Refrigerator,middle_relative,14,-0.20598003499687012,-0.15790066662787777,0.4523809523809524,42,,0,0.11481761932373047,0,-0.01570369116961956,-0.007464149501174688
r4_random,product,cosine_mean4,Refrigerator,strong_relative,29,0.49362396097036776,0.018770462143404144,0.8023255813953488,86,,0,0.054217927157878876,0,0.020751474425196648,0.0
r4_random,product,cosine_mean4,Ruler,weak_relative,35,-0.25776412530519055,-0.11580144517652914,0.17647058823529413,102,0.3333333333333333,6,0.28509122133255005,3,-0.10359019041061401,-0.0981687530875206
r4_random,product,cosine_mean4,Ruler,middle_relative,21,-0.24703971925495113,0.003520721128756768,0.15555555555555556,45,,0,0.10125142335891724,0,-0.04200837016105652,-5.074492150924925e-07
r4_random,product,cosine_mean4,Scissors,weak_relative,11,0.14977100830325443,-0.02073977702992595,0.5757575757575758,33,1.0,2,0.5620450377464294,1,0.07728299498558044,0.03319001570343971
r4_random,product,cosine_mean4,Scissors,middle_relative,41,0.0635272503179617,-0.02953733268492511,0.5284552845528455,123,0.5,2,0.193349227309227,1,0.010369639843702316,-0.003137648105621338
r4_random,product,cosine_mean4,Scissors,strong_relative,47,0.2859603643330894,0.19976837732162278,0.6642857142857143,140,1.0,4,0.15969644486904144,2,0.05276193842291832,-0.019289152696728706
r4_random,product,cosine_mean4,Screwdriver,weak_relative,14,0.2221463934099726,0.2709954742367583,0.5714285714285714,42,0.75,4,0.5184016823768616,2,0.014747152104973793,-0.02456013299524784
r4_random,product,cosine_mean4,Screwdriver,middle_relative,23,0.2193663147368132,-0.12943031029987062,0.6376811594202898,69,,0,0.06287958472967148,0,0.031123902648687363,0.0
r4_random,product,cosine_mean4,Shelf,weak_relative,24,0.4379278907490106,0.16189807679959636,0.5416666666666666,72,0.75,4,0.7638664245605469,2,0.13701225817203522,0.03262125328183174
r4_random,product,cosine_mean4,Shelf,middle_relative,16,-0.02628714819819784,-0.3287848320373324,0.5416666666666666,48,0.5,2,0.5757794380187988,1,0.17309223115444183,0.046845704317092896
r4_random,product,cosine_mean4,Shelf,strong_relative,9,0.21880592963133033,-0.36015241315111995,0.7037037037037037,27,0.75,4,0.35571563243865967,2,0.14934688806533813,0.0
r4_random,product,cosine_mean4,Sink,middle_relative,8,0.27146645382099255,0.1277957620668419,0.7083333333333334,24,,0,0.40434616804122925,0,0.22111977636814117,0.010453530587255955
r4_random,product,cosine_mean4,Sink,strong_relative,36,-0.08536429522264348,-0.07346128118104397,0.8703703703703703,108,0.0,2,0.05515868589282036,1,0.009021184407174587,-0.0010185351129621267
r4_random,product,cosine_mean4,Sneakers,weak_relative,6,0.7641283769555544,0.6055402483578387,0.8888888888888888,18,,0,1.119679570198059,0,0.5222001075744629,0.16517798602581024
r4_random,product,cosine_mean4,Sneakers,middle_relative,19,0.3623917821710482,0.26274328281133225,0.6666666666666666,57,1.0,8,0.29382190108299255,4,0.07783227413892746,0.0
r4_random,product,cosine_mean4,Sneakers,strong_relative,74,0.1643954213755736,0.13118977329835763,0.7813953488372093,215,0.5,4,0.13251495361328125,2,0.02930154651403427,0.0
r4_random,product,cosine_mean4,Soda,weak_relative,15,-0.0542710518738402,0.04811848145792012,0.5777777777777777,45,,0,0.028992801904678345,0,-0.010848061181604862,0.0005796104087494314
r4_random,product,cosine_mean4,Soda,middle_relative,21,-0.13980328113239374,0.09631990388539043,0.4603174603174603,63,,0,0.06815624982118607,0,-0.03867309167981148,0.0017915060743689537
r4_random,product,cosine_mean4,Soda,strong_relative,7,-0.22553951203955505,-0.2781823141064709,0.47368421052631576,19,,0,0.13080404698848724,0,-0.07605932652950287,0.0001351743849227205
r4_random,product,cosine_mean4,Speaker,weak_relative,29,0.14115045954501249,-0.16372347052842443,0.46511627906976744,86,0.4166666666666667,12,0.4495968222618103,6,0.00405112886801362,0.01731254905462265
r4_random,product,cosine_mean4,Speaker,middle_relative,37,-0.15942171415420056,-0.30403658026097996,0.3577981651376147,109,0.5,2,0.16606637835502625,1,0.01585742086172104,-0.010374781675636768
r4_random,product,cosine_mean4,Speaker,strong_relative,33,0.17302013905332128,0.1553637057926764,0.4,90,,0,0.09081847220659256,0,0.04516909644007683,-0.0005681855254806578
r4_random,product,cosine_mean4,Spoon,weak_relative,35,-0.16308722232796904,0.2129673157857285,0.38461538461538464,104,0.5,2,0.18909001350402832,1,-0.02256668545305729,-0.059414882212877274
r4_random,product,cosine_mean4,Spoon,middle_relative,12,-0.011411964966127347,0.03719148892225236,0.5277777777777778,36,0.25,4,0.3776894509792328,2,0.06739047914743423,-0.0634099617600441
r4_random,product,cosine_mean4,TV,weak_relative,12,0.0852886426457632,0.025920796399162272,0.4444444444444444,36,0.8333333333333334,6,0.4153636395931244,3,0.0002483651041984558,0.09594876319169998
r4_random,product,cosine_mean4,TV,middle_relative,13,0.3493951605319965,0.18202102181499627,0.5641025641025641,39,1.0,6,0.4824352264404297,3,0.08790723979473114,-0.013152947649359703
r4_random,product,cosine_mean4,TV,strong_relative,51,0.2967409668245495,0.5081175303425045,0.6143790849673203,153,,0,0.15497618913650513,0,0.044681765139102936,0.0015699781943112612
r4_random,product,cosine_mean4,Table,weak_relative,15,-0.34360700365128044,-0.18856615467022836,0.35555555555555557,45,,0,0.2153858244419098,0,-0.08666178584098816,-0.03388923406600952
r4_random,product,cosine_mean4,Table,middle_relative,37,0.17299503654595202,0.26919535535267547,0.46846846846846846,111,0.6666666666666666,6,0.3436051309108734,3,0.031193239614367485,-0.028455479070544243
r4_random,product,cosine_mean4,Table,strong_relative,8,0.4193531146521941,0.47310523499992596,0.7083333333333334,24,0.8333333333333334,6,0.39923393726348877,3,0.09470835328102112,0.0
r4_random,product,cosine_mean4,Telephone,weak_relative,17,0.6201746101728292,0.09363482095804519,0.7843137254901961,51,0.75,12,0.8140547275543213,6,0.4488682150840759,0.05004836991429329
r4_random,product,cosine_mean4,Telephone,middle_relative,28,0.4352320470659207,-0.0336460901276279,0.7469879518072289,83,0.8,10,0.48408743739128113,5,0.23790478706359863,-0.02323201112449169
r4_random,product,cosine_mean4,Telephone,strong_relative,13,0.3290669789849286,0.0338413008222769,0.8157894736842105,38,,0,0.06622897833585739,0,0.03464191406965256,0.0
r4_random,product,cosine_mean4,ToothBrush,weak_relative,10,-0.4046994464603309,0.09972674021776642,0.3,30,0.16666666666666666,6,0.4511594772338867,3,-0.08685114979743958,-0.1842235028743744
r4_random,product,cosine_mean4,ToothBrush,middle_relative,22,0.009281319585475692,0.2033137297091389,0.4393939393939394,66,0.5,2,0.43204939365386963,1,0.07714532315731049,-0.03364696726202965
r4_random,product,cosine_mean4,ToothBrush,strong_relative,10,-0.14990259469207393,-0.3324696488023546,0.5,30,,0,0.07669253647327423,0,-0.03768853843212128,-0.07190132141113281
r4_random,product,cosine_mean4,Toys,weak_relative,22,0.08562128879488953,-0.19969069015676377,0.6363636363636364,66,0.75,12,1.1498252153396606,6,0.24374788999557495,0.09236278384923935
r4_random,product,cosine_mean4,Toys,middle_relative,22,0.1203425218979395,0.18633791481072842,0.6060606060606061,66,0.875,8,1.2207598686218262,4,0.3014116585254669,-0.07582347840070724
r4_random,product,cosine_mean4,Trash_Can,weak_relative,48,0.16138620447622296,0.2246561006538682,0.4236111111111111,144,,0,0.16776883602142334,0,0.03253425285220146,0.01780020073056221
r4_random,product,cosine_mean4,Trash_Can,middle_relative,34,-0.19040430436853853,0.04185896653206098,0.4117647058823529,102,0.0,2,0.10472922772169113,1,-0.0032385592348873615,0.0
r4_random,product,cosine_mean4,Trash_Can,strong_relative,11,-0.4053722602592867,-0.7337537751751395,0.3939393939393939,33,0.375,8,0.7169620990753174,4,-0.04394235461950302,0.0
r4_random,product,cosine_mean4,Webcam,weak_relative,6,0.02954493869453738,-0.2209298992770725,0.6111111111111112,18,1.0,4,0.7065607905387878,2,0.15659093856811523,-0.05782441794872284
r4_random,product,cosine_mean4,Webcam,middle_relative,38,0.25900680908884405,-0.08036982541249992,0.7433628318584071,113,0.75,8,0.18859177827835083,4,0.05812929943203926,-0.024427061900496483
r4_random,product,cosine_mean4,Webcam,strong_relative,54,0.1821423480247915,-0.061728422609376644,0.68125,160,1.0,2,0.0322946272790432,1,0.016762960702180862,-3.9590155211044475e-05
r4_random,product,source_z_l2_mean4,Alarm_Clock,weak_relative,9,0.2122805088836743,-0.2746246186583998,0.6538461538461539,26,,0,0.010513953864574432,0,0.004165726713836193,0.004170187283307314
r4_random,product,source_z_l2_mean4,Alarm_Clock,middle_relative,35,-0.014899229139873332,-0.09445359079432426,0.6057692307692307,104,,0,0.07515855878591537,0,0.00505509739741683,-0.02880864404141903
r4_random,product,source_z_l2_mean4,Alarm_Clock,strong_relative,35,0.009545892377980448,0.05797476233859577,0.6095238095238096,105,,0,0.02410399727523327,0,0.005716985557228327,-0.0022615038324147463
r4_random,product,source_z_l2_mean4,Backpack,weak_relative,14,0.02657481497142343,-0.0647420140774681,0.6190476190476191,42,,0,0.17105595767498016,0,0.023742778226733208,-0.0010836079018190503
r4_random,product,source_z_l2_mean4,Backpack,middle_relative,31,0.10612491093255445,-0.013152070943092568,0.7065217391304348,92,0.5,2,0.08545513451099396,1,0.03403221815824509,-0.0005256418371573091
r4_random,product,source_z_l2_mean4,Backpack,strong_relative,54,0.26653667987048185,0.12435921619440922,0.7748344370860927,151,,0,0.0021369652822613716,0,0.000772438885178417,-0.00016645612777210772
r4_random,product,source_z_l2_mean4,Batteries,weak_relative,29,0.14023559507855257,0.021821799635288984,0.6781609195402298,87,0.0,2,0.2371373325586319,1,-0.0439332015812397,0.008315038867294788
r4_random,product,source_z_l2_mean4,Batteries,middle_relative,26,0.21807513385898578,-0.18753957739304764,0.7012987012987013,77,,0,0.10893659293651581,0,0.020863305777311325,-0.0031770095229148865
r4_random,product,source_z_l2_mean4,Batteries,strong_relative,7,0.6888219020375781,-0.39907592000551295,0.95,20,,0,0.0031021146569401026,0,0.00127594661898911,0.0007282286533154547
r4_random,product,source_z_l2_mean4,Bed,strong_relative,41,0.5364885581108689,0.07987404452331813,0.7235772357723578,123,0.9444444444444444,18,0.4529556632041931,9,0.13488967716693878,0.02193894237279892
r4_random,product,source_z_l2_mean4,Bike,middle_relative,25,0.03333623800772985,-0.2970024011878609,0.7647058823529411,68,,0,0.01796427182853222,0,0.0015993856359273195,-0.00024250627029687166
r4_random,product,source_z_l2_mean4,Bike,strong_relative,16,0.8094035337828225,0.028045253791135684,0.7291666666666666,48,,0,0.0015188825782388449,0,0.0004433844005689025,-9.828335896600038e-05
r4_random,product,source_z_l2_mean4,Bottle,weak_relative,32,0.46992619427472604,0.3168154028448745,0.6458333333333334,96,1.0,2,0.7271161079406738,1,0.2437993884086609,0.060061533004045486
r4_random,product,source_z_l2_mean4,Bottle,middle_relative,29,0.5534053329778313,0.46900339307113276,0.6551724137931034,87,0.8333333333333334,12,0.8655858635902405,6,0.20662322640419006,0.3884018063545227
r4_random,product,source_z_l2_mean4,Bucket,middle_relative,21,0.10956815544518639,-0.11474061843680719,0.49206349206349204,63,0.75,4,0.2429039627313614,2,0.060495320707559586,-0.011142644099891186
r4_random,product,source_z_l2_mean4,Bucket,strong_relative,22,0.19860647308632165,-0.10682680170873618,0.6363636363636364,66,1.0,4,0.2473900467157364,2,0.047560546547174454,-0.03064710646867752
r4_random,product,source_z_l2_mean4,Calculator,weak_relative,43,0.00469772828043808,-0.16461029380466838,0.5658914728682171,129,0.0,4,0.10359210520982742,2,-0.009499426931142807,-0.012000477872788906
r4_random,product,source_z_l2_mean4,Calculator,middle_relative,36,0.08670502844876894,0.057649799362782625,0.6388888888888888,108,0.5,2,0.04714903607964516,1,0.006349317263811827,0.015299394726753235
r4_random,product,source_z_l2_mean4,Calendar,weak_relative,57,-0.09058683948903418,-0.20392158402750687,0.5555555555555556,171,0.16666666666666666,6,0.25617653131484985,3,-0.04483950883150101,-0.026390375569462776
r4_random,product,source_z_l2_mean4,Calendar,middle_relative,23,-0.13084048793734915,-0.5306519717945954,0.7761194029850746,67,,0,0.061382636427879333,0,-0.007166631054133177,0.019437013193964958
r4_random,product,source_z_l2_mean4,Candles,weak_relative,44,0.09701317026240903,-0.0072137056083124,0.5984848484848485,132,0.5,4,0.2394799143075943,2,0.037278495728969574,0.08333508670330048
r4_random,product,source_z_l2_mean4,Candles,middle_relative,11,0.028957627729693645,0.05707179617934398,0.75,32,0.5,2,0.2678297460079193,1,0.10855844616889954,0.15771761536598206
r4_random,product,source_z_l2_mean4,Chair,weak_relative,27,0.22953102038464498,-0.05388063857863237,0.825,80,0.75,8,0.3862385153770447,4,0.11045911908149719,-0.009461291134357452
r4_random,product,source_z_l2_mean4,Chair,middle_relative,51,0.18532798950887747,0.10727200377208132,0.7712418300653595,153,0.6666666666666666,6,0.20403707027435303,3,0.016649574041366577,-0.058690544217824936
r4_random,product,source_z_l2_mean4,Chair,strong_relative,21,0.19752124571362095,0.18957364902670037,0.6774193548387096,62,1.0,2,0.2633163034915924,1,0.05228085070848465,-0.0789584368467331
r4_random,product,source_z_l2_mean4,Clipboards,weak_relative,39,-0.41965817940894,-0.24300697365579982,0.3076923076923077,117,0.375,8,0.6332077383995056,4,-0.24213504791259766,-0.3741142153739929
r4_random,product,source_z_l2_mean4,Clipboards,middle_relative,25,-0.3071539755677289,-0.06682138922969721,0.32,75,0.0,4,0.35029318928718567,2,-0.13780224323272705,-0.24096107482910156
r4_random,product,source_z_l2_mean4,Computer,weak_relative,55,0.4133015419933359,0.27555764751811196,0.7575757575757576,165,0.8333333333333334,24,0.7176908254623413,12,0.09229633957147598,-0.0036523460876196623
r4_random,product,source_z_l2_mean4,Computer,middle_relative,25,0.3292932593737464,0.16054607358244644,0.56,75,0.6,10,0.5881204009056091,5,0.14460186660289764,-0.15141025185585022
r4_random,product,source_z_l2_mean4,Computer,strong_relative,16,0.16661309534553473,-0.07294260344099648,0.5,48,0.5,4,1.1811647415161133,2,0.26742446422576904,-0.18441477417945862
r4_random,product,source_z_l2_mean4,Couch,middle_relative,9,0.1777719767661276,0.025627728234902582,0.5833333333333334,24,,0,0.21647074818611145,0,0.03620968014001846,0.009828665293753147
r4_random,product,source_z_l2_mean4,Couch,strong_relative,77,0.04596478648468486,0.09844766109896043,0.48444444444444446,225,,0,0.06126274913549423,0,0.009301391430199146,0.027266718447208405
r4_random,product,source_z_l2_mean4,Curtains,weak_relative,12,-0.3450650478396854,0.02408476611852899,0.3611111111111111,36,0.16666666666666666,6,0.6682794690132141,3,-0.19310562312602997,-0.2288830429315567
r4_random,product,source_z_l2_mean4,Curtains,middle_relative,18,-0.21665140938004684,-0.10253568098162137,0.3584905660377358,53,,0,0.3880659341812134,0,-0.0935070589184761,0.01378917321562767
r4_random,product,source_z_l2_mean4,Curtains,strong_relative,45,0.07285875071225234,-0.14180311105368493,0.6666666666666666,135,0.0,4,0.0880659744143486,2,0.0010807246435433626,-0.035828884690999985
r4_random,product,source_z_l2_mean4,Desk_Lamp,weak_relative,17,-0.29961541715209106,-0.09032555968458061,0.49019607843137253,51,0.2857142857142857,14,0.9803260564804077,7,-0.26544708013534546,-0.44672226905822754
r4_random,product,source_z_l2_mean4,Desk_Lamp,middle_relative,36,0.02392224939038698,0.26906603889589503,0.4537037037037037,108,0.5,14,0.6309432983398438,7,-0.0377962589263916,-0.2836151421070099
r4_random,product,source_z_l2_mean4,Desk_Lamp,strong_relative,30,-0.12179545660977395,0.02381632948872671,0.4666666666666667,90,0.16666666666666666,6,0.42688900232315063,3,-0.07642322033643723,-0.29382041096687317
r4_random,product,source_z_l2_mean4,Drill,weak_relative,7,0.4983274173752163,0.5314336974552657,0.5714285714285714,21,0.75,4,0.25611037015914917,2,0.0982687845826149,0.06734633445739746
r4_random,product,source_z_l2_mean4,Drill,strong_relative,56,-0.21215492690843504,-0.12396838339400792,0.3575757575757576,165,0.5,2,0.07956252992153168,1,0.021336082369089127,0.06974520534276962
r4_random,product,source_z_l2_mean4,Eraser,weak_relative,13,0.2696497209890893,0.3564185491392007,0.46153846153846156,39,0.5,6,0.817349374294281,3,0.12825027108192444,0.16203823685646057
r4_random,product,source_z_l2_mean4,Eraser,middle_relative,17,0.3058622580602864,0.2948070942647145,0.49019607843137253,51,0.5,2,0.5300697088241577,1,0.12178195267915726,0.04631256312131882
r4_random,product,source_z_l2_mean4,Eraser,strong_relative,11,0.30974861310095037,0.8382744781245085,0.3939393939393939,33,0.5,4,0.25700098276138306,2,0.054453324526548386,0.0506756529211998
r4_random,product,source_z_l2_mean4,Exit_Sign,weak_relative,61,0.00676164365279683,0.10264231717092204,0.2789115646258503,147,0.75,4,0.07289564609527588,2,0.02201470546424389,0.04143780469894409
r4_random,product,source_z_l2_mean4,Exit_Sign,middle_relative,6,-0.4940953353432522,-0.38155539672323524,0.0,13,,0,0.16003642976284027,0,-0.09062632918357849,-0.11175593733787537
r4_random,product,source_z_l2_mean4,Fan,weak_relative,12,-0.6801293251573839,-0.4065046720316829,0.25,36,0.25,4,0.7512114644050598,2,-0.2420424371957779,-0.08173839002847672
r4_random,product,source_z_l2_mean4,Fan,middle_relative,33,-0.4810256288896622,-0.29926217035989255,0.36363636363636365,99,0.16666666666666666,6,0.26946011185646057,3,-0.06478726863861084,-0.039558153599500656
r4_random,product,source_z_l2_mean4,Fan,strong_relative,13,-0.3071525030450545,-0.4388234672376133,0.5789473684210527,38,0.5,2,0.08502236008644104,1,-0.0017682649195194244,-0.019964151084423065
r4_random,product,source_z_l2_mean4,File_Cabinet,weak_relative,57,0.23006336815023984,0.17855522751211592,0.6411764705882353,170,0.6875,16,0.21524417400360107,8,0.03580006957054138,0.009655063971877098
r4_random,product,source_z_l2_mean4,File_Cabinet,middle_relative,13,-0.08249255960536049,-0.38042435658034324,0.6153846153846154,39,0.5,2,0.21472837030887604,1,0.010291577316820621,-0.08565537631511688
r4_random,product,source_z_l2_mean4,Flipflops,weak_relative,5,0.35211992524111235,0.31631409571245395,0.8666666666666667,15,,0,0.7178117036819458,0,0.33617475628852844,0.34005942940711975
r4_random,product,source_z_l2_mean4,Flipflops,middle_relative,16,0.283851077154219,0.23731634770724683,0.75,48,1.0,2,0.41396546363830566,1,0.087265744805336,0.03722746670246124
r4_random,product,source_z_l2_mean4,Flipflops,strong_relative,78,0.16774000885388804,0.07634912303964388,0.6196581196581197,234,0.5,10,0.18977652490139008,5,0.03892675042152405,-0.026535000652074814
r4_random,product,source_z_l2_mean4,Flowers,weak_relative,63,0.09864338787410849,0.003941553496132864,0.5212765957446809,188,0.5,2,0.03683064132928848,1,-0.0016759943682700396,0.00026462748064659536
r4_random,product,source_z_l2_mean4,Flowers,middle_relative,27,0.34062035093139126,0.11619320557488508,0.6790123456790124,81,,0,0.07884129881858826,0,0.01771838217973709,-0.007292034104466438
r4_random,product,source_z_l2_mean4,Folder,weak_relative,59,-0.6150353390977636,-0.5098882823487784,0.21468926553672316,177,0.125,8,2.311807870864868,4,-0.7726960182189941,-1.0466738939285278
r4_random,product,source_z_l2_mean4,Folder,middle_relative,31,-0.8563652410455178,-0.36768435666482746,0.12903225806451613,93,0.3333333333333333,6,2.113833427429199,3,-0.810768723487854,-0.6929064393043518
r4_random,product,source_z_l2_mean4,Fork,weak_relative,8,0.08757860733254356,0.112670698364865,0.5,24,,0,0.5489264726638794,0,-0.08633799105882645,-0.1409527063369751
r4_random,product,source_z_l2_mean4,Fork,middle_relative,18,-0.037537856354716764,0.02589700080693625,0.2962962962962963,54,0.25,4,0.17840702831745148,2,-0.013051005080342293,0.043046534061431885
r4_random,product,source_z_l2_mean4,Fork,strong_relative,15,-0.11650997602523835,-0.1293760444691822,0.3333333333333333,45,,0,0.09223183989524841,0,0.007467849180102348,0.038172341883182526
r4_random,product,source_z_l2_mean4,Glasses,weak_relative,7,0.29550577498004216,0.12659757712717265,0.65,20,1.0,4,0.1260135918855667,2,0.019349362701177597,-0.004081013612449169
r4_random,product,source_z_l2_mean4,Glasses,middle_relative,13,-0.17753695636802158,-0.08538462860539753,0.39473684210526316,38,,0,0.014295728877186775,0,-0.006363918539136648,-0.013350733555853367
r4_random,product,source_z_l2_mean4,Glasses,strong_relative,47,-0.10414054566270317,0.045718836181464155,0.28688524590163933,122,,0,0.000992113957181573,0,-0.0005304234218783677,-0.0009485937189310789
r4_random,product,source_z_l2_mean4,Hammer,weak_relative,25,-0.32956498253884364,-0.12359645113640153,0.3466666666666667,75,0.16666666666666666,6,1.3927627801895142,3,-0.5171715617179871,-0.8498196601867676
r4_random,product,source_z_l2_mean4,Hammer,middle_relative,24,-0.2843226272456002,0.05194550024350601,0.3333333333333333,72,0.3333333333333333,6,0.6683962941169739,3,-0.3259061276912689,-0.6454264521598816
r4_random,product,source_z_l2_mean4,Hammer,strong_relative,8,-0.4480250800963263,0.3132988895631527,0.3333333333333333,24,0.5,2,0.4015548825263977,1,-0.23968017101287842,-0.4015548825263977
r4_random,product,source_z_l2_mean4,Helmet,weak_relative,23,0.1308979837384466,-0.023264122900120827,0.6376811594202898,69,1.0,6,0.5457265973091125,3,0.16176004707813263,0.15628209710121155
r4_random,product,source_z_l2_mean4,Helmet,middle_relative,41,-0.006600149623594431,-0.10694398982873642,0.6160714285714286,112,,0,0.1480712890625,0,0.006023239344358444,-0.00834115780889988
r4_random,product,source_z_l2_mean4,Helmet,strong_relative,26,0.095099439084913,0.01674347539807907,0.5652173913043478,69,,0,0.050175413489341736,0,0.010887698270380497,0.006567413918673992
r4_random,product,source_z_l2_mean4,Kettle,middle_relative,17,0.004129641301043939,-0.060203795780798416,0.62,50,0.75,4,0.40058252215385437,2,-0.05153750255703926,-0.26165932416915894
r4_random,product,source_z_l2_mean4,Kettle,strong_relative,55,-0.0031381507227615985,-0.19277819805913715,0.6280487804878049,164,0.6,10,0.16903305053710938,5,-0.024790259078145027,-0.11496921628713608
r4_random,product,source_z_l2_mean4,Keyboard,weak_relative,17,0.16392541270042538,0.08889589019151993,0.6274509803921569,51,1.0,2,0.11487561464309692,1,0.023477908223867416,0.003033299231901765
r4_random,product,source_z_l2_mean4,Keyboard,middle_relative,17,-0.11881524949084235,-0.3096736485512501,0.5882352941176471,51,,0,0.10484929382801056,0,-0.005516454111784697,0.005617601331323385
r4_random,product,source_z_l2_mean4,Keyboard,strong_relative,65,-0.2373290938977551,-0.2387727153063061,0.49743589743589745,195,0.0,2,0.03915916383266449,1,-0.0033817244693636894,0.00601960951462388
r4_random,product,source_z_l2_mean4,Knives,weak_relative,32,-0.07434677475197615,0.002359360744133309,0.3958333333333333,96,1.0,2,0.36021608114242554,1,0.006642998196184635,0.025517437607049942
r4_random,product,source_z_l2_mean4,Knives,middle_relative,9,-0.13224790726458271,0.3841246002734112,0.2222222222222222,27,,0,0.04084809496998787,0,-0.012454339303076267,-0.024014845490455627
r4_random,product,source_z_l2_mean4,Lamp_Shade,weak_relative,14,-0.5314231753048064,-0.17148515614140725,0.35714285714285715,42,0.0,2,1.0711759328842163,1,-0.4209422767162323,-0.46379104256629944
r4_random,product,source_z_l2_mean4,Lamp_Shade,middle_relative,24,-0.47428629228369285,-0.13320933374119678,0.375,72,0.25,4,1.0404740571975708,2,-0.6114720702171326,-1.0324751138687134
r4_random,product,source_z_l2_mean4,Lamp_Shade,strong_relative,16,-0.4881221798153413,-0.08832195646110085,0.25,48,0.0,6,1.0050767660140991,3,-0.5964158773422241,-0.9955129027366638
r4_random,product,source_z_l2_mean4,Laptop,weak_relative,25,-0.2297548563500762,-0.0395741359144454,0.28,75,0.25,12,0.7229204773902893,6,-0.043105434626340866,0.23018525540828705
r4_random,product,source_z_l2_mean4,Laptop,middle_relative,34,-0.07813227750495465,0.2955731361128693,0.27450980392156865,102,0.25,12,0.4215576648712158,6,-0.0870499536395073,0.07041982561349869
r4_random,product,source_z_l2_mean4,Laptop,strong_relative,40,-0.27659078073177756,0.04989595252376141,0.2916666666666667,120,0.16666666666666666,6,0.3252900242805481,3,-0.05100198835134506,0.14142382144927979
r4_random,product,source_z_l2_mean4,Marker,weak_relative,33,0.23088477148091904,0.284774569421798,0.5959595959595959,99,0.6666666666666666,18,0.7076420783996582,9,0.054681915789842606,-0.10429491102695465
r4_random,product,source_z_l2_mean4,Marker,middle_relative,19,0.01572395052027404,-0.03211511533573161,0.47368421052631576,57,0.0,2,0.5012461543083191,1,0.004675536882132292,0.012639329768717289
r4_random,product,source_z_l2_mean4,Monitor,middle_relative,19,-0.2523438837918166,-0.14232274886549337,0.3333333333333333,57,0.2,10,0.3491179049015045,5,-0.04074736684560776,0.013625213876366615
r4_random,product,source_z_l2_mean4,Monitor,strong_relative,75,0.16195106890981956,0.07380898324780752,0.5866666666666667,225,0.625,16,0.21888495981693268,8,0.010593296959996223,-0.024092620238661766
r4_random,product,source_z_l2_mean4,Mop,weak_relative,12,0.41193610577242756,0.7387937324345766,0.6944444444444444,36,0.8,10,1.0668712854385376,5,0.07954201102256775,-0.09787175059318542
r4_random,product,source_z_l2_mean4,Mop,middle_relative,26,0.12030034992281048,-0.036563204456059734,0.6923076923076923,78,0.6666666666666666,6,0.5713740587234497,3,-0.005629158578813076,-0.26519259810447693
r4_random,product,source_z_l2_mean4,Mop,strong_relative,34,0.1665876106334171,0.11496577863966499,0.57,100,0.5,4,0.1626955270767212,2,0.03761361911892891,-0.01770968548953533
r4_random,product,source_z_l2_mean4,Mouse,weak_relative,34,-0.028805142302269254,0.18843809484231647,0.5,100,0.375,8,0.20840907096862793,4,-0.04101629927754402,-0.1115245446562767
r4_random,product,source_z_l2_mean4,Mouse,middle_relative,47,-0.16957382048338718,0.20008664358645512,0.37142857142857144,140,0.3333333333333333,6,0.18883413076400757,3,-0.027722038328647614,-0.09050308167934418
r4_random,product,source_z_l2_mean4,Mouse,strong_relative,15,0.061361955479420124,0.6320364108159164,0.45454545454545453,44,0.5,4,0.14761938154697418,2,-0.029271136969327927,-0.07094815373420715
r4_random,product,source_z_l2_mean4,Mug,weak_relative,27,0.20443533847736503,0.0811421420010011,0.654320987654321,81,0.5,2,0.3478885591030121,1,0.002865152433514595,-0.014813613146543503
r4_random,product,source_z_l2_mean4,Mug,middle_relative,14,-0.12727158978344025,0.003179426954421567,0.6190476190476191,42,,0,0.1700127273797989,0,-0.01623721979558468,-0.05739763379096985
r4_random,product,source_z_l2_mean4,Notebook,weak_relative,70,0.3571612037374922,0.31801928801171797,0.6220095693779905,209,0.8636363636363636,22,0.33099856972694397,11,0.03675943613052368,-0.03553524613380432
r4_random,product,source_z_l2_mean4,Notebook,middle_relative,23,0.18152603882525373,0.1367570764607657,0.6231884057971014,69,0.5,6,0.5138700008392334,3,0.034795187413692474,-0.08873683214187622
r4_random,product,source_z_l2_mean4,Oven,weak_relative,6,-0.023084502645640388,-0.19943341696783112,0.5882352941176471,17,,0,0.23115964233875275,0,0.050440434366464615,-0.029151802882552147
r4_random,product,source_z_l2_mean4,Oven,middle_relative,13,0.028210225275148413,-0.12321679028048349,0.38461538461538464,39,,0,0.03894142061471939,0,0.0020592252258211374,-0.004546549636870623
r4_random,product,source_z_l2_mean4,Oven,strong_relative,49,0.17442284003695555,0.1300301864409022,0.539568345323741,139,,0,0.006085305009037256,0,0.0018808940658345819,0.00016619078814983368
r4_random,product,source_z_l2_mean4,Pan,weak_relative,24,-0.024921596265221124,-0.03628113869734006,0.2777777777777778,72,1.0,2,0.17090511322021484,1,0.00514857517555356,-0.02279619872570038
r4_random,product,source_z_l2_mean4,Pan,middle_relative,24,-0.11137210333898143,-0.022205520672000354,0.2676056338028169,71,,0,0.0374549925327301,0,-0.0003885898331645876,0.012129862792789936
r4_random,product,source_z_l2_mean4,Pan,strong_relative,22,-0.27481373156882655,-0.28652917733088384,0.2923076923076923,65,,0,0.08319292217493057,0,0.005022204946726561,0.011720570735633373
r4_random,product,source_z_l2_mean4,Paper_Clip,weak_relative,22,0.11090621511019343,0.18285297156493466,0.5625,64,0.5,8,0.3144218325614929,4,0.03898115083575249,-0.061922263354063034
r4_random,product,source_z_l2_mean4,Paper_Clip,middle_relative,23,0.12045817034012152,0.153786748789448,0.5846153846153846,65,1.0,2,0.10366357862949371,1,0.036793194711208344,-0.008597237057983875
r4_random,product,source_z_l2_mean4,Pen,weak_relative,23,0.24311598941271279,0.44647482157676854,0.5217391304347826,69,0.25,4,0.47716736793518066,2,0.029588686302304268,-0.06491748243570328
r4_random,product,source_z_l2_mean4,Pen,middle_relative,31,0.27153567368421355,0.5058975126665535,0.40860215053763443,93,0.0,2,0.48764607310295105,1,0.0701209157705307,0.006053274497389793
r4_random,product,source_z_l2_mean4,Pen,strong_relative,6,0.24971406091236636,0.369443024533203,0.3333333333333333,18,0.5,2,0.10989319533109665,1,0.0017761864000931382,-0.039961207658052444
r4_random,product,source_z_l2_mean4,Pencil,weak_relative,22,-0.19821355124025442,-0.2412055641645752,0.48484848484848486,66,0.2,10,0.46501195430755615,5,-0.06414180994033813,0.04429260641336441
r4_random,product,source_z_l2_mean4,Pencil,middle_relative,16,-0.17948715075844776,-0.31493064320329517,0.5833333333333334,48,0.0,2,0.3136742115020752,1,-0.0536540150642395,-0.062151312828063965
r4_random,product,source_z_l2_mean4,Postit_Notes,weak_relative,24,-0.05095135624880422,-0.10907386123882318,0.5555555555555556,72,0.5714285714285714,14,0.3843998908996582,7,0.011404489167034626,-0.028360769152641296
r4_random,product,source_z_l2_mean4,Postit_Notes,middle_relative,14,0.02172440345067279,0.4371708824560609,0.47619047619047616,42,,0,0.06428421288728714,0,0.008324474096298218,-0.001741739921271801
r4_random,product,source_z_l2_mean4,Printer,weak_relative,5,0.08180668559408132,-0.03585668328139259,0.5333333333333333,15,1.0,2,0.18609194457530975,1,-0.003457064973190427,-0.09436608850955963
r4_random,product,source_z_l2_mean4,Printer,middle_relative,32,0.06815874719893102,0.030177502630112082,0.5104166666666666,96,1.0,2,0.03027552366256714,1,-0.0031506349332630634,-0.018203364685177803
r4_random,product,source_z_l2_mean4,Printer,strong_relative,62,0.10744474282060501,0.19021107302099388,0.5351351351351351,185,0.6666666666666666,6,0.06086069718003273,3,0.0033306553959846497,-0.02094195783138275
r4_random,product,source_z_l2_mean4,Push_Pin,weak_relative,37,-0.009552554208655653,-0.06934858019683407,0.5727272727272728,110,0.625,16,0.651759922504425,8,0.04210256412625313,-0.06686293333768845
r4_random,product,source_z_l2_mean4,Push_Pin,middle_relative,6,0.129981490257985,0.07151490118251691,0.4444444444444444,18,,0,0.7273326516151428,0,0.04904712364077568,0.16009099781513214
r4_random,product,source_z_l2_mean4,Radio,middle_relative,21,0.02520734195790787,-0.2360115573979541,0.6031746031746031,63,0.5,4,0.5476306676864624,2,0.13306236267089844,-0.17032253742218018
r4_random,product,source_z_l2_mean4,Radio,strong_relative,18,-0.063853341871424,-0.4511124255064374,0.6296296296296297,54,0.5,2,0.2659103274345398,1,-0.0666288509964943,-0.19307513535022736
r4_random,product,source_z_l2_mean4,Refrigerator,weak_relative,16,-0.3848587616417151,0.024717268223543594,0.2708333333333333,48,0.0,2,0.392456978559494,1,-0.20330548286437988,-0.35191383957862854
r4_random,product,source_z_l2_mean4,Refrigerator,middle_relative,14,-0.23142901178272499,0.36946506287964626,0.2857142857142857,42,,0,0.11481761932373047,0,-0.022539319470524788,-0.014299780130386353
r4_random,product,source_z_l2_mean4,Refrigerator,strong_relative,29,0.33384484611487336,-0.0013836854149615174,0.5581395348837209,86,,0,0.054217927157878876,0,0.007133841048926115,-0.01361763384193182
r4_random,product,source_z_l2_mean4,Ruler,weak_relative,35,-0.07837879721516655,0.15246515638034852,0.24509803921568626,102,0.5,6,0.28509122133255005,3,0.011394018307328224,0.01681545376777649
r4_random,product,source_z_l2_mean4,Ruler,middle_relative,21,-0.003307798399886823,0.40983337009647053,0.17777777777777778,45,,0,0.10125142335891724,0,-0.04201044142246246,-2.579374495326192e-06
r4_random,product,source_z_l2_mean4,Scissors,weak_relative,11,-0.06158536771078841,-0.17025713217801366,0.5454545454545454,33,1.0,2,0.5620450377464294,1,0.07728299498558044,0.03319001570343971
r4_random,product,source_z_l2_mean4,Scissors,middle_relative,41,-0.011654541835172698,-0.10118572133329694,0.4796747967479675,123,0.0,2,0.193349227309227,1,-0.03890088573098183,-0.052408184856176376
r4_random,product,source_z_l2_mean4,Scissors,strong_relative,47,0.12004224138517672,0.21339224120964298,0.5142857142857142,140,0.75,4,0.15969644486904144,2,-0.01072595827281475,-0.08277705311775208
r4_random,product,source_z_l2_mean4,Screwdriver,weak_relative,14,0.2535419160949359,0.3537580963666385,0.5476190476190477,42,0.75,4,0.5184016823768616,2,-0.09193845838308334,-0.13124573230743408
r4_random,product,source_z_l2_mean4,Screwdriver,middle_relative,23,0.08785093259738468,0.0629896265143435,0.6521739130434783,69,,0,0.06287958472967148,0,0.009046194143593311,-0.022077707573771477
r4_random,product,source_z_l2_mean4,Shelf,weak_relative,24,0.35313510139703613,0.19741032933989341,0.5416666666666666,72,0.75,4,0.7638664245605469,2,0.05159752443432808,-0.0527934767305851
r4_random,product,source_z_l2_mean4,Shelf,middle_relative,16,-0.07451548202631303,-0.2576928315803075,0.625,48,0.0,2,0.5757794380187988,1,0.0730324387550354,-0.05321408808231354
r4_random,product,source_z_l2_mean4,Shelf,strong_relative,9,0.208486947768277,-0.0493652034357565,0.5925925925925926,27,0.5,4,0.35571563243865967,2,0.019749164581298828,-0.1295977234840393
r4_random,product,source_z_l2_mean4,Sink,middle_relative,8,0.12402816545120253,0.1634311439236314,0.5833333333333334,24,,0,0.40434616804122925,0,0.19314949214458466,-0.01751675456762314
r4_random,product,source_z_l2_mean4,Sink,strong_relative,36,-0.17462806951411294,-0.20548711355405735,0.75,108,0.0,2,0.05515868589282036,1,-0.014997865073382854,-0.025037581101059914
r4_random,product,source_z_l2_mean4,Sneakers,weak_relative,6,0.4706336707099704,0.03359836609697387,0.8333333333333334,18,,0,1.119679570198059,0,0.5221880078315735,0.16516585648059845
r4_random,product,source_z_l2_mean4,Sneakers,middle_relative,19,0.17898613418680437,0.09381037736670865,0.543859649122807,57,0.875,8,0.29382190108299255,4,0.07447212934494019,-0.0033601357135921717
r4_random,product,source_z_l2_mean4,Sneakers,strong_relative,74,0.08127872692354612,0.01997990676644732,0.6744186046511628,215,0.75,4,0.13251495361328125,2,0.03251844644546509,0.0032168985344469547
r4_random,product,source_z_l2_mean4,Soda,weak_relative,15,0.0317969858621123,0.12054383484580876,0.6888888888888889,45,,0,0.028992801904678345,0,0.009389711543917656,0.020817382261157036
r4_random,product,source_z_l2_mean4,Soda,middle_relative,21,-0.006035635352527753,0.17101759714273437,0.5714285714285714,63,,0,0.06815624982118607,0,0.013744817115366459,0.05420940741896629
r4_random,product,source_z_l2_mean4,Soda,strong_relative,7,-0.05334555931908327,-0.26410028044965905,0.6842105263157895,19,,0,0.13080404698848724,0,0.054303817451000214,0.13049831986427307
r4_random,product,source_z_l2_mean4,Speaker,weak_relative,29,-0.10369021160144772,-0.19051354288893257,0.37209302325581395,86,0.16666666666666666,12,0.4495968222618103,6,-0.13164037466049194,-0.11837895959615707
r4_random,product,source_z_l2_mean4,Speaker,middle_relative,37,-0.3421619595998508,-0.3498131919082976,0.41284403669724773,109,0.0,2,0.16606637835502625,1,-0.05021042749285698,-0.07644263654947281
r4_random,product,source_z_l2_mean4,Speaker,strong_relative,33,-0.01974281976025031,0.01436934591753913,0.36666666666666664,90,,0,0.09081847220659256,0,-0.03570394217967987,-0.08144122362136841
r4_random,product,source_z_l2_mean4,Spoon,weak_relative,35,-0.30522371195769266,0.19650764451628275,0.34615384615384615,104,0.0,2,0.18909001350402832,1,-0.07052081823348999,-0.10736901313066483
r4_random,product,source_z_l2_mean4,Spoon,middle_relative,12,-0.24158909297270564,0.023320969107668156,0.3611111111111111,36,0.0,4,0.3776894509792328,2,-0.11713740974664688,-0.24793784320354462
r4_random,product,source_z_l2_mean4,TV,weak_relative,12,0.1784135015596816,0.1438457769628394,0.5,36,0.8333333333333334,6,0.4153636395931244,3,0.020451175048947334,0.11615157127380371
r4_random,product,source_z_l2_mean4,TV,middle_relative,13,0.37211881078657166,0.1741744057983605,0.5897435897435898,39,1.0,6,0.4824352264404297,3,0.11916564404964447,0.018105460330843925
r4_random,product,source_z_l2_mean4,TV,strong_relative,51,0.28140520811619985,0.5559402404417884,0.5424836601307189,153,,0,0.15497618913650513,0,0.0501529686152935,0.007041186559945345
r4_random,product,source_z_l2_mean4,Table,weak_relative,15,-0.39469723684338426,0.13153928423589742,0.28888888888888886,45,,0,0.2153858244419098,0,-0.11193756759166718,-0.05916503444314003
r4_random,product,source_z_l2_mean4,Table,middle_relative,37,-0.014281738113678649,0.31421486598852366,0.3063063063063063,111,0.3333333333333333,6,0.3436051309108734,3,-0.01923242397606373,-0.0788811445236206
r4_random,product,source_z_l2_mean4,Table,strong_relative,8,-0.025570154845524228,0.5719685859478948,0.375,24,0.5,6,0.39923393726348877,3,0.01303676888346672,-0.0816715881228447
r4_random,product,source_z_l2_mean4,Telephone,weak_relative,17,0.29073340280877147,-0.03409383168639242,0.7254901960784313,51,0.5833333333333334,12,0.8140547275543213,6,0.2759968340396881,-0.12282301485538483
r4_random,product,source_z_l2_mean4,Telephone,middle_relative,28,0.13800308577933584,-0.09695050353943294,0.6385542168674698,83,0.5,10,0.48408743739128113,5,-0.0037085178773850203,-0.2648453414440155
r4_random,product,source_z_l2_mean4,Telephone,strong_relative,13,0.12095334841474696,-0.0010008948466150782,0.7105263157894737,38,,0,0.06622897833585739,0,0.0298207588493824,-0.004821153357625008
r4_random,product,source_z_l2_mean4,ToothBrush,weak_relative,10,-0.6189886923847059,-0.27329771508841766,0.23333333333333334,30,0.16666666666666666,6,0.4511594772338867,3,-0.22854480147361755,-0.32591715455055237
r4_random,product,source_z_l2_mean4,ToothBrush,middle_relative,22,-0.23623671337970453,0.0843627742709455,0.36363636363636365,66,0.0,2,0.43204939365386963,1,-0.20357316732406616,-0.3143654465675354
r4_random,product,source_z_l2_mean4,ToothBrush,strong_relative,10,-0.38371948625412977,-0.3352385918958173,0.5,30,,0,0.07669253647327423,0,-0.03768853843212128,-0.07190132141113281
r4_random,product,source_z_l2_mean4,Toys,weak_relative,22,-0.28114350810680483,-0.30899963123889423,0.48484848484848486,66,0.4166666666666667,12,1.1498252153396606,6,-0.4921625256538391,-0.6435475945472717
r4_random,product,source_z_l2_mean4,Toys,middle_relative,22,-0.08661110398794239,0.2162600328503092,0.4393939393939394,66,0.5,8,1.2207598686218262,4,0.03557486832141876,-0.3416602909564972
r4_random,product,source_z_l2_mean4,Trash_Can,weak_relative,48,0.055714573101037446,0.24680249955032707,0.2777777777777778,144,,0,0.16776883602142334,0,-0.007130809128284454,-0.021864863112568855
r4_random,product,source_z_l2_mean4,Trash_Can,middle_relative,34,-0.3317590541964026,0.0012542356288333032,0.20588235294117646,102,0.0,2,0.10472922772169113,1,-0.0438629686832428,-0.040624409914016724
r4_random,product,source_z_l2_mean4,Trash_Can,strong_relative,11,-0.46799849065095006,-0.7658456065662151,0.24242424242424243,33,0.375,8,0.7169620990753174,4,-0.16023682057857513,-0.11629445850849152
r4_random,product,source_z_l2_mean4,Webcam,weak_relative,6,-0.4097904797231406,-0.3656720958582769,0.3888888888888889,18,0.5,4,0.7065607905387878,2,-0.2250654250383377,-0.4394807815551758
r4_random,product,source_z_l2_mean4,Webcam,middle_relative,38,-0.02272752702989855,-0.02434457357317919,0.5752212389380531,113,0.5,8,0.18859177827835083,4,-0.0032061594538390636,-0.08576252311468124
r4_random,product,source_z_l2_mean4,Webcam,strong_relative,54,0.018541539033336104,-0.025792254470084545,0.51875,160,1.0,2,0.0322946272790432,1,-0.0073471833020448685,-0.024149732664227486
b0,real_world,cosine_mean4,Alarm_Clock,weak_relative,23,0.25918884777378354,0.23302690954696642,0.6818181818181818,66,1.0,2,0.13952097296714783,1,0.007091211155056953,-0.00016713216609787196
b0,real_world,cosine_mean4,Alarm_Clock,middle_relative,19,0.28132418898543904,0.16634896232856478,0.6666666666666666,57,0.75,4,0.45723065733909607,2,0.16639567911624908,0.03752675652503967
b0,real_world,cosine_mean4,Alarm_Clock,strong_relative,44,0.2373886872147729,0.05539840466434794,0.7938931297709924,131,1.0,4,0.36854296922683716,2,0.11810647696256638,0.027516942471265793
b0,real_world,cosine_mean4,Backpack,weak_relative,16,-0.2869444356705988,-0.24034440311706085,0.5106382978723404,47,,0,0.027705296874046326,0,-0.013135109096765518,0.001934477360919118
b0,real_world,cosine_mean4,Backpack,middle_relative,23,0.05280088508962734,0.19765780686574844,0.43283582089552236,67,,0,0.020186996087431908,0,0.00035247215419076383,-0.0019846484065055847
b0,real_world,cosine_mean4,Backpack,strong_relative,60,-0.2531164115011334,0.08819733457781216,0.23863636363636365,176,,0,0.005971656646579504,0,-0.0031047684606164694,0.0
b0,real_world,cosine_mean4,Batteries,weak_relative,28,0.008790655128283227,0.10152334808918478,0.5421686746987951,83,0.625,8,0.24851419031620026,4,0.03861341252923012,-0.007546682376414537
b0,real_world,cosine_mean4,Batteries,middle_relative,27,0.026758599334056866,0.06892179550730886,0.575,80,0.875,8,0.4076012372970581,4,0.14219628274440765,-0.02972092665731907
b0,real_world,cosine_mean4,Batteries,strong_relative,9,0.0309287543949669,0.282542221289172,0.5555555555555556,27,0.5,2,0.21562553942203522,1,0.06321059167385101,5.655284257954918e-05
b0,real_world,cosine_mean4,Bed,weak_relative,12,0.35128250962433916,0.551989948702186,0.6944444444444444,36,1.0,2,0.8497952818870544,1,0.12705372273921967,-0.03154822811484337
b0,real_world,cosine_mean4,Bed,middle_relative,18,0.5485911292581617,0.2305606667206295,0.7407407407407407,54,0.9166666666666666,12,0.9031479358673096,6,0.3423030376434326,0.013321790844202042
b0,real_world,cosine_mean4,Bed,strong_relative,53,0.27296168702592705,0.03534697256025216,0.7088607594936709,158,0.8,10,0.32583025097846985,5,0.06048991158604622,0.010964592918753624
b0,real_world,cosine_mean4,Bike,weak_relative,29,0.1433925235443669,0.2240042461419291,0.6162790697674418,86,,0,0.02212408371269703,0,0.007610506843775511,0.017388416454195976
b0,real_world,cosine_mean4,Bike,middle_relative,37,-0.022968654968453472,-0.018378807301812634,0.6759259259259259,108,,0,0.035176005214452744,0,-0.00319263176061213,0.0038723654579371214
b0,real_world,cosine_mean4,Bike,strong_relative,33,0.04887475021702573,0.07079712103319104,0.5612244897959183,98,,0,0.027661126106977463,0,0.005707195494323969,0.013615324161946774
b0,real_world,cosine_mean4,Bottle,weak_relative,50,-0.35828350180936,-0.17168914949075167,0.56,150,0.2,10,0.6752562522888184,5,-0.23124313354492188,-0.19298668205738068
b0,real_world,cosine_mean4,Bottle,middle_relative,21,-0.3888827583047105,0.21091256638541542,0.5238095238095238,63,0.0,4,0.9429678320884705,2,-0.3488239645957947,-0.3806479871273041
b0,real_world,cosine_mean4,Bottle,strong_relative,7,0.19397529325914004,0.27594986863675397,0.8571428571428571,21,,0,0.6929146647453308,0,0.3340704143047333,0.0
b0,real_world,cosine_mean4,Bucket,weak_relative,24,0.19546890170128206,-0.023563478328509743,0.6805555555555556,72,0.3333333333333333,6,0.525340735912323,3,0.09295704215765,0.03932423144578934
b0,real_world,cosine_mean4,Bucket,middle_relative,33,0.0821112432742585,0.011947319097224147,0.6666666666666666,99,0.6428571428571429,14,0.5540857911109924,7,0.013377406634390354,0.02795121818780899
b0,real_world,cosine_mean4,Bucket,strong_relative,23,0.2826446123897692,0.12396044088609014,0.6176470588235294,68,0.625,8,0.6438870429992676,4,0.14121593534946442,0.08345071226358414
b0,real_world,cosine_mean4,Calculator,weak_relative,34,0.30328225467222353,-0.06344358433687484,0.6568627450980392,102,,0,0.10941394418478012,0,0.016305455937981606,0.00025980317150242627
b0,real_world,cosine_mean4,Calculator,middle_relative,29,0.37005749579197617,-0.029296108832878254,0.7011494252873564,87,0.5,2,0.11498825252056122,1,0.028330890461802483,0.004216471686959267
b0,real_world,cosine_mean4,Calculator,strong_relative,10,0.21553533415492507,-0.11317772978986781,0.7666666666666667,30,1.0,2,0.41816750168800354,1,0.10005562007427216,0.0
b0,real_world,cosine_mean4,Calendar,weak_relative,57,0.058494698815636736,0.05254704884832904,0.4528301886792453,159,0.5,2,0.04009324684739113,1,0.010173126123845577,-0.002528895391151309
b0,real_world,cosine_mean4,Calendar,middle_relative,11,0.02340595818590674,-0.032511755568964656,0.36666666666666664,30,,0,0.013560649007558823,0,0.0029822050128132105,0.0006043672910891473
b0,real_world,cosine_mean4,Candles,weak_relative,13,0.22026797642283064,0.16792834709132765,0.6842105263157895,38,,0,0.1471746861934662,0,0.02196904830634594,-0.015801919624209404
b0,real_world,cosine_mean4,Candles,middle_relative,17,0.2870497846071794,0.12948547101152852,0.75,48,1.0,2,0.09719663858413696,1,0.05163580924272537,0.07629379630088806
b0,real_world,cosine_mean4,Candles,strong_relative,69,0.11082827315892455,0.020007668030186176,0.7609756097560976,205,0.5,2,0.06324651092290878,1,0.017558837309479713,-0.0027895960956811905
b0,real_world,cosine_mean4,Chair,weak_relative,23,-0.10921075396062048,0.0777684975464655,0.36231884057971014,69,0.5,4,0.27318936586380005,2,0.019791115075349808,-0.007962646894156933
b0,real_world,cosine_mean4,Chair,middle_relative,38,-0.2710652782384386,-0.12215730944091016,0.2982456140350877,114,0.3,10,0.33659449219703674,5,-0.07547324150800705,-0.04059083014726639
b0,real_world,cosine_mean4,Chair,strong_relative,35,-0.08706752609169625,0.08965506842291839,0.47115384615384615,104,0.5,2,0.25132620334625244,1,0.045916639268398285,0.07512789964675903
b0,real_world,cosine_mean4,Clipboards,weak_relative,23,0.23825485471092947,0.05389921489374156,0.6521739130434783,69,0.9166666666666666,12,1.1322416067123413,6,0.07827021926641464,-0.08546102792024612
b0,real_world,cosine_mean4,Clipboards,middle_relative,34,0.30769082177523244,0.15511405940594875,0.7352941176470589,102,0.625,16,1.4510340690612793,8,0.2847706973552704,0.17797604203224182
b0,real_world,cosine_mean4,Clipboards,strong_relative,8,0.47745585223162856,0.12469042190955139,0.7083333333333334,24,0.875,8,1.3210294246673584,4,0.37606731057167053,0.0
b0,real_world,cosine_mean4,Computer,weak_relative,25,0.5027527384330375,0.5211565679272544,0.6933333333333334,75,0.75,8,1.1253124475479126,4,0.4332720935344696,0.4972377419471741
b0,real_world,cosine_mean4,Computer,middle_relative,25,0.21757899543945156,-0.13824329569392566,0.6,75,0.6666666666666666,18,1.2934422492980957,9,0.3870077431201935,0.33960816264152527
b0,real_world,cosine_mean4,Computer,strong_relative,14,0.08722827487544066,0.135274764478219,0.5238095238095238,42,0.5,4,1.4663454294204712,2,0.07009152323007584,-0.336296021938324
b0,real_world,cosine_mean4,Couch,weak_relative,17,-0.30586490972263886,-0.2978994137031231,0.5490196078431373,51,0.75,4,0.46700096130371094,2,-0.14674463868141174,-0.14403918385505676
b0,real_world,cosine_mean4,Couch,middle_relative,29,0.21552360492637165,0.18526875102586104,0.5862068965517241,87,0.6666666666666666,6,0.34471461176872253,3,0.06913811713457108,0.05232641100883484
b0,real_world,cosine_mean4,Couch,strong_relative,30,0.2808728160858632,0.12216351900306761,0.7333333333333333,90,1.0,14,0.5165894627571106,7,0.1330137997865677,0.020356131717562675
b0,real_world,cosine_mean4,Curtains,weak_relative,19,-0.15024056427158514,-0.06938778234504665,0.3508771929824561,57,,0,0.1000748872756958,0,-0.030061304569244385,-0.03270812705159187
b0,real_world,cosine_mean4,Curtains,middle_relative,16,-0.18410749754298567,-0.32888071196680707,0.375,48,0.25,4,0.23254260420799255,2,-0.03564244508743286,-0.012168288230895996
b0,real_world,cosine_mean4,Curtains,strong_relative,38,-0.07561563034179428,-0.05409454015818429,0.44642857142857145,112,0.5,8,0.252110093832016,4,-0.03151891008019447,-0.03556038811802864
b0,real_world,cosine_mean4,Desk_Lamp,weak_relative,19,0.3952765199851366,0.19514473273504332,0.7192982456140351,57,0.8125,16,1.3596556186676025,8,0.18288163840770721,0.18003806471824646
b0,real_world,cosine_mean4,Desk_Lamp,middle_relative,24,0.33130069802157247,0.20318740809758173,0.7083333333333334,72,0.6666666666666666,12,0.8983097672462463,6,0.16021864116191864,0.012101870961487293
b0,real_world,cosine_mean4,Desk_Lamp,strong_relative,19,-0.023790763942709223,-0.2577858478706861,0.7017543859649122,57,0.5833333333333334,12,1.0264480113983154,6,0.17471332848072052,0.001532012247480452
b0,real_world,cosine_mean4,Drill,weak_relative,13,0.11474968352196077,-0.08664124487056464,0.5641025641025641,39,0.5,4,1.5927014350891113,2,-0.20693339407444,0.286088764667511
b0,real_world,cosine_mean4,Drill,middle_relative,15,0.12890156184167748,-0.05506413270658078,0.6,45,0.5,6,1.3635601997375488,3,-0.0804952085018158,0.03431854024529457
b0,real_world,cosine_mean4,Drill,strong_relative,23,0.2604833803156576,0.3054990082948115,0.5942028985507246,69,0.8333333333333334,6,0.23968659341335297,3,0.06068509444594383,-0.006718945689499378
b0,real_world,cosine_mean4,Eraser,weak_relative,20,0.33738821652644874,0.05702555412469734,0.5833333333333334,60,0.7,10,2.088141441345215,5,0.5309138298034668,0.5659506320953369
b0,real_world,cosine_mean4,Eraser,middle_relative,9,0.3642868150410216,0.21731858740681512,0.7037037037037037,27,0.75,4,1.5787206888198853,2,0.43011394143104553,-0.06748787313699722
b0,real_world,cosine_mean4,Eraser,strong_relative,14,0.510644361677654,0.35763301625286936,0.7857142857142857,42,0.875,8,1.5193378925323486,4,0.6170246005058289,0.1325700581073761
b0,real_world,cosine_mean4,Exit_Sign,weak_relative,35,-0.10827133010851951,-0.17662703395193016,0.5584415584415584,77,,0,0.01792062446475029,0,-0.00601141108199954,-0.007915235124528408
b0,real_world,cosine_mean4,Exit_Sign,middle_relative,32,0.2106058439590235,0.0950464162774033,0.6823529411764706,85,,0,0.04110989719629288,0,0.012940973043441772,1.84996940788551e-06
b0,real_world,cosine_mean4,Exit_Sign,strong_relative,14,0.3679062500989965,0.38227648645212076,0.6904761904761905,42,,0,0.24976547062397003,0,0.10177697986364365,0.0
b0,real_world,cosine_mean4,Fan,weak_relative,23,-0.004493486135703486,0.04507970306411426,0.4925373134328358,67,0.4,20,0.7695999145507812,10,-0.016953742131590843,-0.002792640822008252
b0,real_world,cosine_mean4,Fan,middle_relative,23,-0.04688853755195969,0.08167337958267015,0.5652173913043478,69,0.0,2,0.43416815996170044,1,-0.021725427359342575,0.0005418424843810499
b0,real_world,cosine_mean4,Fan,strong_relative,14,0.22819267240271812,0.4257733448349388,0.5121951219512195,41,0.5,2,0.17806066572666168,1,0.07050672173500061,0.0008817029884085059
b0,real_world,cosine_mean4,File_Cabinet,weak_relative,15,-0.43801243701699727,-0.20851451532767973,0.3333333333333333,45,0.2857142857142857,14,0.9155023097991943,7,-0.4683628976345062,-0.2941395938396454
b0,real_world,cosine_mean4,File_Cabinet,middle_relative,35,-0.2536401127337113,-0.020380479549610565,0.41904761904761906,105,0.0,6,0.5669429302215576,3,-0.19770851731300354,-0.07965175062417984
b0,real_world,cosine_mean4,File_Cabinet,strong_relative,8,0.36768859517410835,0.23869803126637223,0.5416666666666666,24,,0,0.04720204696059227,0,0.021184490993618965,0.0
b0,real_world,cosine_mean4,Flipflops,weak_relative,22,-0.15136601468322872,-0.2417422143862049,0.5538461538461539,65,0.5,4,0.21325545012950897,2,-0.05927892029285431,-0.05330277606844902
b0,real_world,cosine_mean4,Flipflops,middle_relative,17,-0.11404445239047216,-0.06082025257589595,0.5882352941176471,51,0.5,2,0.15499500930309296,1,-0.021873844787478447,-0.010036655701696873
b0,real_world,cosine_mean4,Flipflops,strong_relative,46,0.020320881844989543,-0.28539640576136494,0.6370370370370371,135,0.5,4,0.06553293019533157,2,0.005520131438970566,-1.7936419681063853e-05
b0,real_world,cosine_mean4,Flowers,weak_relative,5,-0.053182593705050143,0.656641232537055,0.6,15,,0,0.0007712243823334575,0,-0.00013656950613949448,-5.125883490109118e-06
b0,real_world,cosine_mean4,Flowers,middle_relative,18,-0.22167764255787856,-0.06258237183929509,0.4444444444444444,54,,0,0.003321837168186903,0,-0.0008147156913764775,0.0
b0,real_world,cosine_mean4,Flowers,strong_relative,52,-0.13735114791115433,-0.09183094351279354,0.5496688741721855,151,0.0,2,0.03941720351576805,1,-0.018496673554182053,0.0
b0,real_world,cosine_mean4,Folder,weak_relative,26,-0.28728125980436087,0.10499655533428151,0.32051282051282054,78,0.22727272727272727,22,1.984683871269226,11,-0.5138845443725586,-0.4473552405834198
b0,real_world,cosine_mean4,Folder,middle_relative,24,-0.5040880473342936,0.4066551239444432,0.1527777777777778,72,0.125,24,1.7418681383132935,12,-0.8019521832466125,-0.4032793939113617
b0,real_world,cosine_mean4,Folder,strong_relative,7,-0.5486745263565368,-0.5675284036804209,0.23809523809523808,21,0.125,8,1.7834786176681519,4,-0.6779707670211792,0.060179453343153
b0,real_world,cosine_mean4,Fork,weak_relative,14,-0.2923122837955727,-0.15032483449613093,0.40476190476190477,42,0.0,4,0.6601873636245728,2,-0.1970413625240326,-0.10535471886396408
b0,real_world,cosine_mean4,Fork,middle_relative,13,0.3278994800274558,0.30366610602870125,0.48717948717948717,39,0.5,2,0.7298697233200073,1,0.12485133856534958,-0.021771712228655815
b0,real_world,cosine_mean4,Fork,strong_relative,9,-0.013867102667413369,-0.08887667112173361,0.5185185185185185,27,0.5,2,0.29209136962890625,1,0.011613983660936356,-0.10051856935024261
b0,real_world,cosine_mean4,Glasses,weak_relative,13,0.13913049082245668,0.010174884233402412,0.5135135135135135,37,,0,0.04027770459651947,0,0.009681188501417637,0.004851530306041241
b0,real_world,cosine_mean4,Glasses,middle_relative,25,0.06493583136908689,0.09730954016747,0.6527777777777778,72,,0,0.02557305246591568,0,0.006048646755516529,0.012882236391305923
b0,real_world,cosine_mean4,Glasses,strong_relative,22,0.11400174779665832,-0.05834776233704752,0.7727272727272727,66,,0,0.03772500157356262,0,0.012048888020217419,0.017287777736783028
b0,real_world,cosine_mean4,Hammer,weak_relative,26,0.04752884961746196,-0.14944658654160836,0.6153846153846154,78,0.5833333333333334,12,0.6603438258171082,6,0.03319914638996124,0.14641986787319183
b0,real_world,cosine_mean4,Hammer,middle_relative,20,0.06275018012177079,-0.13202784293049594,0.6333333333333333,60,0.5,8,1.0547953844070435,4,-0.15765145421028137,-0.06502674520015717
b0,real_world,cosine_mean4,Hammer,strong_relative,6,0.14658577577535167,0.019371526282893986,0.47058823529411764,17,1.0,2,0.5623443722724915,1,0.23046503961086273,-0.0003682071983348578
b0,real_world,cosine_mean4,Helmet,weak_relative,14,-0.09399516850208761,0.05236662289527879,0.5853658536585366,41,,0,0.29540079832077026,0,0.03070695325732231,0.07042372971773148
b0,real_world,cosine_mean4,Helmet,middle_relative,7,0.21822950380839679,0.15549130717559648,0.6190476190476191,21,,0,0.11710386723279953,0,0.04008495435118675,0.05387592688202858
b0,real_world,cosine_mean4,Helmet,strong_relative,39,0.15455023039410923,0.02350082601980987,0.6513761467889908,109,,0,0.04209483787417412,0,0.011058828793466091,-0.0023426769766956568
b0,real_world,cosine_mean4,Kettle,weak_relative,15,-0.011626800159030922,0.12779296789346814,0.5555555555555556,45,0.6666666666666666,6,0.4582363963127136,3,0.03846246004104614,0.13332051038742065
b0,real_world,cosine_mean4,Kettle,middle_relative,22,-0.05417744362695548,-0.11331280054744457,0.5,66,,0,0.218263640999794,0,-0.03362443298101425,-0.05494184419512749
b0,real_world,cosine_mean4,Kettle,strong_relative,35,-0.04814089319821544,-0.16311043892488808,0.5757575757575758,99,0.0,2,0.26718413829803467,1,-0.02902608923614025,-0.009057741612195969
b0,real_world,cosine_mean4,Keyboard,weak_relative,37,-0.10930906218667631,0.06670963307494082,0.44545454545454544,110,0.1,10,0.2470472753047943,5,-0.07015621662139893,-0.03648878633975983
b0,real_world,cosine_mean4,Keyboard,middle_relative,17,-0.046042008669000344,0.0333354706785884,0.45098039215686275,51,0.5,4,0.14499905705451965,2,-0.03277651593089104,-0.028171507641673088
b0,real_world,cosine_mean4,Keyboard,strong_relative,21,0.008005242892490909,-0.035755860713037865,0.5555555555555556,63,,0,0.08722107857465744,0,-0.019341638311743736,-0.036213796585798264
b0,real_world,cosine_mean4,Knives,weak_relative,22,0.14881050908176538,0.2200835981720249,0.734375,64,0.5,4,0.6132706999778748,2,0.17903262376785278,0.004333844408392906
b0,real_world,cosine_mean4,Knives,middle_relative,28,-0.002536318185380291,0.12077934426272574,0.7023809523809523,84,0.8333333333333334,6,0.38536518812179565,3,-0.009886900894343853,-0.06597894430160522
b0,real_world,cosine_mean4,Knives,strong_relative,33,0.032770576005640185,0.09728627733063318,0.6666666666666666,99,0.4,10,0.3219712972640991,5,0.09409839659929276,1.3653175301442388e-06
b0,real_world,cosine_mean4,Lamp_Shade,weak_relative,14,-0.21317942320517663,-0.395749528005241,0.5,42,0.0,4,0.5201975703239441,2,-0.14967599511146545,0.0023197506088763475
b0,real_world,cosine_mean4,Lamp_Shade,middle_relative,26,0.0068014270212309515,-0.06557745939060389,0.6410256410256411,78,0.5,12,0.5236804485321045,6,0.041615769267082214,-0.009224070236086845
b0,real_world,cosine_mean4,Lamp_Shade,strong_relative,38,-0.027746545055621543,-0.13087293109868545,0.6371681415929203,113,0.6428571428571429,14,0.5983573198318481,7,0.03168802708387375,0.021932141855359077
b0,real_world,cosine_mean4,Laptop,weak_relative,22,0.3314577983196727,0.3395382318369571,0.6060606060606061,66,0.75,4,0.5725756287574768,2,0.2578847408294678,0.007093906402587891
b0,real_world,cosine_mean4,Laptop,middle_relative,31,0.2707195858550395,0.26654438250452667,0.6236559139784946,93,0.75,12,0.5629935264587402,6,0.21563720703125,-0.0356023870408535
b0,real_world,cosine_mean4,Laptop,strong_relative,14,0.15960603508492743,0.3587001573316173,0.5238095238095238,42,0.5,4,0.373994380235672,2,0.05686435103416443,0.004003617446869612
b0,real_world,cosine_mean4,Marker,weak_relative,8,0.06211924853636045,0.24982237788760042,0.5,24,0.8333333333333334,6,1.3166837692260742,3,0.04734911769628525,-0.06372848153114319
b0,real_world,cosine_mean4,Marker,middle_relative,7,-0.06689350117640785,-0.09396413201263588,0.6190476190476191,21,0.5,2,2.165135622024536,1,-0.6112871170043945,0.04223639518022537
b0,real_world,cosine_mean4,Marker,strong_relative,8,-0.4989909345422738,-0.36562807178747353,0.3333333333333333,24,0.0,2,2.5604326725006104,1,-1.1377432346343994,0.0
b0,real_world,cosine_mean4,Monitor,weak_relative,14,0.5440804996807909,-0.06719607692851541,0.6428571428571429,42,0.8571428571428571,14,1.2818386554718018,7,0.2767540216445923,0.516288697719574
b0,real_world,cosine_mean4,Monitor,middle_relative,30,0.0033348915589285263,-0.3394212452866621,0.5888888888888889,90,0.5833333333333334,24,1.3638886213302612,12,-0.06420230865478516,0.27299898862838745
b0,real_world,cosine_mean4,Monitor,strong_relative,27,0.03011500663038223,-0.12353813152665792,0.6419753086419753,81,0.6428571428571429,14,0.5396782755851746,7,-0.03221885859966278,0.005210475064814091
b0,real_world,cosine_mean4,Mop,weak_relative,12,0.6172547616308186,0.8108135177723466,0.8055555555555556,36,0.8571428571428571,14,1.4589629173278809,7,0.4894375801086426,0.11392826586961746
b0,real_world,cosine_mean4,Mop,middle_relative,18,0.3333982357771604,0.40458970509716236,0.6666666666666666,54,0.75,8,1.269601821899414,4,0.26185545325279236,0.13702255487442017
b0,real_world,cosine_mean4,Mop,strong_relative,16,0.6759174954845245,0.5969669484918128,0.7916666666666666,48,1.0,12,1.3973901271820068,6,0.5543060302734375,0.011451981961727142
b0,real_world,cosine_mean4,Mouse,weak_relative,27,0.24926736317947787,0.10916035700660093,0.6790123456790124,81,0.5,14,0.629030168056488,7,0.1595328450202942,0.14358855783939362
b0,real_world,cosine_mean4,Mouse,middle_relative,17,0.24523711734348813,0.2574835503732054,0.6078431372549019,51,0.75,4,0.19699491560459137,2,0.05479584261775017,-0.01715940609574318
b0,real_world,cosine_mean4,Mouse,strong_relative,16,0.11634495550556977,-0.14101171203655946,0.574468085106383,47,0.6666666666666666,6,0.4088830053806305,3,0.12864087522029877,0.0
b0,real_world,cosine_mean4,Mug,weak_relative,31,0.2784518737871239,0.08832594523993134,0.7096774193548387,93,0.8333333333333334,6,0.13069289922714233,3,0.0290426854044199,-0.007728272583335638
b0,real_world,cosine_mean4,Mug,middle_relative,22,0.32950781391086575,0.34156995028173137,0.7272727272727273,66,,0,0.19755429029464722,0,0.06346607953310013,0.001668774290010333
b0,real_world,cosine_mean4,Mug,strong_relative,5,0.6342961204631821,0.4729752888752823,0.9333333333333333,15,1.0,2,0.43716534972190857,1,0.18922072649002075,0.0
b0,real_world,cosine_mean4,Notebook,weak_relative,38,-0.21000931608726867,0.009835670438944791,0.35964912280701755,114,0.75,8,0.7736361622810364,4,-0.12539155781269073,-0.16886483132839203
b0,real_world,cosine_mean4,Notebook,middle_relative,13,-0.1774561796498414,0.2391312561114738,0.3333333333333333,39,0.5,6,1.0882624387741089,3,-0.36314553022384644,-0.19738048315048218
b0,real_world,cosine_mean4,Notebook,strong_relative,17,-0.3729262370545838,-0.03798531614569923,0.47058823529411764,51,0.3333333333333333,12,1.1260600090026855,6,-0.18810182809829712,-0.14058172702789307
b0,real_world,cosine_mean4,Oven,weak_relative,23,0.027699931193108353,0.2524451233516113,0.4057971014492754,69,0.42857142857142855,14,0.8523181676864624,7,0.020822424441576004,0.026009676977992058
b0,real_world,cosine_mean4,Oven,middle_relative,17,0.057927813192944086,0.09139989813152934,0.47058823529411764,51,0.0,4,0.708488941192627,2,0.021738247945904732,-0.1338428556919098
b0,real_world,cosine_mean4,Oven,strong_relative,24,-0.1549900840772401,0.03959052597357211,0.4857142857142857,70,0.5,2,0.2597075402736664,1,-0.04421544075012207,0.013935514725744724
b0,real_world,cosine_mean4,Pan,weak_relative,7,0.339606967783436,0.09328866342506802,0.6190476190476191,21,0.375,8,1.1003787517547607,4,0.015764975920319557,-0.20024459064006805
b0,real_world,cosine_mean4,Pan,middle_relative,10,0.16409187457778063,-0.028307840420227905,0.6333333333333333,30,0.6666666666666666,6,0.9677761197090149,3,0.11983976513147354,-0.05198695510625839
b0,real_world,cosine_mean4,Pan,strong_relative,13,0.14606104351392343,-0.04312256694915603,0.7435897435897436,39,,0,0.5845813155174255,0,0.01792190968990326,0.03465776517987251
b0,real_world,cosine_mean4,Paper_Clip,weak_relative,31,0.1924893252667298,0.12337222497639816,0.4838709677419355,93,0.75,8,0.9370025992393494,4,0.17978043854236603,0.05682826787233353
b0,real_world,cosine_mean4,Paper_Clip,middle_relative,28,0.008487912965403816,0.08231486415944148,0.5833333333333334,84,0.8333333333333334,6,0.5230002999305725,3,0.011703076772391796,0.11123007535934448
b0,real_world,cosine_mean4,Paper_Clip,strong_relative,9,-0.3243602001932335,-0.2150206965973392,0.6296296296296297,27,0.0,2,0.4673096239566803,1,-0.2023191601037979,-0.05116022005677223
b0,real_world,cosine_mean4,Pen,weak_relative,23,0.15058389556131474,-0.17776560450978168,0.6666666666666666,69,0.625,16,0.6331859827041626,8,0.07045555114746094,0.11007604748010635
b0,real_world,cosine_mean4,Pen,middle_relative,28,0.013558404260310838,0.060865750276541196,0.6071428571428571,84,0.3,10,0.45276692509651184,5,0.029524846002459526,0.00859545636922121
b0,real_world,cosine_mean4,Pen,strong_relative,14,0.43317945003469627,-0.1625350356882277,0.7380952380952381,42,0.75,4,0.2869392931461334,2,0.029410822317004204,-0.045798856765031815
b0,real_world,cosine_mean4,Pencil,weak_relative,32,0.057160545149063484,0.18734396720400434,0.5104166666666666,96,0.5,16,0.7439112663269043,8,-0.03307998552918434,-0.02709892950952053
b0,real_world,cosine_mean4,Pencil,middle_relative,20,-0.06719332464103187,0.1765593407395385,0.45,60,0.3333333333333333,12,0.5536790490150452,6,-0.010151678696274757,-0.02452700398862362
b0,real_world,cosine_mean4,Pencil,strong_relative,7,-0.20507416062137637,0.11463041762872751,0.2857142857142857,21,0.0,4,1.0707274675369263,2,-0.24106334149837494,0.0
b0,real_world,cosine_mean4,Postit_Notes,weak_relative,13,0.20624741346671827,0.0569917858554313,0.48717948717948717,39,0.8333333333333334,6,1.3106367588043213,3,0.3165295422077179,0.43788740038871765
b0,real_world,cosine_mean4,Postit_Notes,middle_relative,26,0.1733554240941483,0.07412823335337598,0.5,78,0.5,22,1.5287377834320068,11,0.25397026538848877,0.042890116572380066
b0,real_world,cosine_mean4,Postit_Notes,strong_relative,28,0.38456651398519254,0.2023344959139867,0.7380952380952381,84,0.9583333333333334,24,1.1853853464126587,12,0.38143569231033325,0.02088654227554798
b0,real_world,cosine_mean4,Printer,weak_relative,16,0.3354818415497122,0.16926929933115262,0.75,48,1.0,2,0.3025968670845032,1,0.08910396695137024,0.0433117039501667
b0,real_world,cosine_mean4,Printer,middle_relative,14,0.4309355301543684,0.13765883296190443,0.8333333333333334,42,1.0,2,0.2527034878730774,1,0.09423224627971649,-0.0031511117704212666
b0,real_world,cosine_mean4,Printer,strong_relative,22,0.3421312147872612,0.10241636756516115,0.7121212121212122,66,0.7,10,0.4765034019947052,5,0.18775181472301483,0.0
b0,real_world,cosine_mean4,Push_Pin,weak_relative,28,0.183622843987202,0.11683709623003966,0.5,84,0.8,10,0.6188403964042664,5,0.12480434030294418,0.14446081221103668
b0,real_world,cosine_mean4,Push_Pin,middle_relative,21,-0.08303464713568774,-0.13279377072410015,0.6666666666666666,63,,0,0.25405460596084595,0,0.04570881649851799,0.00595504604279995
b0,real_world,cosine_mean4,Radio,weak_relative,16,-0.29695962034355444,0.15956215727110815,0.2708333333333333,48,0.375,8,1.0480563640594482,4,-0.3483276963233948,-0.5023914575576782
b0,real_world,cosine_mean4,Radio,middle_relative,30,-0.16451099641678468,0.14784303396471918,0.34444444444444444,90,0.0,2,0.47175195813179016,1,-0.07678603380918503,-0.025098204612731934
b0,real_world,cosine_mean4,Radio,strong_relative,20,0.10761963940290126,0.3912587083048096,0.55,60,0.5,10,0.3997894525527954,5,0.007557389326393604,-0.042781632393598557
b0,real_world,cosine_mean4,Refrigerator,weak_relative,21,0.3374522508347979,0.01006764361521629,0.746031746031746,63,0.75,4,0.22909380495548248,2,0.046973712742328644,-0.0009683030075393617
b0,real_world,cosine_mean4,Refrigerator,middle_relative,27,0.32821557831341974,0.00896330845685444,0.8024691358024691,81,0.7,10,0.32019859552383423,5,0.058440305292606354,-0.09248097985982895
b0,real_world,cosine_mean4,Refrigerator,strong_relative,27,0.1602818992704603,-0.05562971449979641,0.8148148148148148,81,0.75,4,0.42170387506484985,2,0.08744712918996811,-0.0017195390537381172
b0,real_world,cosine_mean4,Ruler,weak_relative,21,0.08096861660840105,0.11784333989921272,0.38333333333333336,60,0.25,4,0.22389963269233704,2,0.03662983700633049,0.011880477890372276
b0,real_world,cosine_mean4,Ruler,middle_relative,19,0.023537380495740414,-0.038116347146553965,0.46,50,,0,0.0586547926068306,0,0.0013429514365270734,1.5501267625950277e-05
b0,real_world,cosine_mean4,Scissors,weak_relative,30,-0.03280610377352225,-0.07159686783401824,0.5555555555555556,90,0.5,2,0.15738041698932648,1,-0.023260440677404404,-0.008139792829751968
b0,real_world,cosine_mean4,Scissors,middle_relative,24,0.05221362561280842,0.01776570105514126,0.5833333333333334,72,,0,0.16200649738311768,0,0.021091295406222343,0.025576366111636162
b0,real_world,cosine_mean4,Scissors,strong_relative,23,0.06632554419326596,-0.26843296230806163,0.7536231884057971,69,0.5,2,0.10665681958198547,1,0.005208939779549837,-0.0071393828839063644
b0,real_world,cosine_mean4,Screwdriver,weak_relative,19,-0.19873066949898643,-0.31869385951061213,0.47368421052631576,57,0.5714285714285714,14,1.5526067018508911,7,-0.3379742205142975,-0.39519405364990234
b0,real_world,cosine_mean4,Screwdriver,middle_relative,20,-0.3838821975757866,-0.03908708867960388,0.3,60,0.2857142857142857,14,1.1719895601272583,7,-0.4093596935272217,-0.26538923382759094
b0,real_world,cosine_mean4,Screwdriver,strong_relative,12,0.12908517040462977,0.39716987042510543,0.5833333333333334,36,0.5,4,0.7002964019775391,2,0.1293593794107437,0.005372216925024986
b0,real_world,cosine_mean4,Shelf,weak_relative,24,-0.20006496840405485,-0.11528386831021464,0.4444444444444444,72,0.5,12,0.7930925488471985,6,-0.2011205404996872,-0.27096450328826904
b0,real_world,cosine_mean4,Shelf,middle_relative,23,-0.3338852224220803,-0.30482004056500495,0.43478260869565216,69,0.3,10,0.6665504574775696,5,-0.19711223244667053,-0.02253020368516445
b0,real_world,cosine_mean4,Shelf,strong_relative,19,-0.17402736819272913,0.055984613652842644,0.38596491228070173,57,0.5,10,0.692184567451477,5,-0.11402884125709534,-0.04830397665500641
b0,real_world,cosine_mean4,Sink,weak_relative,16,0.3769583073115792,0.15762791066198348,0.8260869565217391,46,0.75,4,0.6378347873687744,2,0.19941529631614685,0.16590891778469086
b0,real_world,cosine_mean4,Sink,middle_relative,22,0.20504457087997782,0.1851504371062226,0.696969696969697,66,0.6666666666666666,6,0.5678255558013916,3,0.01678881049156189,-0.05941182002425194
b0,real_world,cosine_mean4,Sink,strong_relative,39,0.3023280525356803,0.04527146236482493,0.7586206896551724,116,0.8333333333333334,6,0.2013518065214157,3,0.048124201595783234,-0.012699784711003304
b0,real_world,cosine_mean4,Sneakers,weak_relative,26,0.04502691423202057,-0.06735641007104075,0.6,75,,0,0.0033213035203516483,0,0.000794518506154418,0.0006252474850043654
b0,real_world,cosine_mean4,Sneakers,middle_relative,25,-0.16066724076257397,-0.1361543562579439,0.5333333333333333,75,0.0,2,0.06473866105079651,1,-0.03649561479687691,0.00018810587062034756
b0,real_world,cosine_mean4,Sneakers,strong_relative,37,0.09970255965347076,-0.0337236558561972,0.6727272727272727,110,1.0,2,0.0356999933719635,1,0.00489127729088068,-0.00553772272542119
b0,real_world,cosine_mean4,Soda,weak_relative,24,0.38770120090063853,0.12257851311060855,0.8472222222222222,72,1.0,4,0.2948702275753021,2,0.10009022802114487,0.18165390193462372
b0,real_world,cosine_mean4,Soda,middle_relative,24,-0.09829724232643615,-0.14587456963606202,0.7142857142857143,70,0.5,4,0.38649794459342957,2,-0.0693328008055687,0.048481542617082596
b0,real_world,cosine_mean4,Soda,strong_relative,15,0.47133577354155337,0.12379632942766076,0.8636363636363636,44,1.0,2,0.19166606664657593,1,0.06402254104614258,0.003538350807502866
b0,real_world,cosine_mean4,Speaker,weak_relative,13,0.16991603574410033,0.2962268072676585,0.5384615384615384,39,0.625,8,0.8954375386238098,4,0.04657411575317383,-0.15433219075202942
b0,real_world,cosine_mean4,Speaker,middle_relative,24,0.2715100694210808,0.2699993538652708,0.625,72,0.6,10,0.8847060203552246,5,0.11883334070444107,-0.0052528828382492065
b0,real_world,cosine_mean4,Speaker,strong_relative,44,0.37364463513128354,0.14751173008411234,0.6893939393939394,132,0.7777777777777778,18,0.7264511585235596,9,0.273118793964386,0.0
b0,real_world,cosine_mean4,Spoon,weak_relative,21,0.4974522518789677,0.060807371938758306,0.7936507936507936,63,0.9166666666666666,12,0.7275742292404175,6,0.2630213797092438,0.13072536885738373
b0,real_world,cosine_mean4,Spoon,middle_relative,19,0.39374576312746684,-0.1815306295800333,0.7894736842105263,57,0.75,12,0.8775809407234192,6,0.20325084030628204,0.10079126060009003
b0,real_world,cosine_mean4,Spoon,strong_relative,14,0.2567080878556903,-0.5713475433405552,0.6904761904761905,42,0.875,8,1.181908369064331,4,0.054687391966581345,0.03834139555692673
b0,real_world,cosine_mean4,TV,weak_relative,17,-0.13414144907623413,-0.0073291248678035515,0.39215686274509803,51,0.4375,16,1.296278953552246,8,-0.12643516063690186,0.14769963920116425
b0,real_world,cosine_mean4,TV,middle_relative,20,-0.293089475701413,-0.20616393072524872,0.38333333333333336,60,0.375,8,1.0051956176757812,4,-0.24167469143867493,-0.17575088143348694
b0,real_world,cosine_mean4,TV,strong_relative,16,0.10771778446757782,0.014320645410563465,0.5208333333333334,48,0.75,4,0.3220451772212982,2,0.07323510199785233,0.059753984212875366
b0,real_world,cosine_mean4,Table,weak_relative,24,-0.08731534053401006,-0.11614481990303041,0.5694444444444444,72,0.25,4,0.1812392622232437,2,-0.017223013564944267,0.03058226965367794
b0,real_world,cosine_mean4,Table,middle_relative,21,0.010143447222474407,-0.025812688867640106,0.6666666666666666,63,,0,0.21995531022548676,0,-0.021130239591002464,-0.02767164446413517
b0,real_world,cosine_mean4,Table,strong_relative,14,0.36629449205792924,0.060449443332715465,0.6341463414634146,41,0.7,10,0.49873751401901245,5,0.08259930461645126,6.561380723724142e-05
b0,real_world,cosine_mean4,Telephone,weak_relative,20,-0.10049786609375251,-0.046569391003259075,0.13793103448275862,58,0.0,2,0.3522910177707672,1,-0.15893469750881195,-0.2436874359846115
b0,real_world,cosine_mean4,Telephone,middle_relative,30,0.1587462777010831,0.05425974663032472,0.3103448275862069,87,0.8333333333333334,6,0.3271276652812958,3,0.10813362151384354,-0.02069414034485817
b0,real_world,cosine_mean4,Telephone,strong_relative,32,0.17423684530205183,0.4148201238386653,0.5212765957446809,94,0.75,12,0.42775455117225647,6,0.14298821985721588,-0.012528987601399422
b0,real_world,cosine_mean4,ToothBrush,weak_relative,23,0.06974491926238181,0.01994846714156248,0.6231884057971014,69,0.7,10,0.7350760698318481,5,0.17089185118675232,0.1157001480460167
b0,real_world,cosine_mean4,ToothBrush,middle_relative,29,-0.04960391418458788,0.0021633661888154497,0.5172413793103449,87,0.16666666666666666,6,0.27821487188339233,3,-0.024253491312265396,-0.02471843920648098
b0,real_world,cosine_mean4,ToothBrush,strong_relative,33,-0.36172697613324195,-0.341950449062583,0.494949494949495,99,0.16666666666666666,12,0.5834243893623352,6,-0.056989844888448715,0.09747345000505447
b0,real_world,cosine_mean4,Toys,weak_relative,32,-0.11156782614163328,0.18297598573864002,0.5104166666666666,96,0.5357142857142857,28,1.820936679840088,14,-0.3562650680541992,-0.5996830463409424
b0,real_world,cosine_mean4,Toys,middle_relative,22,0.17740443300140143,0.5083456964634494,0.6212121212121212,66,0.55,20,2.1015803813934326,10,0.18812952935695648,0.010533302091062069
b0,real_world,cosine_mean4,Toys,strong_relative,13,0.3442792274866058,0.6322671326444673,0.717948717948718,39,0.6666666666666666,6,1.8064993619918823,3,0.5070747137069702,0.0
b0,real_world,cosine_mean4,Trash_Can,weak_relative,42,0.3719718305691331,0.022650604243651448,0.753968253968254,126,0.8333333333333334,18,0.39163699746131897,9,0.09912727028131485,0.1261201798915863
b0,real_world,cosine_mean4,Trash_Can,middle_relative,26,0.18324224979552445,0.030045655900457977,0.6923076923076923,78,0.8333333333333334,6,0.869718611240387,3,0.08758001774549484,-0.008436932228505611
b0,real_world,cosine_mean4,Trash_Can,strong_relative,13,-0.01732992938684716,-0.23830124512421202,0.5641025641025641,39,0.5,4,0.6771215200424194,2,-0.05069905146956444,0.07215242087841034
b0,real_world,cosine_mean4,Webcam,weak_relative,13,0.0392205636795463,0.029966466744379118,0.7368421052631579,38,0.5,2,0.5110019445419312,1,-0.12780414521694183,-0.3139224350452423
b0,real_world,cosine_mean4,Webcam,middle_relative,13,0.16996292987689657,0.11494607873409503,0.5897435897435898,39,1.0,2,0.3767619729042053,1,0.08696695417165756,-3.6769074540643487e-06
b0,real_world,cosine_mean4,Webcam,strong_relative,23,0.11641407412107989,-0.23901613126442992,0.6323529411764706,68,,0,0.20673631131649017,0,0.020222365856170654,0.0
b0,real_world,source_z_l2_mean4,Alarm_Clock,weak_relative,23,0.22861847584059994,0.16774513795245405,0.8333333333333334,66,1.0,2,0.13952097296714783,1,-0.011047122068703175,-0.01830546371638775
b0,real_world,source_z_l2_mean4,Alarm_Clock,middle_relative,19,0.1295643712848717,-0.05877640516205009,0.7719298245614035,57,0.5,4,0.45723065733909607,2,0.13986575603485107,0.010996830649673939
b0,real_world,source_z_l2_mean4,Alarm_Clock,strong_relative,44,0.2083897187735157,-0.004198975936348612,0.8244274809160306,131,1.0,4,0.36854296922683716,2,0.11948101967573166,0.028891487047076225
b0,real_world,source_z_l2_mean4,Backpack,weak_relative,16,-0.18428490265342826,-0.2174308228276873,0.5319148936170213,47,,0,0.027705296874046326,0,-0.012114975601434708,0.002954611089080572
b0,real_world,source_z_l2_mean4,Backpack,middle_relative,23,0.11887533918097148,0.1119640442475043,0.5074626865671642,67,,0,0.020186996087431908,0,0.004034950397908688,0.0016978299245238304
b0,real_world,source_z_l2_mean4,Backpack,strong_relative,60,-0.17666854269910023,0.03035798925973995,0.2727272727272727,176,,0,0.005971656646579504,0,-0.001399716711603105,0.0017050517490133643
b0,real_world,source_z_l2_mean4,Batteries,weak_relative,28,0.012637906825551626,0.04290554023417238,0.6024096385542169,83,0.625,8,0.24851419031620026,4,0.039407406002283096,-0.006752694956958294
b0,real_world,source_z_l2_mean4,Batteries,middle_relative,27,0.0655687313230238,0.0632335786816297,0.5875,80,0.875,8,0.4076012372970581,4,0.1650696098804474,-0.006847582291811705
b0,real_world,source_z_l2_mean4,Batteries,strong_relative,9,0.04480166380229569,0.18310986141511873,0.5555555555555556,27,0.5,2,0.21562553942203522,1,0.05648667365312576,-0.006667366251349449
b0,real_world,source_z_l2_mean4,Bed,weak_relative,12,0.42739386708369065,0.6644530776781977,0.6944444444444444,36,1.0,2,0.8497952818870544,1,0.3644326627254486,0.20583073794841766
b0,real_world,source_z_l2_mean4,Bed,middle_relative,18,0.4755996130622203,0.10792049948291145,0.7222222222222222,54,0.8333333333333334,12,0.9031479358673096,6,0.3444451093673706,0.015463843941688538
b0,real_world,source_z_l2_mean4,Bed,strong_relative,53,0.2194864890405846,-0.027167226548374716,0.7151898734177216,158,0.8,10,0.32583025097846985,5,0.06218354031443596,0.012658226303756237
b0,real_world,source_z_l2_mean4,Bike,weak_relative,29,0.09742642047122696,0.08798080635886775,0.6162790697674418,86,,0,0.02212408371269703,0,0.007610506843775511,0.017388416454195976
b0,real_world,source_z_l2_mean4,Bike,middle_relative,37,-0.008451265535136617,0.001205114326413815,0.6666666666666666,108,,0,0.035176005214452744,0,-0.0032093541231006384,0.003855643328279257
b0,real_world,source_z_l2_mean4,Bike,strong_relative,33,0.05549836227233819,0.0638796345993408,0.5510204081632653,98,,0,0.027661126106977463,0,0.005706292111426592,0.013614421710371971
b0,real_world,source_z_l2_mean4,Bottle,weak_relative,50,-0.3464340684279344,-0.22265596343251726,0.5333333333333333,150,0.4,10,0.6752562522888184,5,-0.20878227055072784,-0.17052580416202545
b0,real_world,source_z_l2_mean4,Bottle,middle_relative,21,-0.3461853225607804,0.19254204283905285,0.47619047619047616,63,0.0,4,0.9429678320884705,2,-0.3818545937538147,-0.4136785864830017
b0,real_world,source_z_l2_mean4,Bottle,strong_relative,7,-0.10499809870057888,-0.11867767986957573,0.8095238095238095,21,,0,0.6929146647453308,0,-0.2394944727420807,-0.573564887046814
b0,real_world,source_z_l2_mean4,Bucket,weak_relative,24,0.2084348501559503,0.010547866693529518,0.6805555555555556,72,0.5,6,0.525340735912323,3,0.14362259209156036,0.0899898037314415
b0,real_world,source_z_l2_mean4,Bucket,middle_relative,33,0.1268589966068871,0.08067971792002258,0.6464646464646465,99,0.6428571428571429,14,0.5540857911109924,7,-0.020960401743650436,-0.006386588793247938
b0,real_world,source_z_l2_mean4,Bucket,strong_relative,23,0.31627045763746386,0.2585551914051203,0.5294117647058824,68,0.625,8,0.6438870429992676,4,0.1220460906624794,0.06428084522485733
b0,real_world,source_z_l2_mean4,Calculator,weak_relative,34,0.37866506827950713,0.12553545738351007,0.6372549019607843,102,,0,0.10941394418478012,0,0.020086780190467834,0.004041125997900963
b0,real_world,source_z_l2_mean4,Calculator,middle_relative,29,0.42710500432296084,-0.030561005970744765,0.7586206896551724,87,1.0,2,0.11498825252056122,1,0.03410733863711357,0.00999291893094778
b0,real_world,source_z_l2_mean4,Calculator,strong_relative,10,0.24249064972142734,-0.23415708279960182,0.7,30,1.0,2,0.41816750168800354,1,0.09971220791339874,-0.00034340558340772986
b0,real_world,source_z_l2_mean4,Calendar,weak_relative,57,0.16766606986211155,0.07645370368616702,0.8050314465408805,159,1.0,2,0.04009324684739113,1,0.012746116146445274,4.409403481986374e-05
b0,real_world,source_z_l2_mean4,Calendar,middle_relative,11,0.33544572649401755,0.15113172815549422,0.7666666666666667,30,,0,0.013560649007558823,0,0.0032691096421331167,0.0008912723860703409
b0,real_world,source_z_l2_mean4,Candles,weak_relative,13,0.24045861874275312,0.06660591354129146,0.5526315789473685,38,,0,0.1471746861934662,0,0.013441338203847408,-0.02432963065803051
b0,real_world,source_z_l2_mean4,Candles,middle_relative,17,0.2958677114370497,0.18881309477234828,0.625,48,1.0,2,0.09719663858413696,1,0.051457349210977554,0.07611533254384995
b0,real_world,source_z_l2_mean4,Candles,strong_relative,69,0.14974711963438656,0.06616727080930762,0.6634146341463415,205,1.0,2,0.06324651092290878,1,0.019695859402418137,-0.0006525742937810719
b0,real_world,source_z_l2_mean4,Chair,weak_relative,23,0.020943034190099713,0.1715286261699775,0.34782608695652173,69,0.5,4,0.27318936586380005,2,0.00980549119412899,-0.017948269844055176
b0,real_world,source_z_l2_mean4,Chair,middle_relative,38,-0.13150454254123925,-0.007471435154235483,0.3508771929824561,114,0.3,10,0.33659449219703674,5,-0.06271110475063324,-0.02782868780195713
b0,real_world,source_z_l2_mean4,Chair,strong_relative,35,-0.03169205307345942,0.03858599948681736,0.5096153846153846,104,0.5,2,0.25132620334625244,1,0.04539875686168671,0.07461001724004745
b0,real_world,source_z_l2_mean4,Clipboards,weak_relative,23,0.2594385905518537,0.0004992004802516243,0.6521739130434783,69,0.8333333333333334,12,1.1322416067123413,6,0.08401280641555786,-0.0797184407711029
b0,real_world,source_z_l2_mean4,Clipboards,middle_relative,34,0.3191205131041613,0.09181402104901859,0.7156862745098039,102,0.5625,16,1.4510340690612793,8,0.2752382755279541,0.16844360530376434
b0,real_world,source_z_l2_mean4,Clipboards,strong_relative,8,0.6124603502563263,0.25027697073054844,0.75,24,0.875,8,1.3210294246673584,4,0.37606731057167053,0.0
b0,real_world,source_z_l2_mean4,Computer,weak_relative,25,0.5079653372384724,0.5160506561868099,0.6933333333333334,75,0.875,8,1.1253124475479126,4,0.4689570665359497,0.5329227447509766
b0,real_world,source_z_l2_mean4,Computer,middle_relative,25,0.3375921115242842,-0.03661770354616418,0.6,75,0.6666666666666666,18,1.2934422492980957,9,0.3191796541213989,0.27178001403808594
b0,real_world,source_z_l2_mean4,Computer,strong_relative,14,0.1283428978600859,0.1489682922556561,0.5952380952380952,42,0.5,4,1.4663454294204712,2,0.3686007559299469,-0.03778678923845291
b0,real_world,source_z_l2_mean4,Couch,weak_relative,17,-0.20690931243872412,-0.17644776864782796,0.49019607843137253,51,0.75,4,0.46700096130371094,2,-0.14045393466949463,-0.13774845004081726
b0,real_world,source_z_l2_mean4,Couch,middle_relative,29,0.26896416514594096,0.27710085910915,0.5632183908045977,87,0.6666666666666666,6,0.34471461176872253,3,0.05223972350358963,0.035428017377853394
b0,real_world,source_z_l2_mean4,Couch,strong_relative,30,0.2444850395645216,0.09679651234108297,0.7222222222222222,90,0.9285714285714286,14,0.5165894627571106,7,0.14269386231899261,0.030036188662052155
b0,real_world,source_z_l2_mean4,Curtains,weak_relative,19,-0.03035524626048889,-0.08284869034083053,0.5789473684210527,57,,0,0.1000748872756958,0,0.011978467926383018,0.009331640787422657
b0,real_world,source_z_l2_mean4,Curtains,middle_relative,16,0.010134141273787655,-0.030096712770119508,0.5416666666666666,48,0.5,4,0.23254260420799255,2,-0.0288204625248909,-0.005346313118934631
b0,real_world,source_z_l2_mean4,Curtains,strong_relative,38,-0.1049029082716545,-0.18379757137325314,0.4732142857142857,112,0.375,8,0.252110093832016,4,-0.07711467146873474,-0.08115614205598831
b0,real_world,source_z_l2_mean4,Desk_Lamp,weak_relative,19,0.26047511847889293,0.1999766818588819,0.631578947368421,57,0.8125,16,1.3596556186676025,8,0.09182887524366379,0.08898529410362244
b0,real_world,source_z_l2_mean4,Desk_Lamp,middle_relative,24,0.33820931767170337,0.24868990242324424,0.6944444444444444,72,0.6666666666666666,12,0.8983097672462463,6,0.060883086174726486,-0.08723367005586624
b0,real_world,source_z_l2_mean4,Desk_Lamp,strong_relative,19,-0.18152576761498182,-0.29936840357238365,0.5087719298245614,57,0.4166666666666667,12,1.0264480113983154,6,-0.11864274740219116,-0.2918240427970886
b0,real_world,source_z_l2_mean4,Drill,weak_relative,13,0.3080814733415252,0.11755609404534305,0.6666666666666666,39,0.5,4,1.5927014350891113,2,0.44601309299468994,0.9390351176261902
b0,real_world,source_z_l2_mean4,Drill,middle_relative,15,0.12618387906078574,0.010300947821759842,0.6444444444444445,45,0.8333333333333334,6,1.3635601997375488,3,-0.09991101175546646,0.014902724884450436
b0,real_world,source_z_l2_mean4,Drill,strong_relative,23,0.3302709962239263,0.37527421851078124,0.6231884057971014,69,1.0,6,0.23968659341335297,3,0.06068509444594383,-0.006718945689499378
b0,real_world,source_z_l2_mean4,Eraser,weak_relative,20,0.1686218836009319,-0.015044803014421484,0.5666666666666667,60,0.7,10,2.088141441345215,5,0.39731165766716003,0.43234848976135254
b0,real_world,source_z_l2_mean4,Eraser,middle_relative,9,0.10912363232352401,-0.018100189242588337,0.6296296296296297,27,0.5,4,1.5787206888198853,2,0.45348554849624634,-0.04411628469824791
b0,real_world,source_z_l2_mean4,Eraser,strong_relative,14,0.21443995710186708,0.08875016004050898,0.6428571428571429,42,0.75,8,1.5193378925323486,4,0.3045823872089386,-0.17987222969532013
b0,real_world,source_z_l2_mean4,Exit_Sign,weak_relative,35,-0.11802470557096223,-0.19254163344748879,0.7272727272727273,77,,0,0.01792062446475029,0,-0.0060113295912742615,-0.007915154099464417
b0,real_world,source_z_l2_mean4,Exit_Sign,middle_relative,32,0.14174897636217673,-0.04302787144772067,0.7176470588235294,85,,0,0.04110989719629288,0,0.008405093103647232,-0.004534030333161354
b0,real_world,source_z_l2_mean4,Exit_Sign,strong_relative,14,0.33055810867295043,0.1326772388652981,0.6428571428571429,42,,0,0.24976547062397003,0,0.05555314943194389,-0.04622383043169975
b0,real_world,source_z_l2_mean4,Fan,weak_relative,23,-0.09234431663127382,-0.04122061825120922,0.43283582089552236,67,0.35,20,0.7695999145507812,10,-0.11157994717359543,-0.09741884469985962
b0,real_world,source_z_l2_mean4,Fan,middle_relative,23,-0.05803487248131898,0.07602491014876703,0.5217391304347826,69,0.0,2,0.43416815996170044,1,0.08250858634710312,0.10477586090564728
b0,real_world,source_z_l2_mean4,Fan,strong_relative,14,-0.033432636029570015,0.011890539784469197,0.4146341463414634,41,0.0,2,0.17806066572666168,1,-0.05682123452425003,-0.12644624710083008
b0,real_world,source_z_l2_mean4,File_Cabinet,weak_relative,15,-0.35229301861333645,-0.14457692280625498,0.4666666666666667,45,0.5,14,0.9155023097991943,7,-0.17633861303329468,-0.0021153211127966642
b0,real_world,source_z_l2_mean4,File_Cabinet,middle_relative,35,-0.07389351682723039,0.12512631647288114,0.580952380952381,105,0.0,6,0.5669429302215576,3,-0.021653177216649055,0.0964035838842392
b0,real_world,source_z_l2_mean4,File_Cabinet,strong_relative,8,0.18891388236746126,0.0627138851271879,0.5416666666666666,24,,0,0.04720204696059227,0,0.021184490993618965,0.0
b0,real_world,source_z_l2_mean4,Flipflops,weak_relative,22,-0.20211928360933157,-0.28116530855548943,0.5692307692307692,65,0.5,4,0.21325545012950897,2,-0.03910566493868828,-0.03312951698899269
b0,real_world,source_z_l2_mean4,Flipflops,middle_relative,17,-0.06374732391448278,-0.010492970531398506,0.5882352941176471,51,0.5,2,0.15499500930309296,1,-0.02700735442340374,-0.015170165337622166
b0,real_world,source_z_l2_mean4,Flipflops,strong_relative,46,0.016767845911129904,-0.28691961306288727,0.6222222222222222,135,0.5,4,0.06553293019533157,2,0.005493818316608667,-4.4249336497159675e-05
b0,real_world,source_z_l2_mean4,Flowers,weak_relative,5,-0.1776714237637081,0.5531391372035491,0.5333333333333333,15,,0,0.0007712243823334575,0,-0.00013656950613949448,-5.125883490109118e-06
b0,real_world,source_z_l2_mean4,Flowers,middle_relative,18,-0.10389056378453056,0.15939795321243444,0.42592592592592593,54,,0,0.003321837168186903,0,-0.0008147156913764775,0.0
b0,real_world,source_z_l2_mean4,Flowers,strong_relative,52,-0.11138876910157065,-0.07115845087889805,0.5960264900662252,151,0.0,2,0.03941720351576805,1,-0.018496673554182053,0.0
b0,real_world,source_z_l2_mean4,Folder,weak_relative,26,-0.28513665668368704,0.06782501815454377,0.3717948717948718,78,0.4090909090909091,22,1.984683871269226,11,-0.4747089743614197,-0.40817973017692566
b0,real_world,source_z_l2_mean4,Folder,middle_relative,24,-0.460482205222965,0.34849200654360185,0.1527777777777778,72,0.16666666666666666,24,1.7418681383132935,12,-0.6690466403961182,-0.27037379145622253
b0,real_world,source_z_l2_mean4,Folder,strong_relative,7,-0.4116263364701401,-0.34639496320499685,0.2857142857142857,21,0.25,8,1.7834786176681519,4,-0.7112106680870056,0.026939524337649345
b0,real_world,source_z_l2_mean4,Fork,weak_relative,14,0.059867283716813324,0.00430837270097635,0.7142857142857143,42,0.5,4,0.6601873636245728,2,0.056167833507061005,0.14785446226596832
b0,real_world,source_z_l2_mean4,Fork,middle_relative,13,0.4457764791746305,0.16329455769566628,0.5384615384615384,39,0.5,2,0.7298697233200073,1,0.021223876625299454,-0.1253991723060608
b0,real_world,source_z_l2_mean4,Fork,strong_relative,9,-0.03513893806849213,-0.2509917412646676,0.48148148148148145,27,0.5,2,0.29209136962890625,1,-0.007889864966273308,-0.12002243101596832
b0,real_world,source_z_l2_mean4,Glasses,weak_relative,13,0.21248249952859896,0.16346243894953674,0.4864864864864865,37,,0,0.04027770459651947,0,0.0026118371170014143,-0.0022178213112056255
b0,real_world,source_z_l2_mean4,Glasses,middle_relative,25,0.22722033093557675,0.189617228163563,0.625,72,,0,0.02557305246591568,0,0.000508052995428443,0.007341643795371056
b0,real_world,source_z_l2_mean4,Glasses,strong_relative,22,0.1609671334863305,-0.008582938367757384,0.696969696969697,66,,0,0.03772500157356262,0,-0.004292363300919533,0.0009465274051763117
b0,real_world,source_z_l2_mean4,Hammer,weak_relative,26,-0.20028433319846528,-0.19800360210485363,0.5,78,0.3333333333333333,12,0.6603438258171082,6,-0.0761871486902237,0.0370335690677166
b0,real_world,source_z_l2_mean4,Hammer,middle_relative,20,0.09892661068887042,-0.00933861669641859,0.5666666666666667,60,0.875,8,1.0547953844070435,4,0.07958540320396423,0.17221011221408844
b0,real_world,source_z_l2_mean4,Hammer,strong_relative,6,-0.09961938041501142,-0.17287926239810833,0.23529411764705882,17,0.5,2,0.5623443722724915,1,-0.2872403562068939,-0.518073558807373
b0,real_world,source_z_l2_mean4,Helmet,weak_relative,14,0.017543000668875767,0.1980400344601872,0.5365853658536586,41,,0,0.29540079832077026,0,0.025038277730345726,0.06475505232810974
b0,real_world,source_z_l2_mean4,Helmet,middle_relative,7,0.1394270129713253,-0.11452962661153292,0.5714285714285714,21,,0,0.11710386723279953,0,0.04008495435118675,0.05387592688202858
b0,real_world,source_z_l2_mean4,Helmet,strong_relative,39,0.2581945172984462,0.15207034991902088,0.6330275229357798,109,,0,0.04209483787417412,0,0.01007960457354784,-0.0033219014294445515
b0,real_world,source_z_l2_mean4,Kettle,weak_relative,15,0.05666030733774285,0.18085576230166084,0.4888888888888889,45,0.3333333333333333,6,0.4582363963127136,3,-0.019829940050840378,0.07502809911966324
b0,real_world,source_z_l2_mean4,Kettle,middle_relative,22,-0.08815022085083495,-0.1492000611113227,0.4393939393939394,66,,0,0.218263640999794,0,-0.0358569361269474,-0.05717435106635094
b0,real_world,source_z_l2_mean4,Kettle,strong_relative,35,-0.14734719048386266,-0.21356392497842075,0.5353535353535354,99,0.0,2,0.26718413829803467,1,-0.08478188514709473,-0.0648135393857956
b0,real_world,source_z_l2_mean4,Keyboard,weak_relative,37,-0.29120677326613204,-0.01956844749006486,0.37272727272727274,110,0.0,10,0.2470472753047943,5,-0.12780027091503143,-0.09413285553455353
b0,real_world,source_z_l2_mean4,Keyboard,middle_relative,17,-0.0016640196194469738,0.2330009445835419,0.43137254901960786,51,0.5,4,0.14499905705451965,2,-0.026439305394887924,-0.021834297105669975
b0,real_world,source_z_l2_mean4,Keyboard,strong_relative,21,-0.05825272767834517,0.1670291382910333,0.5396825396825397,63,,0,0.08722107857465744,0,-0.019807567819952965,-0.03667972609400749
b0,real_world,source_z_l2_mean4,Knives,weak_relative,22,0.1159048967588846,0.14382185563474945,0.671875,64,0.5,4,0.6132706999778748,2,-0.014092836529016495,-0.18879160284996033
b0,real_world,source_z_l2_mean4,Knives,middle_relative,28,-0.027486726426543998,0.039083377408154506,0.7380952380952381,84,0.8333333333333334,6,0.38536518812179565,3,-0.016644779592752457,-0.07273682206869125
b0,real_world,source_z_l2_mean4,Knives,strong_relative,33,-0.027950764616956794,-0.0024789963277630513,0.6060606060606061,99,0.4,10,0.3219712972640991,5,0.044885482639074326,-0.0492115393280983
b0,real_world,source_z_l2_mean4,Lamp_Shade,weak_relative,14,-0.12226337825396863,-0.23761508748966062,0.5952380952380952,42,0.25,4,0.5201975703239441,2,-0.09562807530164719,0.056367672979831696
b0,real_world,source_z_l2_mean4,Lamp_Shade,middle_relative,26,-0.02615452113617562,-0.02945968038487798,0.5897435897435898,78,0.5833333333333334,12,0.5236804485321045,6,-0.008863837458193302,-0.05970366671681404
b0,real_world,source_z_l2_mean4,Lamp_Shade,strong_relative,38,-0.11144876932414714,-0.20001885676350603,0.6283185840707964,113,0.6428571428571429,14,0.5983573198318481,7,0.020517831668257713,0.010761948302388191
b0,real_world,source_z_l2_mean4,Laptop,weak_relative,22,0.41854046369610787,0.4018693963520709,0.5909090909090909,66,0.75,4,0.5725756287574768,2,0.25951531529426575,0.008724481798708439
b0,real_world,source_z_l2_mean4,Laptop,middle_relative,31,0.33310226025057993,0.2765108290355175,0.6021505376344086,93,0.8333333333333334,12,0.5629935264587402,6,0.25460168719291687,0.00336208357475698
b0,real_world,source_z_l2_mean4,Laptop,strong_relative,14,0.24875201110113873,0.3366319699806099,0.5714285714285714,42,0.5,4,0.373994380235672,2,0.08622615039348602,0.03336541727185249
b0,real_world,source_z_l2_mean4,Marker,weak_relative,8,0.04882284362103953,0.1990125746675808,0.4583333333333333,24,1.0,6,1.3166837692260742,3,0.14148637652397156,0.030408788472414017
b0,real_world,source_z_l2_mean4,Marker,middle_relative,7,0.07850960868862143,0.10601401647009327,0.6666666666666666,21,1.0,2,2.165135622024536,1,0.5228461623191833,1.1763696670532227
b0,real_world,source_z_l2_mean4,Marker,strong_relative,8,-0.2487948152016894,-0.14881529246708675,0.4583333333333333,24,0.0,2,2.5604326725006104,1,-0.2919180989265442,0.8458251953125
b0,real_world,source_z_l2_mean4,Monitor,weak_relative,14,0.343531441868268,-0.2089474838764663,0.5714285714285714,42,0.6428571428571429,14,1.2818386554718018,7,0.2843971848487854,0.5239318609237671
b0,real_world,source_z_l2_mean4,Monitor,middle_relative,30,-0.09627426726457321,-0.31173320365671026,0.4666666666666667,90,0.4583333333333333,24,1.3638886213302612,12,-0.12932954728603363,0.2078717201948166
b0,real_world,source_z_l2_mean4,Monitor,strong_relative,27,-0.0714539989800123,-0.15006431204681342,0.5555555555555556,81,0.6428571428571429,14,0.5396782755851746,7,-0.03570185974240303,0.0017274676356464624
b0,real_world,source_z_l2_mean4,Mop,weak_relative,12,0.652559045494873,0.765682049757555,0.8055555555555556,36,0.8571428571428571,14,1.4589629173278809,7,0.4068424701690674,0.03133310377597809
b0,real_world,source_z_l2_mean4,Mop,middle_relative,18,0.3945261703295503,0.39683796497555246,0.6666666666666666,54,0.75,8,1.269601821899414,4,0.1765449047088623,0.05171199142932892
b0,real_world,source_z_l2_mean4,Mop,strong_relative,16,0.5927403796432499,0.6012808367289155,0.7291666666666666,48,0.9166666666666666,12,1.3973901271820068,6,0.46814632415771484,-0.0747077465057373
b0,real_world,source_z_l2_mean4,Mouse,weak_relative,27,-0.005658771197671811,0.013910471210094835,0.5925925925925926,81,0.35714285714285715,14,0.629030168056488,7,0.08788905292749405,0.07194475084543228
b0,real_world,source_z_l2_mean4,Mouse,middle_relative,17,0.0681319469644953,0.3130674464357036,0.45098039215686275,51,0.5,4,0.19699491560459137,2,0.019190713763237,-0.05276453495025635
b0,real_world,source_z_l2_mean4,Mouse,strong_relative,16,-0.22185057993745927,-0.26304828045239,0.5106382978723404,47,0.3333333333333333,6,0.4088830053806305,3,-0.038242243230342865,-0.16688311100006104
b0,real_world,source_z_l2_mean4,Mug,weak_relative,31,0.2906403209154749,0.16831971751381541,0.6451612903225806,93,0.8333333333333334,6,0.13069289922714233,3,0.037930164486169815,0.0011592115042731166
b0,real_world,source_z_l2_mean4,Mug,middle_relative,22,0.20224724410085293,0.11908158469436834,0.696969696969697,66,,0,0.19755429029464722,0,0.007604044862091541,-0.054193273186683655
b0,real_world,source_z_l2_mean4,Mug,strong_relative,5,0.628547367725378,0.60668722647603,0.6666666666666666,15,1.0,2,0.43716534972190857,1,0.1487036496400833,-0.04051706939935684
b0,real_world,source_z_l2_mean4,Notebook,weak_relative,38,-0.12672205917642282,-0.05394322831553678,0.43859649122807015,114,0.375,8,0.7736361622810364,4,-0.14314232766628265,-0.18661558628082275
b0,real_world,source_z_l2_mean4,Notebook,middle_relative,13,-0.06797149522174306,0.37561989980140265,0.3333333333333333,39,0.5,6,1.0882624387741089,3,-0.02353392168879509,0.14223113656044006
b0,real_world,source_z_l2_mean4,Notebook,strong_relative,17,-0.20650873730646369,0.12274616341849445,0.5098039215686274,51,0.3333333333333333,12,1.1260600090026855,6,-0.18810182809829712,-0.14058172702789307
b0,real_world,source_z_l2_mean4,Oven,weak_relative,23,0.13666960634664185,0.37742014416167263,0.42028985507246375,69,0.6428571428571429,14,0.8523181676864624,7,0.04392555356025696,0.049112796783447266
b0,real_world,source_z_l2_mean4,Oven,middle_relative,17,0.04425216136639284,0.08869153230617362,0.5098039215686274,51,0.0,4,0.708488941192627,2,0.011692790314555168,-0.14388833940029144
b0,real_world,source_z_l2_mean4,Oven,strong_relative,24,-0.013725811155171073,0.22080830160895332,0.5285714285714286,70,1.0,2,0.2597075402736664,1,-0.0442061610519886,0.013944794423878193
b0,real_world,source_z_l2_mean4,Pan,weak_relative,7,0.315997823126192,-0.24521181210273327,0.6190476190476191,21,0.375,8,1.1003787517547607,4,0.015764975920319557,-0.20024459064006805
b0,real_world,source_z_l2_mean4,Pan,middle_relative,10,0.17488667783649453,-0.11346715760923465,0.5666666666666667,30,0.6666666666666666,6,0.9677761197090149,3,-0.005929005332291126,-0.17775572836399078
b0,real_world,source_z_l2_mean4,Pan,strong_relative,13,0.2224416527529969,0.14098724620253134,0.6666666666666666,39,,0,0.5845813155174255,0,0.013999463059008121,0.0307353176176548
b0,real_world,source_z_l2_mean4,Paper_Clip,weak_relative,31,0.10122456589629213,0.1261092180778946,0.5268817204301075,93,0.75,8,0.9370025992393494,4,0.16143740713596344,0.03848521411418915
b0,real_world,source_z_l2_mean4,Paper_Clip,middle_relative,28,0.06373317066760886,0.1391223548471246,0.5357142857142857,84,0.8333333333333334,6,0.5230002999305725,3,0.025445882230997086,0.1249728873372078
b0,real_world,source_z_l2_mean4,Paper_Clip,strong_relative,9,-0.2816224458540177,-0.18960813926004777,0.5925925925925926,27,0.0,2,0.4673096239566803,1,0.06150870770215988,0.21266764402389526
b0,real_world,source_z_l2_mean4,Pen,weak_relative,23,-0.09639758925520504,-0.2351880704564856,0.6086956521739131,69,0.5,16,0.6331859827041626,8,-0.020802827551960945,0.018817666918039322
b0,real_world,source_z_l2_mean4,Pen,middle_relative,28,-0.07439538488816994,-0.05193099197762156,0.42857142857142855,84,0.2,10,0.45276692509651184,5,-0.10415374487638474,-0.12508313357830048
b0,real_world,source_z_l2_mean4,Pen,strong_relative,14,0.2513057719922462,-0.051593482412389986,0.7380952380952381,42,0.5,4,0.2869392931461334,2,0.06675858050584793,-0.008451097644865513
b0,real_world,source_z_l2_mean4,Pencil,weak_relative,32,0.13715639297817836,0.16948262904451603,0.5416666666666666,96,0.5625,16,0.7439112663269043,8,0.10520170629024506,0.11118276417255402
b0,real_world,source_z_l2_mean4,Pencil,middle_relative,20,0.11523328427836578,0.2504772124581975,0.5166666666666667,60,0.5,12,0.5536790490150452,6,0.01694326661527157,0.0025679380632936954
b0,real_world,source_z_l2_mean4,Pencil,strong_relative,7,0.11628580639840318,0.18746847988268386,0.42857142857142855,21,0.0,4,1.0707274675369263,2,-0.055624671280384064,0.18543866276741028
b0,real_world,source_z_l2_mean4,Postit_Notes,weak_relative,13,0.05705805604017232,0.015640039883591313,0.5641025641025641,39,0.5,6,1.3106367588043213,3,0.07845859229564667,0.1998165398836136
b0,real_world,source_z_l2_mean4,Postit_Notes,middle_relative,26,0.20674232440604753,0.1000466477768824,0.6025641025641025,78,0.5,22,1.5287377834320068,11,0.31085002422332764,0.09976990520954132
b0,real_world,source_z_l2_mean4,Postit_Notes,strong_relative,28,0.5200936630452159,0.18404200455397454,0.75,84,0.9166666666666666,24,1.1853853464126587,12,0.35882553458213806,-0.0017236212734133005
b0,real_world,source_z_l2_mean4,Printer,weak_relative,16,0.20906335442221766,0.010919025780694345,0.7291666666666666,48,0.5,2,0.3025968670845032,1,0.06509186327457428,0.01929960399866104
b0,real_world,source_z_l2_mean4,Printer,middle_relative,14,0.45187022060669135,0.21796906851865577,0.7857142857142857,42,1.0,2,0.2527034878730774,1,0.07833950221538544,-0.019043846055865288
b0,real_world,source_z_l2_mean4,Printer,strong_relative,22,0.1132484163339985,-0.07791906884046566,0.7121212121212122,66,0.7,10,0.4765034019947052,5,0.18601569533348083,-0.0017361030913889408
b0,real_world,source_z_l2_mean4,Push_Pin,weak_relative,28,0.09420733898229303,0.06540773172818813,0.5119047619047619,84,0.7,10,0.6188403964042664,5,0.12977291643619537,0.14942939579486847
b0,real_world,source_z_l2_mean4,Push_Pin,middle_relative,21,-0.053685336310005126,-0.05219373863582881,0.6190476190476191,63,,0,0.25405460596084595,0,0.045896004885435104,0.0061422353610396385
b0,real_world,source_z_l2_mean4,Radio,weak_relative,16,-0.35434417589800377,0.18019788918921423,0.25,48,0.375,8,1.0480563640594482,4,-0.34897279739379883,-0.503036618232727
b0,real_world,source_z_l2_mean4,Radio,middle_relative,30,-0.19539000813692656,0.075735366422643,0.34444444444444444,90,0.5,2,0.47175195813179016,1,-0.050182171165943146,0.001505655120126903
b0,real_world,source_z_l2_mean4,Radio,strong_relative,20,0.15003221563313762,0.496143296957516,0.48333333333333334,60,0.4,10,0.3997894525527954,5,-0.06398606300354004,-0.11432506889104843
b0,real_world,source_z_l2_mean4,Refrigerator,weak_relative,21,0.22832052283703197,-0.0012589822653560916,0.6507936507936508,63,0.75,4,0.22909380495548248,2,0.02669755555689335,-0.021244456991553307
b0,real_world,source_z_l2_mean4,Refrigerator,middle_relative,27,0.24884639446636717,-0.04470766524182155,0.7654320987654321,81,0.7,10,0.32019859552383423,5,0.05707929655909538,-0.09384197741746902
b0,real_world,source_z_l2_mean4,Refrigerator,strong_relative,27,0.15185905617581608,0.027394547350798035,0.7530864197530864,81,0.75,4,0.42170387506484985,2,0.08189311623573303,-0.007273559924215078
b0,real_world,source_z_l2_mean4,Ruler,weak_relative,21,-0.0374120126536153,0.0532656063990533,0.4166666666666667,60,0.5,4,0.22389963269233704,2,0.06574583798646927,0.040996480733156204
b0,real_world,source_z_l2_mean4,Ruler,middle_relative,19,0.07501166645980714,0.0025129641820461728,0.5,50,,0,0.0586547926068306,0,0.001463250839151442,0.00013580020458903164
b0,real_world,source_z_l2_mean4,Scissors,weak_relative,30,-0.0034484214573902014,-0.07684611993233406,0.5888888888888889,90,0.5,2,0.15738041698932648,1,-0.027687080204486847,-0.01256643421947956
b0,real_world,source_z_l2_mean4,Scissors,middle_relative,24,0.23924644143205895,0.1842025820055653,0.6666666666666666,72,,0,0.16200649738311768,0,0.03054189868271351,0.035026971250772476
b0,real_world,source_z_l2_mean4,Scissors,strong_relative,23,0.10668650086072741,-0.07091257638205542,0.6956521739130435,69,0.5,2,0.10665681958198547,1,0.00864627119153738,-0.0037020528689026833
b0,real_world,source_z_l2_mean4,Screwdriver,weak_relative,19,0.049857170753421415,-0.26740458899796826,0.543859649122807,57,0.5,14,1.5526067018508911,7,0.3273061513900757,0.27008622884750366
b0,real_world,source_z_l2_mean4,Screwdriver,middle_relative,20,-0.32302715252699477,-0.12671386716264224,0.26666666666666666,60,0.21428571428571427,14,1.1719895601272583,7,-0.397335946559906,-0.25336548686027527
b0,real_world,source_z_l2_mean4,Screwdriver,strong_relative,12,0.45080822029478557,0.5858044916879386,0.5277777777777778,36,0.5,4,0.7002964019775391,2,0.1098346933722496,-0.014152477495372295
b0,real_world,source_z_l2_mean4,Shelf,weak_relative,24,-0.20725049364915313,-0.15686793195494508,0.4583333333333333,72,0.5,12,0.7930925488471985,6,-0.1813041716814041,-0.25114813446998596
b0,real_world,source_z_l2_mean4,Shelf,middle_relative,23,-0.37322524109548855,-0.38137856827947264,0.42028985507246375,69,0.2,10,0.6665504574775696,5,-0.259456992149353,-0.0848749652504921
b0,real_world,source_z_l2_mean4,Shelf,strong_relative,19,-0.23390428006951533,-0.0768514143524958,0.3684210526315789,57,0.4,10,0.692184567451477,5,-0.1543176919221878,-0.08859282732009888
b0,real_world,source_z_l2_mean4,Sink,weak_relative,16,0.36716442426399726,0.09128580494231693,0.8043478260869565,46,0.75,4,0.6378347873687744,2,0.19941529631614685,0.16590891778469086
b0,real_world,source_z_l2_mean4,Sink,middle_relative,22,0.21783071799587872,0.11904132572721586,0.7575757575757576,66,0.6666666666666666,6,0.5678255558013916,3,0.05021028593182564,-0.025990335270762444
b0,real_world,source_z_l2_mean4,Sink,strong_relative,39,0.28127975151338536,0.06547487566818054,0.75,116,1.0,6,0.2013518065214157,3,0.06125018000602722,0.0004261910798959434
b0,real_world,source_z_l2_mean4,Sneakers,weak_relative,26,0.021345322874835263,-0.05457129587442636,0.6133333333333333,75,,0,0.0033213035203516483,0,0.00043640597141347826,0.0002671349502634257
b0,real_world,source_z_l2_mean4,Sneakers,middle_relative,25,-0.17614967887669988,-0.17694182661881805,0.56,75,0.0,2,0.06473866105079651,1,-0.036660462617874146,2.3256790882442147e-05
b0,real_world,source_z_l2_mean4,Sneakers,strong_relative,37,-0.030155138914077607,-0.14327043564525815,0.6636363636363637,110,0.5,2,0.0356999933719635,1,0.004263145383447409,-0.006165854632854462
b0,real_world,source_z_l2_mean4,Soda,weak_relative,24,0.3401757481398219,-0.021536681547306438,0.8333333333333334,72,1.0,4,0.2948702275753021,2,0.09981957823038101,0.18138325214385986
b0,real_world,source_z_l2_mean4,Soda,middle_relative,24,-0.07571340664316567,-0.05203800480695691,0.7142857142857143,70,0.5,4,0.38649794459342957,2,-0.0693328008055687,0.048481542617082596
b0,real_world,source_z_l2_mean4,Soda,strong_relative,15,0.4482946905422498,0.1136279597931842,0.8636363636363636,44,1.0,2,0.19166606664657593,1,0.06118406355381012,0.0006998737808316946
b0,real_world,source_z_l2_mean4,Speaker,weak_relative,13,0.02357734616742504,0.11922330309573594,0.5128205128205128,39,0.375,8,0.8954375386238098,4,0.050793055444955826,-0.15011325478553772
b0,real_world,source_z_l2_mean4,Speaker,middle_relative,24,0.2098984931882296,0.19039050076297287,0.6388888888888888,72,0.5,10,0.8847060203552246,5,0.19245387613773346,0.06836765259504318
b0,real_world,source_z_l2_mean4,Speaker,strong_relative,44,0.2008879932870655,0.09187701054953094,0.6287878787878788,132,0.8333333333333334,18,0.7264511585235596,9,0.3002028465270996,0.027084046974778175
b0,real_world,source_z_l2_mean4,Spoon,weak_relative,21,0.21001495420453636,-0.02186546130870242,0.5873015873015873,63,0.5,12,0.7275742292404175,6,0.06339242309331894,-0.06890358775854111
b0,real_world,source_z_l2_mean4,Spoon,middle_relative,19,0.38191521516929666,-0.0766265324227497,0.7543859649122807,57,0.75,12,0.8775809407234192,6,0.20202140510082245,0.09956183284521103
b0,real_world,source_z_l2_mean4,Spoon,strong_relative,14,0.057425410638241414,-0.37348833155774297,0.5952380952380952,42,0.375,8,1.181908369064331,4,0.16631834208965302,0.1499723345041275
b0,real_world,source_z_l2_mean4,TV,weak_relative,17,0.0036542134719196413,0.13750867475848208,0.43137254901960786,51,0.4375,16,1.296278953552246,8,-0.11363393068313599,0.1605008840560913
b0,real_world,source_z_l2_mean4,TV,middle_relative,20,-0.346825139935291,-0.2898664404515804,0.38333333333333336,60,0.375,8,1.0051956176757812,4,-0.27475351095199585,-0.20882968604564667
b0,real_world,source_z_l2_mean4,TV,strong_relative,16,-0.04641344369049797,-0.09065073485903924,0.4375,48,0.75,4,0.3220451772212982,2,0.01993280090391636,0.0064516812562942505
b0,real_world,source_z_l2_mean4,Table,weak_relative,24,-0.09170438713045295,-0.10508393599319865,0.5555555555555556,72,0.0,4,0.1812392622232437,2,-0.07035369426012039,-0.022548412904143333
b0,real_world,source_z_l2_mean4,Table,middle_relative,21,0.0063596141968080035,-0.001967369736733983,0.6666666666666666,63,,0,0.21995531022548676,0,-0.02108186110854149,-0.027623262256383896
b0,real_world,source_z_l2_mean4,Table,strong_relative,14,0.42011322285249075,0.23589600234814298,0.6585365853658537,41,0.7,10,0.49873751401901245,5,0.08295784145593643,0.00042414566269144416
b0,real_world,source_z_l2_mean4,Telephone,weak_relative,20,-0.17206147463031468,-0.24374950098657763,0.10344827586206896,58,0.0,2,0.3522910177707672,1,-0.15889786183834076,-0.24365060031414032
b0,real_world,source_z_l2_mean4,Telephone,middle_relative,30,0.13817222572337734,-0.0598709101187213,0.3103448275862069,87,0.8333333333333334,6,0.3271276652812958,3,0.11932255327701569,-0.009505193680524826
b0,real_world,source_z_l2_mean4,Telephone,strong_relative,32,0.08249987073255168,0.2832454952911779,0.48936170212765956,94,0.6666666666666666,12,0.42775455117225647,6,0.11415247619152069,-0.04136472940444946
b0,real_world,source_z_l2_mean4,ToothBrush,weak_relative,23,-0.06097565499584166,-0.025474296878696432,0.5652173913043478,69,0.6,10,0.7350760698318481,5,0.08829201757907867,0.03310033679008484
b0,real_world,source_z_l2_mean4,ToothBrush,middle_relative,29,-0.1474610002028549,-0.019043425461843493,0.4482758620689655,87,0.3333333333333333,6,0.27821487188339233,3,0.0068599809892475605,0.006395033560693264
b0,real_world,source_z_l2_mean4,ToothBrush,strong_relative,33,-0.37320199421640954,-0.2733394814841348,0.3434343434343434,99,0.16666666666666666,12,0.5834243893623352,6,-0.10335222631692886,0.05111108347773552
b0,real_world,source_z_l2_mean4,Toys,weak_relative,32,-0.07541536582669815,0.181992272493143,0.5208333333333334,96,0.5357142857142857,28,1.820936679840088,14,-0.4301806092262268,-0.6735986471176147
b0,real_world,source_z_l2_mean4,Toys,middle_relative,22,0.17521131330414863,0.5654899507068505,0.5909090909090909,66,0.5,20,2.1015803813934326,10,0.01651138812303543,-0.1610848605632782
b0,real_world,source_z_l2_mean4,Toys,strong_relative,13,0.38092177592534004,0.6700934908930096,0.717948717948718,39,0.6666666666666666,6,1.8064993619918823,3,0.5073622465133667,0.0002875308273360133
b0,real_world,source_z_l2_mean4,Trash_Can,weak_relative,42,0.3317705886979427,-0.03019776728748173,0.7380952380952381,126,0.8333333333333334,18,0.39163699746131897,9,0.0991162434220314,0.12610915303230286
b0,real_world,source_z_l2_mean4,Trash_Can,middle_relative,26,0.18753683026660595,0.0076951990255086965,0.6923076923076923,78,0.8333333333333334,6,0.869718611240387,3,0.10750090330839157,0.011483944021165371
b0,real_world,source_z_l2_mean4,Trash_Can,strong_relative,13,0.07208298086751107,-0.030309173321783095,0.5384615384615384,39,0.5,4,0.6771215200424194,2,-0.061813272535800934,0.06103818863630295
b0,real_world,source_z_l2_mean4,Webcam,weak_relative,13,0.042573030740852225,0.08878510427899597,0.7631578947368421,38,0.5,2,0.5110019445419312,1,-0.11609861254692078,-0.30221694707870483
b0,real_world,source_z_l2_mean4,Webcam,middle_relative,13,0.032085804028075794,0.1280535889900283,0.6153846153846154,39,1.0,2,0.3767619729042053,1,0.08961662650108337,0.0026459963992238045
b0,real_world,source_z_l2_mean4,Webcam,strong_relative,23,0.0686524399758257,-0.05119929540076402,0.5735294117647058,68,,0,0.20673631131649017,0,0.019839677959680557,-0.0003826864412985742
r4_real,real_world,cosine_mean4,Alarm_Clock,weak_relative,23,-0.3599685438037853,-0.36524967526592406,0.5789473684210527,38,,0,0.0011830272851511836,0,-0.0004629903705790639,-9.048583706317004e-06
r4_real,real_world,cosine_mean4,Alarm_Clock,middle_relative,19,-0.2923961935717548,-0.1448702539856131,0.5882352941176471,34,,0,0.0013177196960896254,0,7.139993977034464e-05,0.0006480861338786781
r4_real,real_world,cosine_mean4,Alarm_Clock,strong_relative,44,-0.057623473050597174,-0.07159096958256765,0.68,75,,0,0.0037887769285589457,0,-0.0004542998212855309,-0.0003149650292471051
r4_real,real_world,cosine_mean4,Backpack,weak_relative,16,0.016252940413076594,0.46594517900803417,0.47619047619047616,21,,0,0.00010201316035818309,0,-1.340360086032888e-06,-4.730120963358786e-06
r4_real,real_world,cosine_mean4,Backpack,middle_relative,23,-0.07133872411545064,0.04796101316830578,0.5348837209302325,43,,0,0.0005092695937491953,0,3.148198447888717e-05,0.00016807318024802953
r4_real,real_world,cosine_mean4,Backpack,strong_relative,60,0.13869884830637585,-0.030083156842778465,0.651685393258427,89,,0,0.00012245409016031772,0,2.6456606065039523e-05,0.0
r4_real,real_world,cosine_mean4,Batteries,weak_relative,28,0.09323016396567173,-0.22357029847152698,0.5964912280701754,57,,0,0.0032249190844595432,0,0.0005882023833692074,-0.00014444670523516834
r4_real,real_world,cosine_mean4,Batteries,middle_relative,27,0.14117202215773345,0.4761072368461197,0.5636363636363636,55,,0,0.0018520877929404378,0,-3.906234269379638e-05,0.00013129247236065567
r4_real,real_world,cosine_mean4,Batteries,strong_relative,9,-0.3854257869700339,-0.24235319061481087,0.3333333333333333,18,,0,0.00026694845291785896,0,-9.318169759353623e-05,3.575486289264518e-07
r4_real,real_world,cosine_mean4,Bed,weak_relative,12,-0.32865568775590065,0.36189013481598653,0.038461538461538464,26,,0,0.007940630428493023,0,-0.0038336089346557856,-0.00035657917032949626
r4_real,real_world,cosine_mean4,Bed,middle_relative,18,-0.2525174765739073,-0.10198340824828477,0.3269230769230769,52,,0,0.0066021522507071495,0,-0.001482797903008759,-2.776293331407942e-05
r4_real,real_world,cosine_mean4,Bed,strong_relative,53,-0.11651902793287876,-0.02045975171680123,0.31496062992125984,127,,0,0.00344731449149549,0,-0.0006246752454899251,-0.00043311575427651405
r4_real,real_world,cosine_mean4,Bike,weak_relative,29,-0.17357810463245765,-0.014204692466687955,0.5,42,,0,0.00025018781889230013,0,-5.934043656452559e-05,-4.637149686459452e-05
r4_real,real_world,cosine_mean4,Bike,middle_relative,37,0.25671765981561806,0.025787049886597524,0.6909090909090909,55,,0,0.0008259874884970486,0,0.0003338014066684991,0.0001607729500392452
r4_real,real_world,cosine_mean4,Bike,strong_relative,33,-0.17108233523725003,-0.033741281425523316,0.48148148148148145,27,,0,0.0003587032260838896,0,-0.00016019472968764603,-0.00013614766066893935
r4_real,real_world,cosine_mean4,Bottle,weak_relative,50,-0.17982478775736535,0.03654548872258896,0.5365853658536586,123,,0,0.010677840560674667,0,-0.0028547244146466255,-0.002507575787603855
r4_real,real_world,cosine_mean4,Bottle,middle_relative,21,-0.07935016584266609,0.44879857834517156,0.6610169491525424,59,,0,0.010102386586368084,0,-0.0006325655849650502,-0.0014929973985999823
r4_real,real_world,cosine_mean4,Bottle,strong_relative,7,0.3567242468752134,-0.13967169270025817,0.8823529411764706,17,,0,0.005886810831725597,0,0.0020651076920330524,0.0
r4_real,real_world,cosine_mean4,Bucket,weak_relative,24,0.3384652564103806,0.10786290373562732,0.8275862068965517,58,1.0,2,0.006679671350866556,1,0.0029810930136591196,0.00113211281131953
r4_real,real_world,cosine_mean4,Bucket,middle_relative,33,-0.008182352955970992,-0.09324221989330683,0.6987951807228916,83,,0,0.007633239962160587,0,-0.0002694828435778618,-0.0003277439100202173
r4_real,real_world,cosine_mean4,Bucket,strong_relative,23,0.26565409474434776,0.25060980565774843,0.660377358490566,53,,0,0.0064115338027477264,0,0.0006247119745239615,-0.0007991091115400195
r4_real,real_world,cosine_mean4,Calculator,weak_relative,34,0.2517352504535121,-0.38447896463312614,0.8571428571428571,98,,0,0.002195684239268303,0,0.0006086138309910893,0.0003735909704118967
r4_real,real_world,cosine_mean4,Calculator,middle_relative,29,0.3052851337804946,0.08248216554488695,0.775,80,,0,0.0012683324748650193,0,0.00037207762943580747,0.0005051410989835858
r4_real,real_world,cosine_mean4,Calculator,strong_relative,10,-0.0014918542280794964,-0.19758805353647732,0.7,30,,0,0.002627550158649683,0,-0.00021019752603024244,0.0
r4_real,real_world,cosine_mean4,Calendar,weak_relative,57,0.02132192765835526,-0.06750370136778021,0.6623376623376623,77,,0,0.00018014785018749535,0,2.1670018668373814e-06,-5.986808901070617e-05
r4_real,real_world,cosine_mean4,Calendar,middle_relative,11,0.2584558742282404,0.22468036545628323,0.6666666666666666,15,,0,3.730673051904887e-05,0,1.1324292245262768e-05,9.008863344206475e-06
r4_real,real_world,cosine_mean4,Candles,weak_relative,13,0.3344670015654718,0.25000175580119727,0.5833333333333334,24,,0,0.0006822273135185242,0,0.00021459112758748233,-1.4086166629567742e-05
r4_real,real_world,cosine_mean4,Candles,middle_relative,17,0.019765667030070665,-0.014348778502355875,0.5333333333333333,30,,0,8.034949860302731e-05,0,6.209257662703749e-06,3.329502942506224e-05
r4_real,real_world,cosine_mean4,Candles,strong_relative,69,-0.20434253621563095,-0.2161994392804292,0.47368421052631576,57,,0,0.00023573124781250954,0,-0.00010581503011053428,-1.369891469948925e-05
r4_real,real_world,cosine_mean4,Chair,weak_relative,23,-0.31159887229759387,-0.2883960566515746,0.6071428571428571,56,,0,0.006025089416652918,0,-0.0017138492548838258,-0.0021634940057992935
r4_real,real_world,cosine_mean4,Chair,middle_relative,38,-0.11767088114905373,0.13016393959312342,0.3786407766990291,103,,0,0.004610654432326555,0,-0.000552053505089134,0.00031864087213762105
r4_real,real_world,cosine_mean4,Chair,strong_relative,35,-0.2111047604794103,-0.20069795281218925,0.5588235294117647,68,,0,0.0028786605689674616,0,-0.0007706902106292546,-0.0003639969800133258
r4_real,real_world,cosine_mean4,Clipboards,weak_relative,23,0.22572715127881868,0.05622445799933745,0.7014925373134329,67,,0,0.01748289167881012,0,0.0019856628496199846,0.0021439355332404375
r4_real,real_world,cosine_mean4,Clipboards,middle_relative,34,0.45264043949888055,0.13190467387747415,0.7857142857142857,98,,0,0.015628527849912643,0,0.005379612557590008,0.0033065108582377434
r4_real,real_world,cosine_mean4,Clipboards,strong_relative,8,0.48299947503985285,0.26099467954169364,0.8333333333333334,24,,0,0.019506163895130157,0,0.007130207493901253,0.0
r4_real,real_world,cosine_mean4,Computer,weak_relative,25,0.5850309145236856,0.2037447426080258,0.7733333333333333,75,,0,0.022580675780773163,0,0.007855931296944618,0.007226001005619764
r4_real,real_world,cosine_mean4,Computer,middle_relative,25,0.5417075014872998,0.01785307629519706,0.7466666666666667,75,,0,0.023323703557252884,0,0.006141588557511568,0.00256517855450511
r4_real,real_world,cosine_mean4,Computer,strong_relative,14,0.4609933704778965,0.29375386206372217,0.7804878048780488,41,,0,0.016317348927259445,0,0.005499900318682194,0.002588635543361306
r4_real,real_world,cosine_mean4,Couch,weak_relative,17,-0.11458400534200697,-0.010823385509986384,0.4117647058823529,51,,0,0.014931664802134037,0,-0.0015377080999314785,-0.0002594920515548438
r4_real,real_world,cosine_mean4,Couch,middle_relative,29,-0.10612303304385412,0.05151434136453247,0.31645569620253167,79,0.0,2,0.011263646185398102,1,-0.0017936351941898465,-0.0017302990891039371
r4_real,real_world,cosine_mean4,Couch,strong_relative,30,0.13652759805785689,0.12120099285949502,0.35,80,,0,0.007737233769148588,0,0.0009263790561817586,0.00045176837011240423
r4_real,real_world,cosine_mean4,Curtains,weak_relative,19,0.3764886631837203,0.36367915335750456,0.6415094339622641,53,,0,0.002307635499164462,0,0.0005629905499517918,-0.00017569663759786636
r4_real,real_world,cosine_mean4,Curtains,middle_relative,16,0.1234469761142556,-0.5296317721661897,0.8780487804878049,41,,0,0.0014998698607087135,0,0.0005713049322366714,0.000876170233823359
r4_real,real_world,cosine_mean4,Curtains,strong_relative,38,0.2616042191714178,0.10365339038357808,0.7373737373737373,99,,0,0.004912371747195721,0,0.0012278322828933597,-0.0004346099740359932
r4_real,real_world,cosine_mean4,Desk_Lamp,weak_relative,19,-0.23660079023724737,-0.12737533300989642,0.5,56,,0,0.01688804291188717,0,-0.0036679862532764673,-0.002301835687831044
r4_real,real_world,cosine_mean4,Desk_Lamp,middle_relative,24,0.09904876671911526,0.23042684055569204,0.44285714285714284,70,,0,0.0060288324020802975,0,0.0001128350049839355,6.621229840675369e-05
r4_real,real_world,cosine_mean4,Desk_Lamp,strong_relative,19,-0.1199825599552115,-0.19173305865441678,0.47058823529411764,51,,0,0.008077588863670826,0,-0.001952356193214655,2.6167714395342045e-07
r4_real,real_world,cosine_mean4,Drill,weak_relative,13,-0.12600135752734756,0.037585980219100125,0.5,36,,0,0.022702641785144806,0,-0.006238043773919344,-0.0006141301710158587
r4_real,real_world,cosine_mean4,Drill,middle_relative,15,-0.21335213706478406,0.03415686600147609,0.29545454545454547,44,,0,0.018065987154841423,0,-0.004879227373749018,-0.00012780142424162477
r4_real,real_world,cosine_mean4,Drill,strong_relative,23,0.020091786151978725,0.20506865943776537,0.673469387755102,49,,0,0.001915633212774992,0,-0.00023086553846951574,1.801007783797104e-05
r4_real,real_world,cosine_mean4,Eraser,weak_relative,20,0.3709925118676298,-0.08848183584132094,0.8135593220338984,59,,0,0.021158987656235695,0,0.005822089500725269,0.0026447377167642117
r4_real,real_world,cosine_mean4,Eraser,middle_relative,9,0.4154904094285736,-0.006370505078606438,0.8148148148148148,27,,0,0.011119590140879154,0,0.004925070330500603,0.0017896872013807297
r4_real,real_world,cosine_mean4,Eraser,strong_relative,14,0.49032702659407995,0.1384398447565299,0.7631578947368421,38,,0,0.02239489182829857,0,0.0069252243265509605,0.0022959283087402582
r4_real,real_world,cosine_mean4,Exit_Sign,weak_relative,35,0.11545738838564121,-0.035190368766869914,0.5925925925925926,27,,0,0.00026940516545437276,0,2.8867843866464682e-05,-4.976991021976573e-06
r4_real,real_world,cosine_mean4,Exit_Sign,middle_relative,32,0.27916347155925497,0.21519658479497558,0.8108108108108109,37,,0,0.001453974051401019,0,0.0006239766953513026,0.00022292602807283401
r4_real,real_world,cosine_mean4,Exit_Sign,strong_relative,14,0.4455073273625174,0.5897517266006167,0.7435897435897436,39,,0,0.0037344961892813444,0,0.0016569665167480707,0.0
r4_real,real_world,cosine_mean4,Fan,weak_relative,23,0.14909573484966618,-0.04778193227391098,0.5555555555555556,63,,0,0.006833734922111034,0,0.0006610654527321458,0.0005217523430474102
r4_real,real_world,cosine_mean4,Fan,middle_relative,23,-0.047109107038703454,-0.1526333946540766,0.6101694915254238,59,,0,0.0025559912901371717,0,-0.00046820848365314305,-5.98926476413908e-07
r4_real,real_world,cosine_mean4,Fan,strong_relative,14,0.18422425067529713,0.2730701101621916,0.84375,32,,0,0.0026850278954952955,0,0.0008296561427414417,2.5089031623792835e-05
r4_real,real_world,cosine_mean4,File_Cabinet,weak_relative,15,0.1011776013218858,0.36117367135758577,0.5681818181818182,44,,0,0.012424206361174583,0,0.0007634813664481044,0.0003664771793410182
r4_real,real_world,cosine_mean4,File_Cabinet,middle_relative,35,0.059160407345478734,0.07892852194548357,0.5851063829787234,94,0.0,2,0.007242060732096434,1,0.00017317697347607464,0.00038562892586924136
r4_real,real_world,cosine_mean4,File_Cabinet,strong_relative,8,0.043901666842144235,0.2312785828683394,0.5,16,,0,0.0003251213929615915,0,7.901129720266908e-06,0.0
r4_real,real_world,cosine_mean4,Flipflops,weak_relative,22,0.27746688080880577,0.08170703227454648,0.7833333333333333,60,,0,0.003091482212767005,0,0.0010539466748014092,0.00030247383983805776
r4_real,real_world,cosine_mean4,Flipflops,middle_relative,17,0.25025849759006924,-0.015058120654297345,0.7142857142857143,42,,0,0.0033591336105018854,0,0.0011240827152505517,0.00034095317823812366
r4_real,real_world,cosine_mean4,Flipflops,strong_relative,46,0.1511343621111855,-0.2493467474991302,0.8956521739130435,115,,0,0.0014403962995857,0,0.00028273576754145324,-1.062808564711304e-06
r4_real,real_world,cosine_mean4,Flowers,weak_relative,5,0.5193396008465135,0.17930971351951974,0.8888888888888888,9,,0,4.1414030420128256e-05,0,1.8195394659414887e-05,7.389054985651455e-07
r4_real,real_world,cosine_mean4,Flowers,middle_relative,18,0.35804199883847904,0.2215700782717965,0.8,35,,0,0.00016072481230366975,0,6.698256765957922e-05,0.0
r4_real,real_world,cosine_mean4,Flowers,strong_relative,52,0.18519645691567238,0.06635159139863077,0.888,125,,0,0.000807926757261157,0,0.0003903212782461196,0.0
r4_real,real_world,cosine_mean4,Folder,weak_relative,26,-0.19459917177541505,0.10203987934551718,0.29333333333333333,75,,0,0.009648779407143593,0,-0.002156824804842472,-0.001029235660098493
r4_real,real_world,cosine_mean4,Folder,middle_relative,24,-0.41944905153034684,-0.18659954348156996,0.3333333333333333,72,,0,0.006180560681968927,0,-0.0025100584607571363,0.00017862401728052646
r4_real,real_world,cosine_mean4,Folder,strong_relative,7,0.47881354630384537,0.6502420848410478,0.6666666666666666,21,,0,0.01621353067457676,0,0.006878562271595001,1.2857572983193677e-05
r4_real,real_world,cosine_mean4,Fork,weak_relative,14,-0.12995447168861518,-0.03658232758541903,0.20512820512820512,39,,0,0.007360176648944616,0,-0.0010878441389650106,-0.0012260308722034097
r4_real,real_world,cosine_mean4,Fork,middle_relative,13,-0.1681994836247204,-0.2687698224817626,0.2777777777777778,36,,0,0.013385028578341007,0,-0.0037546332459896803,-0.0005058827227912843
r4_real,real_world,cosine_mean4,Fork,strong_relative,9,-0.5652410617415738,-0.49961596845109024,0.25,24,,0,0.0009933286346495152,0,-0.00035293959081172943,-0.00022813600662630051
r4_real,real_world,cosine_mean4,Glasses,weak_relative,13,-0.11448729508859867,0.041743656325932736,0.5294117647058824,17,,0,0.0005968384793959558,0,-5.642621181323193e-05,0.00016093697922769934
r4_real,real_world,cosine_mean4,Glasses,middle_relative,25,0.2742805032883954,0.12491607746018162,0.6774193548387096,31,,0,0.0002559690619818866,0,9.377874084748328e-05,4.555784471449442e-06
r4_real,real_world,cosine_mean4,Glasses,strong_relative,22,0.17983590169617256,-0.05478135176627059,0.6428571428571429,42,,0,0.00018148146045859903,0,6.25316024525091e-05,7.872205060266424e-06
r4_real,real_world,cosine_mean4,Hammer,weak_relative,26,-0.011651152420977372,-0.011904050878142612,0.42857142857142855,77,,0,0.0037864933256059885,0,-6.08307309448719e-05,0.000433215667726472
r4_real,real_world,cosine_mean4,Hammer,middle_relative,20,-0.3371887820629877,-0.3028733958650547,0.3389830508474576,59,,0,0.008603299036622047,0,-0.0024877118412405252,-0.0010125987464562058
r4_real,real_world,cosine_mean4,Hammer,strong_relative,6,-0.3103883187291219,-0.4666072130588029,0.4117647058823529,17,,0,0.010430076159536839,0,-0.001513723866082728,-2.8180850222270237e-06
r4_real,real_world,cosine_mean4,Helmet,weak_relative,14,-0.038144376969690655,0.44116917950617457,0.5,20,,0,0.005750767420977354,0,-0.0009061264572665095,-0.0007591438479721546
r4_real,real_world,cosine_mean4,Helmet,middle_relative,7,0.20787171959510028,-0.5450497297204533,0.6666666666666666,15,,0,0.007238800171762705,0,0.0023930866736918688,0.0042418516241014
r4_real,real_world,cosine_mean4,Helmet,strong_relative,39,0.23427240836384286,0.07160307979946631,0.8135593220338984,59,,0,0.0004772143147420138,0,0.00020140994456596673,8.79853996593738e-06
r4_real,real_world,cosine_mean4,Kettle,weak_relative,15,0.20719463002444682,0.14527710077589304,0.5384615384615384,39,,0,0.004157714545726776,0,0.0002651568502187729,1.7596579709788784e-05
r4_real,real_world,cosine_mean4,Kettle,middle_relative,22,-0.30359643298266065,-0.007999363171616003,0.42105263157894735,57,,0,0.0036322849337011576,0,-0.0010435517178848386,-0.0005241060862317681
r4_real,real_world,cosine_mean4,Kettle,strong_relative,35,-0.09454555912591177,-0.13625745236330622,0.4342105263157895,76,,0,0.002164217410609126,0,-0.00031897585722617805,-4.65042503492441e-05
r4_real,real_world,cosine_mean4,Keyboard,weak_relative,37,-0.2420824520676517,0.044528373202409786,0.27835051546391754,97,,0,0.002518897643312812,0,-0.0006535310531035066,-0.0006619340274482965
r4_real,real_world,cosine_mean4,Keyboard,middle_relative,17,-0.10268528761903059,-0.07995565800998193,0.3409090909090909,44,,0,0.0015409286133944988,0,-0.00017874815966933966,-0.0002836233761627227
r4_real,real_world,cosine_mean4,Keyboard,strong_relative,21,-0.24900122862902893,-0.1331121282087205,0.4489795918367347,49,,0,0.0007973088067956269,0,-0.00026017200434580445,-4.288179843570106e-05
r4_real,real_world,cosine_mean4,Knives,weak_relative,22,0.10786726845238064,-0.12807562830361024,0.6981132075471698,53,,0,0.008027130737900734,0,0.0017627637134864926,0.0023370443377643824
r4_real,real_world,cosine_mean4,Knives,middle_relative,28,0.21674725245922608,-0.20918711770924478,0.8571428571428571,70,,0,0.0072573344223201275,0,0.0023976939264684916,-0.0004207130114082247
r4_real,real_world,cosine_mean4,Knives,strong_relative,33,0.4298191569858481,0.03513895631188014,0.9506172839506173,81,,0,0.007574575487524271,0,0.003434724174439907,-3.612160170973766e-08
r4_real,real_world,cosine_mean4,Lamp_Shade,weak_relative,14,0.12116335020085417,-0.19297397751605735,0.717948717948718,39,,0,0.010486788116395473,0,0.003111366182565689,-1.1451159480202477e-05
r4_real,real_world,cosine_mean4,Lamp_Shade,middle_relative,26,0.3365737924212752,-0.05253306716327141,0.7972972972972973,74,,0,0.008638519793748856,0,0.002353288698941469,0.00039796537021175027
r4_real,real_world,cosine_mean4,Lamp_Shade,strong_relative,38,0.1638449971925321,-0.21167406495947041,0.6730769230769231,104,,0,0.009941532276570797,0,0.0021265288814902306,0.000508333498146385
r4_real,real_world,cosine_mean4,Laptop,weak_relative,22,-0.10450828926546601,-0.17439850109469862,0.5692307692307692,65,,0,0.003506102366372943,0,-8.560973219573498e-05,-0.00010018167085945606
r4_real,real_world,cosine_mean4,Laptop,middle_relative,31,-0.14137577586892716,-0.08449358863491482,0.6413043478260869,92,,0,0.004464417230337858,0,-0.0008336497121490538,-0.001096941065043211
r4_real,real_world,cosine_mean4,Laptop,strong_relative,14,0.2906889133937642,0.17184483475137563,0.5476190476190477,42,,0,0.00194505974650383,0,0.0003769710601773113,-3.238873978261836e-05
r4_real,real_world,cosine_mean4,Marker,weak_relative,8,0.10980071536588726,0.17065596644130968,0.5833333333333334,24,,0,0.009983671829104424,0,-0.0010176664218306541,-0.005608144216239452
r4_real,real_world,cosine_mean4,Marker,middle_relative,7,0.2975460548412984,-0.02363896014644099,0.5238095238095238,21,,0,0.015326674096286297,0,0.0017045779386535287,0.00042057462269440293
r4_real,real_world,cosine_mean4,Marker,strong_relative,8,0.046377095760152996,-0.44326765832722687,0.5,24,,0,0.023597002029418945,0,0.002999909222126007,0.0
r4_real,real_world,cosine_mean4,Monitor,weak_relative,14,-0.35384852874883965,0.09598212088473362,0.35714285714285715,42,,0,0.020059186965227127,0,-0.004233906976878643,-0.0042187790386378765
r4_real,real_world,cosine_mean4,Monitor,middle_relative,30,-0.24566903341972587,-0.15822340872508345,0.45555555555555555,90,,0,0.014803079888224602,0,-0.001226187450811267,-0.001999610336497426
r4_real,real_world,cosine_mean4,Monitor,strong_relative,27,-0.12203685273824426,-0.10994996178453338,0.43209876543209874,81,,0,0.010981791652739048,0,-0.0005639443988911808,0.0003901993331965059
r4_real,real_world,cosine_mean4,Mop,weak_relative,12,0.6771138609479199,0.4610479041411613,0.9722222222222222,36,,0,0.011544671840965748,0,0.005026602186262608,0.0029325485229492188
r4_real,real_world,cosine_mean4,Mop,middle_relative,18,0.02251299378391756,0.05455477793865769,0.5576923076923077,52,,0,0.0049444530159235,0,-0.00023035448975861073,0.00039426327566616237
r4_real,real_world,cosine_mean4,Mop,strong_relative,16,0.5614533214481888,0.4774973106497576,0.8222222222222222,45,,0,0.016080014407634735,0,0.006605375092476606,0.0023526933509856462
r4_real,real_world,cosine_mean4,Mouse,weak_relative,27,0.013317825638102182,-0.19291959772351044,0.56,75,,0,0.008829056285321712,0,0.0010869770776480436,-0.0001067796692950651
r4_real,real_world,cosine_mean4,Mouse,middle_relative,17,0.003582829412716972,-0.15406374958312888,0.5526315789473685,38,,0,0.0011041437974199653,0,-4.7742913011461496e-05,-5.063555727247149e-05
r4_real,real_world,cosine_mean4,Mouse,strong_relative,16,-0.09950303517249497,-0.16057286280483452,0.46511627906976744,43,,0,0.00414451165124774,0,0.000267663795966655,0.0
r4_real,real_world,cosine_mean4,Mug,weak_relative,31,-0.05843255363577296,0.10302127812269071,0.7605633802816901,71,,0,0.002494136104360223,0,-0.0002932721399702132,-0.00027734789182431996
r4_real,real_world,cosine_mean4,Mug,middle_relative,22,-0.38910444835039626,-0.3224305849127994,0.5625,48,,0,0.010939723812043667,0,-0.0038006482645869255,-0.00012021914153592661
r4_real,real_world,cosine_mean4,Mug,strong_relative,5,0.5535388540577706,0.46926943253134384,0.7333333333333333,15,,0,0.0021471004001796246,0,0.0007037135655991733,0.0
r4_real,real_world,cosine_mean4,Notebook,weak_relative,38,-0.3911739476332201,-0.1953160735533368,0.2818181818181818,110,,0,0.012818158604204655,0,-0.005048183258622885,-0.0050816843286156654
r4_real,real_world,cosine_mean4,Notebook,middle_relative,13,-0.19748396713708768,0.27901872206319667,0.358974358974359,39,,0,0.014790227636694908,0,-0.0026554709766060114,-0.004797321278601885
r4_real,real_world,cosine_mean4,Notebook,strong_relative,17,-0.21618049480166418,0.07404514648070325,0.5098039215686274,51,,0,0.019070938229560852,0,-0.001168525661341846,-0.00025266059674322605
r4_real,real_world,cosine_mean4,Oven,weak_relative,23,-0.17039602864768605,0.3437670785128502,0.5806451612903226,62,,0,0.0061326841823756695,0,-0.0009622348006814718,-0.0025307410396635532
r4_real,real_world,cosine_mean4,Oven,middle_relative,17,0.02571970848109362,0.05420879925522297,0.4222222222222222,45,,0,0.00986296683549881,0,0.0004947317647747695,-7.576133066322654e-05
r4_real,real_world,cosine_mean4,Oven,strong_relative,24,-0.06858569055530368,0.15458639989326542,0.4418604651162791,43,,0,0.006757039111107588,0,-0.0008505330770276487,0.00013070863496977836
r4_real,real_world,cosine_mean4,Pan,weak_relative,7,-0.05282518039479164,0.1540382954880168,0.2857142857142857,21,,0,0.011019006371498108,0,-0.0008822189993225038,-0.0036728468257933855
r4_real,real_world,cosine_mean4,Pan,middle_relative,10,-0.06696730090760578,0.2664593421236822,0.6666666666666666,30,,0,0.011070099659264088,0,-0.00035628917976282537,-0.0016850471729412675
r4_real,real_world,cosine_mean4,Pan,strong_relative,13,0.35578054348222365,0.3590874994392372,0.6388888888888888,36,,0,0.009085566736757755,0,0.0019382964819669724,-4.149399683228694e-05
r4_real,real_world,cosine_mean4,Paper_Clip,weak_relative,31,0.2636882013149491,0.1986494741999447,0.5287356321839081,87,,0,0.011469902470707893,0,0.0024248810950666666,0.002473407657817006
r4_real,real_world,cosine_mean4,Paper_Clip,middle_relative,28,0.15179044135718628,0.09711755829170242,0.676923076923077,65,,0,0.00992373377084732,0,0.001545339240692556,0.0002310670242877677
r4_real,real_world,cosine_mean4,Paper_Clip,strong_relative,9,-0.3216868952821876,-0.2171427990840416,0.45,20,,0,0.0038608137983828783,0,-0.0009312962647527456,-0.00014238742005545646
r4_real,real_world,cosine_mean4,Pen,weak_relative,23,-0.1359524106622249,0.021744069313869657,0.4411764705882353,68,,0,0.004660110455006361,0,-0.00025382929015904665,-0.0003197308978997171
r4_real,real_world,cosine_mean4,Pen,middle_relative,28,0.2414239690276244,0.10879385496753623,0.4939759036144578,83,,0,0.004377111326903105,0,0.0006478697760030627,0.00018823651771526784
r4_real,real_world,cosine_mean4,Pen,strong_relative,14,-0.25236977465022575,-0.14477779982798492,0.475,40,,0,0.002032567048445344,0,-0.0004098408098798245,-0.0002533781516831368
r4_real,real_world,cosine_mean4,Pencil,weak_relative,32,0.31126780132926135,0.12805346574041676,0.6979166666666666,96,,0,0.012501245364546776,0,0.0029127271845936775,0.0013611750910058618
r4_real,real_world,cosine_mean4,Pencil,middle_relative,20,-0.0743291240933697,-0.3720359805642324,0.6101694915254238,59,,0,0.017962543293833733,0,0.0016439888859167695,-0.0007126227719709277
r4_real,real_world,cosine_mean4,Pencil,strong_relative,7,-0.4581083608540856,-0.4266925074490224,0.23809523809523808,21,,0,0.012689744122326374,0,-0.001953150611370802,0.0
r4_real,real_world,cosine_mean4,Postit_Notes,weak_relative,13,0.08124480292871096,-0.055642087423030624,0.5555555555555556,36,,0,0.011675321497023106,0,0.0024545511696487665,0.006135603412985802
r4_real,real_world,cosine_mean4,Postit_Notes,middle_relative,26,0.005685393394795598,0.02364162559227676,0.5714285714285714,77,,0,0.006779765710234642,0,7.007027306826785e-05,0.0013480702182278037
r4_real,real_world,cosine_mean4,Postit_Notes,strong_relative,28,0.2811376730705049,0.15595898592695598,0.8148148148148148,81,,0,0.006079826038330793,0,0.0010928389383479953,-0.00046930141979828477
r4_real,real_world,cosine_mean4,Printer,weak_relative,16,0.2232369374317514,0.02388677431391124,0.7560975609756098,41,,0,0.011208221316337585,0,0.0017728207167237997,-0.001253184280358255
r4_real,real_world,cosine_mean4,Printer,middle_relative,14,0.3233125463735137,0.0726206834394772,0.8095238095238095,42,,0,0.005495608318597078,0,0.002098510740324855,1.9646915461635217e-05
r4_real,real_world,cosine_mean4,Printer,strong_relative,22,0.05563223552186648,-0.008442521665338536,0.4918032786885246,61,0.0,2,0.008880355395376682,1,0.000808722572401166,0.0
r4_real,real_world,cosine_mean4,Push_Pin,weak_relative,28,0.4399674923967274,0.3013336150069642,0.75,76,,0,0.0064348457381129265,0,0.002942787017673254,0.0024013451766222715
r4_real,real_world,cosine_mean4,Push_Pin,middle_relative,21,0.19116621197842854,0.04608363745214619,0.7704918032786885,61,,0,0.0015906328335404396,0,0.0003497152647469193,3.808119799941778e-05
r4_real,real_world,cosine_mean4,Radio,weak_relative,16,0.516508351724872,0.0789413055168349,0.6956521739130435,46,,0,0.015764553099870682,0,0.004212211351841688,-6.253877654671669e-05
r4_real,real_world,cosine_mean4,Radio,middle_relative,30,0.0584061468119117,-0.07537439555045514,0.8433734939759037,83,,0,0.006199008319526911,0,0.00022737114340998232,9.87798921414651e-05
r4_real,real_world,cosine_mean4,Radio,strong_relative,20,0.5057963208071461,0.20395588726317812,0.875,56,,0,0.0071445731446146965,0,0.0027767654974013567,3.090649988735095e-05
r4_real,real_world,cosine_mean4,Refrigerator,weak_relative,21,-0.2562479500428322,-0.15265621782661978,0.4915254237288136,59,,0,0.0022297175601124763,0,-0.000671245448756963,-0.0008071264601312578
r4_real,real_world,cosine_mean4,Refrigerator,middle_relative,27,-0.32569775654004984,-0.1308856405879115,0.6060606060606061,66,,0,0.002341797575354576,0,-0.0009468258358538151,-0.00033239999902434647
r4_real,real_world,cosine_mean4,Refrigerator,strong_relative,27,0.14176482894485537,0.14381568438762932,0.7605633802816901,71,,0,0.004035587888211012,0,0.000584511726628989,-3.395360545255244e-05
r4_real,real_world,cosine_mean4,Ruler,weak_relative,21,-0.21001637584828248,-0.2667578152593155,0.45454545454545453,44,,0,0.0022599538788199425,0,-0.0002616269630379975,-8.632041863165796e-05
r4_real,real_world,cosine_mean4,Ruler,middle_relative,19,0.25446401657037954,0.11494527378806416,0.8181818181818182,33,,0,0.001499325386248529,0,0.0005849367589689791,-4.642390365461324e-07
r4_real,real_world,cosine_mean4,Scissors,weak_relative,30,0.43235520610071554,0.2150062566803491,0.7058823529411765,85,,0,0.00235457974486053,0,0.000781473470851779,0.0002039627288468182
r4_real,real_world,cosine_mean4,Scissors,middle_relative,24,0.2353428073695967,0.14953205198988812,0.6065573770491803,61,,0,0.006749956402927637,0,0.0018727057613432407,0.00018009147606790066
r4_real,real_world,cosine_mean4,Scissors,strong_relative,23,-0.2680323341701301,-0.57102975049719,0.532258064516129,62,,0,0.0014169055502861738,0,-0.000362567079719156,-8.854336920194328e-05
r4_real,real_world,cosine_mean4,Screwdriver,weak_relative,19,-0.06162694321497293,-0.18614660526340882,0.5087719298245614,57,,0,0.00794148724526167,0,0.000140624659252353,-0.0008649877272546291
r4_real,real_world,cosine_mean4,Screwdriver,middle_relative,20,0.09598384846755134,-0.0010527249356714681,0.6779661016949152,59,,0,0.010404141619801521,0,0.0004897834151051939,-0.00044259027345106006
r4_real,real_world,cosine_mean4,Screwdriver,strong_relative,12,-0.07558783433309217,-0.44406282157237353,0.5588235294117647,34,,0,0.005423989612609148,0,0.0002256205043522641,1.9650130980153335e-06
r4_real,real_world,cosine_mean4,Shelf,weak_relative,24,-0.33394782101592546,0.21218104765347662,0.2571428571428571,70,,0,0.010033216327428818,0,-0.002885718597099185,-0.0012424156302586198
r4_real,real_world,cosine_mean4,Shelf,middle_relative,23,-0.43112809386707746,0.10550021813800353,0.296875,64,,0,0.01206048671156168,0,-0.005187198054045439,-0.0018923927564173937
r4_real,real_world,cosine_mean4,Shelf,strong_relative,19,-0.2853928978093585,0.04344312217621556,0.22641509433962265,53,,0,0.008431540802121162,0,-0.003507321933284402,3.0822855478618294e-05
r4_real,real_world,cosine_mean4,Sink,weak_relative,16,0.0684505876582323,-0.41151769797183885,0.6363636363636364,33,,0,0.006632331758737564,0,0.0009717339999042451,0.0010410645045340061
r4_real,real_world,cosine_mean4,Sink,middle_relative,22,0.35036715012127456,-0.21597793468953522,0.7547169811320755,53,,0,0.004599327687174082,0,0.0010656376834958792,-0.0004313704266678542
r4_real,real_world,cosine_mean4,Sink,strong_relative,39,0.1349387109496203,-0.10355316969210189,0.8202247191011236,89,,0,0.0022512462455779314,0,0.00014985009329393506,-0.00021255914180073887
r4_real,real_world,cosine_mean4,Sneakers,weak_relative,26,0.22150394447428468,-0.07904976739346503,0.8333333333333334,24,,0,2.336460238439031e-05,0,7.920130883576348e-06,6.815161555095983e-07
r4_real,real_world,cosine_mean4,Sneakers,middle_relative,25,0.09045998207698146,0.2325651255644008,0.6206896551724138,29,,0,0.00021016325626987964,0,4.5512908400269225e-05,-5.470876658364432e-07
r4_real,real_world,cosine_mean4,Sneakers,strong_relative,37,-0.09915321643424536,0.0351133376564727,0.5370370370370371,54,,0,0.0001925600372487679,0,-1.1866293789353222e-05,1.0394806849944871e-05
r4_real,real_world,cosine_mean4,Soda,weak_relative,24,0.30231649628262147,-0.08648507352868699,0.9016393442622951,61,,0,0.007070733699947596,0,0.003146396717056632,0.005325432866811752
r4_real,real_world,cosine_mean4,Soda,middle_relative,24,-0.04755305872670867,-0.011197209987459149,0.7818181818181819,55,,0,0.0067990743555128574,0,0.00015430059283971786,0.0008031440083868802
r4_real,real_world,cosine_mean4,Soda,strong_relative,15,0.16349115807009412,-0.20868038032787,0.8518518518518519,27,,0,0.001382353133521974,0,-2.966781539726071e-05,2.1149795429664664e-05
r4_real,real_world,cosine_mean4,Speaker,weak_relative,13,0.011762233026060446,-0.19091984482848987,0.5135135135135135,37,,0,0.010340309701859951,0,0.0006200879579409957,-0.00042252521961927414
r4_real,real_world,cosine_mean4,Speaker,middle_relative,24,0.21066662278892992,0.2731838837276658,0.6811594202898551,69,,0,0.012977213598787785,0,0.0015424509765580297,0.0007675800588913262
r4_real,real_world,cosine_mean4,Speaker,strong_relative,44,0.09111552547287005,0.013461352678186487,0.5757575757575758,132,,0,0.011689542792737484,0,-4.460241325432435e-05,0.0
r4_real,real_world,cosine_mean4,Spoon,weak_relative,21,0.5430804042910659,0.034541899082298405,0.7777777777777778,63,,0,0.009600591845810413,0,0.0036679389886558056,0.0019024349749088287
r4_real,real_world,cosine_mean4,Spoon,middle_relative,19,0.41154575798433596,-0.13015034425819938,0.9298245614035088,57,,0,0.008063708432018757,0,0.0024575411807745695,0.000529337499756366
r4_real,real_world,cosine_mean4,Spoon,strong_relative,14,0.31656798092140515,-0.22450400074799512,0.7380952380952381,42,,0,0.017531249672174454,0,0.0029849912971258163,0.002081914572045207
r4_real,real_world,cosine_mean4,TV,weak_relative,17,0.06754665453927415,0.09529663344921539,0.47058823529411764,51,1.0,2,0.004953453782945871,1,0.0007028767140582204,0.0003041831078007817
r4_real,real_world,cosine_mean4,TV,middle_relative,20,-0.04794148293426404,0.04085804052580188,0.5,60,,0,0.010775310918688774,0,-0.0009306262945756316,-0.0016446870286017656
r4_real,real_world,cosine_mean4,TV,strong_relative,16,0.04478313174397999,0.25924937473193715,0.625,48,,0,0.004718584008514881,0,-0.0004973436589352787,-0.0005045068101026118
r4_real,real_world,cosine_mean4,Table,weak_relative,24,0.4139685251307105,0.10042421430102055,0.8,70,,0,0.007045377511531115,0,0.0024837276432663202,-6.328614108497277e-05
r4_real,real_world,cosine_mean4,Table,middle_relative,21,0.37392011598561004,0.12260846773849278,0.847457627118644,59,,0,0.006725386716425419,0,0.002832611557096243,0.0015448745107278228
r4_real,real_world,cosine_mean4,Table,strong_relative,14,0.479576217799906,0.23317409781319204,0.7714285714285715,35,,0,0.005746752023696899,0,0.002312788274139166,1.0812705113494303e-05
r4_real,real_world,cosine_mean4,Telephone,weak_relative,20,-0.1992873586714114,-0.1369836525184801,0.24390243902439024,41,,0,0.005735898856073618,0,-0.0020678124856203794,-0.0019040226470679045
r4_real,real_world,cosine_mean4,Telephone,middle_relative,30,0.2898762117008258,0.09606448066220637,0.6206896551724138,58,,0,0.005295800045132637,0,0.002378801815211773,4.384382191346958e-05
r4_real,real_world,cosine_mean4,Telephone,strong_relative,32,0.2248805080088171,0.3029228403109576,0.65,60,,0,0.002470344537869096,0,0.0006302193505689502,-0.00012750165478792042
r4_real,real_world,cosine_mean4,ToothBrush,weak_relative,23,-0.12606970787889724,-0.15140827305682553,0.4057971014492754,69,,0,0.011744151823222637,0,0.00017460905655752867,-0.00043418421410024166
r4_real,real_world,cosine_mean4,ToothBrush,middle_relative,29,-0.15724158644063915,-0.11514795038851565,0.4588235294117647,85,,0,0.005690663121640682,0,-0.0006992032285779715,3.86558604077436e-05
r4_real,real_world,cosine_mean4,ToothBrush,strong_relative,33,-0.17138167290564532,-0.17694890556111126,0.45652173913043476,92,,0,0.0079208267852664,0,-0.0006828403566032648,-0.0001015989255392924
r4_real,real_world,cosine_mean4,Toys,weak_relative,32,-0.33370647400773673,-0.043732961304661526,0.3723404255319149,94,,0,0.0151128014549613,0,-0.0041315192356705666,-0.003435558872297406
r4_real,real_world,cosine_mean4,Toys,middle_relative,22,-0.14111528054995895,0.40886156453995814,0.3333333333333333,63,,0,0.01639416068792343,0,-0.0015428195474669337,0.0010174046037718654
r4_real,real_world,cosine_mean4,Toys,strong_relative,13,-0.18481313809752115,0.14560373629860868,0.34210526315789475,38,,0,0.01635819859802723,0,-0.0024621537886559963,0.0
r4_real,real_world,cosine_mean4,Trash_Can,weak_relative,42,0.574777616979621,0.07541498914304047,0.9444444444444444,126,1.0,2,0.016676506027579308,1,0.007180990185588598,0.0049947043880820274
r4_real,real_world,cosine_mean4,Trash_Can,middle_relative,26,0.581978547851611,0.04760012634388673,0.9615384615384616,78,,0,0.02163129858672619,0,0.00909256748855114,0.0006672794697806239
r4_real,real_world,cosine_mean4,Trash_Can,strong_relative,13,0.363263783079366,0.20490482733660287,0.6923076923076923,39,,0,0.015365887433290482,0,0.005025791469961405,0.0015826491871848702
r4_real,real_world,cosine_mean4,Webcam,weak_relative,13,-0.2773397542702977,-0.12257083215273298,0.4666666666666667,30,,0,0.0035650753416121006,0,-0.0007601071847602725,-0.0013397831935435534
r4_real,real_world,cosine_mean4,Webcam,middle_relative,13,-0.3379550908347364,-0.20830595190573772,0.2608695652173913,23,,0,0.0022323078010231256,0,-0.0009796407539397478,-2.75087170820143e-08
r4_real,real_world,cosine_mean4,Webcam,strong_relative,23,-0.13376805493865604,-0.4073215745625735,0.4318181818181818,44,,0,0.000339068821631372,0,-9.055538248503581e-05,0.0
r4_real,real_world,source_z_l2_mean4,Alarm_Clock,weak_relative,23,-0.3048306406146619,-0.3106335086120758,0.7631578947368421,38,,0,0.0011830272851511836,0,-0.00037534357397817075,7.859817560529336e-05
r4_real,real_world,source_z_l2_mean4,Alarm_Clock,middle_relative,19,-0.23849860706833884,-0.07061602107870694,0.5588235294117647,34,,0,0.0013177196960896254,0,-0.0006268667057156563,-5.018047522753477e-05
r4_real,real_world,source_z_l2_mean4,Alarm_Clock,strong_relative,44,-0.07893437144278853,-0.11088233369473632,0.72,75,,0,0.0037887769285589457,0,-0.0004438655450940132,-0.0003045308112632483
r4_real,real_world,source_z_l2_mean4,Backpack,weak_relative,16,0.1071529103107075,0.455889838582645,0.5714285714285714,21,,0,0.00010201316035818309,0,-1.4598731468140613e-06,-4.849634024139959e-06
r4_real,real_world,source_z_l2_mean4,Backpack,middle_relative,23,-0.06381298386489521,0.08406747251687896,0.4883720930232558,43,,0,0.0005092695937491953,0,-0.00015139620518311858,-1.4804999409534503e-05
r4_real,real_world,source_z_l2_mean4,Backpack,strong_relative,60,0.19175098204612634,0.04177410206355853,0.6629213483146067,89,,0,0.00012245409016031772,0,3.7339123082347214e-07,-2.6083213015226647e-05
r4_real,real_world,source_z_l2_mean4,Batteries,weak_relative,28,0.03992026999877596,-0.23568156201210133,0.7192982456140351,57,,0,0.0032249190844595432,0,0.0005942090065218508,-0.0001384400384267792
r4_real,real_world,source_z_l2_mean4,Batteries,middle_relative,27,0.2566139296975131,0.5924861840858723,0.5818181818181818,55,,0,0.0018520877929404378,0,0.00043384841410443187,0.0006042032619006932
r4_real,real_world,source_z_l2_mean4,Batteries,strong_relative,9,-0.42111914141208834,-0.27434127640255923,0.3333333333333333,18,,0,0.00026694845291785896,0,-9.420296555617824e-05,-6.637241654061654e-07
r4_real,real_world,source_z_l2_mean4,Bed,weak_relative,12,-0.2706114487807181,0.45195938095462407,0.11538461538461539,26,,0,0.007940630428493023,0,-0.0019249593606218696,0.0015520708402618766
r4_real,real_world,source_z_l2_mean4,Bed,middle_relative,18,-0.24477395932980733,-0.09547848154780844,0.3076923076923077,52,,0,0.0066021522507071495,0,-0.001487846951931715,-3.281194221926853e-05
r4_real,real_world,source_z_l2_mean4,Bed,strong_relative,53,-0.1455555491979643,-0.08057419242764982,0.31496062992125984,127,,0,0.00344731449149549,0,-0.0007366464706137776,-0.0005450869794003665
r4_real,real_world,source_z_l2_mean4,Bike,weak_relative,29,-0.1757846947687019,-0.009816860860631282,0.5,42,,0,0.00025018781889230013,0,-5.934043656452559e-05,-4.637149686459452e-05
r4_real,real_world,source_z_l2_mean4,Bike,middle_relative,37,0.27540012492838595,0.11060859580136734,0.6909090909090909,55,,0,0.0008259874884970486,0,0.0003338626120239496,0.00016083414084278047
r4_real,real_world,source_z_l2_mean4,Bike,strong_relative,33,-0.20041873674103128,-0.10792677957551071,0.48148148148148145,27,,0,0.0003587032260838896,0,-0.00016018027963582426,-0.00013613321061711758
r4_real,real_world,source_z_l2_mean4,Bottle,weak_relative,50,-0.190748459170908,-0.07467107908660599,0.5447154471544715,123,,0,0.010677840560674667,0,-0.002310624346137047,-0.0019634757190942764
r4_real,real_world,source_z_l2_mean4,Bottle,middle_relative,21,-0.09446154497780963,0.287105214866421,0.6271186440677966,59,,0,0.010102386586368084,0,-0.0025006700307130814,-0.0033611017279326916
r4_real,real_world,source_z_l2_mean4,Bottle,strong_relative,7,0.3204281910525256,-0.010043337001497218,0.8235294117647058,17,,0,0.005886810831725597,0,0.001774305128492415,-0.00029080253443680704
r4_real,real_world,source_z_l2_mean4,Bucket,weak_relative,24,0.34221154127919723,0.11534860700532383,0.8275862068965517,58,1.0,2,0.006679671350866556,1,0.002948213368654251,0.0010992330498993397
r4_real,real_world,source_z_l2_mean4,Bucket,middle_relative,33,0.011463180541477073,-0.059247553544940164,0.6987951807228916,83,,0,0.007633239962160587,0,0.0001480754290241748,8.981444989331067e-05
r4_real,real_world,source_z_l2_mean4,Bucket,strong_relative,23,0.38632221649636495,0.3717014774833337,0.5849056603773585,53,,0,0.0064115338027477264,0,0.001322967349551618,-0.00010085359099321067
r4_real,real_world,source_z_l2_mean4,Calculator,weak_relative,34,0.35806601435518165,-0.44886069336886286,0.9183673469387755,98,,0,0.002195684239268303,0,0.0007385453791357577,0.000503522518556565
r4_real,real_world,source_z_l2_mean4,Calculator,middle_relative,29,0.3919531642448043,0.08942506209650529,0.8375,80,,0,0.0012683324748650193,0,0.0005189284565858543,0.0006519918679259717
r4_real,real_world,source_z_l2_mean4,Calculator,strong_relative,10,0.1518678838472154,-0.21276331813756066,0.8333333333333334,30,,0,0.002627550158649683,0,-0.00013605094864033163,7.41465701139532e-05
r4_real,real_world,source_z_l2_mean4,Calendar,weak_relative,57,0.19826258246009407,-0.04369237048097614,0.8181818181818182,77,,0,0.00018014785018749535,0,2.5129664209089242e-05,-3.6905421438859776e-05
r4_real,real_world,source_z_l2_mean4,Calendar,middle_relative,11,0.505958644800216,0.136781226345517,0.8,15,,0,3.730673051904887e-05,0,6.2542426348954905e-06,3.9388123695971444e-06
r4_real,real_world,source_z_l2_mean4,Candles,weak_relative,13,0.30147315145789527,0.12989601986119695,0.5416666666666666,24,,0,0.0006822273135185242,0,0.0001779508893378079,-5.0726401241263375e-05
r4_real,real_world,source_z_l2_mean4,Candles,middle_relative,17,0.05973212210259766,0.10977664285962253,0.7,30,,0,8.034949860302731e-05,0,1.4621017726312857e-05,4.170678948867135e-05
r4_real,real_world,source_z_l2_mean4,Candles,strong_relative,69,-0.21815169561452014,-0.17327675536159948,0.543859649122807,57,,0,0.00023573124781250954,0,-8.95755147212185e-05,2.5405936412425945e-06
r4_real,real_world,source_z_l2_mean4,Chair,weak_relative,23,-0.44941058335308703,-0.42915831485165584,0.625,56,,0,0.006025089416652918,0,-0.0016272971406579018,-0.0020769420079886913
r4_real,real_world,source_z_l2_mean4,Chair,middle_relative,38,0.12900222182593096,0.3072887423165468,0.46601941747572817,103,,0,0.004610654432326555,0,-0.00010000333713833243,0.0007706910255365074
r4_real,real_world,source_z_l2_mean4,Chair,strong_relative,35,-0.13319920225746676,-0.18212279942626025,0.5735294117647058,68,,0,0.0028786605689674616,0,-0.000731622101739049,-0.0003249288711231202
r4_real,real_world,source_z_l2_mean4,Clipboards,weak_relative,23,0.22781071145985954,0.03582744200429287,0.7164179104477612,67,,0,0.01748289167881012,0,0.002440596465021372,0.0025988691486418247
r4_real,real_world,source_z_l2_mean4,Clipboards,middle_relative,34,0.4857219290060431,0.16954997997795745,0.7653061224489796,98,,0,0.015628527849912643,0,0.005190558731555939,0.003117457265034318
r4_real,real_world,source_z_l2_mean4,Clipboards,strong_relative,8,0.6043733009412308,0.43914749669243364,0.875,24,,0,0.019506163895130157,0,0.007130207493901253,0.0
r4_real,real_world,source_z_l2_mean4,Computer,weak_relative,25,0.5916571922280895,0.23941900598987306,0.8,75,,0,0.022580675780773163,0,0.00785360299050808,0.007223672233521938
r4_real,real_world,source_z_l2_mean4,Computer,middle_relative,25,0.5642689961659343,-0.08890958600248383,0.8,75,,0,0.023323703557252884,0,0.0074965013191103935,0.003920091316103935
r4_real,real_world,source_z_l2_mean4,Computer,strong_relative,14,0.3315675056475751,0.22727481168191016,0.7560975609756098,41,,0,0.016317348927259445,0,0.004670595284551382,0.0017593307420611382
r4_real,real_world,source_z_l2_mean4,Couch,weak_relative,17,-0.1113896045415555,-0.049541557291735254,0.47058823529411764,51,,0,0.014931664802134037,0,-0.002043203916400671,-0.0007649878971278667
r4_real,real_world,source_z_l2_mean4,Couch,middle_relative,29,-0.08139798662618367,0.058383773362821446,0.35443037974683544,79,0.0,2,0.011263646185398102,1,-0.001399555359967053,-0.0013362191384658217
r4_real,real_world,source_z_l2_mean4,Couch,strong_relative,30,0.1579467419879939,0.14373060119933984,0.325,80,,0,0.007737233769148588,0,0.0009062955505214632,0.0004316850390750915
r4_real,real_world,source_z_l2_mean4,Curtains,weak_relative,19,0.3482270235828322,0.37545628268553133,0.4716981132075472,53,,0,0.002307635499164462,0,0.0005067026359029114,-0.00023198458075057715
r4_real,real_world,source_z_l2_mean4,Curtains,middle_relative,16,0.17396820760247297,-0.25925708158188143,0.9512195121951219,41,,0,0.0014998698607087135,0,0.0005185581976547837,0.0008234235574491322
r4_real,real_world,source_z_l2_mean4,Curtains,strong_relative,38,0.34033384764177915,0.25513829019532036,0.797979797979798,99,,0,0.004912371747195721,0,0.0015005847672000527,-0.0001618575188331306
r4_real,real_world,source_z_l2_mean4,Desk_Lamp,weak_relative,19,0.015547357659963089,-0.12584127810481152,0.5535714285714286,56,,0,0.01688804291188717,0,-0.0025851349346339703,-0.0012189841363579035
r4_real,real_world,source_z_l2_mean4,Desk_Lamp,middle_relative,24,0.16817231353188855,0.20871296376015885,0.4857142857142857,70,,0,0.0060288324020802975,0,-0.00010784979531308636,-0.00015447249461431056
r4_real,real_world,source_z_l2_mean4,Desk_Lamp,strong_relative,19,0.015014021255738466,-0.2538552104562327,0.5098039215686274,51,,0,0.008077588863670826,0,-3.6167766666039824e-05,0.001916449866257608
r4_real,real_world,source_z_l2_mean4,Drill,weak_relative,13,0.24775586430726196,0.2873104358094842,0.7222222222222222,36,,0,0.022702641785144806,0,-0.00019390307716093957,0.005430010613054037
r4_real,real_world,source_z_l2_mean4,Drill,middle_relative,15,-0.048681804904623475,0.09101673911663641,0.4318181818181818,44,,0,0.018065987154841423,0,-0.0026116936933249235,0.002139732241630554
r4_real,real_world,source_z_l2_mean4,Drill,strong_relative,23,0.01047882573806,0.11131163504639822,0.6326530612244898,49,,0,0.001915633212774992,0,-0.00023086553846951574,1.801007783797104e-05
r4_real,real_world,source_z_l2_mean4,Eraser,weak_relative,20,0.2911274189871497,-0.0016906074156371033,0.7627118644067796,59,,0,0.021158987656235695,0,0.005838613025844097,0.002661261009052396
r4_real,real_world,source_z_l2_mean4,Eraser,middle_relative,9,0.21056757827392783,-0.15510796795209472,0.7407407407407407,27,,0,0.011119590140879154,0,0.003350977785885334,0.00021559471497312188
r4_real,real_world,source_z_l2_mean4,Eraser,strong_relative,14,0.2247595002105228,0.03330134674488341,0.6842105263157895,38,,0,0.02239489182829857,0,0.0047808364033699036,0.00015154069114942104
r4_real,real_world,source_z_l2_mean4,Exit_Sign,weak_relative,35,0.1159456378581468,0.011383719181993499,0.6666666666666666,27,,0,0.00026940516545437276,0,2.8748638214892708e-05,-5.096200311527355e-06
r4_real,real_world,source_z_l2_mean4,Exit_Sign,middle_relative,32,0.3306347247138739,0.20986804239837858,0.7297297297297297,37,,0,0.001453974051401019,0,0.00041400131885893643,1.2950680684298277e-05
r4_real,real_world,source_z_l2_mean4,Exit_Sign,strong_relative,14,0.40421074393026635,0.2632662033794594,0.6666666666666666,39,,0,0.0037344961892813444,0,0.001454100594855845,-0.00020286593644414097
r4_real,real_world,source_z_l2_mean4,Fan,weak_relative,23,0.06923173919077032,-0.15969742160126862,0.6031746031746031,63,,0,0.006833734922111034,0,0.0004987312713637948,0.00035941810347139835
r4_real,real_world,source_z_l2_mean4,Fan,middle_relative,23,-0.06864244645322863,-0.17491954342080557,0.6949152542372882,59,,0,0.0025559912901371717,0,6.219856004463509e-05,0.0005298081086948514
r4_real,real_world,source_z_l2_mean4,Fan,strong_relative,14,-0.1072425316354823,-0.16824869218990252,0.6875,32,,0,0.0026850278954952955,0,-0.0006275152554735541,-0.0014320823829621077
r4_real,real_world,source_z_l2_mean4,File_Cabinet,weak_relative,15,0.15502613217671726,0.31881083320925413,0.5681818181818182,44,,0,0.012424206361174583,0,0.0003344133438076824,-6.259083602344617e-05
r4_real,real_world,source_z_l2_mean4,File_Cabinet,middle_relative,35,0.15426039913922776,0.18553686769442515,0.6276595744680851,94,0.5,2,0.007242060732096434,1,0.0006630570278503001,0.000875508994795382
r4_real,real_world,source_z_l2_mean4,File_Cabinet,strong_relative,8,0.051645524120782924,0.17814911640666534,0.5,16,,0,0.0003251213929615915,0,7.901129720266908e-06,0.0
r4_real,real_world,source_z_l2_mean4,Flipflops,weak_relative,22,0.23696733627582028,0.020519546889718805,0.7833333333333333,60,,0,0.003091482212767005,0,0.0012023774906992912,0.00045090465573593974
r4_real,real_world,source_z_l2_mean4,Flipflops,middle_relative,17,0.2569302324203632,0.051269586219681876,0.7142857142857143,42,,0,0.0033591336105018854,0,0.0010616692015901208,0.0002785396936815232
r4_real,real_world,source_z_l2_mean4,Flipflops,strong_relative,46,0.13679638421922818,-0.2594880262821022,0.8869565217391304,115,,0,0.0014403962995857,0,0.00028203727561049163,-1.7612802594157984e-06
r4_real,real_world,source_z_l2_mean4,Flowers,weak_relative,5,0.557330139903564,0.12683026764830627,0.8888888888888888,9,,0,4.1414030420128256e-05,0,1.8195394659414887e-05,7.389054985651455e-07
r4_real,real_world,source_z_l2_mean4,Flowers,middle_relative,18,0.3892534316077097,0.24603722273202516,0.8285714285714286,35,,0,0.00016072481230366975,0,6.698256765957922e-05,0.0
r4_real,real_world,source_z_l2_mean4,Flowers,strong_relative,52,0.20035310294705494,0.04934645576531095,0.936,125,,0,0.000807926757261157,0,0.0003903212782461196,0.0
r4_real,real_world,source_z_l2_mean4,Folder,weak_relative,26,-0.22491554104233757,0.11773988013689056,0.30666666666666664,75,,0,0.009648779407143593,0,-0.0011347749968990684,-7.185798494901974e-06
r4_real,real_world,source_z_l2_mean4,Folder,middle_relative,24,-0.4307252083222043,-0.2505470753703131,0.3055555555555556,72,,0,0.006180560681968927,0,-0.0025888693053275347,9.981301991501823e-05
r4_real,real_world,source_z_l2_mean4,Folder,strong_relative,7,0.20586831682904305,0.4153079006764438,0.5238095238095238,21,,0,0.01621353067457676,0,0.005325299222022295,-0.0015404054429382086
r4_real,real_world,source_z_l2_mean4,Fork,weak_relative,14,0.2676444426682851,0.2703005884604975,0.5128205128205128,39,,0,0.007360176648944616,0,0.002021636115387082,0.001883449382148683
r4_real,real_world,source_z_l2_mean4,Fork,middle_relative,13,0.14276627929372765,-0.24744622059415844,0.4444444444444444,36,,0,0.013385028578341007,0,0.000391495821531862,0.0036402465775609016
r4_real,real_world,source_z_l2_mean4,Fork,strong_relative,9,-0.3439868877035749,-0.5662256577896521,0.375,24,,0,0.0009933286346495152,0,-0.00018482928862795234,-6.002570444252342e-05
r4_real,real_world,source_z_l2_mean4,Glasses,weak_relative,13,-0.2518854552543918,-0.25803464865257786,0.47058823529411764,17,,0,0.0005968384793959558,0,-0.0002607230271678418,-4.335983976488933e-05
r4_real,real_world,source_z_l2_mean4,Glasses,middle_relative,25,0.3171833794596139,0.30931544500381497,0.6129032258064516,31,,0,0.0002559690619818866,0,6.403262523235753e-05,-2.5190343876602128e-05
r4_real,real_world,source_z_l2_mean4,Glasses,strong_relative,22,-0.12819720748413285,-0.07440793305028694,0.5238095238095238,42,,0,0.00018148146045859903,0,-5.588957719737664e-05,-0.00011054898641305044
r4_real,real_world,source_z_l2_mean4,Hammer,weak_relative,26,-0.08382212061460079,-0.09355193677988531,0.4675324675324675,77,,0,0.0037864933256059885,0,-0.0002921559498645365,0.00020189040515106171
r4_real,real_world,source_z_l2_mean4,Hammer,middle_relative,20,-0.18714010154401065,-0.2996723770403829,0.3898305084745763,59,,0,0.008603299036622047,0,-0.0017378668999299407,-0.00026275389245711267
r4_real,real_world,source_z_l2_mean4,Hammer,strong_relative,6,-0.10419045644067304,-0.1925820830881584,0.4117647058823529,17,,0,0.010430076159536839,0,-0.000998236588202417,0.0005126691539771855
r4_real,real_world,source_z_l2_mean4,Helmet,weak_relative,14,0.151258245559132,0.6428942114363099,0.55,20,,0,0.005750767420977354,0,0.0010510176653042436,0.0011980001581832767
r4_real,real_world,source_z_l2_mean4,Helmet,middle_relative,7,0.11189324830807852,-0.7351173978254253,0.7333333333333333,15,,0,0.007238800171762705,0,0.0023930866736918688,0.0042418516241014
r4_real,real_world,source_z_l2_mean4,Helmet,strong_relative,39,0.26040414126257677,0.09256657888991676,0.847457627118644,59,,0,0.0004772143147420138,0,0.00020387019321788102,1.1258777703915257e-05
r4_real,real_world,source_z_l2_mean4,Kettle,weak_relative,15,0.22341224493417522,0.1723270633584443,0.6153846153846154,39,,0,0.004157714545726776,0,0.00064323894912377,0.00039567865314893425
r4_real,real_world,source_z_l2_mean4,Kettle,middle_relative,22,-0.26611862603360414,-0.05243876039790346,0.40350877192982454,57,,0,0.0036322849337011576,0,-0.00109339808113873,-0.0005739525076933205
r4_real,real_world,source_z_l2_mean4,Kettle,strong_relative,35,-0.20407411905282968,-0.2233533145250809,0.3815789473684211,76,,0,0.002164217410609126,0,-0.00030164094641804695,-2.9169328627176583e-05
r4_real,real_world,source_z_l2_mean4,Keyboard,weak_relative,37,-0.31193135938649075,0.020810175097265862,0.24742268041237114,97,,0,0.002518897643312812,0,-0.001037846552208066,-0.001046249526552856
r4_real,real_world,source_z_l2_mean4,Keyboard,middle_relative,17,-0.05692458503941932,0.025848518893488482,0.3181818181818182,44,,0,0.0015409286133944988,0,-0.00020062000839971006,-0.0003054952248930931
r4_real,real_world,source_z_l2_mean4,Keyboard,strong_relative,21,-0.35654313316668823,-0.20736144692422598,0.3877551020408163,49,,0,0.0007973088067956269,0,-0.00026049272855743766,-4.3202533561270684e-05
r4_real,real_world,source_z_l2_mean4,Knives,weak_relative,22,-0.08321374449251326,-0.18137392757206228,0.5849056603773585,53,,0,0.008027130737900734,0,4.429412456374848e-06,0.0005787098198197782
r4_real,real_world,source_z_l2_mean4,Knives,middle_relative,28,-0.05472805127894131,-0.30220832854809554,0.7714285714285715,70,,0,0.0072573344223201275,0,0.0007416185108013451,-0.0020767885725945234
r4_real,real_world,source_z_l2_mean4,Knives,strong_relative,33,0.375056136608089,0.07536271749186818,0.8641975308641975,81,,0,0.007574575487524271,0,0.0029194324743002653,-0.0005153277888894081
r4_real,real_world,source_z_l2_mean4,Lamp_Shade,weak_relative,14,0.28083248936731425,0.1920798529799431,0.6153846153846154,39,,0,0.010486788116395473,0,0.0023287551011890173,-0.0007940622745081782
r4_real,real_world,source_z_l2_mean4,Lamp_Shade,middle_relative,26,0.1723019519322724,-0.07864390071744147,0.7162162162162162,74,,0,0.008638519793748856,0,0.0018098176224157214,-0.00014550577907357365
r4_real,real_world,source_z_l2_mean4,Lamp_Shade,strong_relative,38,0.16761459360398073,-0.1194630275251399,0.6923076923076923,104,,0,0.009941532276570797,0,0.0022516518365591764,0.0006334566278383136
r4_real,real_world,source_z_l2_mean4,Laptop,weak_relative,22,-0.1426620691609999,-0.20771188684362624,0.5846153846153846,65,,0,0.003506102366372943,0,-8.444735431112349e-05,-9.901929297484457e-05
r4_real,real_world,source_z_l2_mean4,Laptop,middle_relative,31,-0.1157270311714511,-0.03857988929017027,0.6195652173913043,92,,0,0.004464417230337858,0,-0.0007542457897216082,-0.0010175370844081044
r4_real,real_world,source_z_l2_mean4,Laptop,strong_relative,14,0.3330241516268705,0.21305917249247866,0.5476190476190477,42,,0,0.00194505974650383,0,0.00028796642436645925,-0.0001213933719554916
r4_real,real_world,source_z_l2_mean4,Marker,weak_relative,8,0.0012621832456258403,0.020531839010915952,0.625,24,,0,0.009983671829104424,0,-0.0013079186901450157,-0.005898396484553814
r4_real,real_world,source_z_l2_mean4,Marker,middle_relative,7,0.13906186029878564,0.03355854018968091,0.6666666666666666,21,,0,0.015326674096286297,0,0.0014506110455840826,0.0001666077587287873
r4_real,real_world,source_z_l2_mean4,Marker,strong_relative,8,-0.21962762094049695,-0.5506697098491822,0.375,24,,0,0.023597002029418945,0,-0.004519157111644745,-0.007519066333770752
r4_real,real_world,source_z_l2_mean4,Monitor,weak_relative,14,-0.22929692070352373,0.13124618427398266,0.38095238095238093,42,,0,0.020059186965227127,0,-0.0042749447748064995,-0.004259816836565733
r4_real,real_world,source_z_l2_mean4,Monitor,middle_relative,30,-0.3256586787586232,-0.27193604731613297,0.4,90,,0,0.014803079888224602,0,-0.0024630853440612555,-0.0032365082297474146
r4_real,real_world,source_z_l2_mean4,Monitor,strong_relative,27,-0.16123721537225336,-0.09323511036874989,0.37037037037037035,81,,0,0.010981791652739048,0,-0.0005332372384145856,0.0004209064645692706
r4_real,real_world,source_z_l2_mean4,Mop,weak_relative,12,0.7058752563435612,0.4920539067750467,0.9722222222222222,36,,0,0.011544671840965748,0,0.00496301893144846,0.002868965268135071
r4_real,real_world,source_z_l2_mean4,Mop,middle_relative,18,0.12159750766126322,0.09085274038118846,0.5576923076923077,52,,0,0.0049444530159235,0,-0.000271482887910679,0.0003531348775140941
r4_real,real_world,source_z_l2_mean4,Mop,strong_relative,16,0.4390969048560881,0.4607406436341307,0.7555555555555555,45,,0,0.016080014407634735,0,0.0058792331255972385,0.001626551616936922
r4_real,real_world,source_z_l2_mean4,Mouse,weak_relative,27,-0.14084484174153517,-0.14986379235860522,0.5066666666666667,75,,0,0.008829056285321712,0,2.5445112896704813e-06,-0.0011912122135981917
r4_real,real_world,source_z_l2_mean4,Mouse,middle_relative,17,-0.20582536351524475,-0.22810661394390647,0.34210526315789475,38,,0,0.0011041437974199653,0,-0.000407328421715647,-0.0004102210805285722
r4_real,real_world,source_z_l2_mean4,Mouse,strong_relative,16,-0.3976868042500143,-0.30653063791652474,0.3953488372093023,43,,0,0.00414451165124774,0,-0.0005118078552186489,-0.000779471592977643
r4_real,real_world,source_z_l2_mean4,Mug,weak_relative,31,0.013886874744297721,0.07861973999899352,0.704225352112676,71,,0,0.002494136104360223,0,0.00032482240931130946,0.0003407466283533722
r4_real,real_world,source_z_l2_mean4,Mug,middle_relative,22,-0.5248362774148376,-0.4803487412322163,0.625,48,,0,0.010939723812043667,0,-0.004896906670182943,-0.0012164778308942914
r4_real,real_world,source_z_l2_mean4,Mug,strong_relative,5,0.6339047049658872,0.6740977013031625,0.6,15,,0,0.0021471004001796246,0,0.0007101597147993743,6.4461492002010345e-06
r4_real,real_world,source_z_l2_mean4,Notebook,weak_relative,38,-0.19814536436449456,-0.17472374608360394,0.509090909090909,110,,0,0.012818158604204655,0,-0.0023179135750979185,-0.002351414179429412
r4_real,real_world,source_z_l2_mean4,Notebook,middle_relative,13,-0.06355315390363206,0.39194604285980955,0.358974358974359,39,,0,0.014790227636694908,0,-0.00010164827108383179,-0.0022434985730797052
r4_real,real_world,source_z_l2_mean4,Notebook,strong_relative,17,0.052430857693893114,0.37218014385583015,0.5490196078431373,51,,0,0.019070938229560852,0,-0.001168525661341846,-0.00025266059674322605
r4_real,real_world,source_z_l2_mean4,Oven,weak_relative,23,-0.07097987938908398,0.38170198083467477,0.6290322580645161,62,,0,0.0061326841823756695,0,-0.0008325610542669892,-0.0024010674096643925
r4_real,real_world,source_z_l2_mean4,Oven,middle_relative,17,0.09748939770120998,0.22517752519191628,0.37777777777777777,45,,0,0.00986296683549881,0,5.188381692278199e-05,-0.0005186093039810658
r4_real,real_world,source_z_l2_mean4,Oven,strong_relative,24,0.06383166076978124,0.3382679615275277,0.5116279069767442,43,,0,0.006757039111107588,0,-0.0008508754544891417,0.0001303662284044549
r4_real,real_world,source_z_l2_mean4,Pan,weak_relative,7,-0.09666986604396599,-0.031237259917213277,0.2857142857142857,21,,0,0.011019006371498108,0,-0.0008822189993225038,-0.0036728468257933855
r4_real,real_world,source_z_l2_mean4,Pan,middle_relative,10,-0.03016576298480213,0.25507052413939585,0.6666666666666666,30,,0,0.011070099659264088,0,-0.002558595035225153,-0.0038873529992997646
r4_real,real_world,source_z_l2_mean4,Pan,strong_relative,13,0.4521797366362727,0.44736676483071497,0.6666666666666666,36,,0,0.009085566736757755,0,0.002633781172335148,0.0006539906025864184
r4_real,real_world,source_z_l2_mean4,Paper_Clip,weak_relative,31,0.19583678469218307,0.2197732951590959,0.47126436781609193,87,,0,0.011469902470707893,0,0.0018431599019095302,0.0018916861154139042
r4_real,real_world,source_z_l2_mean4,Paper_Clip,middle_relative,28,-0.043211242075404395,-0.020783980087011922,0.6307692307692307,65,,0,0.00992373377084732,0,0.0014789864653721452,0.00016471417620778084
r4_real,real_world,source_z_l2_mean4,Paper_Clip,strong_relative,9,-0.1646922849235762,-0.03945599920917512,0.5,20,,0,0.0038608137983828783,0,0.00042987626511603594,0.0012187851825729012
r4_real,real_world,source_z_l2_mean4,Pen,weak_relative,23,0.05994979626188168,0.13720355216053326,0.47058823529411764,68,,0,0.004660110455006361,0,-0.00020308537932578474,-0.0002689870016183704
r4_real,real_world,source_z_l2_mean4,Pen,middle_relative,28,0.13722966044122434,0.20214743340028082,0.6144578313253012,83,,0,0.004377111326903105,0,0.0007999075460247695,0.00034027433139272034
r4_real,real_world,source_z_l2_mean4,Pen,strong_relative,14,-0.22584383818513237,-0.31354469174051197,0.425,40,,0,0.002032567048445344,0,-0.00014938793901819736,7.074725544953253e-06
r4_real,real_world,source_z_l2_mean4,Pencil,weak_relative,32,0.08550160177607974,0.16893997424708365,0.5416666666666666,96,,0,0.012501245364546776,0,0.0016112058656290174,5.965377204120159e-05
r4_real,real_world,source_z_l2_mean4,Pencil,middle_relative,20,-0.28813885214491314,-0.41121264805406943,0.4745762711864407,59,,0,0.017962543293833733,0,-2.7922913432121277e-05,-0.0023845345713198185
r4_real,real_world,source_z_l2_mean4,Pencil,strong_relative,7,-0.39344035834182906,-0.4259839157192581,0.19047619047619047,21,,0,0.012689744122326374,0,-0.0011195199331268668,0.0008336305618286133
r4_real,real_world,source_z_l2_mean4,Postit_Notes,weak_relative,13,-0.20642823612302152,-0.21186981921262885,0.4444444444444444,36,,0,0.011675321497023106,0,-0.001666258554905653,0.002014793921262026
r4_real,real_world,source_z_l2_mean4,Postit_Notes,middle_relative,26,-0.049042420390097825,-0.04569770105317682,0.5584415584415584,77,,0,0.006779765710234642,0,-0.0006856323452666402,0.0005923676071688533
r4_real,real_world,source_z_l2_mean4,Postit_Notes,strong_relative,28,0.40245755396169974,0.26826399630212616,0.8518518518518519,81,,0,0.006079826038330793,0,0.001528753200545907,-3.338711758260615e-05
r4_real,real_world,source_z_l2_mean4,Printer,weak_relative,16,0.10388519410481212,-0.1413035466310706,0.7560975609756098,41,,0,0.011208221316337585,0,0.000685095030348748,-0.0023409100249409676
r4_real,real_world,source_z_l2_mean4,Printer,middle_relative,14,0.3540476227194978,0.10074585728752074,0.8571428571428571,42,,0,0.005495608318597078,0,0.002164277946576476,8.54139871080406e-05
r4_real,real_world,source_z_l2_mean4,Printer,strong_relative,22,-0.19314855846627713,-0.22582597135901905,0.4918032786885246,61,0.0,2,0.008880355395376682,1,0.0008182665915228426,9.544088243274018e-06
r4_real,real_world,source_z_l2_mean4,Push_Pin,weak_relative,28,0.30632959264774834,0.21270184669558018,0.7105263157894737,76,,0,0.0064348457381129265,0,0.002251703292131424,0.001710261800326407
r4_real,real_world,source_z_l2_mean4,Push_Pin,middle_relative,21,0.24220093553191835,0.12953359659601651,0.8032786885245902,61,,0,0.0015906328335404396,0,0.0003537864831741899,4.2152463720412925e-05
r4_real,real_world,source_z_l2_mean4,Radio,weak_relative,16,0.5699044777258814,0.22641937169812987,0.7391304347826086,46,,0,0.015764553099870682,0,0.004983912222087383,0.0007091620936989784
r4_real,real_world,source_z_l2_mean4,Radio,middle_relative,30,0.12012148398951762,0.0569400570769245,0.8554216867469879,83,,0,0.006199008319526911,0,0.0002886285656131804,0.0001600373216206208
r4_real,real_world,source_z_l2_mean4,Radio,strong_relative,20,0.5507436894827091,0.2991910109979976,0.8928571428571429,56,,0,0.0071445731446146965,0,0.002809518948197365,6.366013258229941e-05
r4_real,real_world,source_z_l2_mean4,Refrigerator,weak_relative,21,-0.17466496156471142,-0.09499204926921917,0.5932203389830508,59,,0,0.0022297175601124763,0,-0.00026822896325029433,-0.00040411000372841954
r4_real,real_world,source_z_l2_mean4,Refrigerator,middle_relative,27,-0.3281307329485315,-0.1624738213705122,0.6060606060606061,66,,0,0.002341797575354576,0,-0.0009360092808492482,-0.0003215834149159491
r4_real,real_world,source_z_l2_mean4,Refrigerator,strong_relative,27,0.19790310092996674,0.1962701375137719,0.7605633802816901,71,,0,0.004035587888211012,0,0.0005782078369520605,-4.025745874969289e-05
r4_real,real_world,source_z_l2_mean4,Ruler,weak_relative,21,-0.21349131409001687,-0.23424689056488696,0.5,44,,0,0.0022599538788199425,0,0.0002578731218818575,0.0004331796953920275
r4_real,real_world,source_z_l2_mean4,Ruler,middle_relative,19,0.2609927834948232,0.13912703043173502,0.8181818181818182,33,,0,0.001499325386248529,0,0.0005730640259571373,-1.2336984582361765e-05
r4_real,real_world,source_z_l2_mean4,Scissors,weak_relative,30,0.28478239527102206,0.29423045785056606,0.5647058823529412,85,,0,0.00235457974486053,0,0.00045735653839074075,-0.00012015421089017764
r4_real,real_world,source_z_l2_mean4,Scissors,middle_relative,24,0.00884874352725841,0.1326334944887213,0.47540983606557374,61,,0,0.006749956402927637,0,0.0016128768911585212,-7.973747415235266e-05
r4_real,real_world,source_z_l2_mean4,Scissors,strong_relative,23,-0.28291678949621435,-0.6133108302422103,0.4032258064516129,62,,0,0.0014169055502861738,0,-0.0004753507673740387,-0.00020132710051257163
r4_real,real_world,source_z_l2_mean4,Screwdriver,weak_relative,19,-0.23367227109377992,-0.2553568439381272,0.47368421052631576,57,,0,0.00794148724526167,0,-6.397847755579278e-05,-0.0010695907985791564
r4_real,real_world,source_z_l2_mean4,Screwdriver,middle_relative,20,0.08469956973223554,0.023025070898406327,0.6949152542372882,59,,0,0.010404141619801521,0,0.0010477772448211908,0.00011540362902451307
r4_real,real_world,source_z_l2_mean4,Screwdriver,strong_relative,12,-0.48940235927240366,-0.6984800603574146,0.38235294117647056,34,,0,0.005423989612609148,0,4.5540004066424444e-05,-0.00017811548605095595
r4_real,real_world,source_z_l2_mean4,Shelf,weak_relative,24,-0.33958307882322697,0.09632155564859753,0.2714285714285714,70,,0,0.010033216327428818,0,-0.0027766842395067215,-0.0011333813890814781
r4_real,real_world,source_z_l2_mean4,Shelf,middle_relative,23,-0.4273032405558248,-0.015605269985728178,0.328125,64,,0,0.01206048671156168,0,-0.0045112501829862595,-0.001216445118188858
r4_real,real_world,source_z_l2_mean4,Shelf,strong_relative,19,-0.2628170496019657,0.016502800668205076,0.24528301886792453,53,,0,0.008431540802121162,0,-0.003562712809070945,-2.456809306750074e-05
r4_real,real_world,source_z_l2_mean4,Sink,weak_relative,16,0.10785680475198473,-0.2096454660618487,0.6060606060606061,33,,0,0.006632331758737564,0,0.0009717339999042451,0.0010410645045340061
r4_real,real_world,source_z_l2_mean4,Sink,middle_relative,22,0.20813374515148728,-0.36703116855871304,0.6792452830188679,53,,0,0.004599327687174082,0,0.000333358853822574,-0.0011636492563411593
r4_real,real_world,source_z_l2_mean4,Sink,strong_relative,39,0.10658858866775463,-0.06537096851530308,0.7752808988764045,89,,0,0.0022512462455779314,0,0.0003638101334217936,1.4008153357281117e-06
r4_real,real_world,source_z_l2_mean4,Sneakers,weak_relative,26,0.12811170987571002,-0.03485860119338886,0.75,24,,0,2.336460238439031e-05,0,7.544963409600314e-06,3.0634961944997485e-07
r4_real,real_world,source_z_l2_mean4,Sneakers,middle_relative,25,0.15935060063369058,0.2707060355264867,0.5172413793103449,29,,0,0.00021016325626987964,0,4.2281419155187905e-05,-3.7785782751598163e-06
r4_real,real_world,source_z_l2_mean4,Sneakers,strong_relative,37,-0.09253856928497542,0.033189346317955996,0.5185185185185185,54,,0,0.0001925600372487679,0,-1.3365772247198038e-05,8.895328392100055e-06
r4_real,real_world,source_z_l2_mean4,Soda,weak_relative,24,0.28102889058867214,-0.13868113706606622,0.8852459016393442,61,,0,0.007070733699947596,0,0.0031459499150514603,0.005324985831975937
r4_real,real_world,source_z_l2_mean4,Soda,middle_relative,24,-0.06579042778780612,-0.09114643535111068,0.7818181818181819,55,,0,0.0067990743555128574,0,0.00015430059283971786,0.0008031440083868802
r4_real,real_world,source_z_l2_mean4,Soda,strong_relative,15,0.24834650039138,-0.13639062501208274,0.8888888888888888,27,,0,0.001382353133521974,0,0.000746373028960079,0.0007971905870363116
r4_real,real_world,source_z_l2_mean4,Speaker,weak_relative,13,-0.16786612996709746,-0.2504702672377206,0.5405405405405406,37,,0,0.010340309701859951,0,0.0006216037436388433,-0.000421009463025257
r4_real,real_world,source_z_l2_mean4,Speaker,middle_relative,24,0.3302257666688547,0.3403964547572845,0.6666666666666666,69,,0,0.012977213598787785,0,0.0024597840383648872,0.0016849130624905229
r4_real,real_world,source_z_l2_mean4,Speaker,strong_relative,44,0.3763912676756281,0.13598939733640011,0.6363636363636364,132,,0,0.011689542792737484,0,0.00018328237638343126,0.00022788476780988276
r4_real,real_world,source_z_l2_mean4,Spoon,weak_relative,21,0.20104715839987974,-0.06603004578500628,0.5714285714285714,63,,0,0.009600591845810413,0,0.0016155760968104005,-0.0001499276841059327
r4_real,real_world,source_z_l2_mean4,Spoon,middle_relative,19,0.276847912754928,-0.23999185586370295,0.8596491228070176,57,,0,0.008063708432018757,0,0.002263143891468644,0.00033494015224277973
r4_real,real_world,source_z_l2_mean4,Spoon,strong_relative,14,0.049469122296966435,-0.2947386913604975,0.6428571428571429,42,,0,0.017531249672174454,0,0.00259573757648468,0.0016926608514040709
r4_real,real_world,source_z_l2_mean4,TV,weak_relative,17,0.12522341116135993,0.14800045406351678,0.47058823529411764,51,1.0,2,0.004953453782945871,1,0.0005473028286360204,0.00014860922237858176
r4_real,real_world,source_z_l2_mean4,TV,middle_relative,20,-0.05085622720244635,-0.006442734657539878,0.6,60,,0,0.010775310918688774,0,-0.000742577773053199,-0.0014566384488716722
r4_real,real_world,source_z_l2_mean4,TV,strong_relative,16,0.20850156313025367,0.3173196333188175,0.7083333333333334,48,,0,0.004718584008514881,0,0.0007292752852663398,0.0007221121340990067
r4_real,real_world,source_z_l2_mean4,Table,weak_relative,24,0.37550527583327037,0.08311461082354077,0.7857142857142857,70,,0,0.007045377511531115,0,0.002056421944871545,-0.000490591861307621
r4_real,real_world,source_z_l2_mean4,Table,middle_relative,21,0.35731157612838294,0.13750006749673857,0.847457627118644,59,,0,0.006725386716425419,0,0.0028375384863466024,0.0015498014399781823
r4_real,real_world,source_z_l2_mean4,Table,strong_relative,14,0.5066783706103719,0.31717375685825583,0.8,35,,0,0.005746752023696899,0,0.002314874902367592,1.2899300600111019e-05
r4_real,real_world,source_z_l2_mean4,Telephone,weak_relative,20,-0.28974788599358403,-0.27815842822678283,0.1951219512195122,41,,0,0.005735898856073618,0,-0.0020675803534686565,-0.0019037903985008597
r4_real,real_world,source_z_l2_mean4,Telephone,middle_relative,30,0.29460076578120836,0.09057516127323997,0.603448275862069,58,,0,0.005295800045132637,0,0.0021239775232970715,-0.00021098021534271538
r4_real,real_world,source_z_l2_mean4,Telephone,strong_relative,32,0.14173076377056995,0.19873951524424985,0.6,60,,0,0.002470344537869096,0,0.0005797674530185759,-0.0001779536105459556
r4_real,real_world,source_z_l2_mean4,ToothBrush,weak_relative,23,-0.08253444137508681,-0.12124310845611933,0.463768115942029,69,,0,0.011744151823222637,0,0.0007264784071594477,0.00011768515832955018
r4_real,real_world,source_z_l2_mean4,ToothBrush,middle_relative,29,-0.07485102710228203,-0.179874921948552,0.5058823529411764,85,,0,0.005690663121640682,0,-0.00024241911887656897,0.0004954399191774428
r4_real,real_world,source_z_l2_mean4,ToothBrush,strong_relative,33,-0.09580124773456294,-0.23642592024557257,0.42391304347826086,92,,0,0.0079208267852664,0,-0.001567305764183402,-0.0009860642021521926
r4_real,real_world,source_z_l2_mean4,Toys,weak_relative,32,-0.28381371717332055,0.09591505088077878,0.35106382978723405,94,,0,0.0151128014549613,0,-0.00483690295368433,-0.004140942357480526
r4_real,real_world,source_z_l2_mean4,Toys,middle_relative,22,-0.17524432184872335,0.49855536560723557,0.3333333333333333,63,,0,0.01639416068792343,0,-0.0026590016204863787,-9.877751290332526e-05
r4_real,real_world,source_z_l2_mean4,Toys,strong_relative,13,0.030083196941810855,0.4576416379736146,0.39473684210526316,38,,0,0.01635819859802723,0,-0.0024230917915701866,3.906191705027595e-05
r4_real,real_world,source_z_l2_mean4,Trash_Can,weak_relative,42,0.5074346933164454,-0.01828959263444459,0.9285714285714286,126,1.0,2,0.016676506027579308,1,0.007011841982603073,0.004825555719435215
r4_real,real_world,source_z_l2_mean4,Trash_Can,middle_relative,26,0.5640180746566299,0.048543823744864455,0.9102564102564102,78,,0,0.02163129858672619,0,0.008598542772233486,0.00017325433145742863
r4_real,real_world,source_z_l2_mean4,Trash_Can,strong_relative,13,0.3639442744069036,0.3383104783415088,0.6153846153846154,39,,0,0.015365887433290482,0,0.004020810127258301,0.0005776677280664444
r4_real,real_world,source_z_l2_mean4,Webcam,weak_relative,13,-0.10876454002361464,-0.08216486288408231,0.36666666666666664,30,,0,0.0035650753416121006,0,-0.0007700449205003679,-0.0013497209874913096
r4_real,real_world,source_z_l2_mean4,Webcam,middle_relative,13,-0.27773904969807184,-0.2977070124571845,0.2608695652173913,23,,0,0.0022323078010231256,0,-0.000812368409242481,0.00016724489978514612
r4_real,real_world,source_z_l2_mean4,Webcam,strong_relative,23,-0.1891935794911529,-0.38260423020073564,0.3409090909090909,44,,0,0.000339068821631372,0,-9.187456453219056e-05,-1.3191930747780134e-06
r4_random,real_world,cosine_mean4,Alarm_Clock,weak_relative,23,0.16258986014232954,0.012104795324707587,0.5942028985507246,69,0.5,2,0.09979100525379181,1,-0.012148164212703705,-0.0002627905923873186
r4_random,real_world,cosine_mean4,Alarm_Clock,middle_relative,19,0.3234616248715423,0.24641624692012667,0.6666666666666666,57,,0,0.1962612420320511,0,0.09167452156543732,0.07558102905750275
r4_random,real_world,cosine_mean4,Alarm_Clock,strong_relative,44,0.11097651745860328,-0.07725043540999511,0.8257575757575758,132,0.75,4,0.16468477249145508,2,0.029092121869325638,-0.006406462285667658
r4_random,real_world,cosine_mean4,Backpack,weak_relative,16,-0.012593098976422358,0.2716941175234624,0.5217391304347826,46,,0,0.0017385404789820313,0,-0.00022025627549737692,-0.00010061110515380278
r4_random,real_world,cosine_mean4,Backpack,middle_relative,23,-0.05536141424543803,-0.034846706770817956,0.6031746031746031,63,,0,0.01278676651418209,0,0.0033347865100950003,0.009547349996864796
r4_random,real_world,cosine_mean4,Backpack,strong_relative,60,0.00844785200148722,-0.3269442357976943,0.7549668874172185,151,,0,0.0006378680118359625,0,0.00011634458496700972,0.0
r4_random,real_world,cosine_mean4,Batteries,weak_relative,28,-0.12587756851902332,-0.23397808161677325,0.4691358024691358,81,0.0,4,0.14638841152191162,2,-0.0004556197964120656,-0.017579570412635803
r4_random,real_world,cosine_mean4,Batteries,middle_relative,27,-0.09605371638881581,0.03906046180176329,0.49382716049382713,81,0.16666666666666666,6,0.26576802134513855,3,0.043580763041973114,0.0032283563632518053
r4_random,real_world,cosine_mean4,Batteries,strong_relative,9,0.09172896598551536,0.2957506486710878,0.6666666666666666,27,,0,0.0537458136677742,0,0.01239759847521782,9.072286047739908e-06
r4_random,real_world,cosine_mean4,Bed,weak_relative,12,0.06095371222517768,0.4809504100764109,0.75,36,,0,0.5995334982872009,0,-0.050967853516340256,0.020104678347706795
r4_random,real_world,cosine_mean4,Bed,middle_relative,18,0.3893144089000943,0.3550559341192036,0.6666666666666666,54,0.8333333333333334,6,0.48714420199394226,3,0.14130936563014984,0.017850210890173912
r4_random,real_world,cosine_mean4,Bed,strong_relative,53,0.2459583840383872,0.1415255945455937,0.6666666666666666,159,0.6,10,0.20877881348133087,5,0.06107065826654434,0.012365499511361122
r4_random,real_world,cosine_mean4,Bike,weak_relative,29,0.28061213581908623,-0.07983157283146383,0.872093023255814,86,,0,0.03446293622255325,0,0.01168881170451641,0.0027839294634759426
r4_random,real_world,cosine_mean4,Bike,middle_relative,37,0.29251917318902354,-0.09351729716904418,0.9252336448598131,107,1.0,2,0.10301999747753143,1,0.0398884080350399,0.048445336520671844
r4_random,real_world,cosine_mean4,Bike,strong_relative,33,0.22675937968166673,0.0487038595141319,0.8645833333333334,96,,0,0.03449810668826103,0,0.013552471995353699,0.006691647227853537
r4_random,real_world,cosine_mean4,Bottle,weak_relative,50,-0.320548843304067,-0.13279976971123078,0.5034013605442177,147,0.4166666666666667,12,0.43872588872909546,6,-0.08693680912256241,-0.11986476927995682
r4_random,real_world,cosine_mean4,Bottle,middle_relative,21,-0.22258663059631048,0.09911964320935789,0.49206349206349204,63,0.25,8,0.538169801235199,4,-0.07021136581897736,-0.08458223193883896
r4_random,real_world,cosine_mean4,Bottle,strong_relative,7,0.37300462927544237,0.3782348800602027,0.7619047619047619,21,1.0,2,0.6829143166542053,1,0.40737342834472656,0.0
r4_random,real_world,cosine_mean4,Bucket,weak_relative,24,0.3822615613044222,0.12896114052387142,0.8450704225352113,71,1.0,2,0.4606422483921051,1,0.2185819149017334,0.04894484952092171
r4_random,real_world,cosine_mean4,Bucket,middle_relative,33,0.21133427767247626,-0.0756175917791519,0.797979797979798,99,0.8333333333333334,12,0.4059130847454071,6,0.07430782169103622,0.06322726607322693
r4_random,real_world,cosine_mean4,Bucket,strong_relative,23,0.40963044261254655,0.22772536626003154,0.7101449275362319,69,1.0,8,0.4814000725746155,4,0.1575709879398346,0.08162368088960648
r4_random,real_world,cosine_mean4,Calculator,weak_relative,34,0.115197895938093,-0.2545821833843871,0.7058823529411765,102,,0,0.04951188713312149,0,0.0068513210862874985,0.009128027595579624
r4_random,real_world,cosine_mean4,Calculator,middle_relative,29,0.17741535961986582,-0.04129395032886791,0.7011494252873564,87,,0,0.039489563554525375,0,0.005536866374313831,0.005462779197841883
r4_random,real_world,cosine_mean4,Calculator,strong_relative,10,-0.017999710087440945,-0.2524592216270718,0.7666666666666667,30,0.5,2,0.1105872243642807,1,-0.007548680063337088,0.0
r4_random,real_world,cosine_mean4,Calendar,weak_relative,57,-0.10143730840126813,-0.06098169558704034,0.375,160,,0,0.006660566199570894,0,-0.0017560779815539718,-0.0011627038475126028
r4_random,real_world,cosine_mean4,Calendar,middle_relative,11,-0.23515712927710963,-0.06810580284557358,0.3548387096774194,31,,0,0.0056928363628685474,0,-0.0025390295777469873,-0.004605844616889954
r4_random,real_world,cosine_mean4,Candles,weak_relative,13,-0.35922486152682587,-0.2666879085088673,0.3076923076923077,39,,0,0.05146503448486328,0,-0.019398927688598633,-0.014113774523139
r4_random,real_world,cosine_mean4,Candles,middle_relative,17,-0.26156894955821086,-0.07731823069657977,0.3541666666666667,48,,0,0.1253814697265625,0,-0.0781668946146965,-0.12250779569149017
r4_random,real_world,cosine_mean4,Candles,strong_relative,69,-0.08267909021655766,0.0065037160298234515,0.44041450777202074,193,,0,0.03851454704999924,0,-0.011526727117598057,-0.01773262210190296
r4_random,real_world,cosine_mean4,Chair,weak_relative,23,-0.28472128745449204,-0.056251229699533584,0.5072463768115942,69,,0,0.18567192554473877,0,-0.060426369309425354,-0.03750425949692726
r4_random,real_world,cosine_mean4,Chair,middle_relative,38,-0.25607460145904426,-0.06697811957002146,0.42105263157894735,114,0.0,4,0.25252965092658997,2,-0.0854296088218689,-0.0015474529936909676
r4_random,real_world,cosine_mean4,Chair,strong_relative,35,-0.1609383516674392,-0.09343767287199024,0.6826923076923077,104,0.0,2,0.15501846373081207,1,-0.013177506625652313,0.047649260610342026
r4_random,real_world,cosine_mean4,Clipboards,weak_relative,23,0.06891629379234306,0.2781170742654146,0.6666666666666666,69,0.5,2,0.8283324241638184,1,-0.1042577251791954,-0.2738296389579773
r4_random,real_world,cosine_mean4,Clipboards,middle_relative,34,-0.09315864415791787,-0.03812758566691189,0.5392156862745098,102,0.5714285714285714,14,0.8102735877037048,7,-0.031863875687122345,-0.006449664477258921
r4_random,real_world,cosine_mean4,Clipboards,strong_relative,8,-0.03507562548748489,-0.4206081614237002,0.4583333333333333,24,0.5,2,0.8453673124313354,1,-0.0024267472326755524,0.0
r4_random,real_world,cosine_mean4,Computer,weak_relative,25,0.39023440537710025,0.41040381913443397,0.68,75,0.8333333333333334,6,0.5962480306625366,3,0.15071384608745575,0.27448928356170654
r4_random,real_world,cosine_mean4,Computer,middle_relative,25,0.131337933544753,0.06511454636402197,0.5866666666666667,75,0.5,10,0.6808648109436035,5,0.149394690990448,0.14471614360809326
r4_random,real_world,cosine_mean4,Computer,strong_relative,14,0.06296288923298748,0.21227158711121968,0.5714285714285714,42,0.0,2,0.9227997064590454,1,-0.05087512731552124,-0.3498142659664154
r4_random,real_world,cosine_mean4,Couch,weak_relative,17,-0.2835433053405193,-0.2833521425130435,0.45098039215686275,51,0.3333333333333333,6,0.6274009943008423,3,-0.15973453223705292,-0.06019698828458786
r4_random,real_world,cosine_mean4,Couch,middle_relative,29,-0.19994834293651104,-0.12698758571922472,0.3563218390804598,87,0.5,4,0.4631498157978058,2,-0.13923926651477814,-0.1063508465886116
r4_random,real_world,cosine_mean4,Couch,strong_relative,30,-0.07900380226283875,-0.011250610161981457,0.5222222222222223,90,0.5,10,0.2933562994003296,5,-0.030289774760603905,-0.011449032463133335
r4_random,real_world,cosine_mean4,Curtains,weak_relative,19,-0.051856696764701296,0.058306955365295676,0.3684210526315789,57,,0,0.08212103694677353,0,-0.008750746957957745,-0.020282402634620667
r4_random,real_world,cosine_mean4,Curtains,middle_relative,16,-0.15317289745240298,0.16479644947027655,0.43478260869565216,46,0.0,2,0.15174004435539246,1,-0.0574406236410141,-0.06998023390769958
r4_random,real_world,cosine_mean4,Curtains,strong_relative,38,-0.21111964858449245,0.1350045948805407,0.45535714285714285,112,0.25,4,0.16581197082996368,2,-0.04501968249678612,-0.05831515043973923
r4_random,real_world,cosine_mean4,Desk_Lamp,weak_relative,19,0.1413571033250686,-0.037280076732500014,0.5964912280701754,57,0.625,8,0.6686756014823914,4,-0.04438069090247154,0.03724411875009537
r4_random,real_world,cosine_mean4,Desk_Lamp,middle_relative,24,0.2076720094060436,0.014184465501309553,0.6944444444444444,72,0.375,8,0.3925694525241852,4,-0.006800701376050711,-0.0765337198972702
r4_random,real_world,cosine_mean4,Desk_Lamp,strong_relative,19,0.23618216412123152,0.14346630403170973,0.7017543859649122,57,0.75,4,0.43627071380615234,2,0.13742053508758545,-2.2543570594280027e-05
r4_random,real_world,cosine_mean4,Drill,weak_relative,13,0.07503140151266856,0.23072128605775877,0.5641025641025641,39,0.0,2,0.5449768304824829,1,-0.05165807902812958,0.06750635802745819
r4_random,real_world,cosine_mean4,Drill,middle_relative,15,0.004594815204831589,0.1546275698667692,0.4,45,0.5,2,0.5010907053947449,1,-0.01577196829020977,0.12567007541656494
r4_random,real_world,cosine_mean4,Drill,strong_relative,23,0.10438242359913112,0.29413251579100946,0.5362318840579711,69,0.0,2,0.10166893154382706,1,0.0038680583238601685,0.0005811539012938738
r4_random,real_world,cosine_mean4,Eraser,weak_relative,20,0.07020026998427073,-0.31371350781334695,0.5833333333333334,60,0.5,6,0.6509371995925903,3,0.09474260360002518,0.054022110998630524
r4_random,real_world,cosine_mean4,Eraser,middle_relative,9,0.14628146873918194,0.09598520181556575,0.6296296296296297,27,,0,0.4211033880710602,0,0.11094124615192413,0.06556490808725357
r4_random,real_world,cosine_mean4,Eraser,strong_relative,14,0.20707790247992353,0.06257996299054908,0.47619047619047616,42,0.6666666666666666,6,0.5869550704956055,3,0.12410090863704681,0.06316772103309631
r4_random,real_world,cosine_mean4,Exit_Sign,weak_relative,35,0.07609556520962338,0.06605053169661984,0.5866666666666667,75,,0,0.02891714498400688,0,-0.0008373958989977837,-0.006603451911360025
r4_random,real_world,cosine_mean4,Exit_Sign,middle_relative,32,0.16460576281962658,0.20774474221319317,0.6363636363636364,77,1.0,2,0.0456119030714035,1,0.010049031116068363,0.0006556165753863752
r4_random,real_world,cosine_mean4,Exit_Sign,strong_relative,14,0.2965688741954621,0.5109718490409558,0.5641025641025641,39,,0,0.11137304455041885,0,0.027644997462630272,0.0
r4_random,real_world,cosine_mean4,Fan,weak_relative,23,0.12487372488405639,0.15559897594263114,0.5538461538461539,65,0.5,6,0.31154030561447144,3,0.0325470007956028,0.06499781459569931
r4_random,real_world,cosine_mean4,Fan,middle_relative,23,-0.26086033629985367,-0.060402942426660375,0.4925373134328358,67,,0,0.2687848210334778,0,-0.11060132086277008,2.4297476556967013e-05
r4_random,real_world,cosine_mean4,Fan,strong_relative,14,0.031036739968547857,0.2623281281164453,0.5263157894736842,38,0.5,2,0.09397781640291214,1,0.019211938604712486,-0.0001309989020228386
r4_random,real_world,cosine_mean4,File_Cabinet,weak_relative,15,-0.41058332662619396,-0.15430901682919115,0.37777777777777777,45,0.3333333333333333,12,0.9115223288536072,6,-0.421291708946228,-0.24307474493980408
r4_random,real_world,cosine_mean4,File_Cabinet,middle_relative,35,-0.22694478683991387,-0.08118008402866439,0.47619047619047616,105,0.25,8,0.48333412408828735,4,-0.15253813564777374,-0.06594547629356384
r4_random,real_world,cosine_mean4,File_Cabinet,strong_relative,8,0.4236440085813014,0.3557233698707511,0.5833333333333334,24,,0,0.05661671981215477,0,0.03181402385234833,0.0
r4_random,real_world,cosine_mean4,Flipflops,weak_relative,22,-0.3646785115518452,-0.23983431961386403,0.36507936507936506,63,0.0,2,0.15786299109458923,1,-0.0809418261051178,-0.07119143009185791
r4_random,real_world,cosine_mean4,Flipflops,middle_relative,17,-0.04539165504252414,0.03840174738190271,0.4489795918367347,49,0.75,4,0.16318579018115997,2,-0.021511176601052284,-0.00840730220079422
r4_random,real_world,cosine_mean4,Flipflops,strong_relative,46,-0.04084101673811968,-0.37268586485500615,0.45864661654135336,133,0.5,2,0.029808634892106056,1,-0.0014770301058888435,-4.121699475945206e-06
r4_random,real_world,cosine_mean4,Flowers,weak_relative,5,0.24715364468738435,0.18496166722474638,0.6,15,,0,0.0038368874229490757,0,0.0005585954058915377,-2.0765070075867698e-05
r4_random,real_world,cosine_mean4,Flowers,middle_relative,18,-0.016171208525241856,-0.13642121135443983,0.5740740740740741,54,,0,0.0030602547340095043,0,-0.00012380865518935025,0.0
r4_random,real_world,cosine_mean4,Flowers,strong_relative,52,0.08519639399510892,0.005483065207247914,0.6129032258064516,155,,0,0.026890991255640984,0,0.00487692654132843,0.0
r4_random,real_world,cosine_mean4,Folder,weak_relative,26,-0.17913279369203444,0.31506375920836266,0.3333333333333333,78,0.4090909090909091,22,1.4266897439956665,11,-0.2396707832813263,-0.16357064247131348
r4_random,real_world,cosine_mean4,Folder,middle_relative,24,-0.5126336574321066,0.14275067853188908,0.1527777777777778,72,0.0,10,0.8022357821464539,5,-0.440828412771225,-0.14626365900039673
r4_random,real_world,cosine_mean4,Folder,strong_relative,7,-0.16437862031271108,-0.1507191083937297,0.38095238095238093,21,0.25,4,0.9541839957237244,2,-0.0439104363322258,0.1308497041463852
r4_random,real_world,cosine_mean4,Fork,weak_relative,14,0.01500378088360015,0.04576628778514495,0.6190476190476191,42,0.5,2,0.5202353596687317,1,-0.008558018133044243,-0.042156461626291275
r4_random,real_world,cosine_mean4,Fork,middle_relative,13,0.16597311649698424,0.15204988867315317,0.5128205128205128,39,,0,0.34981030225753784,0,0.04415512457489967,0.014283617958426476
r4_random,real_world,cosine_mean4,Fork,strong_relative,9,-0.05346705379694117,-0.3434155769368455,0.5925925925925926,27,0.5,2,0.10888603329658508,1,0.0007025260129012167,-0.0271096620708704
r4_random,real_world,cosine_mean4,Glasses,weak_relative,13,-0.34082698995122485,-0.25023353137581206,0.3684210526315789,38,,0,0.03129294142127037,0,-0.017044924199581146,-0.020565923303365707
r4_random,real_world,cosine_mean4,Glasses,middle_relative,25,-0.07448725899108535,-0.303835524333992,0.5,72,,0,0.0057037146762013435,0,0.0002511059574317187,0.00034224457340314984
r4_random,real_world,cosine_mean4,Glasses,strong_relative,22,0.011130494129937125,-0.017641415866900028,0.6615384615384615,65,,0,0.02665325440466404,0,0.0021562997717410326,0.003283200552687049
r4_random,real_world,cosine_mean4,Hammer,weak_relative,26,0.058239404543615605,-0.08683124745855199,0.5256410256410257,78,0.5,6,0.43232637643814087,3,-0.03147917240858078,0.02110883966088295
r4_random,real_world,cosine_mean4,Hammer,middle_relative,20,-0.025649328423010105,-0.21124278278979808,0.6,60,,0,0.4366835951805115,0,-0.03182896226644516,0.012064380571246147
r4_random,real_world,cosine_mean4,Hammer,strong_relative,6,0.17446677318856618,0.1868010847147541,0.5555555555555556,18,,0,0.5714790225028992,0,0.24106110632419586,-0.00026151188649237156
r4_random,real_world,cosine_mean4,Helmet,weak_relative,14,-0.12013019813466362,0.2330646040164341,0.47368421052631576,38,0.0,2,0.5242616534233093,1,-0.032277777791023254,-0.19047169387340546
r4_random,real_world,cosine_mean4,Helmet,middle_relative,7,0.0607453442782969,0.4986220505101859,0.5,20,,0,0.09365155547857285,0,0.012492550536990166,-0.0008734157891012728
r4_random,real_world,cosine_mean4,Helmet,strong_relative,39,0.17162980489461868,0.22469920543646021,0.7570093457943925,107,,0,0.034679267555475235,0,0.011969178915023804,-0.0029171532951295376
r4_random,real_world,cosine_mean4,Kettle,weak_relative,15,-0.2757044697520369,-0.09167292084573864,0.5555555555555556,45,0.5,2,0.2909773886203766,1,-0.13928624987602234,-0.05998089164495468
r4_random,real_world,cosine_mean4,Kettle,middle_relative,22,0.3045855681567115,0.30474865781243876,0.7424242424242424,66,0.5,4,0.21493536233901978,2,0.023866277188062668,-0.03815381973981857
r4_random,real_world,cosine_mean4,Kettle,strong_relative,35,0.11598063748774196,0.02681473925650014,0.6732673267326733,101,0.75,4,0.15610432624816895,2,0.00361611763946712,-0.007788860704749823
r4_random,real_world,cosine_mean4,Keyboard,weak_relative,37,-0.071315421806369,-0.04593391858298174,0.4774774774774775,111,0.3333333333333333,12,0.26542818546295166,6,-0.09278170764446259,-0.06345074623823166
r4_random,real_world,cosine_mean4,Keyboard,middle_relative,17,-0.1373865858702438,-0.17626185267296748,0.43137254901960786,51,,0,0.06898488849401474,0,-0.02691381797194481,-0.007215928751975298
r4_random,real_world,cosine_mean4,Keyboard,strong_relative,21,-0.03241888160785765,-0.17084400303416772,0.6031746031746031,63,,0,0.05250553786754608,0,-0.019381364807486534,-0.02679491974413395
r4_random,real_world,cosine_mean4,Knives,weak_relative,22,0.24626656286931767,0.1813679432057074,0.6515151515151515,66,0.16666666666666666,6,0.29371920228004456,3,0.041592806577682495,0.02849770151078701
r4_random,real_world,cosine_mean4,Knives,middle_relative,28,0.21672084585959375,0.18642532936428555,0.6785714285714286,84,1.0,2,0.10285954922437668,1,0.03150416165590286,0.010000066831707954
r4_random,real_world,cosine_mean4,Knives,strong_relative,33,0.33135557294316165,0.06779212553245777,0.711340206185567,97,1.0,2,0.08666503429412842,1,0.023119809105992317,5.382265158004884e-07
r4_random,real_world,cosine_mean4,Lamp_Shade,weak_relative,14,0.2140735786051624,-0.059196294960987585,0.7380952380952381,42,1.0,4,0.5526850819587708,2,0.10464780777692795,-0.0011012492468580604
r4_random,real_world,cosine_mean4,Lamp_Shade,middle_relative,26,0.36525514116932994,-0.022518157253390292,0.7435897435897436,78,1.0,6,0.3637971878051758,3,0.07672833651304245,0.051410041749477386
r4_random,real_world,cosine_mean4,Lamp_Shade,strong_relative,38,0.19631367135917363,-0.112945937122053,0.7192982456140351,114,0.5833333333333334,12,0.5245940089225769,6,0.11475962400436401,-0.04174293205142021
r4_random,real_world,cosine_mean4,Laptop,weak_relative,22,0.20876183908681992,0.31078659992412,0.6060606060606061,66,0.5,2,0.24471773207187653,1,0.08440744131803513,-0.016927579417824745
r4_random,real_world,cosine_mean4,Laptop,middle_relative,31,0.11890237896059455,0.15937492723867835,0.6344086021505376,93,0.375,8,0.3518834412097931,4,0.11112738400697708,0.0017318780301138759
r4_random,real_world,cosine_mean4,Laptop,strong_relative,14,-0.07388228480411055,0.04212814773635961,0.4523809523809524,42,0.5,4,0.13478532433509827,2,-0.004854883532971144,0.006160979624837637
r4_random,real_world,cosine_mean4,Marker,weak_relative,8,0.2827559180856601,0.3138340870120698,0.5833333333333334,24,0.75,4,1.0197590589523315,2,0.16043874621391296,-0.1765715479850769
r4_random,real_world,cosine_mean4,Marker,middle_relative,7,0.3043748129466501,0.19340385276716512,0.6666666666666666,21,1.0,4,1.6113008260726929,2,0.056008245795965195,0.06632876396179199
r4_random,real_world,cosine_mean4,Marker,strong_relative,8,0.13402280336725156,-0.5248143516695573,0.4583333333333333,24,0.5,6,1.0723098516464233,3,0.05336405336856842,0.0
r4_random,real_world,cosine_mean4,Monitor,weak_relative,14,0.21144824589564018,-0.05953032687861989,0.5952380952380952,42,0.8333333333333334,6,0.4077642261981964,3,0.027509650215506554,0.018020305782556534
r4_random,real_world,cosine_mean4,Monitor,middle_relative,30,-0.1559226113516749,-0.32149598322371215,0.5333333333333333,90,0.6666666666666666,12,0.4520971179008484,6,-0.01804189197719097,0.05291297659277916
r4_random,real_world,cosine_mean4,Monitor,strong_relative,27,-0.23854583861904108,-0.2845030669634858,0.3950617283950617,81,0.25,4,0.25787967443466187,2,-0.03975953906774521,0.005795940291136503
r4_random,real_world,cosine_mean4,Mop,weak_relative,12,0.22876662741507864,0.458487346036571,0.7777777777777778,36,0.75,4,0.3534446656703949,2,0.01661236770451069,-0.10201510041952133
r4_random,real_world,cosine_mean4,Mop,middle_relative,18,-0.18617142599304143,-0.1543382294004285,0.5740740740740741,54,,0,0.5200293064117432,0,-0.1275644600391388,-0.04871396720409393
r4_random,real_world,cosine_mean4,Mop,strong_relative,16,0.38159662404133615,0.3517995810390811,0.7083333333333334,48,1.0,2,0.5158963203430176,1,0.1177065297961235,-0.022247426211833954
r4_random,real_world,cosine_mean4,Mouse,weak_relative,27,0.25435953760584207,0.0566674698154776,0.6790123456790124,81,0.8333333333333334,6,0.23758910596370697,3,0.08348491787910461,0.04362491890788078
r4_random,real_world,cosine_mean4,Mouse,middle_relative,17,0.14733903452341862,0.0735854283778514,0.6470588235294118,51,0.25,4,0.09295918792486191,2,0.008332264609634876,-0.0251948069781065
r4_random,real_world,cosine_mean4,Mouse,strong_relative,16,-0.2777723381627788,-0.19878795418461126,0.5957446808510638,47,0.25,4,0.1585835963487625,2,-0.02960471250116825,0.0
r4_random,real_world,cosine_mean4,Mug,weak_relative,31,0.036892039176739645,-0.010548151077466506,0.6989247311827957,93,1.0,2,0.10119152069091797,1,-0.00529690133407712,-0.05103611946105957
r4_random,real_world,cosine_mean4,Mug,middle_relative,22,-0.20720657498523412,-0.029895110898198133,0.7230769230769231,65,0.5,6,0.34703877568244934,3,-0.03532608598470688,0.004834416322410107
r4_random,real_world,cosine_mean4,Mug,strong_relative,5,0.6169646339780239,0.36560247366201737,0.9333333333333333,15,1.0,4,0.3965609073638916,2,0.23106904327869415,0.0
r4_random,real_world,cosine_mean4,Notebook,weak_relative,38,-0.37446330567328007,-0.18915498166753794,0.3008849557522124,113,0.3333333333333333,6,0.4857810139656067,3,-0.16087107360363007,-0.10207152366638184
r4_random,real_world,cosine_mean4,Notebook,middle_relative,13,-0.15404072755831857,0.20671695291290487,0.46153846153846156,39,0.25,4,0.6367221474647522,2,-0.1947399079799652,-0.13048027455806732
r4_random,real_world,cosine_mean4,Notebook,strong_relative,17,-0.328657680638283,-0.15134861023937676,0.47058823529411764,51,0.5,2,0.5427674055099487,1,-0.08806357532739639,0.03659943491220474
r4_random,real_world,cosine_mean4,Oven,weak_relative,23,0.1718399482769227,0.29487823559680454,0.6521739130434783,69,0.625,8,0.4912894368171692,4,0.06093055382370949,-0.0021012788638472557
r4_random,real_world,cosine_mean4,Oven,middle_relative,17,-0.05816801165255401,-0.18643225853926304,0.5294117647058824,51,0.5,2,0.5421145558357239,1,-0.09312030673027039,-0.04116949439048767
r4_random,real_world,cosine_mean4,Oven,strong_relative,24,-0.1314906579486128,-0.07972995897056813,0.5070422535211268,71,,0,0.329128623008728,0,-0.034606531262397766,0.07857097685337067
r4_random,real_world,cosine_mean4,Pan,weak_relative,7,-0.5762186985493952,0.019429841595066416,0.2857142857142857,21,0.0,2,0.34180688858032227,1,-0.1725846230983734,-0.17385706305503845
r4_random,real_world,cosine_mean4,Pan,middle_relative,10,-0.009243525732813888,0.36653797031251956,0.5333333333333333,30,,0,0.4067838191986084,0,0.014573913998901844,-0.11994705349206924
r4_random,real_world,cosine_mean4,Pan,strong_relative,13,-0.17480882382822496,-0.011854753194307104,0.5641025641025641,39,0.25,4,0.4375184178352356,2,-0.05213461071252823,-0.02706718258559704
r4_random,real_world,cosine_mean4,Paper_Clip,weak_relative,31,0.15297956709370583,0.06245754777929625,0.5483870967741935,93,0.5,2,0.7680491209030151,1,0.11422504484653473,0.12420180439949036
r4_random,real_world,cosine_mean4,Paper_Clip,middle_relative,28,0.09922111507174694,0.04512353794363292,0.6190476190476191,84,1.0,4,0.6046239137649536,2,0.04834361746907234,0.043287020176649094
r4_random,real_world,cosine_mean4,Paper_Clip,strong_relative,9,-0.3411190562145895,-0.0545423303070451,0.5416666666666666,24,0.0,2,0.5923197269439697,1,-0.11485547572374344,0.15179115533828735
r4_random,real_world,cosine_mean4,Pen,weak_relative,23,0.10418913115981984,-0.21765728112179922,0.7101449275362319,69,0.0,2,0.3233276605606079,1,0.004845593590289354,0.02542918175458908
r4_random,real_world,cosine_mean4,Pen,middle_relative,28,0.35058507601731237,0.09143207282241504,0.75,84,0.75,4,0.23664875328540802,2,0.07253187149763107,-0.0024136139545589685
r4_random,real_world,cosine_mean4,Pen,strong_relative,14,0.4367311887159707,-0.0014383355686389872,0.7857142857142857,42,0.75,8,0.331480473279953,4,0.06673724949359894,-0.04306238144636154
r4_random,real_world,cosine_mean4,Pencil,weak_relative,32,0.15106994374864366,0.07628227836238524,0.59375,96,0.75,4,0.4548252820968628,2,0.04236382246017456,-0.0006074123084545135
r4_random,real_world,cosine_mean4,Pencil,middle_relative,20,0.18173314376252625,0.03012320100694769,0.6333333333333333,60,0.75,8,0.42863529920578003,4,0.08571983873844147,0.060829173773527145
r4_random,real_world,cosine_mean4,Pencil,strong_relative,7,-0.3025946068002212,0.13607121608626432,0.42857142857142855,21,0.5,6,0.7930353283882141,3,-0.21950079500675201,0.0
r4_random,real_world,cosine_mean4,Postit_Notes,weak_relative,13,-0.24631791289137822,-0.2156706765190036,0.46153846153846156,39,0.5,4,1.0236302614212036,2,0.012418370693922043,0.2167547047138214
r4_random,real_world,cosine_mean4,Postit_Notes,middle_relative,26,-0.16858706596387266,-0.15972091764172702,0.4358974358974359,78,0.35714285714285715,14,0.7047510743141174,7,-0.08232676982879639,-0.081156425178051
r4_random,real_world,cosine_mean4,Postit_Notes,strong_relative,28,0.15595254668069372,0.1587925623569815,0.7951807228915663,83,0.75,8,0.3085286319255829,4,0.04818597808480263,-0.014929165132343769
r4_random,real_world,cosine_mean4,Printer,weak_relative,16,0.3790936270396216,0.1677339544057615,0.75,48,0.75,4,0.37554800510406494,2,0.13645654916763306,0.05906152352690697
r4_random,real_world,cosine_mean4,Printer,middle_relative,14,0.5417814497510715,-0.036797756762446426,0.8333333333333334,42,1.0,8,0.5592827200889587,4,0.16025592386722565,-0.027907071635127068
r4_random,real_world,cosine_mean4,Printer,strong_relative,22,0.39073444976678856,0.1268820447289445,0.7272727272727273,66,0.6666666666666666,6,0.3441108465194702,3,0.1492035835981369,0.0
r4_random,real_world,cosine_mean4,Push_Pin,weak_relative,28,-0.0965274837615766,-0.0571436462450837,0.5357142857142857,84,0.4166666666666667,12,0.3995991051197052,6,-0.06120474264025688,0.006634324789047241
r4_random,real_world,cosine_mean4,Push_Pin,middle_relative,21,0.17453513332533468,0.27292666584739306,0.5238095238095238,63,,0,0.10015125572681427,0,0.016492892056703568,-0.00237632030621171
r4_random,real_world,cosine_mean4,Radio,weak_relative,16,0.104933478292658,-0.1868167741649065,0.6666666666666666,48,0.6666666666666666,6,0.6576740741729736,3,-0.06411337852478027,-0.1481870710849762
r4_random,real_world,cosine_mean4,Radio,middle_relative,30,-0.03375676975008863,-0.19062172769826177,0.6444444444444445,90,0.75,4,0.35106608271598816,2,-0.0004232261562719941,0.04917999729514122
r4_random,real_world,cosine_mean4,Radio,strong_relative,20,0.3304947473911614,0.2114184729052832,0.75,60,0.5,8,0.43156009912490845,4,0.04711899161338806,-0.02880587801337242
r4_random,real_world,cosine_mean4,Refrigerator,weak_relative,21,0.04082314093003261,-0.09723170948574927,0.746031746031746,63,1.0,2,0.1291002631187439,1,-0.001979756634682417,-0.009174707345664501
r4_random,real_world,cosine_mean4,Refrigerator,middle_relative,27,0.06785316519176254,-0.15826182288914004,0.7875,80,0.25,4,0.20356550812721252,2,-0.03121464140713215,-0.04373256489634514
r4_random,real_world,cosine_mean4,Refrigerator,strong_relative,27,0.07766539281424724,-0.025890713800634353,0.7654320987654321,81,0.5,4,0.2614857852458954,2,0.03455951437354088,-0.00378080434165895
r4_random,real_world,cosine_mean4,Ruler,weak_relative,21,0.14067905974483397,0.14204852191503134,0.6071428571428571,56,1.0,2,0.25097599625587463,1,0.08142147958278656,0.042752355337142944
r4_random,real_world,cosine_mean4,Ruler,middle_relative,19,0.28356157168433566,0.12717277950050163,0.6590909090909091,44,,0,0.03968529775738716,0,0.010756301693618298,-1.2076679013262037e-05
r4_random,real_world,cosine_mean4,Scissors,weak_relative,30,0.10383687079234488,-0.08701608966638825,0.6,90,0.25,4,0.16947652399539948,2,-0.007422545924782753,0.003100205445662141
r4_random,real_world,cosine_mean4,Scissors,middle_relative,24,-0.05125260583565426,-0.05164186740792895,0.647887323943662,71,0.5,4,0.19061152637004852,2,0.0004835228028241545,-0.007733108010143042
r4_random,real_world,cosine_mean4,Scissors,strong_relative,23,-0.11785212227651062,-0.4034855936274523,0.6956521739130435,69,0.5,2,0.11561372876167297,1,-0.017640307545661926,0.009712117724120617
r4_random,real_world,cosine_mean4,Screwdriver,weak_relative,19,-0.32103109456632695,-0.26183779362256554,0.40350877192982454,57,0.0,2,0.3765105903148651,1,-0.0976564884185791,-0.11692968010902405
r4_random,real_world,cosine_mean4,Screwdriver,middle_relative,20,0.0724824624571932,0.06547264236388049,0.5666666666666667,60,0.0,2,0.34891077876091003,1,0.07089406996965408,-0.011048608459532261
r4_random,real_world,cosine_mean4,Screwdriver,strong_relative,12,-0.18803304281288774,0.05071585990717133,0.6111111111111112,36,0.0,2,0.1704956293106079,1,-0.017053870484232903,0.002054820768535137
r4_random,real_world,cosine_mean4,Shelf,weak_relative,24,-0.48033252150651373,-0.1853681395266895,0.25,72,0.25,8,0.7147732377052307,4,-0.34395095705986023,-0.3711432218551636
r4_random,real_world,cosine_mean4,Shelf,middle_relative,23,-0.3769519765688584,-0.027564883786251812,0.17647058823529413,68,0.16666666666666666,6,0.49605879187583923,3,-0.17389436066150665,0.00012677039194386452
r4_random,real_world,cosine_mean4,Shelf,strong_relative,19,-0.32782990213609037,-0.12134774159385361,0.2631578947368421,57,0.0,2,0.5072767734527588,1,-0.22918136417865753,-0.07449714839458466
r4_random,real_world,cosine_mean4,Sink,weak_relative,16,0.3222586411263785,0.13841658076889887,0.7291666666666666,48,0.75,4,0.4614272713661194,2,0.14024941623210907,0.0722145140171051
r4_random,real_world,cosine_mean4,Sink,middle_relative,22,0.11019770720686395,-0.08486480602896485,0.7230769230769231,65,,0,0.435099333524704,0,0.008508991450071335,-0.014494665898382664
r4_random,real_world,cosine_mean4,Sink,strong_relative,39,0.2657583950242526,-0.07995114282438477,0.7777777777777778,117,0.6666666666666666,6,0.18731030821800232,3,0.043018605560064316,-0.01119044329971075
r4_random,real_world,cosine_mean4,Sneakers,weak_relative,26,0.134904335970282,-0.1743056413651895,0.5789473684210527,76,,0,0.003485079389065504,0,0.000960618257522583,0.00020201502775307745
r4_random,real_world,cosine_mean4,Sneakers,middle_relative,25,-0.14173140077993526,-0.1574602296665982,0.589041095890411,73,0.0,2,0.03066944144666195,1,-0.01145851705223322,0.0005572438822127879
r4_random,real_world,cosine_mean4,Sneakers,strong_relative,37,0.0762288055494645,-0.03141214395337423,0.6330275229357798,109,1.0,2,0.03775796666741371,1,0.004360145889222622,-0.00670242216438055
r4_random,real_world,cosine_mean4,Soda,weak_relative,24,0.35203625725804943,-0.12415959262813558,0.7777777777777778,72,1.0,4,0.22687502205371857,2,0.07490039616823196,0.12805050611495972
r4_random,real_world,cosine_mean4,Soda,middle_relative,24,-0.10432906210011413,-0.13140091881017968,0.6857142857142857,70,0.5,2,0.44978705048561096,1,-0.06388911604881287,0.01778806559741497
r4_random,real_world,cosine_mean4,Soda,strong_relative,15,0.07020347078094184,-0.3603582357174884,0.7441860465116279,43,,0,0.08757766336202621,0,0.016942238435149193,0.0034590435680001974
r4_random,real_world,cosine_mean4,Speaker,weak_relative,13,0.08202889397388709,-0.10468763283392797,0.48717948717948717,39,0.5,6,0.503663957118988,3,0.08131773769855499,-0.0030035697855055332
r4_random,real_world,cosine_mean4,Speaker,middle_relative,24,0.1111474442604006,-0.10319295503344281,0.5277777777777778,72,,0,0.40938225388526917,0,0.06308668851852417,-0.029648683965206146
r4_random,real_world,cosine_mean4,Speaker,strong_relative,44,0.045250023402595554,0.0005538949044462859,0.5757575757575758,132,0.5,8,0.34762057662010193,4,0.04762381315231323,0.0
r4_random,real_world,cosine_mean4,Spoon,weak_relative,21,0.26972417209187005,0.2023449723718002,0.7142857142857143,63,0.8333333333333334,6,0.4089134633541107,3,0.09515678137540817,0.04107888415455818
r4_random,real_world,cosine_mean4,Spoon,middle_relative,19,0.23510650393782284,0.16534023177038562,0.7017543859649122,57,0.5,4,0.34719833731651306,2,0.1315574049949646,0.04914641007781029
r4_random,real_world,cosine_mean4,Spoon,strong_relative,14,0.24920895451200822,-0.16273861327603384,0.7619047619047619,42,0.0,2,0.7499197125434875,1,0.08482400327920914,0.15374460816383362
r4_random,real_world,cosine_mean4,TV,weak_relative,17,-0.32843659646072765,-0.12523722423802164,0.49019607843137253,51,0.25,8,0.544113039970398,4,-0.10919386148452759,0.0005765136447735131
r4_random,real_world,cosine_mean4,TV,middle_relative,20,-0.3175671018309189,-0.21860502582974822,0.4666666666666667,60,0.3333333333333333,6,0.8062394261360168,3,-0.2950286567211151,-0.09524393081665039
r4_random,real_world,cosine_mean4,TV,strong_relative,16,0.42678738478646816,0.5755833752206138,0.625,48,0.8333333333333334,6,0.3833722770214081,3,0.10861928015947342,-0.013183432631194592
r4_random,real_world,cosine_mean4,Table,weak_relative,24,0.24407525497747146,-0.010822557477238972,0.7887323943661971,71,0.875,8,0.22607235610485077,4,0.02159884013235569,0.028115302324295044
r4_random,real_world,cosine_mean4,Table,middle_relative,21,0.16558686431678363,-0.11769619411804817,0.7301587301587301,63,1.0,2,0.19816692173480988,1,0.029422715306282043,0.05578172951936722
r4_random,real_world,cosine_mean4,Table,strong_relative,14,0.33930166745955137,0.057231865420729486,0.7073170731707317,41,1.0,4,0.17848239839076996,2,0.039670564234256744,8.700807666173205e-05
r4_random,real_world,cosine_mean4,Telephone,weak_relative,20,-0.27056110260613786,-0.17943492762170074,0.5,60,0.0,2,0.18031641840934753,1,-0.09384957700967789,-0.04412822797894478
r4_random,real_world,cosine_mean4,Telephone,middle_relative,30,0.2501744501667668,0.1603971037590039,0.7078651685393258,89,0.8333333333333334,6,0.15705062448978424,3,0.055482037365436554,0.0021366472356021404
r4_random,real_world,cosine_mean4,Telephone,strong_relative,32,0.19248452820669665,0.43506593515864783,0.7368421052631579,95,0.75,4,0.17400121688842773,2,0.07146398723125458,-0.001190870301797986
r4_random,real_world,cosine_mean4,ToothBrush,weak_relative,23,0.23824191283294963,0.009746097698335912,0.6666666666666666,69,0.8333333333333334,6,0.6355463862419128,3,0.22389082610607147,0.1347556710243225
r4_random,real_world,cosine_mean4,ToothBrush,middle_relative,29,0.09325385122578221,-0.1902595363616225,0.5862068965517241,87,0.75,4,0.33169320225715637,2,0.03486678749322891,-0.0012271471787244081
r4_random,real_world,cosine_mean4,ToothBrush,strong_relative,33,0.10819564186448484,-0.05538857697294844,0.6464646464646465,99,1.0,8,0.4760422706604004,4,0.1312733143568039,0.08473899960517883
r4_random,real_world,cosine_mean4,Toys,weak_relative,32,-0.3727392536994975,0.14254035801712278,0.4166666666666667,96,0.39285714285714285,28,1.115731954574585,14,-0.44765010476112366,-0.5236798524856567
r4_random,real_world,cosine_mean4,Toys,middle_relative,22,-0.07768056042760524,0.4538154003660172,0.5303030303030303,66,0.3333333333333333,12,1.1069304943084717,6,-0.08142652362585068,-0.005314035806804895
r4_random,real_world,cosine_mean4,Toys,strong_relative,13,-0.07343311718097102,0.2037481996484704,0.6153846153846154,39,,0,0.8600729703903198,0,0.025446351617574692,0.0
r4_random,real_world,cosine_mean4,Trash_Can,weak_relative,42,0.19802906984557606,-0.0819883814944446,0.6666666666666666,126,0.8333333333333334,12,0.3349132835865021,6,0.04410563036799431,0.026699043810367584
r4_random,real_world,cosine_mean4,Trash_Can,middle_relative,26,0.08598018513390554,-0.15536302104233246,0.6923076923076923,78,0.625,8,0.7082961201667786,4,-0.014781289733946323,-0.0006097111036069691
r4_random,real_world,cosine_mean4,Trash_Can,strong_relative,13,-0.2559401076151567,-0.31076197089127555,0.358974358974359,39,,0,0.49037694931030273,0,-0.0796828642487526,0.04262200742959976
r4_random,real_world,cosine_mean4,Webcam,weak_relative,13,-0.0820848720404254,-0.09755321422833675,0.6111111111111112,36,1.0,2,0.31937551498413086,1,-0.09687134623527527,-0.13569022715091705
r4_random,real_world,cosine_mean4,Webcam,middle_relative,13,-0.149403111813076,-0.06902294039215313,0.4473684210526316,38,,0,0.3097526729106903,0,-0.017159881070256233,1.5129900248211925e-06
r4_random,real_world,cosine_mean4,Webcam,strong_relative,23,0.13561563008901553,0.24898100734531808,0.47619047619047616,63,1.0,2,0.054238561540842056,1,0.016814541071653366,0.0
r4_random,real_world,source_z_l2_mean4,Alarm_Clock,weak_relative,23,0.1357479450873414,-0.0767223152847668,0.7246376811594203,69,0.5,2,0.09979100525379181,1,-0.012577402405440807,-0.0006920284940861166
r4_random,real_world,source_z_l2_mean4,Alarm_Clock,middle_relative,19,0.14373675193478488,-0.01847177926766987,0.7017543859649122,57,,0,0.1962612420320511,0,0.032064203172922134,0.015970708802342415
r4_random,real_world,source_z_l2_mean4,Alarm_Clock,strong_relative,44,0.06208307901927993,-0.17653050021596042,0.8409090909090909,132,0.75,4,0.16468477249145508,2,0.03028685972094536,-0.005211726762354374
r4_random,real_world,source_z_l2_mean4,Backpack,weak_relative,16,0.0657278232194915,0.25952844019343096,0.5869565217391305,46,,0,0.0017385404789820313,0,-0.0002284166548633948,-0.0001087715063476935
r4_random,real_world,source_z_l2_mean4,Backpack,middle_relative,23,-0.08417497347858767,-0.025323365237162943,0.6349206349206349,63,,0,0.01278676651418209,0,-0.006439907476305962,-0.00022734369849786162
r4_random,real_world,source_z_l2_mean4,Backpack,strong_relative,60,-0.004048618717944356,-0.15185638339926563,0.8013245033112583,151,,0,0.0006378680118359625,0,-9.098512236960232e-05,-0.00020732970733661205
r4_random,real_world,source_z_l2_mean4,Batteries,weak_relative,28,-0.08973498967185081,-0.19007501178064556,0.5061728395061729,81,0.0,4,0.14638841152191162,2,0.0003123455971945077,-0.016811611130833626
r4_random,real_world,source_z_l2_mean4,Batteries,middle_relative,27,-0.042169212261081994,0.04860254734511156,0.48148148148148145,81,0.16666666666666666,6,0.26576802134513855,3,0.04998771846294403,0.009635312482714653
r4_random,real_world,source_z_l2_mean4,Batteries,strong_relative,9,0.16916550179320078,0.2487389017187624,0.6666666666666666,27,,0,0.0537458136677742,0,0.015396530739963055,0.0030080026481300592
r4_random,real_world,source_z_l2_mean4,Bed,weak_relative,12,0.14827142619406003,0.6305380110127865,0.75,36,,0,0.5995334982872009,0,0.14885951578617096,0.21993203461170197
r4_random,real_world,source_z_l2_mean4,Bed,middle_relative,18,0.34364110346963295,0.20466278781868005,0.6481481481481481,54,0.8333333333333334,6,0.48714420199394226,3,0.1460358202457428,0.02257665805518627
r4_random,real_world,source_z_l2_mean4,Bed,strong_relative,53,0.1868045768518388,0.04381832091033652,0.6729559748427673,159,0.6,10,0.20877881348133087,5,0.06743435561656952,0.01872919872403145
r4_random,real_world,source_z_l2_mean4,Bike,weak_relative,29,0.33076229429136456,0.09734103780266716,0.872093023255814,86,,0,0.03446293622255325,0,0.01168881170451641,0.0027839294634759426
r4_random,real_world,source_z_l2_mean4,Bike,middle_relative,37,0.3457566798996066,0.11694606760908433,0.9158878504672897,107,1.0,2,0.10301999747753143,1,0.03987746313214302,0.04843439161777496
r4_random,real_world,source_z_l2_mean4,Bike,strong_relative,33,0.2533135468300913,0.11629210464451163,0.875,96,,0,0.03449810668826103,0,0.013553399592638016,0.006692575756460428
r4_random,real_world,source_z_l2_mean4,Bottle,weak_relative,50,-0.3288283142242357,-0.18753892568153913,0.5238095238095238,147,0.5,12,0.43872588872909546,6,-0.07517968863248825,-0.10810766369104385
r4_random,real_world,source_z_l2_mean4,Bottle,middle_relative,21,-0.19177328519086284,0.1303313585447235,0.47619047619047616,63,0.375,8,0.538169801235199,4,-0.04792507365345955,-0.06229594722390175
r4_random,real_world,source_z_l2_mean4,Bottle,strong_relative,7,0.08171676623993067,0.009893163144939652,0.7142857142857143,21,1.0,2,0.6829143166542053,1,0.031220287084579468,-0.3761531412601471
r4_random,real_world,source_z_l2_mean4,Bucket,weak_relative,24,0.35353841985638085,0.07873121291479399,0.8591549295774648,71,1.0,2,0.4606422483921051,1,0.21752244234085083,0.047885339707136154
r4_random,real_world,source_z_l2_mean4,Bucket,middle_relative,33,0.25026643373956137,-0.00648579580416676,0.7373737373737373,99,0.8333333333333334,12,0.4059130847454071,6,-0.0025549023412168026,-0.013635463081300259
r4_random,real_world,source_z_l2_mean4,Bucket,strong_relative,23,0.3839110986735296,0.3328341515947825,0.5652173913043478,69,0.875,8,0.4814000725746155,4,0.11190482974052429,0.03595753759145737
r4_random,real_world,source_z_l2_mean4,Calculator,weak_relative,34,0.22542933894935135,-0.1990396660397551,0.7058823529411765,102,,0,0.04951188713312149,0,0.01197060290724039,0.014247310347855091
r4_random,real_world,source_z_l2_mean4,Calculator,middle_relative,29,0.24211698803106996,-0.06403833346611826,0.7816091954022989,87,,0,0.039489563554525375,0,0.008308314718306065,0.008234228938817978
r4_random,real_world,source_z_l2_mean4,Calculator,strong_relative,10,0.12279705946221596,-0.28917529154522476,0.7,30,0.5,2,0.1105872243642807,1,-0.009476385079324245,-0.0019277051324024796
r4_random,real_world,source_z_l2_mean4,Calendar,weak_relative,57,0.086494663416466,0.014246270880947631,0.725,160,,0,0.006660566199570894,0,0.002750229788944125,0.0033436035737395287
r4_random,real_world,source_z_l2_mean4,Calendar,middle_relative,11,-0.16616819550131748,-0.21466436405309933,0.7096774193548387,31,,0,0.0056928363628685474,0,-0.002235783962532878,-0.004302599001675844
r4_random,real_world,source_z_l2_mean4,Candles,weak_relative,13,-0.24320715421958747,-0.2117241030612231,0.3333333333333333,39,,0,0.05146503448486328,0,-0.022408993914723396,-0.017123842611908913
r4_random,real_world,source_z_l2_mean4,Candles,middle_relative,17,-0.27302451470282474,-0.16842169261770507,0.3958333333333333,48,,0,0.1253814697265625,0,-0.07584661990404129,-0.12018753588199615
r4_random,real_world,source_z_l2_mean4,Candles,strong_relative,69,-0.0513363668136172,-0.03458707933900495,0.49222797927461137,193,,0,0.03851454704999924,0,0.00551798939704895,-0.0006879053544253111
r4_random,real_world,source_z_l2_mean4,Chair,weak_relative,23,-0.26561325878920555,-0.11814948272103709,0.5507246376811594,69,,0,0.18567192554473877,0,-0.06400883197784424,-0.04108672961592674
r4_random,real_world,source_z_l2_mean4,Chair,middle_relative,38,-0.017917666990153125,0.1398780212459688,0.49122807017543857,114,0.5,4,0.25252965092658997,2,-0.022416070103645325,0.061466071754693985
r4_random,real_world,source_z_l2_mean4,Chair,strong_relative,35,-0.11788754890093656,-0.11177517945577745,0.6730769230769231,104,0.0,2,0.15501846373081207,1,-0.01296132244169712,0.04786544293165207
r4_random,real_world,source_z_l2_mean4,Clipboards,weak_relative,23,0.09293614851316638,0.17841664187523792,0.6666666666666666,69,0.5,2,0.8283324241638184,1,-0.08607140183448792,-0.2556433379650116
r4_random,real_world,source_z_l2_mean4,Clipboards,middle_relative,34,-0.09842929476286577,-0.14718269826425812,0.5588235294117647,102,0.5714285714285714,14,0.8102735877037048,7,-0.019831884652376175,0.005582325626164675
r4_random,real_world,source_z_l2_mean4,Clipboards,strong_relative,8,0.08868497684164413,-0.40161817353219487,0.5,24,0.5,2,0.8453673124313354,1,-0.0024267472326755524,0.0
r4_random,real_world,source_z_l2_mean4,Computer,weak_relative,25,0.35694348850942953,0.40635165837309273,0.6266666666666667,75,0.6666666666666666,6,0.5962480306625366,3,0.09912178665399551,0.22289720177650452
r4_random,real_world,source_z_l2_mean4,Computer,middle_relative,25,0.2047964406678561,0.14185841833722151,0.5066666666666667,75,0.4,10,0.6808648109436035,5,0.03711184114217758,0.03243330866098404
r4_random,real_world,source_z_l2_mean4,Computer,strong_relative,14,0.1951818294016132,0.27989681693732865,0.5952380952380952,42,0.0,2,0.9227997064590454,1,0.3163527548313141,0.017413582652807236
r4_random,real_world,source_z_l2_mean4,Couch,weak_relative,17,-0.20669823745003432,-0.22038353463496915,0.47058823529411764,51,0.5,6,0.6274009943008423,3,-0.1985013335943222,-0.09896379709243774
r4_random,real_world,source_z_l2_mean4,Couch,middle_relative,29,-0.16142623690397326,-0.10524317616185297,0.3793103448275862,87,0.5,4,0.4631498157978058,2,-0.10971599817276001,-0.07682757824659348
r4_random,real_world,source_z_l2_mean4,Couch,strong_relative,30,-0.10212121028498082,-0.052750704782158896,0.5333333333333333,90,0.6,10,0.2933562994003296,5,-0.020084543153643608,-0.0012438006233423948
r4_random,real_world,source_z_l2_mean4,Curtains,weak_relative,19,0.0813851780170626,0.04030049949715717,0.5964912280701754,57,,0,0.08212103694677353,0,0.026488536968827248,0.0149568822234869
r4_random,real_world,source_z_l2_mean4,Curtains,middle_relative,16,0.009502581877560432,0.14355447397164922,0.5652173913043478,46,0.0,2,0.15174004435539246,1,-0.0505828931927681,-0.06312250345945358
r4_random,real_world,source_z_l2_mean4,Curtains,strong_relative,38,-0.24950466655460535,-0.04016514998634923,0.4642857142857143,112,0.0,4,0.16581197082996368,2,-0.08045178651809692,-0.09374725073575974
r4_random,real_world,source_z_l2_mean4,Desk_Lamp,weak_relative,19,0.10878330884872958,0.010662735375965194,0.543859649122807,57,0.5,8,0.6686756014823914,4,-0.07474403083324432,0.006880774162709713
r4_random,real_world,source_z_l2_mean4,Desk_Lamp,middle_relative,24,0.12778348773929588,0.010597286355244281,0.6527777777777778,72,0.375,8,0.3925694525241852,4,-0.058365847915410995,-0.12809886038303375
r4_random,real_world,source_z_l2_mean4,Desk_Lamp,strong_relative,19,0.07106167295735691,0.11951824337551792,0.5087719298245614,57,0.5,4,0.43627071380615234,2,0.06288869678974152,-0.07455438375473022
r4_random,real_world,source_z_l2_mean4,Drill,weak_relative,13,0.3238519973157611,0.3478083242034937,0.717948717948718,39,0.5,2,0.5449768304824829,1,0.11265789717435837,0.23182234168052673
r4_random,real_world,source_z_l2_mean4,Drill,middle_relative,15,0.14378038379441266,0.22223123077005205,0.4888888888888889,45,0.5,2,0.5010907053947449,1,0.05838632583618164,0.1998283714056015
r4_random,real_world,source_z_l2_mean4,Drill,strong_relative,23,0.1282557363370314,0.24851639058789987,0.5362318840579711,69,0.5,2,0.10166893154382706,1,0.0038680583238601685,0.0005811539012938738
r4_random,real_world,source_z_l2_mean4,Eraser,weak_relative,20,-0.05367066031041348,-0.25304705864711113,0.5333333333333333,60,0.6666666666666666,6,0.6509371995925903,3,0.11702580749988556,0.0763053148984909
r4_random,real_world,source_z_l2_mean4,Eraser,middle_relative,9,-0.09629925910659685,-0.08883451778692265,0.48148148148148145,27,,0,0.4211033880710602,0,0.042224571108818054,-0.003151763929054141
r4_random,real_world,source_z_l2_mean4,Eraser,strong_relative,14,-0.07436875646792007,-0.09034801171827053,0.38095238095238093,42,0.3333333333333333,6,0.5869550704956055,3,0.039214033633470535,-0.021719159558415413
r4_random,real_world,source_z_l2_mean4,Exit_Sign,weak_relative,35,0.07297556358143008,-0.005724889345080095,0.7733333333333333,75,,0,0.02891714498400688,0,-0.0008362957159988582,-0.0066023520193994045
r4_random,real_world,source_z_l2_mean4,Exit_Sign,middle_relative,32,0.21732461499856315,0.07772045748582923,0.7662337662337663,77,1.0,2,0.0456119030714035,1,0.00856216810643673,-0.0008312464342452586
r4_random,real_world,source_z_l2_mean4,Exit_Sign,strong_relative,14,0.38413154387819337,0.1999839612014844,0.6153846153846154,39,,0,0.11137304455041885,0,0.022705605253577232,-0.004939391277730465
r4_random,real_world,source_z_l2_mean4,Fan,weak_relative,23,0.11189738396089509,0.15608421856431598,0.5076923076923077,65,0.3333333333333333,6,0.31154030561447144,3,-0.018430206924676895,0.014020607806742191
r4_random,real_world,source_z_l2_mean4,Fan,middle_relative,23,-0.23776888935527285,-0.04681663376548513,0.5373134328358209,67,,0,0.2687848210334778,0,-0.0588894858956337,0.05173613131046295
r4_random,real_world,source_z_l2_mean4,Fan,strong_relative,14,-0.1205347972470438,0.016405763839775593,0.3684210526315789,38,0.0,2,0.09397781640291214,1,-0.05050656571984291,-0.06984949856996536
r4_random,real_world,source_z_l2_mean4,File_Cabinet,weak_relative,15,-0.2560584123955546,0.051817559827606524,0.5111111111111111,45,0.5,12,0.9115223288536072,6,-0.08072607219219208,0.09749088436365128
r4_random,real_world,source_z_l2_mean4,File_Cabinet,middle_relative,35,-0.07253965975229645,0.06039926420819812,0.580952380952381,105,0.375,8,0.48333412408828735,4,-0.08438947051763535,0.0022031953558325768
r4_random,real_world,source_z_l2_mean4,File_Cabinet,strong_relative,8,0.25422746143316793,0.16841222684867962,0.5833333333333334,24,,0,0.05661671981215477,0,0.03181402385234833,0.0
r4_random,real_world,source_z_l2_mean4,Flipflops,weak_relative,22,-0.40010661601580466,-0.2818531624041372,0.3968253968253968,63,0.0,2,0.15786299109458923,1,-0.08049416542053223,-0.07074377685785294
r4_random,real_world,source_z_l2_mean4,Flipflops,middle_relative,17,0.035169844815319984,0.11713276388180431,0.4489795918367347,49,0.75,4,0.16318579018115997,2,-0.02194114588201046,-0.00883727241307497
r4_random,real_world,source_z_l2_mean4,Flipflops,strong_relative,46,-0.03092457960071607,-0.3410556268420031,0.45112781954887216,133,0.5,2,0.029808634892106056,1,-0.0015009983908385038,-2.8089756597182713e-05
r4_random,real_world,source_z_l2_mean4,Flowers,weak_relative,5,0.378026934807435,0.11973806204260343,0.6666666666666666,15,,0,0.0038368874229490757,0,0.0005585954058915377,-2.0765070075867698e-05
r4_random,real_world,source_z_l2_mean4,Flowers,middle_relative,18,0.1634686018903914,0.11650109936891359,0.6296296296296297,54,,0,0.0030602547340095043,0,-0.00012380865518935025,0.0
r4_random,real_world,source_z_l2_mean4,Flowers,strong_relative,52,0.1358367463770315,0.005743605332054283,0.6709677419354839,155,,0,0.026890991255640984,0,0.00487692654132843,0.0
r4_random,real_world,source_z_l2_mean4,Folder,weak_relative,26,-0.1666048678305892,0.2627615074622779,0.38461538461538464,78,0.36363636363636365,22,1.4266897439956665,11,-0.14552012085914612,-0.0694199874997139
r4_random,real_world,source_z_l2_mean4,Folder,middle_relative,24,-0.4799529404483937,0.005699044469378449,0.18055555555555555,72,0.1,10,0.8022357821464539,5,-0.36509791016578674,-0.07053317874670029
r4_random,real_world,source_z_l2_mean4,Folder,strong_relative,7,-0.03519009408768994,0.0054484621283205125,0.42857142857142855,21,0.25,4,0.9541839957237244,2,-0.0839836373925209,0.09077650308609009
r4_random,real_world,source_z_l2_mean4,Fork,weak_relative,14,0.18579613685364435,0.0674192241484266,0.6428571428571429,42,1.0,2,0.5202353596687317,1,0.15059198439121246,0.11699353903532028
r4_random,real_world,source_z_l2_mean4,Fork,middle_relative,13,0.2030952673200709,0.1544738084123018,0.5641025641025641,39,,0,0.34981030225753784,0,-0.04562339559197426,-0.07549490034580231
r4_random,real_world,source_z_l2_mean4,Fork,strong_relative,9,-0.29405190703797296,-0.37920549245288454,0.48148148148148145,27,0.5,2,0.10888603329658508,1,-0.022762255743145943,-0.050574444234371185
r4_random,real_world,source_z_l2_mean4,Glasses,weak_relative,13,-0.25831905928478627,-0.21988933967989005,0.4473684210526316,38,,0,0.03129294142127037,0,-0.0033485505264252424,-0.00686954939737916
r4_random,real_world,source_z_l2_mean4,Glasses,middle_relative,25,0.024762018881709248,-0.058069212866539745,0.4861111111111111,72,,0,0.0057037146762013435,0,-0.0007357106078416109,-0.0006445720791816711
r4_random,real_world,source_z_l2_mean4,Glasses,strong_relative,22,0.002990388726920799,-0.019217228133144193,0.6,65,,0,0.02665325440466404,0,0.001889161765575409,0.0030160630121827126
r4_random,real_world,source_z_l2_mean4,Hammer,weak_relative,26,-0.012868898652787213,-0.10026848337360203,0.5897435897435898,78,0.6666666666666666,6,0.43232637643814087,3,-0.028838446363806725,0.02374955825507641
r4_random,real_world,source_z_l2_mean4,Hammer,middle_relative,20,-0.09382971170793837,-0.15294274451454445,0.43333333333333335,60,,0,0.4366835951805115,0,0.031223703175783157,0.07511705905199051
r4_random,real_world,source_z_l2_mean4,Hammer,strong_relative,6,-0.12220186581849844,-0.013468401396394804,0.2222222222222222,18,,0,0.5714790225028992,0,-0.2929764688014984,-0.5342990756034851
r4_random,real_world,source_z_l2_mean4,Helmet,weak_relative,14,-0.03706801987290869,0.28430184547995346,0.42105263157894735,38,0.0,2,0.5242616534233093,1,-0.1372012048959732,-0.2953951060771942
r4_random,real_world,source_z_l2_mean4,Helmet,middle_relative,7,0.0764033851268021,0.37750830113025,0.45,20,,0,0.09365155547857285,0,0.012492550536990166,-0.0008734157891012728
r4_random,real_world,source_z_l2_mean4,Helmet,strong_relative,39,0.1313808220096546,0.1799137372247728,0.7289719626168224,107,,0,0.034679267555475235,0,0.010133127681910992,-0.004753203596919775
r4_random,real_world,source_z_l2_mean4,Kettle,weak_relative,15,-0.24024747354252643,-0.14515633455564908,0.5777777777777777,45,1.0,2,0.2909773886203766,1,-0.06340957432985306,0.015895765274763107
r4_random,real_world,source_z_l2_mean4,Kettle,middle_relative,22,0.3990766728674184,0.39140097330106965,0.7121212121212122,66,0.5,4,0.21493536233901978,2,0.015257648192346096,-0.04676245152950287
r4_random,real_world,source_z_l2_mean4,Kettle,strong_relative,35,0.07374018367214434,0.008478567411497146,0.6138613861386139,101,0.75,4,0.15610432624816895,2,-0.021121548488736153,-0.03252652660012245
r4_random,real_world,source_z_l2_mean4,Keyboard,weak_relative,37,-0.20539507769524237,-0.07746313007267358,0.40540540540540543,111,0.25,12,0.26542818546295166,6,-0.13341817259788513,-0.1040872111916542
r4_random,real_world,source_z_l2_mean4,Keyboard,middle_relative,17,-0.0775826207492392,0.07308247260605834,0.45098039215686275,51,,0,0.06898488849401474,0,-0.01884615048766136,0.0008517383830621839
r4_random,real_world,source_z_l2_mean4,Keyboard,strong_relative,21,-0.06755162355012281,0.03166745301264248,0.5873015873015873,63,,0,0.05250553786754608,0,-0.019476722925901413,-0.026890277862548828
r4_random,real_world,source_z_l2_mean4,Knives,weak_relative,22,0.1583297188447475,0.09110693325366295,0.6515151515151515,66,0.3333333333333333,6,0.29371920228004456,3,0.1087518036365509,0.09565670043230057
r4_random,real_world,source_z_l2_mean4,Knives,middle_relative,28,0.06464192599390882,0.010785206484888609,0.6428571428571429,84,1.0,2,0.10285954922437668,1,-0.007148817181587219,-0.028652910143136978
r4_random,real_world,source_z_l2_mean4,Knives,strong_relative,33,0.33531698197450527,0.1389984474673051,0.711340206185567,97,1.0,2,0.08666503429412842,1,0.023750608786940575,0.0006313379853963852
r4_random,real_world,source_z_l2_mean4,Lamp_Shade,weak_relative,14,0.3873684306414779,0.28010534057799746,0.6904761904761905,42,1.0,4,0.5526850819587708,2,0.07090436667203903,-0.03484468162059784
r4_random,real_world,source_z_l2_mean4,Lamp_Shade,middle_relative,26,0.2725532014177643,0.010988734415618494,0.6923076923076923,78,0.8333333333333334,6,0.3637971878051758,3,0.09343399107456207,0.06811569631099701
r4_random,real_world,source_z_l2_mean4,Lamp_Shade,strong_relative,38,0.16830261510179126,-0.06684946596654244,0.6578947368421053,114,0.5833333333333334,12,0.5245940089225769,6,0.07485274225473404,-0.08164981007575989
r4_random,real_world,source_z_l2_mean4,Laptop,weak_relative,22,0.26396168144049487,0.29985897910573095,0.5909090909090909,66,0.5,2,0.24471773207187653,1,0.08686923235654831,-0.014465784654021263
r4_random,real_world,source_z_l2_mean4,Laptop,middle_relative,31,0.1771599474938375,0.16668344332411184,0.6129032258064516,93,0.5,8,0.3518834412097931,4,0.13985855877399445,0.03046303242444992
r4_random,real_world,source_z_l2_mean4,Laptop,strong_relative,14,0.08929751702598691,0.16004961890067548,0.5,42,0.5,4,0.13478532433509827,2,0.0008745082886889577,0.011890373192727566
r4_random,real_world,source_z_l2_mean4,Marker,weak_relative,8,0.22691437897025996,0.27198924330000207,0.4583333333333333,24,0.75,4,1.0197590589523315,2,0.061138637363910675,-0.2758716642856598
r4_random,real_world,source_z_l2_mean4,Marker,middle_relative,7,0.2371836801889515,0.22243665478549465,0.7142857142857143,21,0.75,4,1.6113008260726929,2,0.47601601481437683,0.48633649945259094
r4_random,real_world,source_z_l2_mean4,Marker,strong_relative,8,-0.011232180714323418,-0.33477448572343044,0.3333333333333333,24,0.16666666666666666,6,1.0723098516464233,3,-0.2540290653705597,-0.3073931038379669
r4_random,real_world,source_z_l2_mean4,Monitor,weak_relative,14,0.10574936839959224,-0.10732760258094755,0.47619047619047616,42,0.5,6,0.4077642261981964,3,0.005856528878211975,-0.0036328178830444813
r4_random,real_world,source_z_l2_mean4,Monitor,middle_relative,30,-0.23702097817905748,-0.3443807968147952,0.43333333333333335,90,0.3333333333333333,12,0.4520971179008484,6,-0.07038159668445587,0.0005732670542784035
r4_random,real_world,source_z_l2_mean4,Monitor,strong_relative,27,-0.3760074808061853,-0.37174363219342454,0.30864197530864196,81,0.25,4,0.25787967443466187,2,-0.04749053344130516,-0.0019350529182702303
r4_random,real_world,source_z_l2_mean4,Mop,weak_relative,12,0.24481633538066985,0.392994877457522,0.7777777777777778,36,0.75,4,0.3534446656703949,2,-0.012929863296449184,-0.13155733048915863
r4_random,real_world,source_z_l2_mean4,Mop,middle_relative,18,-0.1839639008265708,-0.2552882309170321,0.5370370370370371,54,,0,0.5200293064117432,0,-0.16749170422554016,-0.0886412188410759
r4_random,real_world,source_z_l2_mean4,Mop,strong_relative,16,0.2240698234562944,0.1871231317087848,0.6875,48,1.0,2,0.5158963203430176,1,0.10058815032243729,-0.039365801960229874
r4_random,real_world,source_z_l2_mean4,Mouse,weak_relative,27,0.07602998853489212,0.04364069582624265,0.6172839506172839,81,0.8333333333333334,6,0.23758910596370697,3,0.04535889998078346,0.0054988982155919075
r4_random,real_world,source_z_l2_mean4,Mouse,middle_relative,17,-0.0829304622318335,0.03572988147804366,0.45098039215686275,51,0.25,4,0.09295918792486191,2,-0.01294310949742794,-0.04647018015384674
r4_random,real_world,source_z_l2_mean4,Mouse,strong_relative,16,-0.46752584556755444,-0.3164842428772881,0.5106382978723404,47,0.25,4,0.1585835963487625,2,-0.021602755412459373,0.008001957088708878
r4_random,real_world,source_z_l2_mean4,Mug,weak_relative,31,0.01632409389779406,-0.03368338675111203,0.6344086021505376,93,0.5,2,0.10119152069091797,1,-0.0008420608937740326,-0.04658127203583717
r4_random,real_world,source_z_l2_mean4,Mug,middle_relative,22,-0.24701707000401185,-0.14853180402189822,0.5846153846153846,65,0.5,6,0.34703877568244934,3,-0.07231900840997696,-0.0321585088968277
r4_random,real_world,source_z_l2_mean4,Mug,strong_relative,5,0.4504418908549786,0.16661067074761277,0.6666666666666666,15,0.75,4,0.3965609073638916,2,0.10482288897037506,-0.1262461394071579
r4_random,real_world,source_z_l2_mean4,Notebook,weak_relative,38,-0.21447557159615163,-0.21367880583961305,0.4336283185840708,113,0.16666666666666666,6,0.4857810139656067,3,-0.14176174998283386,-0.08296221494674683
r4_random,real_world,source_z_l2_mean4,Notebook,middle_relative,13,0.09406178361358915,0.4515970568878616,0.46153846153846156,39,0.25,4,0.6367221474647522,2,-0.03046010062098503,0.03379952907562256
r4_random,real_world,source_z_l2_mean4,Notebook,strong_relative,17,-0.08699085842618719,0.14079432116005405,0.5098039215686274,51,0.5,2,0.5427674055099487,1,-0.08806357532739639,0.03659943491220474
r4_random,real_world,source_z_l2_mean4,Oven,weak_relative,23,0.28894407571479364,0.4424496302705405,0.6666666666666666,69,0.75,8,0.4912894368171692,4,0.13226288557052612,0.06923104077577591
r4_random,real_world,source_z_l2_mean4,Oven,middle_relative,17,0.025627571453035142,0.03811517382486229,0.5686274509803921,51,0.5,2,0.5421145558357239,1,-0.013042483478784561,0.038908328860998154
r4_random,real_world,source_z_l2_mean4,Oven,strong_relative,24,0.002964870595494171,0.05346650073734657,0.5492957746478874,71,,0,0.329128623008728,0,-0.03455369547009468,0.07862380892038345
r4_random,real_world,source_z_l2_mean4,Pan,weak_relative,7,-0.5942730181214242,-0.17140663324398678,0.2857142857142857,21,0.0,2,0.34180688858032227,1,-0.1725846230983734,-0.17385706305503845
r4_random,real_world,source_z_l2_mean4,Pan,middle_relative,10,-0.054662706354444895,0.14241199186242182,0.4666666666666667,30,,0,0.4067838191986084,0,-0.13082830607891083,-0.26534926891326904
r4_random,real_world,source_z_l2_mean4,Pan,strong_relative,13,-0.15549458998821708,-0.07383672868003843,0.5384615384615384,39,0.25,4,0.4375184178352356,2,-0.0460323840379715,-0.02096494846045971
r4_random,real_world,source_z_l2_mean4,Paper_Clip,weak_relative,31,0.1638763533717989,0.15587048383860358,0.5053763440860215,93,0.5,2,0.7680491209030151,1,0.08701569586992264,0.09699243307113647
r4_random,real_world,source_z_l2_mean4,Paper_Clip,middle_relative,28,0.0728873740417349,0.08958204262140661,0.5476190476190477,84,1.0,4,0.6046239137649536,2,0.05442538484930992,0.04936879128217697
r4_random,real_world,source_z_l2_mean4,Paper_Clip,strong_relative,9,-0.34696043784390246,-0.09698888823790239,0.4166666666666667,24,0.0,2,0.5923197269439697,1,-0.06806226819753647,0.19858437776565552
r4_random,real_world,source_z_l2_mean4,Pen,weak_relative,23,-0.05294346438655673,-0.23451686991210416,0.7391304347826086,69,0.0,2,0.3233276605606079,1,-0.006815592758357525,0.013767990283668041
r4_random,real_world,source_z_l2_mean4,Pen,middle_relative,28,0.22263619153970599,0.11919617355253308,0.6904761904761905,84,0.75,4,0.23664875328540802,2,0.05909649655222893,-0.015848981216549873
r4_random,real_world,source_z_l2_mean4,Pen,strong_relative,14,0.24145443721662857,-0.0895368719221619,0.7857142857142857,42,0.75,8,0.331480473279953,4,0.10430408269166946,-0.005495565943419933
r4_random,real_world,source_z_l2_mean4,Pencil,weak_relative,32,0.01879094294191279,0.06928739964745644,0.4791666666666667,96,0.75,4,0.4548252820968628,2,0.0029051266610622406,-0.040066108107566833
r4_random,real_world,source_z_l2_mean4,Pencil,middle_relative,20,0.09006886774362653,0.060323698549045825,0.6,60,0.75,8,0.42863529920578003,4,0.008297832682728767,-0.016592830419540405
r4_random,real_world,source_z_l2_mean4,Pencil,strong_relative,7,-0.013682565784009192,0.24431662440564014,0.5714285714285714,21,0.6666666666666666,6,0.7930353283882141,3,0.03096369281411171,0.25046446919441223
r4_random,real_world,source_z_l2_mean4,Postit_Notes,weak_relative,13,0.027496746272831465,0.011117631543365793,0.7435897435897436,39,0.25,4,1.0236302614212036,2,0.1708516925573349,0.3751879334449768
r4_random,real_world,source_z_l2_mean4,Postit_Notes,middle_relative,26,-0.06033426485146141,-0.05047240274901595,0.5384615384615384,78,0.5714285714285714,14,0.7047510743141174,7,0.04935590550303459,0.05052624270319939
r4_random,real_world,source_z_l2_mean4,Postit_Notes,strong_relative,28,0.1740648082645763,0.20786035367658043,0.8072289156626506,83,0.75,8,0.3085286319255829,4,0.05123475193977356,-0.01188039593398571
r4_random,real_world,source_z_l2_mean4,Printer,weak_relative,16,0.2317128686264962,-0.02177745140411913,0.7708333333333334,48,0.5,4,0.37554800510406494,2,0.09522832930088043,0.017833303660154343
r4_random,real_world,source_z_l2_mean4,Printer,middle_relative,14,0.5274093464774056,0.09765087646204881,0.7857142857142857,42,1.0,8,0.5592827200889587,4,0.12155409902334213,-0.06660889089107513
r4_random,real_world,source_z_l2_mean4,Printer,strong_relative,22,0.16191709834363305,-0.02962137854256079,0.696969696969697,66,0.6666666666666666,6,0.3441108465194702,3,0.14654594659805298,-0.00265762722119689
r4_random,real_world,source_z_l2_mean4,Push_Pin,weak_relative,28,-0.05826409596957934,-0.07038085370616388,0.5476190476190477,84,0.5833333333333334,12,0.3995991051197052,6,0.0005201768944971263,0.06835924088954926
r4_random,real_world,source_z_l2_mean4,Push_Pin,middle_relative,21,0.24062198612999686,0.2890131518839369,0.6031746031746031,63,,0,0.10015125572681427,0,0.01659674011170864,-0.002272470388561487
r4_random,real_world,source_z_l2_mean4,Radio,weak_relative,16,0.15101963648284486,-0.016218582709255663,0.6875,48,0.6666666666666666,6,0.6576740741729736,3,-0.05636134371161461,-0.14043503999710083
r4_random,real_world,source_z_l2_mean4,Radio,middle_relative,30,0.06903554651815286,0.02963089093839603,0.6444444444444445,90,0.75,4,0.35106608271598816,2,0.0019378082361072302,0.0515410341322422
r4_random,real_world,source_z_l2_mean4,Radio,strong_relative,20,0.36512320830954975,0.3370702273546529,0.6833333333333333,60,0.5,8,0.43156009912490845,4,0.02020561322569847,-0.05571925640106201
r4_random,real_world,source_z_l2_mean4,Refrigerator,weak_relative,21,0.029400181919966736,-0.0333044976797345,0.7142857142857143,63,1.0,2,0.1291002631187439,1,0.006784168072044849,-0.0004107843851670623
r4_random,real_world,source_z_l2_mean4,Refrigerator,middle_relative,27,0.032388883289352424,-0.14262549888939266,0.75,80,0.25,4,0.20356550812721252,2,-0.03188909590244293,-0.044407013803720474
r4_random,real_world,source_z_l2_mean4,Refrigerator,strong_relative,27,0.12696499745131667,0.06718148040179228,0.7037037037037037,81,0.5,4,0.2614857852458954,2,0.032791867852211,-0.005548455286771059
r4_random,real_world,source_z_l2_mean4,Ruler,weak_relative,21,0.03569603444905232,0.0856903386471923,0.6428571428571429,56,1.0,2,0.25097599625587463,1,0.10205639153718948,0.06338727474212646
r4_random,real_world,source_z_l2_mean4,Ruler,middle_relative,19,0.31903821650109976,0.16794372971453264,0.6590909090909091,44,,0,0.03968529775738716,0,0.010867565870285034,9.918776777340099e-05
r4_random,real_world,source_z_l2_mean4,Scissors,weak_relative,30,0.15112122181493456,0.04658742053434907,0.6333333333333333,90,0.75,4,0.16947652399539948,2,0.00742716621607542,0.017949918285012245
r4_random,real_world,source_z_l2_mean4,Scissors,middle_relative,24,0.03138735872788392,-0.01252949575698503,0.704225352112676,71,0.75,4,0.19061152637004852,2,0.013748879544436932,0.005532245617359877
r4_random,real_world,source_z_l2_mean4,Scissors,strong_relative,23,-0.03996399972676151,-0.19581016629497344,0.6086956521739131,69,0.5,2,0.11561372876167297,1,-0.023740164935588837,0.0036122610326856375
r4_random,real_world,source_z_l2_mean4,Screwdriver,weak_relative,19,-0.08346923372484974,-0.1377700154654711,0.47368421052631576,57,1.0,2,0.3765105903148651,1,0.11001341044902802,0.09074022620916367
r4_random,real_world,source_z_l2_mean4,Screwdriver,middle_relative,20,0.06931488398985208,0.08320713933627673,0.5,60,0.0,2,0.34891077876091003,1,0.056462377309799194,-0.025480296462774277
r4_random,real_world,source_z_l2_mean4,Screwdriver,strong_relative,12,-0.0594113908631381,0.10417963314960763,0.5555555555555556,36,0.5,2,0.1704956293106079,1,-0.013915770687162876,0.005192921031266451
r4_random,real_world,source_z_l2_mean4,Shelf,weak_relative,24,-0.51078312896461,-0.29403463116362616,0.2638888888888889,72,0.25,8,0.7147732377052307,4,-0.3252890408039093,-0.35248133540153503
r4_random,real_world,source_z_l2_mean4,Shelf,middle_relative,23,-0.4024118242889173,-0.13459736067238584,0.16176470588235295,68,0.16666666666666666,6,0.49605879187583923,3,-0.19727453589439392,-0.02325342781841755
r4_random,real_world,source_z_l2_mean4,Shelf,strong_relative,19,-0.3450523823798939,-0.18151504188997047,0.24561403508771928,57,0.0,2,0.5072767734527588,1,-0.25177761912345886,-0.09709340333938599
r4_random,real_world,source_z_l2_mean4,Sink,weak_relative,16,0.3002826755632679,0.04366744080532543,0.7083333333333334,48,0.75,4,0.4614272713661194,2,0.14024941623210907,0.0722145140171051
r4_random,real_world,source_z_l2_mean4,Sink,middle_relative,22,-0.0003155454958644592,-0.20488890362890197,0.6923076923076923,65,,0,0.435099333524704,0,0.011936211958527565,-0.011067444458603859
r4_random,real_world,source_z_l2_mean4,Sink,strong_relative,39,0.1252319238179979,-0.19503981578520466,0.7863247863247863,117,0.8333333333333334,6,0.18731030821800232,3,0.05512868985533714,0.0009196354076266289
r4_random,real_world,source_z_l2_mean4,Sneakers,weak_relative,26,0.06262186187474642,-0.10834850967293878,0.618421052631579,76,,0,0.003485079389065504,0,0.0005330879939720035,-0.0002255151339340955
r4_random,real_world,source_z_l2_mean4,Sneakers,middle_relative,25,-0.18961634182526757,-0.21881317772442768,0.6301369863013698,73,0.0,2,0.03066944144666195,1,-0.013468867167830467,-0.0014531067572534084
r4_random,real_world,source_z_l2_mean4,Sneakers,strong_relative,37,0.09705607264611227,0.03370855676760122,0.6422018348623854,109,1.0,2,0.03775796666741371,1,0.003849419066682458,-0.007213148754090071
r4_random,real_world,source_z_l2_mean4,Soda,weak_relative,24,0.3663721889693957,-0.06584070428523944,0.7916666666666666,72,1.0,4,0.22687502205371857,2,0.07491105049848557,0.12806116044521332
r4_random,real_world,source_z_l2_mean4,Soda,middle_relative,24,-0.0902142609837005,-0.07397763192887953,0.6857142857142857,70,0.5,2,0.44978705048561096,1,-0.06388911604881287,0.01778806559741497
r4_random,real_world,source_z_l2_mean4,Soda,strong_relative,15,0.021765444576351753,-0.6078939575450872,0.6976744186046512,43,,0,0.08757766336202621,0,0.016859956085681915,0.0033767595887184143
r4_random,real_world,source_z_l2_mean4,Speaker,weak_relative,13,-0.049061900621779474,-0.15991068679933462,0.5128205128205128,39,0.3333333333333333,6,0.503663957118988,3,0.08985023945569992,0.0055289361625909805
r4_random,real_world,source_z_l2_mean4,Speaker,middle_relative,24,-0.08425961898488192,-0.18360519348082613,0.5138888888888888,72,,0,0.40938225388526917,0,-0.02084006927907467,-0.11357543617486954
r4_random,real_world,source_z_l2_mean4,Speaker,strong_relative,44,-0.2052664957506773,-0.0603926394773042,0.5,132,0.375,8,0.34762057662010193,4,0.032006729394197464,-0.015617084689438343
r4_random,real_world,source_z_l2_mean4,Spoon,weak_relative,21,0.12089838329747178,0.13620875857589723,0.6349206349206349,63,0.8333333333333334,6,0.4089134633541107,3,0.04702483490109444,-0.00705305952578783
r4_random,real_world,source_z_l2_mean4,Spoon,middle_relative,19,0.16311406538588383,0.11054373661128268,0.631578947368421,57,0.5,4,0.34719833731651306,2,0.12647750973701477,0.044066499918699265
r4_random,real_world,source_z_l2_mean4,Spoon,strong_relative,14,-0.007762672080038481,-0.23482833153548113,0.6190476190476191,42,0.0,2,0.7499197125434875,1,-0.06550311297178268,0.003417497267946601
r4_random,real_world,source_z_l2_mean4,TV,weak_relative,17,-0.25632168180280296,-0.07592420459358237,0.49019607843137253,51,0.375,8,0.544113039970398,4,-0.11183450371026993,-0.002064136788249016
r4_random,real_world,source_z_l2_mean4,TV,middle_relative,20,-0.2973467581562528,-0.26228784495418034,0.5,60,0.3333333333333333,6,0.8062394261360168,3,-0.29438355565071106,-0.09459879249334335
r4_random,real_world,source_z_l2_mean4,TV,strong_relative,16,0.40670611194099987,0.4642135965390511,0.5416666666666666,48,0.6666666666666666,6,0.3833722770214081,3,0.02460751309990883,-0.09719520807266235
r4_random,real_world,source_z_l2_mean4,Table,weak_relative,24,0.1998299314060564,-0.02273798531180871,0.7746478873239436,71,0.75,8,0.22607235610485077,4,0.003921572118997574,0.010438033379614353
r4_random,real_world,source_z_l2_mean4,Table,middle_relative,21,0.15775199022317907,-0.03567644147444265,0.6984126984126984,63,1.0,2,0.19816692173480988,1,0.029445478692650795,0.055804502218961716
r4_random,real_world,source_z_l2_mean4,Table,strong_relative,14,0.39622862362603556,0.20790734714076056,0.7317073170731707,41,1.0,4,0.17848239839076996,2,0.03968210145831108,9.854347445070744e-05
r4_random,real_world,source_z_l2_mean4,Telephone,weak_relative,20,-0.23051153338634872,0.0314700896075779,0.5,60,0.0,2,0.18031641840934753,1,-0.09383170306682587,-0.04411035776138306
r4_random,real_world,source_z_l2_mean4,Telephone,middle_relative,30,0.2352709573302681,0.16121720734544925,0.6853932584269663,89,0.8333333333333334,6,0.15705062448978424,3,0.05184614285826683,-0.0014992586802691221
r4_random,real_world,source_z_l2_mean4,Telephone,strong_relative,32,0.06556599452442347,0.3187068018749591,0.7052631578947368,95,0.75,4,0.17400121688842773,2,0.05475127324461937,-0.017903584986925125
r4_random,real_world,source_z_l2_mean4,ToothBrush,weak_relative,23,0.10801405451280587,0.004399729587264899,0.5507246376811594,69,0.3333333333333333,6,0.6355463862419128,3,0.13875602185726166,0.04962090402841568
r4_random,real_world,source_z_l2_mean4,ToothBrush,middle_relative,29,-0.07775620334446631,-0.2219204311688142,0.4942528735632184,87,0.75,4,0.33169320225715637,2,0.00015750117017887533,-0.03593643382191658
r4_random,real_world,source_z_l2_mean4,ToothBrush,strong_relative,33,0.014090359992540035,-0.06918128007045936,0.5353535353535354,99,0.75,8,0.4760422706604004,4,-0.054821889847517014,-0.10135620087385178
r4_random,real_world,source_z_l2_mean4,Toys,weak_relative,32,-0.3664767095531894,0.11986375523853285,0.40625,96,0.39285714285714285,28,1.115731954574585,14,-0.4933941662311554,-0.5694239139556885
r4_random,real_world,source_z_l2_mean4,Toys,middle_relative,22,-0.07645433674705153,0.5643460454433226,0.5,66,0.25,12,1.1069304943084717,6,-0.17750532925128937,-0.10139285773038864
r4_random,real_world,source_z_l2_mean4,Toys,strong_relative,13,0.049698399496569796,0.378633203408721,0.6153846153846154,39,,0,0.8600729703903198,0,0.02711506560444832,0.0016687241150066257
r4_random,real_world,source_z_l2_mean4,Trash_Can,weak_relative,42,0.1499385670511013,-0.14639865873936422,0.6507936507936508,126,0.8333333333333334,12,0.3349132835865021,6,0.037985820323228836,0.02057923562824726
r4_random,real_world,source_z_l2_mean4,Trash_Can,middle_relative,26,0.08498186595042384,-0.17099477743381064,0.6923076923076923,78,0.625,8,0.7082961201667786,4,-0.002139364369213581,0.01203221082687378
r4_random,real_world,source_z_l2_mean4,Trash_Can,strong_relative,13,-0.19626944718828254,-0.2217732184500246,0.3333333333333333,39,,0,0.49037694931030273,0,-0.11044944822788239,0.01185541320592165
r4_random,real_world,source_z_l2_mean4,Webcam,weak_relative,13,-0.14852748004528493,-0.05447284577979041,0.5833333333333334,36,1.0,2,0.31937551498413086,1,-0.095981664955616,-0.13480055332183838
r4_random,real_world,source_z_l2_mean4,Webcam,middle_relative,13,-0.18246512954491695,-0.013211993302988306,0.47368421052631576,38,,0,0.3097526729106903,0,-0.01567469909787178,0.0014866925776004791
r4_random,real_world,source_z_l2_mean4,Webcam,strong_relative,23,0.0961630073101185,0.34419722139344955,0.4126984126984127,63,1.0,2,0.054238561540842056,1,0.016785448417067528,-2.9092319891788065e-05
