arm,target,distance,stratum,semantic_confidence_mean,semantic_entropy_mean,n,within_image_similarity_vs_negative_nll_pearson,class_source_adjusted_within_image_pearson,nll_pair_concordance,nll_pair_support,correctness_pair_concordance,correctness_pair_support,mean_within_image_nll_range,prediction_correctness_disagreement_images,accuracy_gain_vs_uniform,nll_reduction_vs_uniform,accuracy_gain_vs_semantic,nll_reduction_vs_semantic
b0,art,cosine_stage1,weak_relative,0.7098453044891357,0.614233672618866,809,0.08974537493436528,0.012597310820492303,0.5333333333333333,2415,0.583969465648855,262,0.7280825972557068,131,0.014421096003296257,0.06752053648233414,0.006180469715698393,0.02701723575592041
b0,art,cosine_stage1,middle_relative,0.955065906047821,0.1811310350894928,809,0.12866347104996897,0.058972248092700734,0.564822460776218,2422,0.6114457831325302,332,0.7730905413627625,166,0.02224969097651422,0.09033610671758652,0.0173053152039555,0.05262477323412895
b0,art,cosine_stage1,strong_relative,0.9981143474578857,0.012721377424895763,809,0.1292879502270347,0.058669501441345064,0.5783381562629185,2419,0.625,288,0.7625524997711182,144,0.03461063040791101,0.11129197478294373,0.011124845488257108,0.06305383145809174
b0,art,source_z_l2_stage1,weak_relative,0.7098453044891357,0.614233672618866,809,0.09146538225976697,0.025455193893148993,0.5221532091097308,2415,0.5419847328244275,262,0.7280825972557068,131,0.009476720230737541,0.0630602240562439,0.0012360939431396785,0.02255692519247532
b0,art,source_z_l2_stage1,middle_relative,0.955065906047821,0.1811310350894928,809,0.12744767586316916,0.05531672384441109,0.5639966969446738,2422,0.6295180722891566,332,0.7730905413627625,166,0.029666254635352295,0.10027280449867249,0.024721878862793572,0.06256146728992462
b0,art,source_z_l2_stage1,strong_relative,0.9981143474578857,0.012721377424895763,809,0.09801176961177624,0.024136946637431198,0.5725506407606449,2419,0.6006944444444444,288,0.7625524997711182,144,0.03337453646477133,0.1020711362361908,0.009888751545117428,0.05383297801017761
b0,art,cosine_stage2,weak_relative,0.7098453044891357,0.614233672618866,809,0.11016627668007443,0.015459811005310013,0.5387163561076604,2415,0.5648854961832062,262,0.7280825972557068,131,0.013185002060156577,0.08069878071546555,0.004944375772558714,0.04019548371434212
b0,art,cosine_stage2,middle_relative,0.955065906047821,0.1811310350894928,809,0.13287156946292036,0.04745216558894524,0.5602807597027251,2422,0.6114457831325302,332,0.7730905413627625,166,0.019777503090234863,0.08938421308994293,0.014833127317676144,0.05167289078235626
b0,art,cosine_stage2,strong_relative,0.9981143474578857,0.012721377424895763,809,0.12279544329387937,0.02454740515453863,0.5791649441918147,2419,0.6076388888888888,288,0.7625524997711182,144,0.03337453646477133,0.10846839100122452,0.009888751545117428,0.06023024395108223
b0,art,source_z_l2_stage2,weak_relative,0.7098453044891357,0.614233672618866,809,0.10149349808258303,0.027724519435944946,0.5374741200828157,2415,0.5687022900763359,262,0.7280825972557068,131,0.014421096003296257,0.07898594439029694,0.006180469715698393,0.03848263621330261
b0,art,source_z_l2_stage2,middle_relative,0.955065906047821,0.1811310350894928,809,0.12970807788413727,0.049102518314980984,0.5627580511973576,2422,0.608433734939759,332,0.7730905413627625,166,0.02224969097651422,0.09285099804401398,0.0173053152039555,0.05513967201113701
b0,art,source_z_l2_stage2,strong_relative,0.9981143474578857,0.012721377424895763,809,0.09955115863593485,0.015301711588174786,0.5799917321207111,2419,0.6145833333333334,288,0.7625524997711182,144,0.03461063040791101,0.11024169623851776,0.011124845488257108,0.062003545463085175
b0,art,cosine_stage3,weak_relative,0.7098453044891357,0.614233672618866,809,0.07965624709109044,0.013379187933063473,0.5383022774327122,2415,0.5687022900763359,262,0.7280825972557068,131,0.015657189946435935,0.08392420411109924,0.007416563658838072,0.043420903384685516
b0,art,cosine_stage3,middle_relative,0.955065906047821,0.1811310350894928,809,0.1236341854187015,0.05864791441497328,0.5668868703550785,2422,0.5873493975903614,332,0.7730905413627625,166,0.018541409147095185,0.09243640303611755,0.013597033374536464,0.054725077003240585
b0,art,cosine_stage3,strong_relative,0.9981143474578857,0.012721377424895763,809,0.11962817618201418,0.04388230490176794,0.5845390657296403,2419,0.6284722222222222,288,0.7625524997711182,144,0.035846724351050685,0.10000396519899368,0.012360939431396786,0.051765814423561096
b0,art,source_z_l2_stage3,weak_relative,0.7098453044891357,0.614233672618866,809,0.08461021039423011,0.019118567108462128,0.5333333333333333,2415,0.5572519083969466,262,0.7280825972557068,131,0.013185002060156577,0.07978177815675735,0.004944375772558714,0.03927847743034363
b0,art,source_z_l2_stage3,middle_relative,0.955065906047821,0.1811310350894928,809,0.1258669361504902,0.05591790269193881,0.5672997522708505,2422,0.6054216867469879,332,0.7730905413627625,166,0.018541409147095185,0.09145127981901169,0.013597033374536464,0.05373995378613472
b0,art,source_z_l2_stage3,strong_relative,0.9981143474578857,0.012721377424895763,809,0.10201507020962414,0.02414754683581046,0.5791649441918147,2419,0.6076388888888888,288,0.7625524997711182,144,0.03461063040791101,0.09982533752918243,0.011124845488257108,0.051587194204330444
b0,art,cosine_stage4,weak_relative,0.7098453044891357,0.614233672618866,809,0.08739114264713327,0.018747289702490937,0.5523809523809524,2415,0.5725190839694656,262,0.7280825972557068,131,0.013185002060156577,0.07345288246870041,0.004944375772558714,0.03294958174228668
b0,art,cosine_stage4,middle_relative,0.955065906047821,0.1811310350894928,809,0.13207601398228008,0.04913171051937958,0.56523534269199,2422,0.572289156626506,332,0.7730905413627625,166,0.014833127317676147,0.09971590340137482,0.009888751545117428,0.06200458109378815
b0,art,cosine_stage4,strong_relative,0.9981143474578857,0.012721377424895763,809,0.13844262647444044,0.024850257441083174,0.6097560975609756,2419,0.6770833333333334,288,0.7625524997711182,144,0.035846724351050685,0.10530626028776169,0.012360939431396786,0.0570681057870388
b0,art,source_z_l2_stage4,weak_relative,0.7098453044891357,0.614233672618866,809,0.07654209910833071,0.016083930197560898,0.5432712215320911,2415,0.583969465648855,262,0.7280825972557068,131,0.013185002060156577,0.08388067781925201,0.004944375772558714,0.04337736964225769
b0,art,source_z_l2_stage4,middle_relative,0.955065906047821,0.1811310350894928,809,0.11939126910483887,0.03789693933742818,0.564409578860446,2422,0.572289156626506,332,0.7730905413627625,166,0.01359703337453647,0.09203435480594635,0.00865265760197775,0.05432302504777908
b0,art,source_z_l2_stage4,strong_relative,0.9981143474578857,0.012721377424895763,809,0.11870206193121279,0.0181275358941543,0.5961140967341877,2419,0.6388888888888888,288,0.7625524997711182,144,0.03090234857849197,0.09643299132585526,0.007416563658838072,0.04819484427571297
b0,art,cosine_mean4,weak_relative,0.7098453044891357,0.614233672618866,809,0.09109364902653788,0.019011726883294337,0.5482401656314699,2415,0.5687022900763359,262,0.7280825972557068,131,0.014421096003296257,0.07519052922725677,0.006180469715698393,0.03468722477555275
b0,art,cosine_mean4,middle_relative,0.955065906047821,0.1811310350894928,809,0.1343093955386966,0.05219093599388578,0.5598678777869529,2422,0.5783132530120482,332,0.7730905413627625,166,0.014833127317676147,0.0976887121796608,0.009888751545117428,0.05997738614678383
b0,art,cosine_mean4,strong_relative,0.9981143474578857,0.012721377424895763,809,0.1394075839454198,0.027887621046844762,0.60438197602315,2419,0.6701388888888888,288,0.7625524997711182,144,0.035846724351050685,0.09901929646730423,0.012360939431396786,0.05078114569187164
b0,art,source_z_l2_mean4,weak_relative,0.7098453044891357,0.614233672618866,809,0.09491573236098007,0.025739523521421934,0.5279503105590062,2415,0.5648854961832062,262,0.7280825972557068,131,0.014421096003296257,0.07761779427528381,0.006180469715698393,0.03711448982357979
b0,art,source_z_l2_mean4,middle_relative,0.955065906047821,0.1811310350894928,809,0.1301760280518392,0.05518407818723756,0.5635838150289018,2422,0.608433734939759,332,0.7730905413627625,166,0.02101359703337454,0.09275796264410019,0.016069221260815822,0.05504663288593292
b0,art,source_z_l2_mean4,strong_relative,0.9981143474578857,0.012721377424895763,809,0.10395988862325888,0.022009345622236765,0.5770979743695742,2419,0.6145833333333334,288,0.7625524997711182,144,0.035846724351050685,0.11122602969408035,0.012360939431396786,0.06298788636922836
r4_real,art,cosine_stage1,weak_relative,0.7098453044891357,0.614233672618866,809,0.2251062354029287,0.07326589406287842,0.6643326039387308,2285,0.42857142857142855,14,0.030686579644680023,7,-0.0008240626287597854,0.005422210320830345,-0.0012360939431396785,0.0055903904139995575
r4_real,art,cosine_stage1,middle_relative,0.955065906047821,0.1811310350894928,809,0.26144660329808755,0.06424242906300569,0.7157534246575342,2336,0.35,20,0.032248564064502716,10,-0.002472187886279357,0.006314505822956562,0.0,0.007507068570703268
r4_real,art,cosine_stage1,strong_relative,0.9981143474578857,0.012721377424895763,809,0.1701270172562306,0.0415319505218494,0.6693227091633466,2259,0.6428571428571429,28,0.03202471509575844,14,0.002472187886279357,0.005025734193623066,-0.0012360939431396785,0.009240067563951015
r4_real,art,source_z_l2_stage1,weak_relative,0.7098453044891357,0.614233672618866,809,0.21853661780992698,0.05354435891158565,0.6665207877461706,2285,0.42857142857142855,14,0.030686579644680023,7,-0.0008240626287597854,0.005089155863970518,-0.0012360939431396785,0.005257336422801018
r4_real,art,source_z_l2_stage1,middle_relative,0.955065906047821,0.1811310350894928,809,0.2731867878051846,0.05868901579986774,0.7131849315068494,2336,0.4,20,0.032248564064502716,10,-0.0012360939431396785,0.006337899249047041,0.0012360939431396785,0.007530461065471172
r4_real,art,source_z_l2_stage1,strong_relative,0.9981143474578857,0.012721377424895763,809,0.1915222648665468,0.08597601806722847,0.6631252766710934,2259,0.6428571428571429,28,0.03202471509575844,14,0.002472187886279357,0.00494034867733717,-0.0012360939431396785,0.009154682978987694
r4_real,art,cosine_stage2,weak_relative,0.7098453044891357,0.614233672618866,809,0.21577597478553176,0.028147127045572862,0.6783369803063457,2285,0.5,14,0.030686579644680023,7,0.00041203131437989304,0.005967080593109131,0.0,0.0061352611519396305
r4_real,art,cosine_stage2,middle_relative,0.955065906047821,0.1811310350894928,809,0.2505337014050966,0.053390099178416986,0.7243150684931506,2336,0.4,20,0.032248564064502716,10,-0.0012360939431396785,0.006873755715787411,0.0012360939431396785,0.00806631799787283
r4_real,art,cosine_stage2,strong_relative,0.9981143474578857,0.012721377424895763,809,0.1687101093237083,0.04979257697341568,0.6826029216467463,2259,0.6428571428571429,28,0.03202471509575844,14,0.002472187886279357,0.005287275183945894,-0.0012360939431396785,0.009501609019935131
r4_real,art,source_z_l2_stage2,weak_relative,0.7098453044891357,0.614233672618866,809,0.23650709923603483,0.04643868601810193,0.6827133479212254,2285,0.5714285714285714,14,0.030686579644680023,7,0.00041203131437989304,0.005842866841703653,0.0,0.006011046934872866
r4_real,art,source_z_l2_stage2,middle_relative,0.955065906047821,0.1811310350894928,809,0.28077234604040546,0.05625036890205436,0.7238869863013698,2336,0.4,20,0.032248564064502716,10,-0.0012360939431396785,0.006657651159912348,0.0012360939431396785,0.007850213907659054
r4_real,art,source_z_l2_stage2,strong_relative,0.9981143474578857,0.012721377424895763,809,0.1985515382068409,0.09036640679777115,0.6861443116423196,2259,0.6428571428571429,28,0.03202471509575844,14,0.002472187886279357,0.0054892608895897865,-0.0012360939431396785,0.00970359519124031
r4_real,art,cosine_stage3,weak_relative,0.7098453044891357,0.614233672618866,809,0.2341702661922485,0.04437778488469294,0.6809628008752735,2285,0.5,14,0.030686579644680023,7,0.00041203131437989304,0.005328568629920483,0.0,0.005496748723089695
r4_real,art,cosine_stage3,middle_relative,0.955065906047821,0.1811310350894928,809,0.2508290769307034,0.018400023922893728,0.7144691780821918,2336,0.35,20,0.032248564064502716,10,-0.0012360939431396785,0.006924631539732218,0.0012360939431396785,0.008117194287478924
r4_real,art,cosine_stage3,strong_relative,0.9981143474578857,0.012721377424895763,809,0.15945451487779336,0.0543381224706551,0.6755201416555998,2259,0.6428571428571429,28,0.03202471509575844,14,0.002472187886279358,0.004323265049606562,-0.0012360939431396785,0.008537598885595798
r4_real,art,source_z_l2_stage3,weak_relative,0.7098453044891357,0.614233672618866,809,0.2423563371347702,0.056217615580708445,0.6853391684901532,2285,0.5,14,0.030686579644680023,7,0.00041203131437989304,0.005801273975521326,0.0,0.005969454068690538
r4_real,art,source_z_l2_stage3,middle_relative,0.955065906047821,0.1811310350894928,809,0.2671199205361984,0.0308547341928671,0.7273116438356164,2336,0.4,20,0.032248564064502716,10,-0.0012360939431396785,0.007043964229524136,0.0012360939431396785,0.008236526511609554
r4_real,art,source_z_l2_stage3,strong_relative,0.9981143474578857,0.012721377424895763,809,0.1799265833240272,0.07807349808045744,0.6759628154050464,2259,0.7142857142857143,28,0.03202471509575844,14,0.0037082818294190364,0.004307896364480257,0.0,0.008522230200469494
r4_real,art,cosine_stage4,weak_relative,0.7098453044891357,0.614233672618866,809,0.16470414392730456,0.016091136853204256,0.637199124726477,2285,0.6428571428571429,14,0.030686579644680023,7,0.00041203131437989304,0.0048758406192064285,0.0,0.005044021178036928
r4_real,art,cosine_stage4,middle_relative,0.955065906047821,0.1811310350894928,809,0.16163192130090354,-0.06910617275809902,0.6592465753424658,2336,0.3,20,0.032248564064502716,10,-0.002472187886279357,0.005875620990991592,0.0,0.007068183738738298
r4_real,art,cosine_stage4,strong_relative,0.9981143474578857,0.012721377424895763,809,0.07352498429244593,-0.02157284564082469,0.6378928729526339,2259,0.5714285714285714,28,0.03202471509575844,14,0.002472187886279358,0.0017849967116490006,-0.0012360939431396785,0.005999330431222916
r4_real,art,source_z_l2_stage4,weak_relative,0.7098453044891357,0.614233672618866,809,0.1937233771607939,0.028340199206672363,0.6603938730853391,2285,0.7857142857142857,14,0.030686579644680023,7,0.0028842192006592504,0.005588361527770758,0.002472187886279357,0.005756542086601257
r4_real,art,source_z_l2_stage4,middle_relative,0.955065906047821,0.1811310350894928,809,0.17786280289346743,-0.0800718054252476,0.6845034246575342,2336,0.35,20,0.032248564064502716,10,-0.0012360939431396785,0.005718867294490337,0.0012360939431396785,0.006911429110914469
r4_real,art,source_z_l2_stage4,strong_relative,0.9981143474578857,0.012721377424895763,809,0.08527719874707256,-0.010205552705300967,0.6525011066843737,2259,0.5714285714285714,28,0.03202471509575844,14,0.002472187886279358,0.001850951579399407,-0.0012360939431396785,0.006065284833312035
r4_real,art,cosine_mean4,weak_relative,0.7098453044891357,0.614233672618866,809,0.17688675038827423,0.022302194098390814,0.6446389496717724,2285,0.6428571428571429,14,0.030686579644680023,7,0.00041203131437989304,0.005021144635975361,0.0,0.0051893251948058605
r4_real,art,cosine_mean4,middle_relative,0.955065906047821,0.1811310350894928,809,0.17843550047328968,-0.054467164997743484,0.6678082191780822,2336,0.35,20,0.032248564064502716,10,-0.0012360939431396785,0.006590121891349554,0.0012360939431396785,0.007782685104757547
r4_real,art,cosine_mean4,strong_relative,0.9981143474578857,0.012721377424895763,809,0.0884687413109589,-0.013629447282630882,0.6454183266932271,2259,0.5714285714285714,28,0.03202471509575844,14,0.002472187886279358,0.0022962605580687523,-0.0012360939431396785,0.006510594394057989
r4_real,art,source_z_l2_mean4,weak_relative,0.7098453044891357,0.614233672618866,809,0.23338677356960075,0.05233893334574972,0.674398249452954,2285,0.42857142857142855,14,0.030686579644680023,7,-0.0008240626287597854,0.005516695789992809,-0.0012360939431396785,0.005684876348823309
r4_real,art,source_z_l2_mean4,middle_relative,0.955065906047821,0.1811310350894928,809,0.2722395413467273,0.04167244313203264,0.7230308219178082,2336,0.4,20,0.032248564064502716,10,-0.0012360939431396785,0.006727254018187523,0.0012360939431396785,0.007919816300272942
r4_real,art,source_z_l2_mean4,strong_relative,0.9981143474578857,0.012721377424895763,809,0.18624917080098966,0.07983898191543758,0.6768481629039398,2259,0.6428571428571429,28,0.03202471509575844,14,0.002472187886279357,0.004812981002032757,-0.0012360939431396785,0.009027315303683281
r4_random,art,cosine_stage1,weak_relative,0.7098453044891357,0.614233672618866,809,0.15289658415480933,0.03348014123302045,0.574750830564784,2408,0.5944444444444444,180,0.4926542043685913,90,0.01648125257519572,0.06806669384241104,0.00865265760197775,0.06023085489869118
r4_random,art,cosine_stage1,middle_relative,0.955065906047821,0.1811310350894928,809,0.1662452508466065,0.034244479210124426,0.578447563996697,2422,0.6047619047619047,210,0.500202476978302,105,0.010300782859497327,0.06658130884170532,-0.0012360939431396785,0.03077349252998829
r4_random,art,cosine_stage1,strong_relative,0.9981143474578857,0.012721377424895763,809,0.11340087414252588,0.03161971136072012,0.5981735159817352,2409,0.5105263157894737,190,0.4960276186466217,95,0.00659250103007829,0.05845145508646965,-0.007416563658838072,0.03968425467610359
r4_random,art,source_z_l2_stage1,weak_relative,0.7098453044891357,0.614233672618866,809,0.15941959245681842,0.048196767693279324,0.5685215946843853,2408,0.5944444444444444,180,0.4926542043685913,90,0.01524515863205604,0.06049953028559685,0.007416563658838072,0.05266369879245758
r4_random,art,source_z_l2_stage1,middle_relative,0.955065906047821,0.1811310350894928,809,0.15921565311980204,0.02175677940628674,0.5751445086705202,2422,0.6,210,0.500202476978302,105,0.007828594973217968,0.054893240332603455,-0.003708281829419036,0.019085420295596123
r4_random,art,source_z_l2_stage1,strong_relative,0.9981143474578857,0.012721377424895763,809,0.10100172510294216,0.017096315636734187,0.5898713158987131,2409,0.5105263157894737,190,0.4960276186466217,95,0.00782859497321797,0.054393377155065536,-0.006180469715698393,0.03562617301940918
r4_random,art,cosine_stage2,weak_relative,0.7098453044891357,0.614233672618866,809,0.16604899359154934,0.03101120628369054,0.5805647840531561,2408,0.6166666666666667,180,0.4926542043685913,90,0.020189534404614753,0.07619818300008774,0.012360939431396786,0.06836235523223877
r4_random,art,cosine_stage2,middle_relative,0.955065906047821,0.1811310350894928,809,0.16890530163150155,0.03467749225728673,0.5895953757225434,2422,0.6333333333333333,210,0.500202476978302,105,0.015245158632056041,0.079261913895607,0.003708281829419036,0.04345409944653511
r4_random,art,cosine_stage2,strong_relative,0.9981143474578857,0.012721377424895763,809,0.11976330735535518,0.02934962080634587,0.6068908260689082,2409,0.5105263157894737,190,0.4960276186466217,95,0.00782859497321797,0.06363096833229065,-0.006180469715698393,0.044863760471343994
r4_random,art,source_z_l2_stage2,weak_relative,0.7098453044891357,0.614233672618866,809,0.17048644418015196,0.04156209824172588,0.5801495016611296,2408,0.6166666666666667,180,0.4926542043685913,90,0.018953440461475075,0.07149354368448257,0.011124845488257108,0.06365770846605301
r4_random,art,source_z_l2_stage2,middle_relative,0.955065906047821,0.1811310350894928,809,0.17012926289250718,0.026964374329060323,0.5846407927332783,2422,0.6190476190476191,210,0.500202476978302,105,0.010300782859497327,0.07048937678337097,-0.0012360939431396785,0.03468155860900879
r4_random,art,source_z_l2_stage2,strong_relative,0.9981143474578857,0.012721377424895763,809,0.11444868559861442,0.025060836724735913,0.6077210460772104,2409,0.5210526315789473,190,0.4960276186466217,95,0.009064688916357647,0.05971211567521095,-0.004944375772558714,0.040944915264844894
r4_random,art,cosine_stage3,weak_relative,0.7098453044891357,0.614233672618866,809,0.16367303194810665,0.050322068231672165,0.5768272425249169,2408,0.6055555555555555,180,0.4926542043685913,90,0.017717346518335397,0.07290105521678925,0.009888751545117428,0.06506521999835968
r4_random,art,cosine_stage3,middle_relative,0.955065906047821,0.1811310350894928,809,0.17306311913649672,0.04245657940360757,0.5912469033856317,2422,0.6619047619047619,210,0.500202476978302,105,0.01524515863205604,0.07673787325620651,0.003708281829419036,0.040930069983005524
r4_random,art,cosine_stage3,strong_relative,0.9981143474578857,0.012721377424895763,809,0.12662663733734503,0.056944341407340476,0.618098796180988,2409,0.5263157894736842,190,0.4960276186466217,95,0.005356407086938612,0.05651061236858368,-0.00865265760197775,0.03774341195821762
r4_random,art,source_z_l2_stage3,weak_relative,0.7098453044891357,0.614233672618866,809,0.16629027904345015,0.04487391564606571,0.5768272425249169,2408,0.6111111111111112,180,0.4926542043685913,90,0.017717346518335397,0.07456279546022415,0.009888751545117428,0.06672696769237518
r4_random,art,source_z_l2_stage3,middle_relative,0.955065906047821,0.1811310350894928,809,0.16943212416495784,0.03028150882420582,0.5875309661436829,2422,0.6476190476190476,210,0.500202476978302,105,0.014009064688916361,0.07208043336868286,0.002472187886279357,0.036272622644901276
r4_random,art,source_z_l2_stage3,strong_relative,0.9981143474578857,0.012721377424895763,809,0.12037189622680655,0.04581904906501779,0.6156081361560813,2409,0.5263157894736842,190,0.4960276186466217,95,0.009064688916357647,0.061228107661008835,-0.004944375772558714,0.04246089980006218
r4_random,art,cosine_stage4,weak_relative,0.7098453044891357,0.614233672618866,809,0.1362715223252553,0.05333480399739108,0.5577242524916943,2408,0.5944444444444444,180,0.4926542043685913,90,0.017717346518335397,0.06572438776493073,0.009888751545117428,0.05788855254650116
r4_random,art,cosine_stage4,middle_relative,0.955065906047821,0.1811310350894928,809,0.15261136938628117,0.03979487547143184,0.5664739884393064,2422,0.5857142857142857,210,0.500202476978302,105,0.012772970745776685,0.07990333437919617,0.0012360939431396785,0.04409552365541458
r4_random,art,cosine_stage4,strong_relative,0.9981143474578857,0.012721377424895763,809,0.11782817621768514,0.04827646266459524,0.6151930261519303,2409,0.5578947368421052,190,0.4960276186466217,95,0.009064688916357649,0.05578562244772911,-0.004944375772558714,0.037018414586782455
r4_random,art,source_z_l2_stage4,weak_relative,0.7098453044891357,0.614233672618866,809,0.14928336996513952,0.06084524047907202,0.574750830564784,2408,0.6555555555555556,180,0.4926542043685913,90,0.02513391017717347,0.08487950265407562,0.0173053152039555,0.07704366743564606
r4_random,art,source_z_l2_stage4,middle_relative,0.955065906047821,0.1811310350894928,809,0.16092110481115715,0.03907058379149773,0.5780346820809249,2422,0.6095238095238096,210,0.500202476978302,105,0.014009064688916363,0.07929246872663498,0.002472187886279357,0.043484654277563095
r4_random,art,source_z_l2_stage4,strong_relative,0.9981143474578857,0.012721377424895763,809,0.11283605703643954,0.045251172485987944,0.613947696139477,2409,0.5473684210526316,190,0.4960276186466217,95,0.00782859497321797,0.0530422143638134,-0.006180469715698393,0.034275006502866745
r4_random,art,cosine_mean4,weak_relative,0.7098453044891357,0.614233672618866,809,0.14299794504692767,0.05309814969069028,0.5602159468438538,2408,0.5944444444444444,180,0.4926542043685913,90,0.018953440461475075,0.06657083332538605,0.011124845488257108,0.05873499810695648
r4_random,art,cosine_mean4,middle_relative,0.955065906047821,0.1811310350894928,809,0.15783707080557066,0.04113626650109264,0.56523534269199,2422,0.6,210,0.500202476978302,105,0.012772970745776685,0.07398297637701035,0.0012360939431396785,0.03817516565322876
r4_random,art,cosine_mean4,strong_relative,0.9981143474578857,0.012721377424895763,809,0.12035927891894224,0.04849106112828125,0.6131174761311747,2409,0.5578947368421052,190,0.4960276186466217,95,0.009064688916357649,0.05129546672105789,-0.004944375772558714,0.03252825886011124
r4_random,art,source_z_l2_mean4,weak_relative,0.7098453044891357,0.614233672618866,809,0.16820007562908265,0.04937201925077076,0.5739202657807309,2408,0.6055555555555555,180,0.4926542043685913,90,0.017717346518335397,0.06898097693920135,0.009888751545117428,0.06114514544606209
r4_random,art,source_z_l2_mean4,middle_relative,0.955065906047821,0.1811310350894928,809,0.16901201587557774,0.028571205933573506,0.5854665565648225,2422,0.6190476190476191,210,0.500202476978302,105,0.010300782859497327,0.06712152063846588,-0.0012360939431396785,0.0313137024641037
r4_random,art,source_z_l2_mean4,strong_relative,0.9981143474578857,0.012721377424895763,809,0.11346520279413884,0.03031911096236498,0.6048152760481528,2409,0.5105263157894737,190,0.4960276186466217,95,0.00782859497321797,0.05784387141466141,-0.006180469715698393,0.03907666355371475
b0,clipart,cosine_stage1,weak_relative,0.6259137392044067,0.7687370777130127,1455,0.05503587241596168,0.033023258475428266,0.5064427059364933,4346,0.5051369863013698,584,0.9343545436859131,292,-0.005727376861397474,0.018278183415532112,-0.008934707903780068,0.048221442848443985
b0,clipart,cosine_stage1,middle_relative,0.8752487301826477,0.3835032284259796,1455,0.04150156747467647,0.022676830183095076,0.5074558384950677,4359,0.47249190938511326,618,0.9614914655685425,309,-0.005040091638029774,0.018960341811180115,-0.004123711340206186,0.05755366012454033
b0,clipart,cosine_stage1,strong_relative,0.9880481958389282,0.06156620383262634,1455,0.028927699303124776,0.044971436446870135,0.5092911218169305,4359,0.47819767441860467,688,1.0523555278778076,344,-0.005956471935853371,-0.006011079531162977,-0.010309278350515464,0.04454638436436653
b0,clipart,source_z_l2_stage1,weak_relative,0.6259137392044067,0.7687370777130127,1455,0.06250278835514493,0.039054729425273514,0.5055223193741372,4346,0.511986301369863,584,0.9343545436859131,292,-0.0036655211912943802,0.018476180732250214,-0.006872852233676976,0.04841945320367813
b0,clipart,source_z_l2_stage1,middle_relative,0.8752487301826477,0.3835032284259796,1455,0.04592074164571061,0.02545009824392776,0.5056205551732048,4359,0.46440129449838186,618,0.9614914655685425,309,-0.007101947308132868,0.015111386775970459,-0.006185567010309278,0.053704701364040375
b0,clipart,source_z_l2_stage1,strong_relative,0.9880481958389282,0.06156620383262634,1455,0.023885362559154123,0.05586438952084535,0.5076852489103005,4359,0.49127906976744184,688,1.0523555278778076,344,-0.00320733104238258,-0.009532571770250797,-0.007560137457044674,0.04102487862110138
b0,clipart,cosine_stage2,weak_relative,0.6259137392044067,0.7687370777130127,1455,0.05385987571283938,0.023917625512544685,0.5135757017947538,4346,0.535958904109589,584,0.9343545436859131,292,0.0004581901489118041,0.032832879573106766,-0.0027491408934707906,0.06277615576982498
b0,clipart,cosine_stage2,middle_relative,0.8752487301826477,0.3835032284259796,1455,0.03146199461768796,0.0026084451226539708,0.508602890571232,4359,0.47896440129449835,618,0.9614914655685425,309,-0.0064146620847651695,0.029288282617926598,-0.005498281786941581,0.06788159906864166
b0,clipart,cosine_stage2,strong_relative,0.9880481958389282,0.06156620383262634,1455,0.021778854836517158,0.018044350643418094,0.516173434273916,4359,0.4811046511627907,688,1.0523555278778076,344,-0.0073310423825887665,-0.002901445608586073,-0.01168384879725086,0.04765602946281433
b0,clipart,source_z_l2_stage2,weak_relative,0.6259137392044067,0.7687370777130127,1455,0.06673766971300195,0.03442191912052272,0.5112747353888634,4346,0.5256849315068494,584,0.9343545436859131,292,-0.000916380297823591,0.02606569044291973,-0.004123711340206186,0.05600898340344429
b0,clipart,source_z_l2_stage2,middle_relative,0.8752487301826477,0.3835032284259796,1455,0.04553380236978634,0.006627038159078321,0.5232851571461344,4359,0.48058252427184467,618,0.9614914655685425,309,-0.004352806414662077,0.036399729549884796,-0.003436426116838488,0.0749930590391159
b0,clipart,source_z_l2_stage2,strong_relative,0.9880481958389282,0.06156620383262634,1455,0.026252248089053215,0.030345658462489985,0.5209910529938059,4359,0.4956395348837209,688,1.0523555278778076,344,-0.00320733104238258,0.005447054747492075,-0.007560137457044674,0.05600452795624733
b0,clipart,cosine_stage3,weak_relative,0.6259137392044067,0.7687370777130127,1455,0.04146366256134946,0.030206598201427518,0.5223193741371376,4346,0.523972602739726,584,0.9343545436859131,292,0.0018327605956471999,0.02952706813812256,-0.0013745704467353953,0.05947035551071167
b0,clipart,cosine_stage3,middle_relative,0.8752487301826477,0.3835032284259796,1455,0.03936487162344035,0.03360597485682611,0.5166322551043817,4359,0.46440129449838186,618,0.9614914655685425,309,-0.008476517754868263,0.023982036858797073,-0.007560137457044674,0.06257536262273788
b0,clipart,cosine_stage3,strong_relative,0.9880481958389282,0.06156620383262634,1455,-0.004984460537657553,0.04447893372026842,0.4978206010552879,4359,0.4636627906976744,688,1.0523555278778076,344,-0.010080183276059557,-0.025508595630526543,-0.01443298969072165,0.02504887990653515
b0,clipart,source_z_l2_stage3,weak_relative,0.6259137392044067,0.7687370777130127,1455,0.058077295052565425,0.055381293681419634,0.5190980211688909,4346,0.5325342465753424,584,0.9343545436859131,292,0.002520045819014897,0.025840654969215393,-0.0006872852233676976,0.055783942341804504
b0,clipart,source_z_l2_stage3,middle_relative,0.8752487301826477,0.3835032284259796,1455,0.044432882334374674,0.024067214223150547,0.5235145675613673,4359,0.4692556634304207,618,0.9614914655685425,309,-0.007101947308132867,0.029034040868282318,-0.006185567010309278,0.06762735545635223
b0,clipart,source_z_l2_stage3,strong_relative,0.9880481958389282,0.06156620383262634,1455,0.008670540797548459,0.050036977431053564,0.5014911676990136,4359,0.46075581395348836,688,1.0523555278778076,344,-0.010080183276059558,-0.024572663009166718,-0.01443298969072165,0.02598479576408863
b0,clipart,cosine_stage4,weak_relative,0.6259137392044067,0.7687370777130127,1455,0.03357543635101588,0.05639225277694706,0.5112747353888634,4346,0.5342465753424658,584,0.9343545436859131,292,0.0004581901489118065,0.0011195441475138068,-0.0027491408934707906,0.031062830239534378
b0,clipart,cosine_stage4,middle_relative,0.8752487301826477,0.3835032284259796,1455,0.002741132922090803,0.025119314066295452,0.5024088093599449,4359,0.459546925566343,618,0.9614914655685425,309,-0.010538373424971357,-0.019721481949090958,-0.009621993127147767,0.018871841952204704
b0,clipart,cosine_stage4,strong_relative,0.9880481958389282,0.06156620383262634,1455,-0.02189630963641188,0.05505636267134025,0.4803854094975912,4359,0.4578488372093023,688,1.0523555278778076,344,-0.013516609392898045,-0.05772537365555763,-0.017869415807560136,-0.00716789998114109
b0,clipart,source_z_l2_stage4,weak_relative,0.6259137392044067,0.7687370777130127,1455,0.048549161626247665,0.05764197769350216,0.5133456051541647,4346,0.5085616438356164,584,0.9343545436859131,292,-0.0029782359679266838,0.004049981478601694,-0.006185567010309278,0.03399326279759407
b0,clipart,source_z_l2_stage4,middle_relative,0.8752487301826477,0.3835032284259796,1455,0.020573688687374938,0.030812009981872248,0.5010323468685478,4359,0.45307443365695793,618,0.9614914655685425,309,-0.012600229095074448,-0.006957375910133123,-0.01168384879725086,0.03163594380021095
b0,clipart,source_z_l2_stage4,strong_relative,0.9880481958389282,0.06156620383262634,1455,-0.02787780382935223,0.04531724329378663,0.47877953659096123,4359,0.4578488372093023,688,1.0523555278778076,344,-0.012142038946162649,-0.06437885761260986,-0.016494845360824743,-0.013821392320096493
b0,clipart,cosine_mean4,weak_relative,0.6259137392044067,0.7687370777130127,1455,0.04033442873927791,0.055089650547815464,0.5167970547630004,4346,0.5342465753424658,584,0.9343545436859131,292,0.0018327605956472023,0.012825146317481995,-0.0013745704467353953,0.04276842623949051
b0,clipart,cosine_mean4,middle_relative,0.8752487301826477,0.3835032284259796,1455,0.011492567359867246,0.024722923996553514,0.49575590731819225,4359,0.45792880258899676,618,0.9614914655685425,309,-0.011225658648339056,-0.019084738567471504,-0.010309278350515464,0.01950858160853386
b0,clipart,cosine_mean4,strong_relative,0.9880481958389282,0.06156620383262634,1455,-0.013352652612104344,0.054309503228152305,0.47786189493002984,4359,0.4563953488372093,688,1.0523555278778076,344,-0.013516609392898045,-0.046353355050086975,-0.017869415807560136,0.0042041148990392685
b0,clipart,source_z_l2_mean4,weak_relative,0.6259137392044067,0.7687370777130127,1455,0.06368647960940266,0.045560203552931194,0.5140358950759318,4346,0.5325342465753424,584,0.9343545436859131,292,0.0011454753722795017,0.02456674724817276,-0.002061855670103093,0.054510027170181274
b0,clipart,source_z_l2_mean4,middle_relative,0.8752487301826477,0.3835032284259796,1455,0.04500944676484152,0.021491456722481466,0.5168616655196145,4359,0.4773462783171521,618,0.9614914655685425,309,-0.004352806414662077,0.025717293843626976,-0.003436426116838488,0.06431061774492264
b0,clipart,source_z_l2_mean4,strong_relative,0.9880481958389282,0.06156620383262634,1455,0.019129013586291464,0.04923794798835621,0.5122734572149575,4359,0.48546511627906974,688,1.0523555278778076,344,-0.005956471935853371,-0.0013284269953146577,-0.010309278350515464,0.04922902584075928
r4_real,clipart,cosine_stage1,weak_relative,0.6259137392044067,0.7687370777130127,1455,0.047174396807555946,-0.032786882703719794,0.5452095074736584,4081,0.6,10,0.011622526682913303,5,0.0004581901489117986,0.0005103473667986691,-0.0006872852233676976,0.0007627359591424465
r4_real,clipart,cosine_stage1,middle_relative,0.8752487301826477,0.3835032284259796,1455,0.015452554521545498,-0.026910836239767224,0.5273264401772526,4062,0.0,2,0.011892866343259811,1,-0.0004581901489117984,0.0002122839941876009,-0.0006872852233676976,0.0003126695810351521
r4_real,clipart,cosine_stage1,strong_relative,0.9880481958389282,0.06156620383262634,1455,0.06848020302525973,-0.03864679346032263,0.5394551432597463,4258,0.0,6,0.011796546168625355,3,-0.0011454753722794958,0.0007087458507157862,-0.002061855670103093,0.0017375937895849347
r4_real,clipart,source_z_l2_stage1,weak_relative,0.6259137392044067,0.7687370777130127,1455,0.058098269299324025,-0.033216883528020824,0.5415339377603529,4081,0.5,10,0.011622526682913303,5,-0.00022909507445589906,0.0005107955657877028,-0.0013745704467353953,0.0007631840999238193
r4_real,clipart,source_z_l2_stage1,middle_relative,0.8752487301826477,0.3835032284259796,1455,0.030305392072078843,-0.027444811870487158,0.5364352535696701,4062,0.0,2,0.011892866343259811,1,-0.0004581901489117984,0.00030032938229851425,-0.0006872852233676976,0.000400715071009472
r4_real,clipart,source_z_l2_stage1,strong_relative,0.9880481958389282,0.06156620383262634,1455,0.09163995212366584,-0.025566110491039636,0.5396899953029591,4258,0.0,6,0.011796546168625355,3,-0.0011454753722794958,0.0008333519217558205,-0.002061855670103093,0.0018621995113790035
r4_real,clipart,cosine_stage2,weak_relative,0.6259137392044067,0.7687370777130127,1455,0.03602224846312643,-0.050326393092424454,0.5525606469002695,4081,0.6,10,0.011622526682913303,5,0.0004581901489117986,0.0007766963099129498,-0.0006872852233676976,0.0010290847858414054
r4_real,clipart,cosine_stage2,middle_relative,0.8752487301826477,0.3835032284259796,1455,0.0038361452663526474,-0.04956620175015073,0.5297882816346627,4062,0.0,2,0.011892866343259811,1,-0.0004581901489117984,0.0002725706435739994,-0.0006872852233676976,0.0003729563904926181
r4_real,clipart,cosine_stage2,strong_relative,0.9880481958389282,0.06156620383262634,1455,0.05572551521536311,-0.05894651122931112,0.5465007045561296,4258,0.0,6,0.011796546168625355,3,-0.0011454753722794958,0.0007734185783192515,-0.002061855670103093,0.0018022663425654173
r4_real,clipart,source_z_l2_stage2,weak_relative,0.6259137392044067,0.7687370777130127,1455,0.05492733212731246,-0.05896543019694964,0.5540308747855918,4081,0.6,10,0.011622526682913303,5,0.0004581901489117986,0.0006979520549066365,-0.0006872852233676976,0.0009503405308350921
r4_real,clipart,source_z_l2_stage2,middle_relative,0.8752487301826477,0.3835032284259796,1455,0.027730392077406987,-0.04425668491550373,0.5403741999015264,4062,0.0,2,0.011892866343259811,1,-0.0004581901489117984,0.00046640573418699205,-0.0006872852233676976,0.0005667912773787975
r4_real,clipart,source_z_l2_stage2,strong_relative,0.9880481958389282,0.06156620383262634,1455,0.08997710913216601,-0.04112303748178074,0.5549553781117895,4258,0.0,6,0.011796546168625355,3,-0.0011454753722794958,0.00102943554520607,-0.002061855670103093,0.0020582834258675575
r4_real,clipart,cosine_stage3,weak_relative,0.6259137392044067,0.7687370777130127,1455,0.05820871613764452,-0.020656108658262142,0.5579514824797843,4081,0.7,10,0.011622526682913303,5,0.0004581901489117986,0.0008119557169266045,-0.0006872852233676976,0.0010643440764397383
r4_real,clipart,cosine_stage3,middle_relative,0.8752487301826477,0.3835032284259796,1455,0.021222937478714263,-0.008164010401748264,0.5381585425898572,4062,0.0,2,0.011892866343259811,1,-0.0004581901489117984,0.0003840414865408093,-0.0006872852233676976,0.0004844272625632584
r4_real,clipart,cosine_stage3,strong_relative,0.9880481958389282,0.06156620383262634,1455,0.06234393760301525,-0.02385883703072762,0.5436824800375764,4258,0.0,6,0.011796546168625355,3,-0.0011454753722794958,0.0007121089147403836,-0.002061855670103093,0.0017409566789865494
r4_real,clipart,source_z_l2_stage3,weak_relative,0.6259137392044067,0.7687370777130127,1455,0.04957186538960818,-0.03369653719810991,0.5650575839255084,4081,0.6,10,0.011622526682913303,5,0.0004581901489117986,0.0008332420256920159,-0.0006872852233676976,0.0010856305016204715
r4_real,clipart,source_z_l2_stage3,middle_relative,0.8752487301826477,0.3835032284259796,1455,0.02445544892123487,0.0159024522957645,0.5420974889217134,4062,0.0,2,0.011892866343259811,1,-0.0004581901489117984,0.0004908798728138208,-0.0006872852233676976,0.0005912654451094568
r4_real,clipart,source_z_l2_stage3,strong_relative,0.9880481958389282,0.06156620383262634,1455,0.06392777757273706,-0.013793578178488681,0.5432127759511508,4258,0.0,6,0.011796546168625355,3,-0.0011454753722794958,0.0006053299293853343,-0.002061855670103093,0.001634177635423839
r4_real,clipart,cosine_stage4,weak_relative,0.6259137392044067,0.7687370777130127,1455,0.0029091822801115084,-0.023593339951734398,0.49644694927713795,4081,0.6,10,0.011622526682913303,5,0.0004581901489117986,5.256605436443351e-05,-0.0006872852233676976,0.000304954475723207
r4_real,clipart,cosine_stage4,middle_relative,0.8752487301826477,0.3835032284259796,1455,-0.030209600251195904,0.005826766756896685,0.5246184145741014,4062,0.0,2,0.011892866343259811,1,-0.0004581901489117984,-0.00010634752834448591,-0.0006872852233676976,-5.961836905044038e-06
r4_real,clipart,cosine_stage4,strong_relative,0.9880481958389282,0.06156620383262634,1455,-0.047085795406937296,-0.03470616430696155,0.49154532644434007,4258,0.16666666666666666,6,0.011796546168625355,3,-0.0004581901489117983,-0.0004460216732695699,-0.0013745704467353953,0.0005828261491842568
r4_real,clipart,source_z_l2_stage4,weak_relative,0.6259137392044067,0.7687370777130127,1455,0.025305657797046025,-0.04070084159316199,0.5253614310218084,4081,0.7,10,0.011622526682913303,5,0.0004581901489117986,0.0003564304788596928,-0.0006872852233676976,0.0006088190712034702
r4_real,clipart,source_z_l2_stage4,middle_relative,0.8752487301826477,0.3835032284259796,1455,0.007263923130890979,0.023730937004728822,0.5369276218611522,4062,0.0,2,0.011892866343259811,1,-0.0004581901489117984,5.9769550716737285e-05,-0.0006872852233676976,0.00016015517758205533
r4_real,clipart,source_z_l2_stage4,strong_relative,0.9880481958389282,0.06156620383262634,1455,0.004483064738529384,-0.01680177129591616,0.5244246124941288,4258,0.16666666666666666,6,0.011796546168625355,3,-0.0004581901489117983,-4.757225906359963e-05,-0.0013745704467353953,0.0009812754578888416
r4_real,clipart,cosine_mean4,weak_relative,0.6259137392044067,0.7687370777130127,1455,0.012921063625320894,-0.0293659456582567,0.5109041901494732,4081,0.7,10,0.011622526682913303,5,0.0004581901489117986,8.122142753563821e-05,-0.0006872852233676976,0.00033360993256792426
r4_real,clipart,cosine_mean4,middle_relative,0.8752487301826477,0.3835032284259796,1455,-0.022246918463604506,-0.002445135935201136,0.5236336779911374,4062,0.0,2,0.011892866343259811,1,-0.0004581901489117984,-0.00017366698011755943,-0.0006872852233676976,-7.32813059585169e-05
r4_real,clipart,cosine_mean4,strong_relative,0.9880481958389282,0.06156620383262634,1455,-0.025423091178734862,-0.040322715766565015,0.49882573978393613,4258,0.16666666666666666,6,0.011796546168625355,3,-0.0004581901489117983,-0.00022373248066287488,-0.0013745704467353953,0.0008051152690313756
r4_real,clipart,source_z_l2_mean4,weak_relative,0.6259137392044067,0.7687370777130127,1455,0.0542542040054289,-0.04636292905604753,0.5483950012251899,4081,0.6,10,0.011622526682913303,5,0.0004581901489117986,0.0005854246555827558,-0.0006872852233676976,0.0008378131897188723
r4_real,clipart,source_z_l2_mean4,middle_relative,0.8752487301826477,0.3835032284259796,1455,0.02750574661507674,-0.02298046636629628,0.5393894633185623,4062,0.0,2,0.011892866343259811,1,-0.0004581901489117984,0.00043663461110554636,-0.0006872852233676976,0.0005370202707126737
r4_real,clipart,source_z_l2_mean4,strong_relative,0.9880481958389282,0.06156620383262634,1455,0.08349331516577367,-0.029966033245790915,0.5448567402536402,4258,0.0,6,0.011796546168625355,3,-0.0011454753722794958,0.0008864714181981981,-0.002061855670103093,0.0019153192406520247
r4_random,clipart,cosine_stage1,weak_relative,0.6259137392044067,0.7687370777130127,1455,0.11777385071371696,0.009118465721596055,0.508131970260223,4304,0.5876623376623377,308,0.5507180094718933,154,0.006185567010309281,0.036223966628313065,0.004810996563573883,0.0814945176243782
r4_random,clipart,cosine_stage1,middle_relative,0.8752487301826477,0.3835032284259796,1455,0.10982206301177076,0.036228693731916804,0.5070260308684635,4341,0.5238095238095238,336,0.5546004772186279,168,0.003894616265750289,0.04240789636969566,0.006872852233676976,0.08035983145236969
r4_random,clipart,cosine_stage1,strong_relative,0.9880481958389282,0.06156620383262634,1455,0.1030973310889167,-0.018052537762693905,0.5160624139513539,4358,0.446524064171123,374,0.6023359298706055,187,-0.009621993127147762,0.038279253989458084,-0.01168384879725086,0.14377987384796143
r4_random,clipart,source_z_l2_stage1,weak_relative,0.6259137392044067,0.7687370777130127,1455,0.134874934551148,0.0334708631745872,0.5076672862453532,4304,0.6038961038961039,308,0.5507180094718933,154,0.008247422680412375,0.031216200441122055,0.006872852233676976,0.0764867439866066
r4_random,clipart,source_z_l2_stage1,middle_relative,0.8752487301826477,0.3835032284259796,1455,0.12480745829979968,0.04406722867352074,0.5021884358442755,4341,0.5327380952380952,336,0.5546004772186279,168,0.0032073310423825913,0.03197821229696274,0.006185567010309278,0.06993014365434647
r4_random,clipart,source_z_l2_stage1,strong_relative,0.9880481958389282,0.06156620383262634,1455,0.1204585686117877,0.006159932627097636,0.5117026158788435,4358,0.4385026737967914,374,0.6023359298706055,187,-0.011683848797250854,0.03276872634887695,-0.013745704467353952,0.1382693350315094
r4_random,clipart,cosine_stage2,weak_relative,0.6259137392044067,0.7687370777130127,1455,0.10918571079504831,-0.007147553525639697,0.5230018587360595,4304,0.6103896103896104,308,0.5507180094718933,154,0.007560137457044676,0.04832883179187775,0.006185567010309278,0.09359938651323318
r4_random,clipart,cosine_stage2,middle_relative,0.8752487301826477,0.3835032284259796,1455,0.10574772665295076,0.040484460374037405,0.5196959225984796,4341,0.5535714285714286,336,0.5546004772186279,168,0.005956471935853382,0.05456829443573952,0.008934707903780068,0.09252021461725235
r4_random,clipart,cosine_stage2,strong_relative,0.9880481958389282,0.06156620383262634,1455,0.1189683198596991,-0.010138013200727058,0.5238641578705828,4358,0.45187165775401067,374,0.6023359298706055,187,-0.010309278350515459,0.043806083500385284,-0.012371134020618556,0.14930669963359833
r4_random,clipart,source_z_l2_stage2,weak_relative,0.6259137392044067,0.7687370777130127,1455,0.1370240101502303,0.015500175003666884,0.5190520446096655,4304,0.6201298701298701,308,0.5507180094718933,154,0.010309278350515467,0.04172946885228157,0.008934707903780068,0.08700001239776611
r4_random,clipart,source_z_l2_stage2,middle_relative,0.8752487301826477,0.3835032284259796,1455,0.13830979045872677,0.05673273014371172,0.5206173692697535,4341,0.5416666666666666,336,0.5546004772186279,168,0.004581901489117988,0.04999827966094017,0.007560137457044674,0.0879502147436142
r4_random,clipart,source_z_l2_stage2,strong_relative,0.9880481958389282,0.06156620383262634,1455,0.14082355588250847,8.640898634648424e-05,0.5201927489674163,4358,0.44385026737967914,374,0.6023359298706055,187,-0.010309278350515459,0.04484357684850693,-0.012371134020618556,0.15034419298171997
r4_random,clipart,cosine_stage3,weak_relative,0.6259137392044067,0.7687370777130127,1455,0.10066120223822282,0.009298920021234768,0.520910780669145,4304,0.6071428571428571,308,0.5507180094718933,154,0.008934707903780072,0.04167601838707924,0.007560137457044674,0.08694656193256378
r4_random,clipart,cosine_stage3,middle_relative,0.8752487301826477,0.3835032284259796,1455,0.10269433517160947,0.05848560940264769,0.5139368809030177,4341,0.5416666666666666,336,0.5546004772186279,168,0.004581901489117988,0.041231006383895874,0.007560137457044674,0.079182930290699
r4_random,clipart,cosine_stage3,strong_relative,0.9880481958389282,0.06156620383262634,1455,0.05839508361351291,0.0025808770537235222,0.5043597980725103,4358,0.44385026737967914,374,0.6023359298706055,187,-0.011683848797250854,0.024227255955338478,-0.013745704467353952,0.12972787022590637
r4_random,clipart,source_z_l2_stage3,weak_relative,0.6259137392044067,0.7687370777130127,1455,0.11777736027872378,0.02692366834884591,0.5230018587360595,4304,0.6038961038961039,308,0.5507180094718933,154,0.008247422680412373,0.03830194100737572,0.006872852233676976,0.08357249200344086
r4_random,clipart,source_z_l2_stage3,middle_relative,0.8752487301826477,0.3835032284259796,1455,0.11475527623507786,0.0567964693105303,0.5183137525915688,4341,0.5297619047619048,336,0.5546004772186279,168,0.004581901489117987,0.04290134832262993,0.007560137457044674,0.08085327595472336
r4_random,clipart,source_z_l2_stage3,strong_relative,0.9880481958389282,0.06156620383262634,1455,0.09086506438855795,0.01397514818300083,0.5059660394676457,4358,0.4411764705882353,374,0.6023359298706055,187,-0.010996563573883157,0.022130141034722328,-0.013058419243986255,0.12763075530529022
r4_random,clipart,cosine_stage4,weak_relative,0.6259137392044067,0.7687370777130127,1455,0.05237473456604944,0.03467020744379358,0.49814126394052044,4304,0.5746753246753247,308,0.5507180094718933,154,0.0027491408934707945,-0.00022299526608549058,0.0013745704467353953,0.045047562569379807
r4_random,clipart,cosine_stage4,middle_relative,0.8752487301826477,0.3835032284259796,1455,0.013717304791261733,0.022589122550314842,0.4862934807648007,4341,0.5,336,0.5546004772186279,168,-0.00022909507445589594,-0.01068468764424324,0.0027491408934707906,0.02726724185049534
r4_random,clipart,cosine_stage4,strong_relative,0.9880481958389282,0.06156620383262634,1455,-0.0885195362981289,-6.712812958678158e-05,0.4710876548875631,4358,0.4385026737967914,374,0.6023359298706055,187,-0.010996563573883157,-0.06949722766876221,-0.013058419243986255,0.036003392189741135
r4_random,clipart,source_z_l2_stage4,weak_relative,0.6259137392044067,0.7687370777130127,1455,0.0902505873109358,0.05203585878027338,0.5074349442379182,4304,0.5714285714285714,308,0.5507180094718933,154,0.003436426116838492,0.013721510767936707,0.002061855670103093,0.058992065489292145
r4_random,clipart,source_z_l2_stage4,middle_relative,0.8752487301826477,0.3835032284259796,1455,0.05992020227567407,0.01990543000646797,0.48606311909698224,4341,0.5119047619047619,336,0.5546004772186279,168,-0.0016036655211912893,0.005261345766484737,0.0013745704467353953,0.04321327805519104
r4_random,clipart,source_z_l2_stage4,strong_relative,0.9880481958389282,0.06156620383262634,1455,-0.041860077269697864,0.0017709350299759086,0.48531436438733366,4358,0.44385026737967914,374,0.6023359298706055,187,-0.010309278350515459,-0.0466720275580883,-0.012371134020618556,0.05882858857512474
r4_random,clipart,cosine_mean4,weak_relative,0.6259137392044067,0.7687370777130127,1455,0.07012765126995052,0.030306017390518473,0.5060408921933085,4304,0.5714285714285714,308,0.5507180094718933,154,0.0027491408934707936,0.01060581672936678,0.0013745704467353953,0.05587637424468994
r4_random,clipart,cosine_mean4,middle_relative,0.8752487301826477,0.3835032284259796,1455,0.038870229762705294,0.02805464632611812,0.4862934807648007,4341,0.49404761904761907,336,0.5546004772186279,168,-0.00022909507445589532,-0.0008537931717000902,0.0027491408934707906,0.03709813207387924
r4_random,clipart,cosine_mean4,strong_relative,0.9880481958389282,0.06156620383262634,1455,-0.049514926899578135,-0.002566237037363343,0.48187241854061497,4358,0.42513368983957217,374,0.6023359298706055,187,-0.01305841924398625,-0.039867300540208817,-0.015120274914089347,0.06563330441713333
r4_random,clipart,source_z_l2_mean4,weak_relative,0.6259137392044067,0.7687370777130127,1455,0.1323778896654921,0.030674779446767074,0.5141728624535316,4304,0.6136363636363636,308,0.5507180094718933,154,0.007560137457044676,0.03318791463971138,0.006185567010309278,0.07845845073461533
r4_random,clipart,source_z_l2_mean4,middle_relative,0.8752487301826477,0.3835032284259796,1455,0.1268787422433702,0.05255536509901551,0.5123243492282884,4341,0.5416666666666666,336,0.5546004772186279,168,0.004581901489117987,0.039962783455848694,0.007560137457044674,0.07791471481323242
r4_random,clipart,source_z_l2_mean4,strong_relative,0.9880481958389282,0.06156620383262634,1455,0.11540324530901057,0.005443464004072299,0.5139972464433227,4358,0.4411764705882353,374,0.6023359298706055,187,-0.010996563573883157,0.035207975655794144,-0.013058419243986255,0.14070859551429749
b0,product,cosine_stage1,weak_relative,0.7576238512992859,0.5745816826820374,1480,0.02202548905516344,0.0424136222441945,0.494572591587517,4422,0.5542372881355933,590,0.7755900621414185,295,0.007882882882882889,-0.02771950513124466,-0.008783783783783784,-0.07580383867025375
b0,product,cosine_stage1,middle_relative,0.9822826385498047,0.08653820306062698,1480,0.005219458124354537,0.09264986361854345,0.5207154177043242,4417,0.5110132158590308,454,0.5632086396217346,227,-0.0054054054054054,-0.02201330102980137,-0.03310810810810811,-0.11760381609201431
b0,product,cosine_stage1,strong_relative,0.9996324777603149,0.0031230789609253407,1479,0.005949511390749768,0.033869780846738876,0.5412571428571429,4375,0.5024630541871922,406,0.38282570242881775,203,-0.004732927653820145,-0.010206244885921478,-0.02231237322515213,-0.08729392290115356
b0,product,source_z_l2_stage1,weak_relative,0.7576238512992859,0.5745816826820374,1480,-0.0007623959938313335,0.03377087165060223,0.4970601537765717,4422,0.535593220338983,590,0.7755900621414185,295,-0.0022522522522522453,-0.03746779263019562,-0.01891891891891892,-0.0855521410703659
b0,product,source_z_l2_stage1,middle_relative,0.9822826385498047,0.08653820306062698,1480,-0.01036863942481057,0.08396476607018544,0.5207154177043242,4417,0.4713656387665198,454,0.5632086396217346,227,-0.012162162162162158,-0.03551250323653221,-0.03986486486486487,-0.1311030238866806
b0,product,source_z_l2_stage1,strong_relative,0.9996324777603149,0.0031230789609253407,1479,0.012200260710408906,0.0344279389034529,0.5296,4375,0.4975369458128079,406,0.38282570242881775,203,-0.005409060175794451,-0.014419588260352612,-0.022988505747126436,-0.09150725603103638
b0,product,cosine_stage2,weak_relative,0.7576238512992859,0.5745816826820374,1480,0.017207917181289348,0.0246549466093144,0.4932157394843962,4422,0.5644067796610169,590,0.7755900621414185,295,0.005855855855855861,-0.01286234613507986,-0.010810810810810811,-0.06094668060541153
b0,product,cosine_stage2,middle_relative,0.9822826385498047,0.08653820306062698,1480,0.008869856373977901,0.08930592786036569,0.5175458455965587,4417,0.5308370044052864,454,0.5632086396217346,227,-0.0020270270270270215,-0.015764327719807625,-0.02972972972972973,-0.11135485768318176
b0,product,cosine_stage2,strong_relative,0.9996324777603149,0.0031230789609253407,1479,0.024592829807142357,0.03928107190164965,0.5652571428571429,4375,0.5073891625615764,406,0.38282570242881775,203,-0.004056795131845839,0.000433084846008569,-0.021636240703177823,-0.0766545832157135
b0,product,source_z_l2_stage2,weak_relative,0.7576238512992859,0.5745816826820374,1480,0.0018634733373802794,0.028424053799706233,0.4925373134328358,4422,0.5372881355932203,590,0.7755900621414185,295,0.004504504504504511,-0.011899360455572605,-0.012162162162162163,-0.05998370051383972
b0,product,source_z_l2_stage2,middle_relative,0.9822826385498047,0.08653820306062698,1480,0.005595311112684544,0.08341983877867071,0.5268281639121576,4417,0.5088105726872246,454,0.5632086396217346,227,-0.0020270270270270215,-0.011606371961534023,-0.02972972972972973,-0.10719689726829529
b0,product,source_z_l2_stage2,strong_relative,0.9996324777603149,0.0031230789609253407,1479,0.045974863430425846,0.03974321657627622,0.5593142857142858,4375,0.5123152709359606,406,0.38282570242881775,203,-0.0033806626098715313,0.009048559702932835,-0.020960108181203516,-0.06803911924362183
b0,product,cosine_stage3,weak_relative,0.7576238512992859,0.5745816826820374,1480,6.411161350615095e-05,-0.01740307398549461,0.4893713251922207,4422,0.5288135593220339,590,0.7755900621414185,295,0.002477477477477484,-0.00948544405400753,-0.01418918918918919,-0.05756978690624237
b0,product,cosine_stage3,middle_relative,0.9822826385498047,0.08653820306062698,1480,0.04761224224516675,0.08396920979558488,0.5361104822277564,4417,0.5616740088105727,454,0.5632086396217346,227,0.012162162162162166,0.014332103542983532,-0.015540540540540541,-0.08125841617584229
b0,product,cosine_stage3,strong_relative,0.9996324777603149,0.0031230789609253407,1479,0.1027618843941726,0.040438997842105945,0.5867428571428571,4375,0.5344827586206896,406,0.38282570242881775,203,3.603157889250001e-18,0.024950088933110237,-0.01757944557133198,-0.0521375834941864
b0,product,source_z_l2_stage3,weak_relative,0.7576238512992859,0.5745816826820374,1480,-0.011012939522675914,0.0029713878060049466,0.49819086386250566,4422,0.5389830508474577,590,0.7755900621414185,295,0.0065315315315315385,-0.01181876752525568,-0.010135135135135136,-0.0599031075835228
b0,product,source_z_l2_stage3,middle_relative,0.9822826385498047,0.08653820306062698,1480,0.023889491603319952,0.08468180979510176,0.5336201041430836,4417,0.5374449339207048,454,0.5632086396217346,227,0.0067567567567567615,0.002910786774009466,-0.020945945945945947,-0.09267973899841309
b0,product,source_z_l2_stage3,strong_relative,0.9996324777603149,0.0031230789609253407,1479,0.08905789916120645,0.0450282853859228,0.5933714285714285,4375,0.5566502463054187,406,0.38282570242881775,203,0.004732927653820153,0.029117941856384277,-0.012846517917511832,-0.04796972870826721
b0,product,cosine_stage4,weak_relative,0.7576238512992859,0.5745816826820374,1480,0.03311606966391631,-0.023359755331031344,0.5072365445499774,4422,0.5288135593220339,590,0.7755900621414185,295,0.0038288288288288357,0.015278534032404423,-0.012837837837837839,-0.03280580788850784
b0,product,cosine_stage4,middle_relative,0.9822826385498047,0.08653820306062698,1480,0.09241592442605724,0.06645448333492894,0.5775413176364048,4417,0.5881057268722467,454,0.5632086396217346,227,0.02094594594594595,0.06733592599630356,-0.006756756756756757,-0.02825460396707058
b0,product,cosine_stage4,strong_relative,0.9996324777603149,0.0031230789609253407,1479,0.1471912096854443,0.030147566861024322,0.6132571428571428,4375,0.5911330049261084,406,0.38282570242881775,203,0.011494252873563223,0.06520960479974747,-0.006085192697768763,-0.01187806949019432
b0,product,source_z_l2_stage4,weak_relative,0.7576238512992859,0.5745816826820374,1480,0.0191120703956798,-0.028959862674976113,0.5085933966530981,4422,0.5305084745762711,590,0.7755900621414185,295,0.002477477477477484,-0.001903441152535379,-0.01418918918918919,-0.049987781792879105
b0,product,source_z_l2_stage4,middle_relative,0.9822826385498047,0.08653820306062698,1480,0.07407577545229006,0.05977574021711139,0.5757301335748245,4417,0.5903083700440529,454,0.5632086396217346,227,0.0195945945945946,0.05811675265431404,-0.008108108108108109,-0.03747376799583435
b0,product,source_z_l2_stage4,strong_relative,0.9996324777603149,0.0031230789609253407,1479,0.13701380444312067,0.030016381436452067,0.6054857142857143,4375,0.6009852216748769,406,0.38282570242881775,203,0.01622718052738337,0.06134139373898506,-0.001352265043948614,-0.015746284276247025
b0,product,cosine_mean4,weak_relative,0.7576238512992859,0.5745816826820374,1480,0.03187874086081275,-0.013486587037857838,0.5020352781546812,4422,0.5271186440677966,590,0.7755900621414185,295,0.005855855855855863,0.0033204620704054832,-0.010810810810810811,-0.04476387798786163
b0,product,cosine_mean4,middle_relative,0.9822826385498047,0.08653820306062698,1480,0.08268753571738448,0.07491761463835614,0.5709757754131763,4417,0.5947136563876652,454,0.5632086396217346,227,0.02094594594594595,0.05745556950569153,-0.006756756756756757,-0.03813495114445686
b0,product,cosine_mean4,strong_relative,0.9996324777603149,0.0031230789609253407,1479,0.13688375002635922,0.032787019417938545,0.6070857142857143,4375,0.5738916256157636,406,0.38282570242881775,203,0.00811359026369169,0.0572478286921978,-0.009465855307640297,-0.019839836284518242
b0,product,source_z_l2_mean4,weak_relative,0.7576238512992859,0.5745816826820374,1480,0.00010150143196065278,0.022682960606248897,0.4968340117593849,4422,0.5423728813559322,590,0.7755900621414185,295,0.005855855855855864,-0.01642490364611149,-0.010810810810810811,-0.06450924277305603
b0,product,source_z_l2_mean4,middle_relative,0.9822826385498047,0.08653820306062698,1480,0.008208223068113895,0.08552091031517153,0.5279601539506452,4417,0.5154185022026432,454,0.5632086396217346,227,-0.00067567567567567,-0.007853505201637745,-0.02837837837837838,-0.10344403237104416
b0,product,source_z_l2_mean4,strong_relative,0.9996324777603149,0.0031230789609253407,1479,0.050915868953697596,0.03901605098929375,0.5549714285714286,4375,0.5147783251231527,406,0.38282570242881775,203,-0.0033806626098715313,0.006953210569918156,-0.020960108181203516,-0.07013446092605591
r4_real,product,cosine_stage1,weak_relative,0.7576238512992859,0.5745816826820374,1480,-0.07996432862893503,0.06616088845775131,0.5175587309275854,4129,0.5769230769230769,26,0.033526498824357986,13,-0.0004504504504504502,-0.005233899690210819,-0.002702702702702703,-0.00852938462048769
r4_real,product,cosine_stage1,middle_relative,0.9822826385498047,0.08653820306062698,1480,-0.05565108207898683,0.05469255288408377,0.5006264094211977,3991,0.3333333333333333,6,0.024139028042554855,3,-0.0006756756756756756,-0.0034659968223422766,-0.0013513513513513514,-0.007468741852790117
r4_real,product,cosine_stage1,strong_relative,0.9996324777603149,0.0031230789609253407,1479,0.0017740269645583665,0.03009797854055635,0.5182733050847458,3776,0.5,32,0.01848246529698372,16,-0.0009015100292990758,-0.0009514950215816498,-0.002704530087897228,-0.005697022192180157
r4_real,product,source_z_l2_stage1,weak_relative,0.7576238512992859,0.5745816826820374,1480,-0.09317443731240396,0.04681017835325428,0.5161055945749576,4129,0.6153846153846154,26,0.033526498824357986,13,0.0002252252252252255,-0.005280965007841587,-0.002027027027027027,-0.008576450869441032
r4_real,product,source_z_l2_stage1,middle_relative,0.9822826385498047,0.08653820306062698,1480,-0.06712685733150066,0.02796234376501881,0.4991230268103232,3991,0.3333333333333333,6,0.024139028042554855,3,-0.0006756756756756756,-0.003694724990054965,-0.0013513513513513514,-0.007697469554841518
r4_real,product,source_z_l2_stage1,strong_relative,0.9996324777603149,0.0031230789609253407,1479,0.023631287983669376,0.03065088316557737,0.5164194915254238,3776,0.46875,32,0.01848246529698372,16,-0.0009015100292990758,-0.0005582650192081928,-0.002704530087897228,-0.0053037917241454124
r4_real,product,cosine_stage2,weak_relative,0.7576238512992859,0.5745816826820374,1480,-0.11295679064750157,0.062419643379597586,0.5224025187696779,4129,0.5384615384615384,26,0.033526498824357986,13,-0.0004504504504504502,-0.004556293599307537,-0.002702702702702703,-0.007851778529584408
r4_real,product,cosine_stage2,middle_relative,0.9822826385498047,0.08653820306062698,1480,-0.07023111842129136,0.06464308711984354,0.5058882485592583,3991,0.6666666666666666,6,0.024139028042554855,3,7.50150692314295e-20,-0.003300418145954609,-0.0006756756756756757,-0.007303162943571806
r4_real,product,cosine_stage2,strong_relative,0.9996324777603149,0.0031230789609253407,1479,-0.017536263663674778,0.015602656949959869,0.5338983050847458,3776,0.46875,32,0.01848246529698372,16,-0.00022537750732476864,-0.0011104739969596267,-0.002028397565922921,-0.005856001283973455
r4_real,product,source_z_l2_stage2,weak_relative,0.7576238512992859,0.5745816826820374,1480,-0.0760048630982026,0.053980284273245374,0.5238556551223057,4129,0.5769230769230769,26,0.033526498824357986,13,-0.0004504504504504502,-0.00372388050891459,-0.002702702702702703,-0.007019365672022104
r4_real,product,source_z_l2_stage2,middle_relative,0.9822826385498047,0.08653820306062698,1480,-0.057143233876222964,0.03110587326498234,0.5174141819092959,3991,0.3333333333333333,6,0.024139028042554855,3,-0.0006756756756756756,-0.0027378362137824297,-0.0013513513513513514,-0.006740580312907696
r4_real,product,source_z_l2_stage2,strong_relative,0.9996324777603149,0.0031230789609253407,1479,0.04258132937271775,0.014821357021437548,0.5601165254237288,3776,0.46875,32,0.01848246529698372,16,-0.0009015100292990758,0.0002974571252707392,-0.002704530087897228,-0.004448069725185633
r4_real,product,cosine_stage3,weak_relative,0.7576238512992859,0.5745816826820374,1480,-0.018817140591005886,0.020779576678947066,0.5359651247275369,4129,0.6923076923076923,26,0.033526498824357986,13,0.0009009009009009011,-0.0010817922884598374,-0.0013513513513513514,-0.004377277567982674
r4_real,product,cosine_stage3,middle_relative,0.9822826385498047,0.08653820306062698,1480,-0.018518394328639783,0.017319077474213084,0.5387121022300175,3991,0.3333333333333333,6,0.024139028042554855,3,-0.0006756756756756756,-0.0015027816407382488,-0.0013513513513513514,-0.0055055259726941586
r4_real,product,cosine_stage3,strong_relative,0.9996324777603149,0.0031230789609253407,1479,0.05396998013356,-0.012755988744746751,0.6003707627118644,3776,0.53125,32,0.01848246529698372,16,0.0004507550146495384,0.0011933102505281568,-0.001352265043948614,-0.003552216337993741
r4_real,product,source_z_l2_stage3,weak_relative,0.7576238512992859,0.5745816826820374,1480,-0.044741997373935395,0.029187168529063147,0.5383870186485832,4129,0.6538461538461539,26,0.033526498824357986,13,0.0009009009009009013,-0.002096648095175624,-0.0013513513513513514,-0.005392133258283138
r4_real,product,source_z_l2_stage3,middle_relative,0.9822826385498047,0.08653820306062698,1480,-0.03775096661146847,0.013221840544743646,0.5462290152843898,3991,0.3333333333333333,6,0.024139028042554855,3,-0.0006756756756756756,-0.0018008069600909948,-0.0013513513513513514,-0.005803551524877548
r4_real,product,source_z_l2_stage3,strong_relative,0.9996324777603149,0.0031230789609253407,1479,0.06737772736018019,-0.011140385539500707,0.6133474576271186,3776,0.53125,32,0.01848246529698372,16,0.0004507550146495384,0.001077919383533299,-0.001352265043948614,-0.0036676074378192425
r4_real,product,cosine_stage4,weak_relative,0.7576238512992859,0.5745816826820374,1480,0.04172333429519201,-0.0029981297863830216,0.5662387987406151,4129,0.6153846153846154,26,0.033526498824357986,13,0.0009009009009009011,0.002908063819631934,-0.0013513513513513514,-0.0003874214889947325
r4_real,product,cosine_stage4,middle_relative,0.9822826385498047,0.08653820306062698,1480,0.04387265194345718,0.009394519861410499,0.5908293660736658,3991,0.6666666666666666,6,0.024139028042554855,3,0.0006756756756756757,0.0017947179730981588,0.0,-0.0022080265916883945
r4_real,product,cosine_stage4,strong_relative,0.9996324777603149,0.0031230789609253407,1479,0.13440351294351496,-0.03709286328666657,0.6708156779661016,3776,0.59375,32,0.01848246529698372,16,0.0018030200585981522,0.004349667113274336,0.0,-0.0003958591551054269
r4_real,product,source_z_l2_stage4,weak_relative,0.7576238512992859,0.5745816826820374,1480,0.02487116352304413,0.005037013121279908,0.5609106321143134,4129,0.5769230769230769,26,0.033526498824357986,13,0.0009009009009009011,0.002423117635771632,-0.0013513513513513514,-0.0008723675273358822
r4_real,product,source_z_l2_stage4,middle_relative,0.9822826385498047,0.08653820306062698,1480,0.010156520092742802,0.0006181812818745121,0.582059634176898,3991,0.3333333333333333,6,0.024139028042554855,3,7.50150692314295e-20,0.001249485881999135,-0.0006756756756756757,-0.0027532584499567747
r4_real,product,source_z_l2_stage4,strong_relative,0.9996324777603149,0.0031230789609253407,1479,0.10328700471874798,-0.031178834868135323,0.637447033898305,3776,0.59375,32,0.01848246529698372,16,0.0018030200585981522,0.0032964851707220078,0.0,-0.0014490415342152119
r4_real,product,cosine_mean4,weak_relative,0.7576238512992859,0.5745816826820374,1480,0.016048199179231153,0.010429531594434542,0.5601840639379995,4129,0.6538461538461539,26,0.033526498824357986,13,0.001576576576576577,0.0018766066059470177,-0.0006756756756756757,-0.0014188785571604967
r4_real,product,cosine_mean4,middle_relative,0.9822826385498047,0.08653820306062698,1480,0.02617023980667817,0.020558699658456917,0.5767977950388374,3991,0.5,6,0.024139028042554855,3,7.50150692314295e-20,0.0011643063044175506,-0.0006756756756756757,-0.0028384383767843246
r4_real,product,cosine_mean4,strong_relative,0.9996324777603149,0.0031230789609253407,1479,0.1208057546306575,-0.02611993128258615,0.6591631355932204,3776,0.5625,32,0.01848246529698372,16,0.0011268875366238454,0.003931056708097458,-0.000676132521974307,-0.0008144701132550836
r4_real,product,source_z_l2_mean4,weak_relative,0.7576238512992859,0.5745816826820374,1480,-0.0723072498928017,0.04477488050420732,0.5219181399854687,4129,0.6153846153846154,26,0.033526498824357986,13,0.0002252252252252255,-0.003723680740222335,-0.002027027027027027,-0.007019165437668562
r4_real,product,source_z_l2_mean4,middle_relative,0.9822826385498047,0.08653820306062698,1480,-0.05485534651240435,0.025567808988748893,0.5184164369832123,3991,0.3333333333333333,6,0.024139028042554855,3,-0.0006756756756756756,-0.0028290986083447933,-0.0013513513513513514,-0.006831842940300703
r4_real,product,source_z_l2_mean4,strong_relative,0.9996324777603149,0.0031230789609253407,1479,0.04735096369721154,0.014555646391684064,0.550052966101695,3776,0.46875,32,0.01848246529698372,16,-0.0009015100292990758,-0.00014441895473282784,-0.002704530087897228,-0.00488994549959898
r4_random,product,cosine_stage1,weak_relative,0.7576238512992859,0.5745816826820374,1480,-0.03117005861531265,0.02734226127010924,0.49076396807297606,4385,0.5314285714285715,350,0.4952942728996277,175,-0.0045045045045045,-0.05001036822795868,-0.016891891891891893,-0.10420065373182297
r4_random,product,cosine_stage1,middle_relative,0.9822826385498047,0.08653820306062698,1480,-0.044719063243692715,0.08018968847538677,0.4816084075851039,4377,0.42924528301886794,212,0.34017214179039,106,-0.008783783783783783,-0.04068944230675697,-0.020945945945945947,-0.09856057912111282
r4_random,product,cosine_stage1,strong_relative,0.9996324777603149,0.0031230789609253407,1479,-0.005351723337171776,0.022525397562192382,0.5235794801012192,4347,0.5205479452054794,146,0.15976722538471222,73,-0.0027045300878972265,-0.0036711846478283405,-0.011494252873563218,-0.04109732061624527
r4_random,product,source_z_l2_stage1,weak_relative,0.7576238512992859,0.5745816826820374,1480,-0.05474195781466337,0.025912157501597692,0.49737742303306726,4385,0.5428571428571428,350,0.4952942728996277,175,-0.003828828828828825,-0.05969088897109032,-0.016216216216216217,-0.1138811856508255
r4_random,product,source_z_l2_stage1,middle_relative,0.9822826385498047,0.08653820306062698,1480,-0.07076447894894718,0.056143615519474464,0.4889193511537583,4377,0.41509433962264153,212,0.34017214179039,106,-0.00945945945945946,-0.04856961593031883,-0.021621621621621623,-0.10644075274467468
r4_random,product,source_z_l2_stage1,strong_relative,0.9996324777603149,0.0031230789609253407,1479,0.0011777695895522004,0.023042979538262582,0.5173682999769956,4347,0.5273972602739726,146,0.15976722538471222,73,-0.0020283975659229196,-0.00499119283631444,-0.010818120351588911,-0.04241732507944107
r4_random,product,cosine_stage2,weak_relative,0.7576238512992859,0.5745816826820374,1480,-0.0405539216118017,0.010193358515374116,0.49167616875712655,4385,0.5057142857142857,350,0.4952942728996277,175,-0.007207207207207203,-0.03763091191649437,-0.019594594594594596,-0.09182120859622955
r4_random,product,cosine_stage2,middle_relative,0.9822826385498047,0.08653820306062698,1480,-0.03733258168969576,0.08109911678696935,0.4802376056659813,4377,0.45754716981132076,212,0.34017214179039,106,-0.00878378378378378,-0.027255401015281677,-0.020945945945945947,-0.08512654900550842
r4_random,product,cosine_stage2,strong_relative,0.9996324777603149,0.0031230789609253407,1479,0.0009025165045067547,0.02476315695487847,0.5422130204738901,4347,0.5205479452054794,146,0.15976722538471222,73,-0.0027045300878972265,-9.024118980960338e-07,-0.011494252873563218,-0.037427034229040146
r4_random,product,source_z_l2_stage2,weak_relative,0.7576238512992859,0.5745816826820374,1480,-0.05254694010303085,0.014825613970135458,0.49942987457240595,4385,0.5285714285714286,350,0.4952942728996277,175,-0.0018018018018017984,-0.04439244046807289,-0.01418918918918919,-0.09858272969722748
r4_random,product,source_z_l2_stage2,middle_relative,0.9822826385498047,0.08653820306062698,1480,-0.05988111286260681,0.053810488891788286,0.49280328992460587,4377,0.46226415094339623,212,0.34017214179039,106,-0.006081081081081079,-0.037175919860601425,-0.018243243243243244,-0.09504705667495728
r4_random,product,source_z_l2_stage2,strong_relative,0.9996324777603149,0.0031230789609253407,1479,0.017373128546339364,0.022896313221496347,0.5438233264320221,4347,0.5616438356164384,146,0.15976722538471222,73,0.0013522650439486152,0.004788805264979601,-0.0074374577417173765,-0.0326373316347599
r4_random,product,cosine_stage3,weak_relative,0.7576238512992859,0.5745816826820374,1480,-0.030948658996799213,-0.013334584420615575,0.49372862029646525,4385,0.5571428571428572,350,0.4952942728996277,175,0.002927927927927932,-0.03001035563647747,-0.00945945945945946,-0.0842006504535675
r4_random,product,cosine_stage3,middle_relative,0.9822826385498047,0.08653820306062698,1480,-0.015334009096384332,0.04841411299643626,0.5074251770619146,4377,0.5188679245283019,212,0.34017214179039,106,0.0006756756756756779,-0.0073516638949513435,-0.011486486486486487,-0.06522281467914581
r4_random,product,cosine_stage3,strong_relative,0.9996324777603149,0.0031230789609253407,1479,0.07127948752215152,0.03913285085219709,0.5799401886358408,4347,0.6027397260273972,146,0.15976722538471222,73,0.003380662609871536,0.014062431640923023,-0.005409060175794456,-0.023363705724477768
r4_random,product,source_z_l2_stage3,weak_relative,0.7576238512992859,0.5745816826820374,1480,-0.04463808919102468,0.006631997550388623,0.5087799315849487,4385,0.5457142857142857,350,0.4952942728996277,175,0.0022522522522522566,-0.03782586008310318,-0.010135135135135136,-0.09201614558696747
r4_random,product,source_z_l2_stage3,middle_relative,0.9822826385498047,0.08653820306062698,1480,-0.04339307193483645,0.03947066248629857,0.5113091158327622,4377,0.5330188679245284,212,0.34017214179039,106,-0.0013513513513513493,-0.020372794941067696,-0.013513513513513514,-0.07824394106864929
r4_random,product,source_z_l2_stage3,strong_relative,0.9996324777603149,0.0031230789609253407,1479,0.06018525838268217,0.03472510155758727,0.5875316310098919,4347,0.636986301369863,146,0.15976722538471222,73,0.005409060175794458,0.014291060157120228,-0.0033806626098715348,-0.023135073482990265
r4_random,product,cosine_stage4,weak_relative,0.7576238512992859,0.5745816826820374,1480,0.04003119829164855,-0.007597838101680707,0.5345496009122007,4385,0.58,350,0.4952942728996277,175,0.009009009009009012,0.02192145213484764,-0.0033783783783783786,-0.032268837094306946
r4_random,product,cosine_stage4,middle_relative,0.9822826385498047,0.08653820306062698,1480,0.04618162163691056,0.018388484355995834,0.5640849897189856,4377,0.5943396226415094,212,0.34017214179039,106,0.01013513513513514,0.03359011560678482,-0.002027027027027027,-0.024281026795506477
r4_random,product,cosine_stage4,strong_relative,0.9996324777603149,0.0031230789609253407,1479,0.12889183025851117,0.04041764046869345,0.6372210720036807,4347,0.678082191780822,146,0.15976722538471222,73,0.009465855307640299,0.034899067133665085,0.000676132521974307,-0.0025270686019212008
r4_random,product,source_z_l2_stage4,weak_relative,0.7576238512992859,0.5745816826820374,1480,0.03640784938894622,0.00831561166068617,0.5283922462941847,4385,0.5628571428571428,350,0.4952942728996277,175,0.007657657657657662,0.008405504748225212,-0.00472972972972973,-0.045784786343574524
r4_random,product,source_z_l2_stage4,middle_relative,0.9822826385498047,0.08653820306062698,1480,0.013963685891190469,0.012997200026046879,0.5558601782042495,4377,0.5943396226415094,212,0.34017214179039,106,0.010135135135135137,0.024053312838077545,-0.002027027027027027,-0.0338178314268589
r4_random,product,source_z_l2_stage4,strong_relative,0.9996324777603149,0.0031230789609253407,1479,0.12103298155853319,0.03899362244361501,0.6268691051299747,4347,0.6506849315068494,146,0.15976722538471222,73,0.009465855307640299,0.031873367726802826,0.000676132521974307,-0.0055527640506625175
r4_random,product,cosine_mean4,weak_relative,0.7576238512992859,0.5745816826820374,1480,0.026480368415989934,-0.003141439216387552,0.5199543899657925,4385,0.5571428571428572,350,0.4952942728996277,175,0.005630630630630635,0.0018610857659950852,-0.006756756756756757,-0.05232920125126839
r4_random,product,cosine_mean4,middle_relative,0.9822826385498047,0.08653820306062698,1480,0.03261014602914586,0.0326997404298195,0.5510623714873201,4377,0.5707547169811321,212,0.34017214179039,106,0.009459459459459463,0.02891857735812664,-0.002702702702702703,-0.028952566906809807
r4_random,product,cosine_mean4,strong_relative,0.9996324777603149,0.0031230789609253407,1479,0.11722680818659466,0.03846711999108365,0.6254888428801473,4347,0.678082191780822,146,0.15976722538471222,73,0.008789722785665992,0.030968423932790756,0.0,-0.00645771250128746
r4_random,product,source_z_l2_mean4,weak_relative,0.7576238512992859,0.5745816826820374,1480,-0.04654666350756852,0.018168592489991208,0.5007981755986317,4385,0.5285714285714286,350,0.4952942728996277,175,-0.0018018018018017977,-0.04913076385855675,-0.01418918918918919,-0.10332105308771133
r4_random,product,source_z_l2_mean4,middle_relative,0.9822826385498047,0.08653820306062698,1480,-0.05801862014478396,0.0513715283023454,0.5005711674663011,4377,0.46226415094339623,212,0.34017214179039,106,-0.004729729729729728,-0.028811879456043243,-0.016891891891891893,-0.0866830125451088
r4_random,product,source_z_l2_mean4,strong_relative,0.9996324777603149,0.0031230789609253407,1479,0.029318394176533966,0.02682736344910654,0.5442834138486312,4347,0.541095890410959,146,0.15976722538471222,73,-0.0006761325219743059,0.004161679185926914,-0.009465855307640297,-0.03326445445418358
b0,real_world,cosine_stage1,weak_relative,0.6913821697235107,0.6662441492080688,1453,0.029479184667478158,0.039264175108991335,0.565004659832246,4292,0.5493827160493827,486,0.6118571758270264,243,0.00229410415232852,0.008667613379657269,-0.0027529249827942187,-0.004623411688953638
b0,real_world,cosine_stage1,middle_relative,0.9549961686134338,0.1812586933374405,1452,0.05613689584887489,0.06648142192525086,0.5590551181102362,4318,0.5330188679245284,424,0.5894433856010437,212,0.0029843893480257164,0.008848550729453564,-0.003443526170798898,-0.009615865536034107
b0,real_world,cosine_stage1,strong_relative,0.9984286427497864,0.010968396440148354,1452,0.06787821738484677,0.04303462952069572,0.5719591457753017,4308,0.5771428571428572,350,0.4168473482131958,175,0.006427915518824611,0.024826182052493095,-0.011707988980716254,-0.028869258239865303
b0,real_world,source_z_l2_stage1,weak_relative,0.6913821697235107,0.6662441492080688,1453,0.02626576736775568,0.03644906037662649,0.5538210624417521,4292,0.5432098765432098,486,0.6118571758270264,243,0.00022941041523285717,0.0005592896486632526,-0.004817618719889883,-0.012731734663248062
b0,real_world,source_z_l2_stage1,middle_relative,0.9549961686134338,0.1812586933374405,1452,0.04556670037776663,0.04963946462138966,0.556276053728578,4318,0.5212264150943396,424,0.5894433856010437,212,-0.00045913682277318125,0.01393572986125946,-0.006887052341597796,-0.004528687801212072
b0,real_world,source_z_l2_stage1,strong_relative,0.9984286427497864,0.010968396440148354,1452,0.0656084954424127,0.04095144418343735,0.5703342618384402,4308,0.5771428571428572,350,0.4168473482131958,175,0.005739210284664834,0.022414373233914375,-0.012396694214876033,-0.031281065195798874
b0,real_world,cosine_stage2,weak_relative,0.6913821697235107,0.6662441492080688,1453,0.0483753198582242,0.05193647804180547,0.5694315004659832,4292,0.588477366255144,486,0.6118571758270264,243,0.008488185363615513,0.01956685073673725,0.0034411562284927736,0.006275824271142483
b0,real_world,cosine_stage2,middle_relative,0.9549961686134338,0.1812586933374405,1452,0.061423189853190924,0.06340426849842566,0.5694766095414544,4318,0.5471698113207547,424,0.5894433856010437,212,0.005739210284664834,0.013597533106803894,-0.0006887052341597796,-0.004866885952651501
b0,real_world,cosine_stage2,strong_relative,0.9984286427497864,0.010968396440148354,1452,0.0802546822755914,0.049872166803114015,0.6046889507892294,4308,0.6285714285714286,350,0.4168473482131958,175,0.012626262626262633,0.04507926106452942,-0.005509641873278237,-0.00861617922782898
b0,real_world,source_z_l2_stage2,weak_relative,0.6913821697235107,0.6662441492080688,1453,0.054125658350130945,0.051069245909033334,0.5750232991612302,4292,0.5699588477366255,486,0.6118571758270264,243,0.005047029135122741,0.010695789940655231,0.0,-0.00259523862041533
b0,real_world,source_z_l2_stage2,middle_relative,0.9549961686134338,0.1812586933374405,1452,0.06638462879683674,0.06245643946902591,0.571560907827698,4318,0.5518867924528302,424,0.5894433856010437,212,0.005739210284664836,0.027638539671897888,-0.0006887052341597796,0.009174123406410217
b0,real_world,source_z_l2_stage2,strong_relative,0.9984286427497864,0.010968396440148354,1452,0.08889033039992864,0.0479926513086722,0.5916898792943361,4308,0.6114285714285714,350,0.4168473482131958,175,0.011248852157943072,0.030832726508378983,-0.006887052341597796,-0.022862713783979416
b0,real_world,cosine_stage3,weak_relative,0.6913821697235107,0.6662441492080688,1453,0.0725005850863705,0.06464548940132459,0.5792171481826655,4292,0.588477366255144,486,0.6118571758270264,243,0.008488185363615513,0.01622924581170082,0.0034411562284927736,0.0029382193461060524
b0,real_world,cosine_stage3,middle_relative,0.9549961686134338,0.1812586933374405,1452,0.0599644492530653,0.05649781070996452,0.5773506252894859,4318,0.5424528301886793,424,0.5894433856010437,212,0.002984389348025716,0.007007624953985214,-0.003443526170798898,-0.011456791311502457
b0,real_world,cosine_stage3,strong_relative,0.9984286427497864,0.010968396440148354,1452,0.11172372173564199,0.04601711014659147,0.6193129062209842,4308,0.6571428571428571,350,0.4168473482131958,175,0.01813590449954087,0.04820581525564194,0.0,-0.00548962177708745
b0,real_world,source_z_l2_stage3,weak_relative,0.6913821697235107,0.6662441492080688,1453,0.07138497092727969,0.062399001728269586,0.5850419384902144,4292,0.5802469135802469,486,0.6118571758270264,243,0.007799954117916959,0.014796005561947823,0.0027529249827942187,0.0015049794455990195
b0,real_world,source_z_l2_stage3,middle_relative,0.9549961686134338,0.1812586933374405,1452,0.06297410306208565,0.05936761731003275,0.5794349235757295,4318,0.5566037735849056,424,0.5894433856010437,212,0.007805325987144173,0.022259077057242393,0.0013774104683195593,0.0037946579977869987
b0,real_world,source_z_l2_stage3,strong_relative,0.9984286427497864,0.010968396440148354,1452,0.1011353470340643,0.04061952391955466,0.61652739090065,4308,0.6285714285714286,350,0.4168473482131958,175,0.01262626262626263,0.04197477176785469,-0.005509641873278237,-0.011720663867890835
b0,real_world,cosine_stage4,weak_relative,0.6913821697235107,0.6662441492080688,1453,0.06088967408462141,0.0656549719186385,0.5601118359739049,4292,0.5843621399176955,486,0.6118571758270264,243,0.007799954117916959,0.015641868114471436,0.0027529249827942187,0.0023508446756750345
b0,real_world,cosine_stage4,middle_relative,0.9549961686134338,0.1812586933374405,1452,0.04379421466912172,0.06084618571675395,0.571097730430755,4318,0.5330188679245284,424,0.5894433856010437,212,0.002984389348025717,0.010279879905283451,-0.003443526170798898,-0.008184538222849369
b0,real_world,cosine_stage4,strong_relative,0.9984286427497864,0.010968396440148354,1452,0.10360767100268506,0.03550212658122599,0.622794800371402,4308,0.6542857142857142,350,0.4168473482131958,175,0.020202020202020207,0.05535511299967766,0.002066115702479339,0.0016596714267507195
b0,real_world,source_z_l2_stage4,weak_relative,0.6913821697235107,0.6662441492080688,1453,0.06866438194872873,0.07243361037170744,0.5773532152842498,4292,0.588477366255144,486,0.6118571758270264,243,0.007111722872218405,0.015215746127068996,0.0020646937370956643,0.001924720243550837
b0,real_world,source_z_l2_stage4,middle_relative,0.9549961686134338,0.1812586933374405,1452,0.05007572875353268,0.07145649374963801,0.5764242704955999,4318,0.5400943396226415,424,0.5894433856010437,212,0.002295684113865937,0.006410472095012665,-0.004132231404958678,-0.01205394696444273
b0,real_world,source_z_l2_stage4,strong_relative,0.9984286427497864,0.010968396440148354,1452,0.10308630014324408,0.03181304043871405,0.6316155988857939,4308,0.6485714285714286,350,0.4168473482131958,175,0.019513314967860428,0.05605822056531906,0.0013774104683195593,0.002362778875976801
b0,real_world,cosine_mean4,weak_relative,0.6913821697235107,0.6662441492080688,1453,0.05998183336666865,0.06472144858652946,0.5610438024231128,4292,0.5761316872427984,486,0.6118571758270264,243,0.005047029135122738,0.0067150648683309555,0.0,-0.006575957406312227
b0,real_world,cosine_mean4,middle_relative,0.9549961686134338,0.1812586933374405,1452,0.04706311829924701,0.06327290686457523,0.5717924965261695,4318,0.5330188679245284,424,0.5894433856010437,212,0.0016069788797061573,0.010129802860319614,-0.0048209366391184574,-0.008334615267813206
b0,real_world,cosine_mean4,strong_relative,0.9984286427497864,0.010968396440148354,1452,0.1030206776648446,0.038329915177813,0.6202414113277623,4308,0.6571428571428571,350,0.4168473482131958,175,0.019513314967860428,0.05602993816137314,0.0013774104683195593,0.0023344994988292456
b0,real_world,source_z_l2_mean4,weak_relative,0.6913821697235107,0.6662441492080688,1453,0.0502823798847196,0.05138237246379036,0.5745573159366263,4292,0.5534979423868313,486,0.6118571758270264,243,0.002982335398027076,0.012779626995325089,-0.0020646937370956643,-0.0005113978404551744
b0,real_world,source_z_l2_mean4,middle_relative,0.9549961686134338,0.1812586933374405,1452,0.0583077932117047,0.06006582319295114,0.5708661417322834,4318,0.5377358490566038,424,0.5894433856010437,212,0.003673094582185496,0.01867559179663658,-0.0027548209366391185,0.00021117384312674403
b0,real_world,source_z_l2_mean4,strong_relative,0.9984286427497864,0.010968396440148354,1452,0.08704090465738681,0.04395209730061629,0.5944753946146704,4308,0.6171428571428571,350,0.4168473482131958,175,0.011937557392102853,0.043531909584999084,-0.006198347107438017,-0.010163530707359314
r4_real,real_world,cosine_stage1,weak_relative,0.6913821697235107,0.6662441492080688,1453,0.05916252672247818,0.01337382146945743,0.5850246845858476,3646,1.0,6,0.007676366716623306,3,0.0006882312456985547,0.0006241729715839028,0.0006882312456985547,0.00032176339300349355
r4_real,real_world,cosine_stage1,middle_relative,0.9549961686134338,0.1812586933374405,1452,0.050320393239269824,0.011850499456437286,0.5997271487039564,3665,0.25,4,0.007056713104248047,2,-0.0006887052341597796,0.00043009864748455584,0.0,0.00013291726645547897
r4_real,real_world,cosine_stage1,strong_relative,0.9984286427497864,0.010968396440148354,1452,0.07359713001185036,0.032988237933242556,0.5930476475876536,3337,0.0,2,0.00512406462803483,1,-0.0002295684113865932,0.0003823117003776133,0.0,-7.870994886616245e-05
r4_real,real_world,source_z_l2_stage1,weak_relative,0.6913821697235107,0.6662441492080688,1453,0.0666517886464724,0.025023688279437437,0.581733406472847,3646,1.0,6,0.007676366716623306,3,0.0006882312456985547,0.00038450464489869773,0.0006882312456985547,8.209510269807652e-05
r4_real,real_world,source_z_l2_stage1,middle_relative,0.9549961686134338,0.1812586933374405,1452,0.04277685275378244,-0.0020869101231754156,0.5909959072305594,3665,0.5,4,0.007056713104248047,2,3.823082040720236e-20,0.00029824950615875423,0.0006887052341597796,1.0680807918106439e-06
r4_real,real_world,source_z_l2_stage1,strong_relative,0.9984286427497864,0.010968396440148354,1452,0.08516520986761479,0.05014352531958874,0.5867545699730297,3337,0.0,2,0.00512406462803483,1,-0.0002295684113865932,0.00040690519381314516,0.0,-5.4116517276270315e-05
r4_real,real_world,cosine_stage2,weak_relative,0.6913821697235107,0.6662441492080688,1453,0.060444151558019694,0.010091536501161158,0.5836533187054306,3646,1.0,6,0.007676366716623306,3,0.0006882312456985547,0.00039575950358994305,0.0006882312456985547,9.334991773357615e-05
r4_real,real_world,cosine_stage2,middle_relative,0.9549961686134338,0.1812586933374405,1452,0.047717154547189944,0.01362677272347113,0.6057298772169167,3665,0.0,4,0.007056713104248047,2,-0.0006887052341597796,0.0003388944314792752,0.0,4.1713021346367896e-05
r4_real,real_world,cosine_stage2,strong_relative,0.9984286427497864,0.010968396440148354,1452,0.07000674646735863,0.020783862384043703,0.6239136949355709,3337,0.0,2,0.00512406462803483,1,-0.0002295684113865932,0.00047217091196216643,0.0,1.1149257261422463e-05
r4_real,real_world,source_z_l2_stage2,weak_relative,0.6913821697235107,0.6662441492080688,1453,0.07699464760367196,0.023016033441817824,0.5902358749314317,3646,1.0,6,0.007676366716623306,3,0.0006882312456985547,0.0004960681544616818,0.0006882312456985547,0.00019365853222552687
r4_real,real_world,source_z_l2_stage2,middle_relative,0.9549961686134338,0.1812586933374405,1452,0.05388301856959729,0.008385409427885047,0.6098226466575716,3665,0.0,4,0.007056713104248047,2,-0.0006887052341597796,0.0003335431683808565,0.0,3.6361729144118726e-05
r4_real,real_world,source_z_l2_stage2,strong_relative,0.9984286427497864,0.010968396440148354,1452,0.09352389471417202,0.04748541043833774,0.6122265507941265,3337,0.0,2,0.00512406462803483,1,-0.0002295684113865932,0.000521040812600404,0.0,6.0019105148967355e-05
r4_real,real_world,cosine_stage3,weak_relative,0.6913821697235107,0.6662441492080688,1453,0.08541876436250989,0.010202618796618617,0.5858475041140977,3646,1.0,6,0.007676366716623306,3,0.0006882312456985547,0.0004927359404973686,0.0006882312456985547,0.00019032640557270497
r4_real,real_world,cosine_stage3,middle_relative,0.9549961686134338,0.1812586933374405,1452,0.06208400430457217,0.011506110212467181,0.6076398362892224,3665,0.0,4,0.007056713104248047,2,-0.0006887052341597796,0.00034991977736353874,0.0,5.273838178254664e-05
r4_real,real_world,cosine_stage3,strong_relative,0.9984286427497864,0.010968396440148354,1452,0.09946215886839166,0.039163421478254995,0.6230146838477675,3337,0.0,2,0.00512406462803483,1,-0.0002295684113865932,0.0004627199668902904,0.0,1.6982551187538775e-06
r4_real,real_world,source_z_l2_stage3,weak_relative,0.6913821697235107,0.6662441492080688,1453,0.07901254793104588,0.017787172579724557,0.5850246845858476,3646,1.0,6,0.007676366716623306,3,0.0006882312456985547,0.0003974252613261342,0.0006882312456985547,9.501571184955537e-05
r4_real,real_world,source_z_l2_stage3,middle_relative,0.9549961686134338,0.1812586933374405,1452,0.058817931256867566,0.010077874815046874,0.6092769440654843,3665,0.25,4,0.007056713104248047,2,3.823082040720236e-20,0.00027357935323379934,0.0006887052341597796,-2.3602002329425886e-05
r4_real,real_world,source_z_l2_stage3,strong_relative,0.9984286427497864,0.010968396440148354,1452,0.10298118329109007,0.05091849327358797,0.6236140245729698,3337,0.0,2,0.00512406462803483,1,-0.0002295684113865932,0.0005192211247049272,0.0,5.81994499952998e-05
r4_real,real_world,cosine_stage4,weak_relative,0.6913821697235107,0.6662441492080688,1453,0.07406988269262998,0.015242212346885036,0.5844761382336807,3646,1.0,6,0.007676366716623306,3,0.0006882312456985547,0.00046409887727349997,0.0006882312456985547,0.000161689255037345
r4_real,real_world,cosine_stage4,middle_relative,0.9549961686134338,0.1812586933374405,1452,0.05233888351721665,0.010964186063191312,0.6010914051841746,3665,0.0,4,0.007056713104248047,2,-0.0006887052341597796,0.0003132031124550849,0.0,1.6021698684198782e-05
r4_real,real_world,cosine_stage4,strong_relative,0.9984286427497864,0.010968396440148354,1452,0.08447253845857644,0.029659068732018165,0.6170212765957447,3337,0.0,2,0.00512406462803483,1,-0.0002295684113865932,0.0005193763063289225,0.0,5.835462434333749e-05
r4_real,real_world,source_z_l2_stage4,weak_relative,0.6913821697235107,0.6662441492080688,1453,0.06566227356567718,0.009519470929153648,0.5787164015359297,3646,1.0,6,0.007676366716623306,3,0.0006882312456985547,0.0004230019694659859,0.0006882312456985547,0.00012059234722983092
r4_real,real_world,source_z_l2_stage4,middle_relative,0.9549961686134338,0.1812586933374405,1452,0.05429343592680792,0.005916092275640286,0.606275579809004,3665,0.5,4,0.007056713104248047,2,3.823082040720236e-20,0.0003277665236964822,0.0006887052341597796,3.058511720155366e-05
r4_real,real_world,source_z_l2_stage4,strong_relative,0.9984286427497864,0.010968396440148354,1452,0.0969362613948673,0.03630444252127584,0.6233143542103686,3337,0.0,2,0.00512406462803483,1,-0.0002295684113865932,0.0005452519399113953,0.0,8.42303124954924e-05
r4_real,real_world,cosine_mean4,weak_relative,0.6913821697235107,0.6662441492080688,1453,0.07435730300956053,0.01505909404214739,0.5825562260010971,3646,1.0,6,0.007676366716623306,3,0.0006882312456985547,0.00038625343586318195,0.0006882312456985547,8.384385728277266e-05
r4_real,real_world,cosine_mean4,middle_relative,0.9549961686134338,0.1812586933374405,1452,0.05322976159512474,0.011612300602145647,0.6038199181446112,3665,0.0,4,0.007056713104248047,2,-0.0006887052341597796,0.00034816935658454895,0.0,5.098795736557804e-05
r4_real,real_world,cosine_mean4,strong_relative,0.9984286427497864,0.010968396440148354,1452,0.08534688680747443,0.03012643137567148,0.6194186394965537,3337,0.0,2,0.00512406462803483,1,-0.0002295684113865932,0.0005031779874116182,0.0,4.215631997794844e-05
r4_real,real_world,source_z_l2_mean4,weak_relative,0.6913821697235107,0.6662441492080688,1453,0.07546227552881977,0.02270427856652947,0.589687328579265,3646,1.0,6,0.007676366716623306,3,0.0006882312456985547,0.0004374994896352291,0.0006882312456985547,0.00013508998381439596
r4_real,real_world,source_z_l2_mean4,middle_relative,0.9549961686134338,0.1812586933374405,1452,0.05252972059644474,0.004404975515227787,0.6065484311050477,3665,0.25,4,0.007056713104248047,2,3.823082040720236e-20,0.0003172025899402797,0.0006887052341597796,2.0021187083330005e-05
r4_real,real_world,source_z_l2_mean4,strong_relative,0.9984286427497864,0.010968396440148354,1452,0.09597066957004388,0.049864610895253174,0.6092298471681151,3337,0.0,2,0.00512406462803483,1,-0.0002295684113865932,0.00045155815314501524,0.0,-9.46354975894792e-06
r4_random,real_world,cosine_stage1,weak_relative,0.6913821697235107,0.6662441492080688,1453,-0.027110493057325095,0.017907677383541935,0.5812704343764596,4282,0.5131578947368421,304,0.38194507360458374,152,-0.007111722872218396,-0.011873556300997734,-0.0041293874741913286,-0.01901010423898697
r4_random,real_world,cosine_stage1,middle_relative,0.9549961686134338,0.1812586933374405,1452,-0.015308543703086899,0.004308791278438908,0.570195895522388,4288,0.5155038759689923,258,0.3557261824607849,129,-0.0039026629935720817,-0.015111242420971394,-0.0048209366391184574,-0.007382792886346579
r4_random,real_world,cosine_stage1,strong_relative,0.9984286427497864,0.010968396440148354,1452,0.020935253443396744,0.030985517968294334,0.5776003756750411,4259,0.5436893203883495,206,0.23898930847644806,103,2.2938492244321417e-18,0.0007009818218648434,-0.0048209366391184574,-0.021438682451844215
r4_random,real_world,source_z_l2_stage1,weak_relative,0.6913821697235107,0.6662441492080688,1453,-0.016257845140390977,0.027412068494370553,0.5747314339093882,4282,0.5361842105263158,304,0.38194507360458374,152,-0.002982335398027068,-0.004978461656719446,0.0,-0.012115007266402245
r4_random,real_world,source_z_l2_stage1,middle_relative,0.9549961686134338,0.1812586933374405,1452,-0.018309048025977607,-0.0048232423922675086,0.5622667910447762,4288,0.5155038759689923,258,0.3557261824607849,129,-0.0039026629935720817,-0.016600998118519783,-0.0048209366391184574,-0.008872547186911106
r4_random,real_world,source_z_l2_stage1,strong_relative,0.9984286427497864,0.010968396440148354,1452,0.013354456518713413,0.02025901145989255,0.5797135477811692,4259,0.5776699029126213,206,0.23898930847644806,103,0.0034435261707989003,-0.000750241510104388,-0.0013774104683195593,-0.022889910265803337
r4_random,real_world,cosine_stage2,weak_relative,0.6913821697235107,0.6662441492080688,1453,-0.02800365467092442,0.019572566875460294,0.5780009341429239,4282,0.5328947368421053,304,0.38194507360458374,152,-0.004358797889424176,-0.018901662901043892,-0.0013764624913971094,-0.026038208976387978
r4_random,real_world,cosine_stage2,middle_relative,0.9549961686134338,0.1812586933374405,1452,-0.009814745015836525,0.006879241762235908,0.5797574626865671,4288,0.5310077519379846,258,0.3557261824607849,129,-0.003213957759412302,-0.013888809829950333,-0.004132231404958678,-0.00616035982966423
r4_random,real_world,cosine_stage2,strong_relative,0.9984286427497864,0.010968396440148354,1452,0.021672888326675452,0.0234295905613439,0.5987320967363231,4259,0.5631067961165048,206,0.23898930847644806,103,0.00413223140495868,0.011804853565990925,-0.0006887052341597796,-0.010334812104701996
r4_random,real_world,source_z_l2_stage2,weak_relative,0.6913821697235107,0.6662441492080688,1453,-0.009017795888802051,0.029119838790371604,0.5889771134983652,4282,0.5394736842105263,304,0.38194507360458374,152,-0.002982335398027067,-0.014624087139964104,0.0,-0.02176063507795334
r4_random,real_world,source_z_l2_stage2,middle_relative,0.9549961686134338,0.1812586933374405,1452,-0.001186952188668016,0.0066160955271059915,0.5802238805970149,4288,0.5387596899224806,258,0.3557261824607849,129,-0.0025252525252525224,-0.008771375752985477,-0.003443526170798898,-0.0010429254034534097
r4_random,real_world,source_z_l2_stage2,strong_relative,0.9984286427497864,0.010968396440148354,1452,0.02647238908303291,0.020166288291719164,0.5980277060342803,4259,0.5485436893203883,206,0.23898930847644806,103,-0.0006887052341597771,0.0011512924684211612,-0.005509641873278237,-0.020988373085856438
r4_random,real_world,cosine_stage3,weak_relative,0.6913821697235107,0.6662441492080688,1453,0.005348305485830035,0.02661670228793196,0.5885100420364315,4282,0.5263157894736842,304,0.38194507360458374,152,-0.005047029135122731,-0.014052039943635464,-0.0020646937370956643,-0.021188588812947273
r4_random,real_world,cosine_stage3,middle_relative,0.9549961686134338,0.1812586933374405,1452,0.005538326190937328,0.007207254987796705,0.5893190298507462,4288,0.5155038759689923,258,0.3557261824607849,129,-0.005968778696051421,-0.018734291195869446,-0.006887052341597796,-0.011005840264260769
r4_random,real_world,cosine_stage3,strong_relative,0.9984286427497864,0.010968396440148354,1452,0.05223244251707869,0.028118438594215374,0.620098614698286,4259,0.587378640776699,206,0.23898930847644806,103,0.0034435261707989003,0.014186400920152664,-0.0013774104683195593,-0.007953263819217682
r4_random,real_world,source_z_l2_stage3,weak_relative,0.6913821697235107,0.6662441492080688,1453,0.007774298510027978,0.031457191016811846,0.5983185427370388,4282,0.5197368421052632,304,0.38194507360458374,152,-0.006423491626519841,-0.01733945868909359,-0.0034411562284927736,-0.024476006627082825
r4_random,real_world,source_z_l2_stage3,middle_relative,0.9549961686134338,0.1812586933374405,1452,0.003153927993847156,0.002686663135039978,0.5928171641791045,4288,0.5503875968992248,258,0.3557261824607849,129,-0.0004591368227731837,-0.008254763670265675,-0.0013774104683195593,-0.0005263131461106241
r4_random,real_world,source_z_l2_stage3,strong_relative,0.9984286427497864,0.010968396440148354,1452,0.04566595922659417,0.021625893026719537,0.6245597558112232,4259,0.5728155339805825,206,0.23898930847644806,103,0.0027548209366391207,0.01120102871209383,-0.002066115702479339,-0.010938637889921665
r4_random,real_world,cosine_stage4,weak_relative,0.6913821697235107,0.6662441492080688,1453,-0.008824457579434642,0.020353587289088253,0.5684259691732835,4282,0.5164473684210527,304,0.38194507360458374,152,-0.005735260380821286,-0.01526691485196352,-0.0027529249827942187,-0.02240346185863018
r4_random,real_world,cosine_stage4,middle_relative,0.9549961686134338,0.1812586933374405,1452,-0.01774083192332582,-0.013433046206062,0.5888526119402985,4288,0.5271317829457365,258,0.3557261824607849,129,-0.004591368227731861,-0.012764329090714455,-0.005509641873278237,-0.00503587955608964
r4_random,real_world,cosine_stage4,strong_relative,0.9984286427497864,0.010968396440148354,1452,0.057440067323542655,0.019248795716274962,0.6320732566330124,4259,0.6067961165048543,206,0.23898930847644806,103,0.00550964187327824,0.02333761379122734,0.0006887052341597796,0.0011979489354416728
r4_random,real_world,source_z_l2_stage4,weak_relative,0.6913821697235107,0.6662441492080688,1453,0.011297635865334325,0.02680212339390475,0.5889771134983652,4282,0.5230263157894737,304,0.38194507360458374,152,-0.003670566643725622,-0.012055354192852974,-0.0006882312456985547,-0.01919190213084221
r4_random,real_world,source_z_l2_stage4,middle_relative,0.9549961686134338,0.1812586933374405,1452,-0.009116740032897063,-0.00468032599545117,0.6030783582089553,4288,0.5387596899224806,258,0.3557261824607849,129,-0.003213957759412302,-0.016541514545679092,-0.004132231404958678,-0.00881306454539299
r4_random,real_world,source_z_l2_stage4,strong_relative,0.9984286427497864,0.010968396440148354,1452,0.05595007802399868,0.013850499501845834,0.6419347264616108,4259,0.5825242718446602,206,0.23898930847644806,103,0.006198347107438019,0.02219962514936924,0.0013774104683195593,5.9960137150483206e-05
r4_random,real_world,cosine_mean4,weak_relative,0.6913821697235107,0.6662441492080688,1453,-0.01134290355164498,0.02087793295903111,0.5684259691732835,4282,0.5164473684210527,304,0.38194507360458374,152,-0.006423491626519839,-0.020306216552853584,-0.0034411562284927736,-0.02744276449084282
r4_random,real_world,cosine_mean4,middle_relative,0.9549961686134338,0.1812586933374405,1452,-0.017025373929852206,-0.010532726706003097,0.5869869402985075,4288,0.5193798449612403,258,0.3557261824607849,129,-0.004591368227731861,-0.012116161175072193,-0.005509641873278237,-0.004387711640447378
r4_random,real_world,cosine_mean4,strong_relative,0.9984286427497864,0.010968396440148354,1452,0.05454624716044293,0.020987696586478744,0.6301948814275652,4259,0.5970873786407767,206,0.23898930847644806,103,0.00550964187327824,0.021951396018266678,0.0006887052341597796,-0.00018826956511475146
r4_random,real_world,source_z_l2_mean4,weak_relative,0.6913821697235107,0.6662441492080688,1453,-0.006905770268973882,0.029961535385893082,0.592246613731901,4282,0.5230263157894737,304,0.38194507360458374,152,-0.005047029135122731,-0.010788226500153542,-0.0020646937370956643,-0.017924770712852478
r4_random,real_world,source_z_l2_mean4,middle_relative,0.9549961686134338,0.1812586933374405,1452,-0.007900574120246468,0.00028762446391643386,0.5827891791044776,4288,0.5271317829457365,258,0.3557261824607849,129,-0.0039026629935720817,-0.012107794173061848,-0.0048209366391184574,-0.004379343241453171
r4_random,real_world,source_z_l2_mean4,strong_relative,0.9984286427497864,0.010968396440148354,1452,0.02925618511831529,0.020591854295588942,0.6064803944587931,4259,0.558252427184466,206,0.23898930847644806,103,0.0013774104683195617,0.008029383607208729,-0.003443526170798898,-0.014110281132161617
