mode,target,stratum,score,n,teacher_accuracy,confidence_min,confidence_max,auroc
replay,art,confidence_q1,centroid_class_margin,607,0.37067545304777594,0.09169524163007736,0.5599453449249268,0.5122978475858057
replay,art,confidence_q1,centroid_relative_margin,607,0.37067545304777594,0.09169524163007736,0.5599453449249268,0.5155671902268761
replay,art,confidence_q1,centroid_negative_candidate_distance,607,0.37067545304777594,0.09169524163007736,0.5599453449249268,0.4856893542757417
replay,art,confidence_q1,centroid_negative_candidate_rank,607,0.37067545304777594,0.09169524163007736,0.5599453449249268,0.516259453170448
replay,art,confidence_q1,centroid_source_class_agreement,607,0.37067545304777594,0.09169524163007736,0.5599453449249268,0.5219371727748691
replay,art,confidence_q1,source_weight_max_for_candidate,607,0.37067545304777594,0.09169524163007736,0.5599453449249268,0.45474694589877834
replay,art,confidence_q1,source_weight_negative_entropy_for_candidate,607,0.37067545304777594,0.09169524163007736,0.5599453449249268,0.4536358347876672
replay,art,confidence_q1,teacher_confidence,607,0.37067545304777594,0.09169524163007736,0.5599453449249268,0.6316812100058173
replay,art,confidence_q1,teacher_probability_margin,607,0.37067545304777594,0.09169524163007736,0.5599453449249268,0.6060267597440372
replay,art,confidence_q1,teacher_negative_entropy,607,0.37067545304777594,0.09169524163007736,0.5599453449249268,0.608760907504363
replay,art,confidence_q2,centroid_class_margin,607,0.6771004942339374,0.5599960684776306,0.8781558871269226,0.5336287799791449
replay,art,confidence_q2,centroid_relative_margin,607,0.6771004942339374,0.5599960684776306,0.8781558871269226,0.529917076319579
replay,art,confidence_q2,centroid_negative_candidate_distance,607,0.6771004942339374,0.5599960684776306,0.8781558871269226,0.4768856447688564
replay,art,confidence_q2,centroid_negative_candidate_rank,607,0.6771004942339374,0.5599960684776306,0.8781558871269226,0.51338199513382
replay,art,confidence_q2,centroid_source_class_agreement,607,0.6771004942339374,0.5599960684776306,0.8781558871269226,0.5017193008590297
replay,art,confidence_q2,source_weight_max_for_candidate,607,0.6771004942339374,0.5599960684776306,0.8781558871269226,0.47820149957793334
replay,art,confidence_q2,source_weight_negative_entropy_for_candidate,607,0.6771004942339374,0.5599960684776306,0.8781558871269226,0.48000148964695366
replay,art,confidence_q2,teacher_confidence,607,0.6771004942339374,0.5599960684776306,0.8781558871269226,0.5879264114404886
replay,art,confidence_q2,teacher_probability_margin,607,0.6771004942339374,0.5599960684776306,0.8781558871269226,0.5726823576145786
replay,art,confidence_q2,teacher_negative_entropy,607,0.6771004942339374,0.5599960684776306,0.8781558871269226,0.5687968618104176
replay,art,confidence_q3,centroid_class_margin,607,0.9406919275123559,0.8781735301017761,0.9876853227615356,0.5622202763183499
replay,art,confidence_q3,centroid_relative_margin,607,0.9406919275123559,0.8781735301017761,0.9876853227615356,0.5605662580268534
replay,art,confidence_q3,centroid_negative_candidate_distance,607,0.9406919275123559,0.8781735301017761,0.9876853227615356,0.4774761626775637
replay,art,confidence_q3,centroid_negative_candidate_rank,607,0.9406919275123559,0.8781735301017761,0.9876853227615356,0.5429315041836933
replay,art,confidence_q3,centroid_source_class_agreement,607,0.9406919275123559,0.8781735301017761,0.9876853227615356,0.5811685152753454
replay,art,confidence_q3,source_weight_max_for_candidate,607,0.9406919275123559,0.8781735301017761,0.9876853227615356,0.41350457287410003
replay,art,confidence_q3,source_weight_negative_entropy_for_candidate,607,0.9406919275123559,0.8781735301017761,0.9876853227615356,0.416958552247519
replay,art,confidence_q3,teacher_confidence,607,0.9406919275123559,0.8781735301017761,0.9876853227615356,0.656791204514497
replay,art,confidence_q3,teacher_probability_margin,607,0.9406919275123559,0.8781735301017761,0.9876853227615356,0.6371862230005838
replay,art,confidence_q3,teacher_negative_entropy,607,0.9406919275123559,0.8781735301017761,0.9876853227615356,0.6577641564506713
replay,art,confidence_q4,centroid_class_margin,606,0.9966996699669967,0.9877015948295593,0.9999927282333374,0.8120860927152318
replay,art,confidence_q4,centroid_relative_margin,606,0.9966996699669967,0.9877015948295593,0.9999927282333374,0.7723509933774835
replay,art,confidence_q4,centroid_negative_candidate_distance,606,0.9966996699669967,0.9877015948295593,0.9999927282333374,0.4097682119205298
replay,art,confidence_q4,centroid_negative_candidate_rank,606,0.9966996699669967,0.9877015948295593,0.9999927282333374,0.472682119205298
replay,art,confidence_q4,centroid_source_class_agreement,606,0.9966996699669967,0.9877015948295593,0.9999927282333374,0.7483443708609272
replay,art,confidence_q4,source_weight_max_for_candidate,606,0.9966996699669967,0.9877015948295593,0.9999927282333374,0.7284768211920529
replay,art,confidence_q4,source_weight_negative_entropy_for_candidate,606,0.9966996699669967,0.9877015948295593,0.9999927282333374,0.7251655629139073
replay,art,confidence_q4,teacher_confidence,606,0.9966996699669967,0.9877015948295593,0.9999927282333374,0.6920529801324503
replay,art,confidence_q4,teacher_probability_margin,606,0.9966996699669967,0.9877015948295593,0.9999927282333374,0.7127483443708609
replay,art,confidence_q4,teacher_negative_entropy,606,0.9966996699669967,0.9877015948295593,0.9999927282333374,0.6829470198675497
replay,art,confidence_ge_0.9,centroid_class_margin,1148,0.9747386759581882,0.901328444480896,0.9999927282333374,0.6820591044960094
replay,art,confidence_ge_0.9,centroid_relative_margin,1148,0.9747386759581882,0.901328444480896,0.9999927282333374,0.6897322116421682
replay,art,confidence_ge_0.9,centroid_negative_candidate_distance,1148,0.9747386759581882,0.901328444480896,0.9999927282333374,0.5245909216973282
replay,art,confidence_ge_0.9,centroid_negative_candidate_rank,1148,0.9747386759581882,0.901328444480896,0.9999927282333374,0.5689038858586792
replay,art,confidence_ge_0.9,centroid_source_class_agreement,1148,0.9747386759581882,0.901328444480896,0.9999927282333374,0.6611044343779853
replay,art,confidence_ge_0.9,source_weight_max_for_candidate,1148,0.9747386759581882,0.901328444480896,0.9999927282333374,0.48015469477057715
replay,art,confidence_ge_0.9,source_weight_negative_entropy_for_candidate,1148,0.9747386759581882,0.901328444480896,0.9999927282333374,0.48403747188068164
replay,art,confidence_ge_0.9,teacher_confidence,1148,0.9747386759581882,0.901328444480896,0.9999927282333374,0.7918554127761857
replay,art,confidence_ge_0.9,teacher_probability_margin,1148,0.9747386759581882,0.901328444480896,0.9999927282333374,0.7797448460756217
replay,art,confidence_ge_0.9,teacher_negative_entropy,1148,0.9747386759581882,0.901328444480896,0.9999927282333374,0.7943206680841884
replay,art,confidence_ge_0.99,centroid_class_margin,554,0.9963898916967509,0.9900205135345459,0.9999927282333374,0.8306159420289855
replay,art,confidence_ge_0.99,centroid_relative_margin,554,0.9963898916967509,0.9900205135345459,0.9999927282333374,0.7907608695652174
replay,art,confidence_ge_0.99,centroid_negative_candidate_distance,554,0.9963898916967509,0.9900205135345459,0.9999927282333374,0.4266304347826087
replay,art,confidence_ge_0.99,centroid_negative_candidate_rank,554,0.9963898916967509,0.9900205135345459,0.9999927282333374,0.47644927536231885
replay,art,confidence_ge_0.99,centroid_source_class_agreement,554,0.9963898916967509,0.9900205135345459,0.9999927282333374,0.7653985507246377
replay,art,confidence_ge_0.99,source_weight_max_for_candidate,554,0.9963898916967509,0.9900205135345459,0.9999927282333374,0.7346014492753623
replay,art,confidence_ge_0.99,source_weight_negative_entropy_for_candidate,554,0.9963898916967509,0.9900205135345459,0.9999927282333374,0.7318840579710145
replay,art,confidence_ge_0.99,teacher_confidence,554,0.9963898916967509,0.9900205135345459,0.9999927282333374,0.7572463768115942
replay,art,confidence_ge_0.99,teacher_probability_margin,554,0.9963898916967509,0.9900205135345459,0.9999927282333374,0.779891304347826
replay,art,confidence_ge_0.99,teacher_negative_entropy,554,0.9963898916967509,0.9900205135345459,0.9999927282333374,0.7472826086956522
replay,art,source_disagreement,centroid_class_margin,709,0.46685472496473907,0.09169524163007736,0.9968372583389282,0.5795009511021596
replay,art,source_disagreement,centroid_relative_margin,709,0.46685472496473907,0.09169524163007736,0.9968372583389282,0.5894675426397481
replay,art,source_disagreement,centroid_negative_candidate_distance,709,0.46685472496473907,0.09169524163007736,0.9968372583389282,0.48265637238446907
replay,art,source_disagreement,centroid_negative_candidate_rank,709,0.46685472496473907,0.09169524163007736,0.9968372583389282,0.5647069166706629
replay,art,source_disagreement,centroid_source_class_agreement,709,0.46685472496473907,0.09169524163007736,0.9968372583389282,0.567384389136655
replay,art,source_disagreement,source_weight_max_for_candidate,709,0.46685472496473907,0.09169524163007736,0.9968372583389282,0.47358093959302416
replay,art,source_disagreement,source_weight_negative_entropy_for_candidate,709,0.46685472496473907,0.09169524163007736,0.9968372583389282,0.4729055771351844
replay,art,source_disagreement,teacher_confidence,709,0.46685472496473907,0.09169524163007736,0.9968372583389282,0.7231893092920283
replay,art,source_disagreement,teacher_probability_margin,709,0.46685472496473907,0.09169524163007736,0.9968372583389282,0.7122476382295113
replay,art,source_disagreement,teacher_negative_entropy,709,0.46685472496473907,0.09169524163007736,0.9968372583389282,0.7041033264598219
replay,art,source_agreement,centroid_class_margin,1718,0.8614668218859138,0.1837623119354248,0.9999927282333374,0.7582500567794686
replay,art,source_agreement,centroid_relative_margin,1718,0.8614668218859138,0.1837623119354248,0.9999927282333374,0.7494946627299568
replay,art,source_agreement,centroid_negative_candidate_distance,1718,0.8614668218859138,0.1837623119354248,0.9999927282333374,0.5541221894163071
replay,art,source_agreement,centroid_negative_candidate_rank,1718,0.8614668218859138,0.1837623119354248,0.9999927282333374,0.6758815012491483
replay,art,source_agreement,centroid_source_class_agreement,1718,0.8614668218859138,0.1837623119354248,0.9999927282333374,0.7086688053599818
replay,art,source_agreement,source_weight_max_for_candidate,1718,0.8614668218859138,0.1837623119354248,0.9999927282333374,0.50745514421985
replay,art,source_agreement,source_weight_negative_entropy_for_candidate,1718,0.8614668218859138,0.1837623119354248,0.9999927282333374,0.507739041562571
replay,art,source_agreement,teacher_confidence,1718,0.8614668218859138,0.1837623119354248,0.9999927282333374,0.8718146718146718
replay,art,source_agreement,teacher_probability_margin,1718,0.8614668218859138,0.1837623119354248,0.9999927282333374,0.8680104474222121
replay,art,source_agreement,teacher_negative_entropy,1718,0.8614668218859138,0.1837623119354248,0.9999927282333374,0.8699551442198501
replay,art,branch_disagreement,centroid_class_margin,738,0.44037940379403795,0.09169524163007736,0.9825032949447632,0.5578133730676104
replay,art,branch_disagreement,centroid_relative_margin,738,0.44037940379403795,0.09169524163007736,0.9825032949447632,0.5534103184950643
replay,art,branch_disagreement,centroid_negative_candidate_distance,738,0.44037940379403795,0.09169524163007736,0.9825032949447632,0.5461165952691377
replay,art,branch_disagreement,centroid_negative_candidate_rank,738,0.44037940379403795,0.09169524163007736,0.9825032949447632,0.5602533060160179
replay,art,branch_disagreement,centroid_source_class_agreement,738,0.44037940379403795,0.09169524163007736,0.9825032949447632,0.5365766436952878
replay,art,branch_disagreement,source_weight_max_for_candidate,738,0.44037940379403795,0.09169524163007736,0.9825032949447632,0.4596125907990315
replay,art,branch_disagreement,source_weight_negative_entropy_for_candidate,738,0.44037940379403795,0.09169524163007736,0.9825032949447632,0.4585770162041348
replay,art,branch_disagreement,teacher_confidence,738,0.44037940379403795,0.09169524163007736,0.9825032949447632,0.7025256099832371
replay,art,branch_disagreement,teacher_probability_margin,738,0.44037940379403795,0.09169524163007736,0.9825032949447632,0.6812181039299683
replay,art,branch_disagreement,teacher_negative_entropy,738,0.44037940379403795,0.09169524163007736,0.9825032949447632,0.6846153846153846
full,art,confidence_q1,centroid_class_margin,607,0.3723228995057661,0.09173104166984558,0.5598650574684143,0.5214270782523865
full,art,confidence_q1,centroid_relative_margin,607,0.3723228995057661,0.09173104166984558,0.5598650574684143,0.5245743618330895
full,art,confidence_q1,centroid_negative_candidate_distance,607,0.3723228995057661,0.09173104166984558,0.5598650574684143,0.480698209184029
full,art,confidence_q1,centroid_negative_candidate_rank,607,0.3723228995057661,0.09173104166984558,0.5598650574684143,0.5315425173623208
full,art,confidence_q1,centroid_source_class_agreement,607,0.3723228995057661,0.09173104166984558,0.5598650574684143,0.533708452372657
full,art,confidence_q1,source_weight_max_for_candidate,607,0.3723228995057661,0.09173104166984558,0.5598650574684143,0.4542540589505958
full,art,confidence_q1,source_weight_negative_entropy_for_candidate,607,0.3723228995057661,0.09173104166984558,0.5598650574684143,0.4538243560262932
full,art,confidence_q1,teacher_confidence,607,0.3723228995057661,0.09173104166984558,0.5598650574684143,0.6398857222493206
full,art,confidence_q1,teacher_probability_margin,607,0.3723228995057661,0.09173104166984558,0.5598650574684143,0.6112001486539846
full,art,confidence_q1,teacher_negative_entropy,607,0.3723228995057661,0.09173104166984558,0.5598650574684143,0.6125589389821847
full,art,confidence_q2,centroid_class_margin,607,0.6721581548599671,0.5600137710571289,0.8777738213539124,0.5252118435313824
full,art,confidence_q2,centroid_relative_margin,607,0.6721581548599671,0.5600137710571289,0.8777738213539124,0.5211966696226229
full,art,confidence_q2,centroid_negative_candidate_distance,607,0.6721581548599671,0.5600137710571289,0.8777738213539124,0.4809833481131146
full,art,confidence_q2,centroid_negative_candidate_rank,607,0.6721581548599671,0.5600137710571289,0.8777738213539124,0.5114666469602916
full,art,confidence_q2,centroid_source_class_agreement,607,0.6721581548599671,0.5600137710571289,0.8777738213539124,0.501730466055769
full,art,confidence_q2,source_weight_max_for_candidate,607,0.6721581548599671,0.5600137710571289,0.8777738213539124,0.47917282490885804
full,art,confidence_q2,source_weight_negative_entropy_for_candidate,607,0.6721581548599671,0.5600137710571289,0.8777738213539124,0.4811188294413243
full,art,confidence_q2,teacher_confidence,607,0.6721581548599671,0.5600137710571289,0.8777738213539124,0.591375997635235
full,art,confidence_q2,teacher_probability_margin,607,0.6721581548599671,0.5600137710571289,0.8777738213539124,0.5747980096561237
full,art,confidence_q2,teacher_negative_entropy,607,0.6721581548599671,0.5600137710571289,0.8777738213539124,0.5712139127007587
full,art,confidence_q3,centroid_class_margin,607,0.942339373970346,0.878288209438324,0.9871988892555237,0.5678321678321678
full,art,confidence_q3,centroid_relative_margin,607,0.942339373970346,0.878288209438324,0.9871988892555237,0.5708791208791208
full,art,confidence_q3,centroid_negative_candidate_distance,607,0.942339373970346,0.878288209438324,0.9871988892555237,0.48736263736263735
full,art,confidence_q3,centroid_negative_candidate_rank,607,0.942339373970346,0.878288209438324,0.9871988892555237,0.5502247752247752
full,art,confidence_q3,centroid_source_class_agreement,607,0.942339373970346,0.878288209438324,0.9871988892555237,0.5889360639360639
full,art,confidence_q3,source_weight_max_for_candidate,607,0.942339373970346,0.878288209438324,0.9871988892555237,0.4104895104895105
full,art,confidence_q3,source_weight_negative_entropy_for_candidate,607,0.942339373970346,0.878288209438324,0.9871988892555237,0.4142857142857143
full,art,confidence_q3,teacher_confidence,607,0.942339373970346,0.878288209438324,0.9871988892555237,0.6444555444555444
full,art,confidence_q3,teacher_probability_margin,607,0.942339373970346,0.878288209438324,0.9871988892555237,0.6265734265734266
full,art,confidence_q3,teacher_negative_entropy,607,0.942339373970346,0.878288209438324,0.9871988892555237,0.6458041958041958
full,art,confidence_q4,centroid_class_margin,606,0.9966996699669967,0.9874017834663391,0.9999927282333374,0.8352649006622517
full,art,confidence_q4,centroid_relative_margin,606,0.9966996699669967,0.9874017834663391,0.9999927282333374,0.7971854304635762
full,art,confidence_q4,centroid_negative_candidate_distance,606,0.9966996699669967,0.9874017834663391,0.9999927282333374,0.41721854304635764
full,art,confidence_q4,centroid_negative_candidate_rank,606,0.9966996699669967,0.9874017834663391,0.9999927282333374,0.4693708609271523
full,art,confidence_q4,centroid_source_class_agreement,606,0.9966996699669967,0.9874017834663391,0.9999927282333374,0.7450331125827815
full,art,confidence_q4,source_weight_max_for_candidate,606,0.9966996699669967,0.9874017834663391,0.9999927282333374,0.7649006622516556
full,art,confidence_q4,source_weight_negative_entropy_for_candidate,606,0.9966996699669967,0.9874017834663391,0.9999927282333374,0.7566225165562914
full,art,confidence_q4,teacher_confidence,606,0.9966996699669967,0.9874017834663391,0.9999927282333374,0.7036423841059603
full,art,confidence_q4,teacher_probability_margin,606,0.9966996699669967,0.9874017834663391,0.9999927282333374,0.7218543046357616
full,art,confidence_q4,teacher_negative_entropy,606,0.9966996699669967,0.9874017834663391,0.9999927282333374,0.6961920529801324
full,art,confidence_ge_0.9,centroid_class_margin,1149,0.9738903394255874,0.9013248682022095,0.9999927282333374,0.6877420315758117
full,art,confidence_ge_0.9,centroid_relative_margin,1149,0.9738903394255874,0.9013248682022095,0.9999927282333374,0.6950997914804885
full,art,confidence_ge_0.9,centroid_negative_candidate_distance,1149,0.9738903394255874,0.9013248682022095,0.9999927282333374,0.5234882335418528
full,art,confidence_ge_0.9,centroid_negative_candidate_rank,1149,0.9738903394255874,0.9013248682022095,0.9999927282333374,0.5624218051831993
full,art,confidence_ge_0.9,centroid_source_class_agreement,1149,0.9738903394255874,0.9013248682022095,0.9999927282333374,0.6597110515341078
full,art,confidence_ge_0.9,source_weight_max_for_candidate,1149,0.9738903394255874,0.9013248682022095,0.9999927282333374,0.48383973786118556
full,art,confidence_ge_0.9,source_weight_negative_entropy_for_candidate,1149,0.9738903394255874,0.9013248682022095,0.9999927282333374,0.4873249925528746
full,art,confidence_ge_0.9,teacher_confidence,1149,0.9738903394255874,0.9013248682022095,0.9999927282333374,0.7981977956508788
full,art,confidence_ge_0.9,teacher_probability_margin,1149,0.9738903394255874,0.9013248682022095,0.9999927282333374,0.787116473041406
full,art,confidence_ge_0.9,teacher_negative_entropy,1149,0.9738903394255874,0.9013248682022095,0.9999927282333374,0.798138218647602
full,art,confidence_ge_0.99,centroid_class_margin,555,0.9963963963963964,0.9900151491165161,0.9999927282333374,0.8544303797468354
full,art,confidence_ge_0.99,centroid_relative_margin,555,0.9963963963963964,0.9900151491165161,0.9999927282333374,0.8164556962025317
full,art,confidence_ge_0.99,centroid_negative_candidate_distance,555,0.9963963963963964,0.9900151491165161,0.9999927282333374,0.43309222423146476
full,art,confidence_ge_0.99,centroid_negative_candidate_rank,555,0.9963963963963964,0.9900151491165161,0.9999927282333374,0.4719710669077758
full,art,confidence_ge_0.99,centroid_source_class_agreement,555,0.9963963963963964,0.9900151491165161,0.9999927282333374,0.7622061482820977
full,art,confidence_ge_0.99,source_weight_max_for_candidate,555,0.9963963963963964,0.9900151491165161,0.9999927282333374,0.7694394213381555
full,art,confidence_ge_0.99,source_weight_negative_entropy_for_candidate,555,0.9963963963963964,0.9900151491165161,0.9999927282333374,0.7613019891500904
full,art,confidence_ge_0.99,teacher_confidence,555,0.9963963963963964,0.9900151491165161,0.9999927282333374,0.7685352622061483
full,art,confidence_ge_0.99,teacher_probability_margin,555,0.9963963963963964,0.9900151491165161,0.9999927282333374,0.7884267631103075
full,art,confidence_ge_0.99,teacher_negative_entropy,555,0.9963963963963964,0.9900151491165161,0.9999927282333374,0.7603978300180831
full,art,source_disagreement,centroid_class_margin,709,0.46544428772919605,0.09173104166984558,0.9968051910400391,0.5813544415127528
full,art,source_disagreement,centroid_relative_margin,709,0.46544428772919605,0.09173104166984558,0.9968051910400391,0.5908930998640761
full,art,source_disagreement,centroid_negative_candidate_distance,709,0.46544428772919605,0.09173104166984558,0.9968051910400391,0.4828575997441433
full,art,source_disagreement,centroid_negative_candidate_rank,709,0.46544428772919605,0.09173104166984558,0.9968051910400391,0.5747341488766291
full,art,source_disagreement,centroid_source_class_agreement,709,0.46544428772919605,0.09173104166984558,0.9968051910400391,0.5739705764771728
full,art,source_disagreement,source_weight_max_for_candidate,709,0.46544428772919605,0.09173104166984558,0.9968051910400391,0.4754937235148317
full,art,source_disagreement,source_weight_negative_entropy_for_candidate,709,0.46544428772919605,0.09173104166984558,0.9968051910400391,0.47534980410969857
full,art,source_disagreement,teacher_confidence,709,0.46544428772919605,0.09173104166984558,0.9968051910400391,0.723994563044695
full,art,source_disagreement,teacher_probability_margin,709,0.46544428772919605,0.09173104166984558,0.9968051910400391,0.7142879987207164
full,art,source_disagreement,teacher_negative_entropy,709,0.46544428772919605,0.09173104166984558,0.9968051910400391,0.7034300791556728
full,art,source_agreement,centroid_class_margin,1718,0.8614668218859138,0.18378177285194397,0.9999927282333374,0.7569512264365206
full,art,source_agreement,centroid_relative_margin,1718,0.8614668218859138,0.18378177285194397,0.9999927282333374,0.7473796275266863
full,art,source_agreement,centroid_negative_candidate_distance,1718,0.8614668218859138,0.18378177285194397,0.9999927282333374,0.5514791051555757
full,art,source_agreement,centroid_negative_candidate_rank,1718,0.8614668218859138,0.18378177285194397,0.9999927282333374,0.6720985691573926
full,art,source_agreement,centroid_source_class_agreement,1718,0.8614668218859138,0.18378177285194397,0.9999927282333374,0.7084927890074949
full,art,source_agreement,source_weight_max_for_candidate,1718,0.8614668218859138,0.18378177285194397,0.9999927282333374,0.5056467181467181
full,art,source_agreement,source_weight_negative_entropy_for_candidate,1718,0.8614668218859138,0.18378177285194397,0.9999927282333374,0.506569384510561
full,art,source_agreement,teacher_confidence,1718,0.8614668218859138,0.18378177285194397,0.9999927282333374,0.8719197138314785
full,art,source_agreement,teacher_probability_margin,1718,0.8614668218859138,0.18378177285194397,0.9999927282333374,0.8678940495116966
full,art,source_agreement,teacher_negative_entropy,1718,0.8614668218859138,0.18378177285194397,0.9999927282333374,0.8700857369975017
full,art,branch_disagreement,centroid_class_margin,737,0.4369063772048847,0.09173104166984558,0.9824575781822205,0.5563309137169797
full,art,branch_disagreement,centroid_relative_margin,737,0.4369063772048847,0.09173104166984558,0.9824575781822205,0.5525742722442565
full,art,branch_disagreement,centroid_negative_candidate_distance,737,0.4369063772048847,0.09173104166984558,0.9824575781822205,0.5430629349696924
full,art,branch_disagreement,centroid_negative_candidate_rank,737,0.4369063772048847,0.09173104166984558,0.9824575781822205,0.5685362568285565
full,art,branch_disagreement,centroid_source_class_agreement,737,0.4369063772048847,0.09173104166984558,0.9824575781822205,0.5439272618424007
full,art,branch_disagreement,source_weight_max_for_candidate,737,0.4369063772048847,0.09173104166984558,0.9824575781822205,0.46182743395944026
full,art,branch_disagreement,source_weight_negative_entropy_for_candidate,737,0.4369063772048847,0.09173104166984558,0.9824575781822205,0.46091820698944846
full,art,branch_disagreement,teacher_confidence,737,0.4369063772048847,0.09173104166984558,0.9824575781822205,0.7029072812991095
full,art,branch_disagreement,teacher_probability_margin,737,0.4369063772048847,0.09173104166984558,0.9824575781822205,0.6807490832896804
full,art,branch_disagreement,teacher_negative_entropy,737,0.4369063772048847,0.09173104166984558,0.9824575781822205,0.6838621567013395
replay,clipart,confidence_q1,centroid_class_margin,1092,0.19230769230769232,0.06563689559698105,0.34561192989349365,0.49477378252888454
replay,clipart,confidence_q1,centroid_relative_margin,1092,0.19230769230769232,0.06563689559698105,0.34561192989349365,0.49448763632437104
replay,clipart,confidence_q1,centroid_negative_candidate_distance,1092,0.19230769230769232,0.06563689559698105,0.34561192989349365,0.5053719900658676
replay,clipart,confidence_q1,centroid_negative_candidate_rank,1092,0.19230769230769232,0.06563689559698105,0.34561192989349365,0.4902764280315301
replay,clipart,confidence_q1,centroid_source_class_agreement,1092,0.19230769230769232,0.06563689559698105,0.34561192989349365,0.49461991145664613
replay,clipart,confidence_q1,source_weight_max_for_candidate,1092,0.19230769230769232,0.06563689559698105,0.34561192989349365,0.5377389050858439
replay,clipart,confidence_q1,source_weight_negative_entropy_for_candidate,1092,0.19230769230769232,0.06563689559698105,0.34561192989349365,0.5380736421552748
replay,clipart,confidence_q1,teacher_confidence,1092,0.19230769230769232,0.06563689559698105,0.34561192989349365,0.6390778533635676
replay,clipart,confidence_q1,teacher_probability_margin,1092,0.19230769230769232,0.06563689559698105,0.34561192989349365,0.5817838246409675
replay,clipart,confidence_q1,teacher_negative_entropy,1092,0.19230769230769232,0.06563689559698105,0.34561192989349365,0.6182377712989958
replay,clipart,confidence_q2,centroid_class_margin,1091,0.387717690192484,0.34608280658721924,0.5816206932067871,0.4902942342265823
replay,clipart,confidence_q2,centroid_relative_margin,1091,0.387717690192484,0.34608280658721924,0.5816206932067871,0.4952612505485483
replay,clipart,confidence_q2,centroid_negative_candidate_distance,1091,0.387717690192484,0.34608280658721924,0.5816206932067871,0.4651194065769171
replay,clipart,confidence_q2,centroid_negative_candidate_rank,1091,0.387717690192484,0.34608280658721924,0.5816206932067871,0.49021460624849594
replay,clipart,confidence_q2,centroid_source_class_agreement,1091,0.387717690192484,0.34608280658721924,0.5816206932067871,0.5093518636485893
replay,clipart,confidence_q2,source_weight_max_for_candidate,1091,0.387717690192484,0.34608280658721924,0.5816206932067871,0.4850228620772639
replay,clipart,confidence_q2,source_weight_negative_entropy_for_candidate,1091,0.387717690192484,0.34608280658721924,0.5816206932067871,0.48354709021672965
replay,clipart,confidence_q2,teacher_confidence,1091,0.387717690192484,0.34608280658721924,0.5816206932067871,0.5579691680468849
replay,clipart,confidence_q2,teacher_probability_margin,1091,0.387717690192484,0.34608280658721924,0.5816206932067871,0.5475502894919381
replay,clipart,confidence_q2,teacher_negative_entropy,1091,0.387717690192484,0.34608280658721924,0.5816206932067871,0.5205121671550516
replay,clipart,confidence_q3,centroid_class_margin,1091,0.6672777268560953,0.5817795395851135,0.8909769654273987,0.4701397087760724
replay,clipart,confidence_q3,centroid_relative_margin,1091,0.6672777268560953,0.5817795395851135,0.8909769654273987,0.4757893621529985
replay,clipart,confidence_q3,centroid_negative_candidate_distance,1091,0.6672777268560953,0.5817795395851135,0.8909769654273987,0.463464565737293
replay,clipart,confidence_q3,centroid_negative_candidate_rank,1091,0.6672777268560953,0.5817795395851135,0.8909769654273987,0.4735075530530076
replay,clipart,confidence_q3,centroid_source_class_agreement,1091,0.6672777268560953,0.5817795395851135,0.8909769654273987,0.47622264099536826
replay,clipart,confidence_q3,source_weight_max_for_candidate,1091,0.6672777268560953,0.5817795395851135,0.8909769654273987,0.49349514122241395
replay,clipart,confidence_q3,source_weight_negative_entropy_for_candidate,1091,0.6672777268560953,0.5817795395851135,0.8909769654273987,0.49544016589471135
replay,clipart,confidence_q3,teacher_confidence,1091,0.6672777268560953,0.5817795395851135,0.8909769654273987,0.6442572578936215
replay,clipart,confidence_q3,teacher_probability_margin,1091,0.6672777268560953,0.5817795395851135,0.8909769654273987,0.6252724548179094
replay,clipart,confidence_q3,teacher_negative_entropy,1091,0.6672777268560953,0.5817795395851135,0.8909769654273987,0.6264152514152515
replay,clipart,confidence_q4,centroid_class_margin,1091,0.9459211732355637,0.8909822702407837,0.999998927116394,0.6514748390487453
replay,clipart,confidence_q4,centroid_relative_margin,1091,0.9459211732355637,0.8909822702407837,0.999998927116394,0.6471061621337538
replay,clipart,confidence_q4,centroid_negative_candidate_distance,1091,0.9459211732355637,0.8909822702407837,0.999998927116394,0.4928064643279464
replay,clipart,confidence_q4,centroid_negative_candidate_rank,1091,0.9459211732355637,0.8909822702407837,0.999998927116394,0.5247503613191433
replay,clipart,confidence_q4,centroid_source_class_agreement,1091,0.9459211732355637,0.8909822702407837,0.999998927116394,0.5586650900013139
replay,clipart,confidence_q4,source_weight_max_for_candidate,1091,0.9459211732355637,0.8909822702407837,0.999998927116394,0.5232065431612141
replay,clipart,confidence_q4,source_weight_negative_entropy_for_candidate,1091,0.9459211732355637,0.8909822702407837,0.999998927116394,0.5251773748521876
replay,clipart,confidence_q4,teacher_confidence,1091,0.9459211732355637,0.8909822702407837,0.999998927116394,0.7270398108001577
replay,clipart,confidence_q4,teacher_probability_margin,1091,0.9459211732355637,0.8909822702407837,0.999998927116394,0.7410162922086454
replay,clipart,confidence_q4,teacher_negative_entropy,1091,0.9459211732355637,0.8909822702407837,0.999998927116394,0.7103862830114308
replay,clipart,confidence_ge_0.9,centroid_class_margin,1063,0.9482596425211665,0.9001649022102356,0.999998927116394,0.6418470418470419
replay,clipart,confidence_ge_0.9,centroid_relative_margin,1063,0.9482596425211665,0.9001649022102356,0.999998927116394,0.6372294372294373
replay,clipart,confidence_ge_0.9,centroid_negative_candidate_distance,1063,0.9482596425211665,0.9001649022102356,0.999998927116394,0.48854617604617606
replay,clipart,confidence_ge_0.9,centroid_negative_candidate_rank,1063,0.9482596425211665,0.9001649022102356,0.999998927116394,0.509695165945166
replay,clipart,confidence_ge_0.9,centroid_source_class_agreement,1063,0.9482596425211665,0.9001649022102356,0.999998927116394,0.5431637806637807
replay,clipart,confidence_ge_0.9,source_weight_max_for_candidate,1063,0.9482596425211665,0.9001649022102356,0.999998927116394,0.5207070707070707
replay,clipart,confidence_ge_0.9,source_weight_negative_entropy_for_candidate,1063,0.9482596425211665,0.9001649022102356,0.999998927116394,0.5251082251082251
replay,clipart,confidence_ge_0.9,teacher_confidence,1063,0.9482596425211665,0.9001649022102356,0.999998927116394,0.7243326118326119
replay,clipart,confidence_ge_0.9,teacher_probability_margin,1063,0.9482596425211665,0.9001649022102356,0.999998927116394,0.7409632034632034
replay,clipart,confidence_ge_0.9,teacher_negative_entropy,1063,0.9482596425211665,0.9001649022102356,0.999998927116394,0.7054834054834055
replay,clipart,confidence_ge_0.99,centroid_class_margin,389,0.9948586118251928,0.990011990070343,0.999998927116394,0.789405684754522
replay,clipart,confidence_ge_0.99,centroid_relative_margin,389,0.9948586118251928,0.990011990070343,0.999998927116394,0.7441860465116279
replay,clipart,confidence_ge_0.99,centroid_negative_candidate_distance,389,0.9948586118251928,0.990011990070343,0.999998927116394,0.1640826873385013
replay,clipart,confidence_ge_0.99,centroid_negative_candidate_rank,389,0.9948586118251928,0.990011990070343,0.999998927116394,0.6782945736434108
replay,clipart,confidence_ge_0.99,centroid_source_class_agreement,389,0.9948586118251928,0.990011990070343,0.999998927116394,0.8178294573643411
replay,clipart,confidence_ge_0.99,source_weight_max_for_candidate,389,0.9948586118251928,0.990011990070343,0.999998927116394,0.4108527131782946
replay,clipart,confidence_ge_0.99,source_weight_negative_entropy_for_candidate,389,0.9948586118251928,0.990011990070343,0.999998927116394,0.45348837209302323
replay,clipart,confidence_ge_0.99,teacher_confidence,389,0.9948586118251928,0.990011990070343,0.999998927116394,0.8010335917312662
replay,clipart,confidence_ge_0.99,teacher_probability_margin,389,0.9948586118251928,0.990011990070343,0.999998927116394,0.8772609819121447
replay,clipart,confidence_ge_0.99,teacher_negative_entropy,389,0.9948586118251928,0.990011990070343,0.999998927116394,0.7545219638242894
replay,clipart,source_disagreement,centroid_class_margin,1887,0.3195548489666137,0.06563689559698105,0.975179135799408,0.5579333343665887
replay,clipart,source_disagreement,centroid_relative_margin,1887,0.3195548489666137,0.06563689559698105,0.975179135799408,0.55767114582849
replay,clipart,source_disagreement,centroid_negative_candidate_distance,1887,0.3195548489666137,0.06563689559698105,0.975179135799408,0.5338345913216885
replay,clipart,source_disagreement,centroid_negative_candidate_rank,1887,0.3195548489666137,0.06563689559698105,0.975179135799408,0.5573011112660994
replay,clipart,source_disagreement,centroid_source_class_agreement,1887,0.3195548489666137,0.06563689559698105,0.975179135799408,0.5396627971254837
replay,clipart,source_disagreement,source_weight_max_for_candidate,1887,0.3195548489666137,0.06563689559698105,0.975179135799408,0.5104022979598374
replay,clipart,source_disagreement,source_weight_negative_entropy_for_candidate,1887,0.3195548489666137,0.06563689559698105,0.975179135799408,0.5128343226753047
replay,clipart,source_disagreement,teacher_confidence,1887,0.3195548489666137,0.06563689559698105,0.975179135799408,0.707139277651204
replay,clipart,source_disagreement,teacher_probability_margin,1887,0.3195548489666137,0.06563689559698105,0.975179135799408,0.6809875854372995
replay,clipart,source_disagreement,teacher_negative_entropy,1887,0.3195548489666137,0.06563689559698105,0.975179135799408,0.6937779947613956
replay,clipart,source_agreement,centroid_class_margin,2478,0.7223567393058918,0.10738646239042282,0.999998927116394,0.695225412498376
replay,clipart,source_agreement,centroid_relative_margin,2478,0.7223567393058918,0.10738646239042282,0.999998927116394,0.6960715213719632
replay,clipart,source_agreement,centroid_negative_candidate_distance,2478,0.7223567393058918,0.10738646239042282,0.999998927116394,0.5274790502793296
replay,clipart,source_agreement,centroid_negative_candidate_rank,2478,0.7223567393058918,0.10738646239042282,0.999998927116394,0.6557396550604131
replay,clipart,source_agreement,centroid_source_class_agreement,2478,0.7223567393058918,0.10738646239042282,0.999998927116394,0.6689059048980122
replay,clipart,source_agreement,source_weight_max_for_candidate,2478,0.7223567393058918,0.10738646239042282,0.999998927116394,0.44972797843315576
replay,clipart,source_agreement,source_weight_negative_entropy_for_candidate,2478,0.7223567393058918,0.10738646239042282,0.999998927116394,0.45210958815122776
replay,clipart,source_agreement,teacher_confidence,2478,0.7223567393058918,0.10738646239042282,0.999998927116394,0.8459594647265168
replay,clipart,source_agreement,teacher_probability_margin,2478,0.7223567393058918,0.10738646239042282,0.999998927116394,0.8411426529816812
replay,clipart,source_agreement,teacher_negative_entropy,2478,0.7223567393058918,0.10738646239042282,0.999998927116394,0.8398962258022606
replay,clipart,branch_disagreement,centroid_class_margin,2132,0.3170731707317073,0.06563689559698105,0.9989343285560608,0.5464604736978997
replay,clipart,branch_disagreement,centroid_relative_margin,2132,0.3170731707317073,0.06563689559698105,0.9989343285560608,0.5476776367124
replay,clipart,branch_disagreement,centroid_negative_candidate_distance,2132,0.3170731707317073,0.06563689559698105,0.9989343285560608,0.5133898091553417
replay,clipart,branch_disagreement,centroid_negative_candidate_rank,2132,0.3170731707317073,0.06563689559698105,0.9989343285560608,0.5443690462643865
replay,clipart,branch_disagreement,centroid_source_class_agreement,2132,0.3170731707317073,0.06563689559698105,0.9989343285560608,0.5422501869432342
replay,clipart,branch_disagreement,source_weight_max_for_candidate,2132,0.3170731707317073,0.06563689559698105,0.9989343285560608,0.48710701280967555
replay,clipart,branch_disagreement,source_weight_negative_entropy_for_candidate,2132,0.3170731707317073,0.06563689559698105,0.9989343285560608,0.49008591260810197
replay,clipart,branch_disagreement,teacher_confidence,2132,0.3170731707317073,0.06563689559698105,0.9989343285560608,0.7083258826971844
replay,clipart,branch_disagreement,teacher_probability_margin,2132,0.3170731707317073,0.06563689559698105,0.9989343285560608,0.6801259022043046
replay,clipart,branch_disagreement,teacher_negative_entropy,2132,0.3170731707317073,0.06563689559698105,0.9989343285560608,0.6904860117692958
full,clipart,confidence_q1,centroid_class_margin,1092,0.19413919413919414,0.06565011292695999,0.3462882936000824,0.4936267152658662
full,clipart,confidence_q1,centroid_relative_margin,1092,0.19413919413919414,0.06565011292695999,0.3462882936000824,0.49190608919382506
full,clipart,confidence_q1,centroid_negative_candidate_distance,1092,0.19413919413919414,0.06565011292695999,0.3462882936000824,0.5153141080617496
full,clipart,confidence_q1,centroid_negative_candidate_rank,1092,0.19413919413919414,0.06565011292695999,0.3462882936000824,0.49187928816466553
full,clipart,confidence_q1,centroid_source_class_agreement,1092,0.19413919413919414,0.06565011292695999,0.3462882936000824,0.485323756432247
full,clipart,confidence_q1,source_weight_max_for_candidate,1092,0.19413919413919414,0.06565011292695999,0.3462882936000824,0.539842409948542
full,clipart,confidence_q1,source_weight_negative_entropy_for_candidate,1092,0.19413919413919414,0.06565011292695999,0.3462882936000824,0.5399603344768439
full,clipart,confidence_q1,teacher_confidence,1092,0.19413919413919414,0.06565011292695999,0.3462882936000824,0.6403087478559176
full,clipart,confidence_q1,teacher_probability_margin,1092,0.19413919413919414,0.06565011292695999,0.3462882936000824,0.5766027015437393
full,clipart,confidence_q1,teacher_negative_entropy,1092,0.19413919413919414,0.06565011292695999,0.3462882936000824,0.6275192967409948
full,clipart,confidence_q2,centroid_class_margin,1091,0.383134738771769,0.3463576138019562,0.5840854048728943,0.48692208706285506
full,clipart,confidence_q2,centroid_relative_margin,1091,0.383134738771769,0.3463576138019562,0.5840854048728943,0.49324242661225537
full,clipart,confidence_q2,centroid_negative_candidate_distance,1091,0.383134738771769,0.3463576138019562,0.5840854048728943,0.4669515203651436
full,clipart,confidence_q2,centroid_negative_candidate_rank,1091,0.383134738771769,0.3463576138019562,0.5840854048728943,0.48428446504617617
full,clipart,confidence_q2,centroid_source_class_agreement,1091,0.383134738771769,0.3463576138019562,0.5840854048728943,0.5115707003561856
full,clipart,confidence_q2,source_weight_max_for_candidate,1091,0.383134738771769,0.3463576138019562,0.5840854048728943,0.48015207206182414
full,clipart,confidence_q2,source_weight_negative_entropy_for_candidate,1091,0.383134738771769,0.3463576138019562,0.5840854048728943,0.47831249066879006
full,clipart,confidence_q2,teacher_confidence,1091,0.383134738771769,0.3463576138019562,0.5840854048728943,0.5581698742330634
full,clipart,confidence_q2,teacher_probability_margin,1091,0.383134738771769,0.3463576138019562,0.5840854048728943,0.5502676724229865
full,clipart,confidence_q2,teacher_negative_entropy,1091,0.383134738771769,0.3463576138019562,0.5840854048728943,0.5210583191735925
full,clipart,confidence_q3,centroid_class_margin,1091,0.6691109074243813,0.5841158628463745,0.8912057876586914,0.4743179144689409
full,clipart,confidence_q3,centroid_relative_margin,1091,0.6691109074243813,0.5841158628463745,0.8912057876586914,0.4799036162865708
full,clipart,confidence_q3,centroid_negative_candidate_distance,1091,0.6691109074243813,0.5841158628463745,0.8912057876586914,0.46067620384775926
full,clipart,confidence_q3,centroid_negative_candidate_rank,1091,0.6691109074243813,0.5841158628463745,0.8912057876586914,0.4771999392858498
full,clipart,confidence_q3,centroid_source_class_agreement,1091,0.6691109074243813,0.5841158628463745,0.8912057876586914,0.48174211664706107
full,clipart,confidence_q3,source_weight_max_for_candidate,1091,0.6691109074243813,0.5841158628463745,0.8912057876586914,0.4938185405836148
full,clipart,confidence_q3,source_weight_negative_entropy_for_candidate,1091,0.6691109074243813,0.5841158628463745,0.8912057876586914,0.4939930937654157
full,clipart,confidence_q3,teacher_confidence,1091,0.6691109074243813,0.5841158628463745,0.8912057876586914,0.641073122604637
full,clipart,confidence_q3,teacher_probability_margin,1091,0.6691109074243813,0.5841158628463745,0.8912057876586914,0.6236899024778962
full,clipart,confidence_q3,teacher_negative_entropy,1091,0.6691109074243813,0.5841158628463745,0.8912057876586914,0.6216825408871856
full,clipart,confidence_q4,centroid_class_margin,1091,0.9459211732355637,0.8912613391876221,0.999998927116394,0.6508343187491789
full,clipart,confidence_q4,centroid_relative_margin,1091,0.9459211732355637,0.8912613391876221,0.999998927116394,0.6469583497569308
full,clipart,confidence_q4,centroid_negative_candidate_distance,1091,0.9459211732355637,0.8912613391876221,0.999998927116394,0.492461568782026
full,clipart,confidence_q4,centroid_negative_candidate_rank,1091,0.9459211732355637,0.8912613391876221,0.999998927116394,0.524783208513993
full,clipart,confidence_q4,centroid_source_class_agreement,1091,0.9459211732355637,0.8912613391876221,0.999998927116394,0.5817402443831297
full,clipart,confidence_q4,source_weight_max_for_candidate,1091,0.9459211732355637,0.8912613391876221,0.999998927116394,0.5361154907370911
full,clipart,confidence_q4,source_weight_negative_entropy_for_candidate,1091,0.9459211732355637,0.8912613391876221,0.999998927116394,0.5386447247405072
full,clipart,confidence_q4,teacher_confidence,1091,0.9459211732355637,0.8912613391876221,0.999998927116394,0.7278445670739719
full,clipart,confidence_q4,teacher_probability_margin,1091,0.9459211732355637,0.8912613391876221,0.999998927116394,0.7423466036000526
full,clipart,confidence_q4,teacher_negative_entropy,1091,0.9459211732355637,0.8912613391876221,0.999998927116394,0.7106819077650769
full,clipart,confidence_ge_0.9,centroid_class_margin,1066,0.9474671669793621,0.9001767635345459,0.999998927116394,0.6462871287128713
full,clipart,confidence_ge_0.9,centroid_relative_margin,1066,0.9474671669793621,0.9001767635345459,0.999998927116394,0.6412305516265913
full,clipart,confidence_ge_0.9,centroid_negative_candidate_distance,1066,0.9474671669793621,0.9001767635345459,0.999998927116394,0.4957213578500707
full,clipart,confidence_ge_0.9,centroid_negative_candidate_rank,1066,0.9474671669793621,0.9001767635345459,0.999998927116394,0.518511315417256
full,clipart,confidence_ge_0.9,centroid_source_class_agreement,1066,0.9474671669793621,0.9001767635345459,0.999998927116394,0.5743723479490807
full,clipart,confidence_ge_0.9,source_weight_max_for_candidate,1066,0.9474671669793621,0.9001767635345459,0.999998927116394,0.5326555869872701
full,clipart,confidence_ge_0.9,source_weight_negative_entropy_for_candidate,1066,0.9474671669793621,0.9001767635345459,0.999998927116394,0.5323550212164073
full,clipart,confidence_ge_0.9,teacher_confidence,1066,0.9474671669793621,0.9001767635345459,0.999998927116394,0.729066478076379
full,clipart,confidence_ge_0.9,teacher_probability_margin,1066,0.9474671669793621,0.9001767635345459,0.999998927116394,0.7455445544554455
full,clipart,confidence_ge_0.9,teacher_negative_entropy,1066,0.9474671669793621,0.9001767635345459,0.999998927116394,0.710519801980198
full,clipart,confidence_ge_0.99,centroid_class_margin,391,0.9948849104859335,0.9900902509689331,0.999998927116394,0.7930591259640103
full,clipart,confidence_ge_0.99,centroid_relative_margin,391,0.9948849104859335,0.9900902509689331,0.999998927116394,0.7442159383033419
full,clipart,confidence_ge_0.99,centroid_negative_candidate_distance,391,0.9948849104859335,0.9900902509689331,0.999998927116394,0.14910025706940874
full,clipart,confidence_ge_0.99,centroid_negative_candidate_rank,391,0.9948849104859335,0.9900902509689331,0.999998927116394,0.6831619537275064
full,clipart,confidence_ge_0.99,centroid_source_class_agreement,391,0.9948849104859335,0.9900902509689331,0.999998927116394,0.8586118251928021
full,clipart,confidence_ge_0.99,source_weight_max_for_candidate,391,0.9948849104859335,0.9900902509689331,0.999998927116394,0.39331619537275064
full,clipart,confidence_ge_0.99,source_weight_negative_entropy_for_candidate,391,0.9948849104859335,0.9900902509689331,0.999998927116394,0.4704370179948586
full,clipart,confidence_ge_0.99,teacher_confidence,391,0.9948849104859335,0.9900902509689331,0.999998927116394,0.7994858611825193
full,clipart,confidence_ge_0.99,teacher_probability_margin,391,0.9948849104859335,0.9900902509689331,0.999998927116394,0.8766066838046273
full,clipart,confidence_ge_0.99,teacher_negative_entropy,391,0.9948849104859335,0.9900902509689331,0.999998927116394,0.7532133676092545
full,clipart,source_disagreement,centroid_class_margin,1887,0.3179650238473768,0.06565011292695999,0.9748431444168091,0.5593071743071744
full,clipart,source_disagreement,centroid_relative_margin,1887,0.3179650238473768,0.06565011292695999,0.9748431444168091,0.5595027195027195
full,clipart,source_disagreement,centroid_negative_candidate_distance,1887,0.3179650238473768,0.06565011292695999,0.9748431444168091,0.5359570059570059
full,clipart,source_disagreement,centroid_negative_candidate_rank,1887,0.3179650238473768,0.06565011292695999,0.9748431444168091,0.560465552965553
full,clipart,source_disagreement,centroid_source_class_agreement,1887,0.3179650238473768,0.06565011292695999,0.9748431444168091,0.5444010619010619
full,clipart,source_disagreement,source_weight_max_for_candidate,1887,0.3179650238473768,0.06565011292695999,0.9748431444168091,0.5118453768453769
full,clipart,source_disagreement,source_weight_negative_entropy_for_candidate,1887,0.3179650238473768,0.06565011292695999,0.9748431444168091,0.5128774928774928
full,clipart,source_disagreement,teacher_confidence,1887,0.3179650238473768,0.06565011292695999,0.9748431444168091,0.707060347060347
full,clipart,source_disagreement,teacher_probability_margin,1887,0.3179650238473768,0.06565011292695999,0.9748431444168091,0.6850595700595701
full,clipart,source_disagreement,teacher_negative_entropy,1887,0.3179650238473768,0.06565011292695999,0.9748431444168091,0.6934459984459984
full,clipart,source_agreement,centroid_class_margin,2478,0.7231638418079096,0.10932380706071854,0.999998927116394,0.6952596248958767
full,clipart,source_agreement,centroid_relative_margin,2478,0.7231638418079096,0.10932380706071854,0.999998927116394,0.6963626809142024
full,clipart,source_agreement,centroid_negative_candidate_distance,2478,0.7231638418079096,0.10932380706071854,0.999998927116394,0.5264115212411495
full,clipart,source_agreement,centroid_negative_candidate_rank,2478,0.7231638418079096,0.10932380706071854,0.999998927116394,0.6546218535245731
full,clipart,source_agreement,centroid_source_class_agreement,2478,0.7231638418079096,0.10932380706071854,0.999998927116394,0.6734051241670137
full,clipart,source_agreement,source_weight_max_for_candidate,2478,0.7231638418079096,0.10932380706071854,0.999998927116394,0.4494473331424407
full,clipart,source_agreement,source_weight_negative_entropy_for_candidate,2478,0.7231638418079096,0.10932380706071854,0.999998927116394,0.44989067055393583
full,clipart,source_agreement,teacher_confidence,2478,0.7231638418079096,0.10932380706071854,0.999998927116394,0.8449880908996251
full,clipart,source_agreement,teacher_probability_margin,2478,0.7231638418079096,0.10932380706071854,0.999998927116394,0.8401235813202832
full,clipart,source_agreement,teacher_negative_entropy,2478,0.7231638418079096,0.10932380706071854,0.999998927116394,0.8392198237713453
full,clipart,branch_disagreement,centroid_class_margin,2131,0.31769122477709993,0.06565011292695999,0.9989292025566101,0.5489588137649107
full,clipart,branch_disagreement,centroid_relative_margin,2131,0.31769122477709993,0.06565011292695999,0.9989292025566101,0.5504542046694394
full,clipart,branch_disagreement,centroid_negative_candidate_distance,2131,0.31769122477709993,0.06565011292695999,0.9989292025566101,0.5156883979202689
full,clipart,branch_disagreement,centroid_negative_candidate_rank,2131,0.31769122477709993,0.06565011292695999,0.9989292025566101,0.5463789596874308
full,clipart,branch_disagreement,centroid_source_class_agreement,2131,0.31769122477709993,0.06565011292695999,0.9989292025566101,0.5447901068513691
full,clipart,branch_disagreement,source_weight_max_for_candidate,2131,0.31769122477709993,0.06565011292695999,0.9989292025566101,0.4845406854010431
full,clipart,branch_disagreement,source_weight_negative_entropy_for_candidate,2131,0.31769122477709993,0.06565011292695999,0.9989292025566101,0.486560783779885
full,clipart,branch_disagreement,teacher_confidence,2131,0.31769122477709993,0.06565011292695999,0.9989292025566101,0.7068647788711018
full,clipart,branch_disagreement,teacher_probability_margin,2131,0.31769122477709993,0.06565011292695999,0.9989292025566101,0.681586374063095
full,clipart,branch_disagreement,teacher_negative_entropy,2131,0.31769122477709993,0.06565011292695999,0.9989292025566101,0.6896047982542937
replay,product,confidence_q1,centroid_class_margin,1110,0.5387387387387388,0.11004764586687088,0.7683466076850891,0.6022990044941472
replay,product,confidence_q1,centroid_relative_margin,1110,0.5387387387387388,0.11004764586687088,0.7683466076850891,0.5941011052466555
replay,product,confidence_q1,centroid_negative_candidate_distance,1110,0.5387387387387388,0.11004764586687088,0.7683466076850891,0.4979668556647157
replay,product,confidence_q1,centroid_negative_candidate_rank,1110,0.5387387387387388,0.11004764586687088,0.7683466076850891,0.6103107363085284
replay,product,confidence_q1,centroid_source_class_agreement,1110,0.5387387387387388,0.11004764586687088,0.7683466076850891,0.5852679504598662
replay,product,confidence_q1,source_weight_max_for_candidate,1110,0.5387387387387388,0.11004764586687088,0.7683466076850891,0.5705198970526756
replay,product,confidence_q1,source_weight_negative_entropy_for_candidate,1110,0.5387387387387388,0.11004764586687088,0.7683466076850891,0.5701279656145485
replay,product,confidence_q1,teacher_confidence,1110,0.5387387387387388,0.11004764586687088,0.7683466076850891,0.6694009327968228
replay,product,confidence_q1,teacher_probability_margin,1110,0.5387387387387388,0.11004764586687088,0.7683466076850891,0.6517738163670569
replay,product,confidence_q1,teacher_negative_entropy,1110,0.5387387387387388,0.11004764586687088,0.7683466076850891,0.6333824336329431
replay,product,confidence_q2,centroid_class_margin,1110,0.8792792792792793,0.7683529853820801,0.9642646908760071,0.5613874785906533
replay,product,confidence_q2,centroid_relative_margin,1110,0.8792792792792793,0.7683529853820801,0.9642646908760071,0.5411479997553218
replay,product,confidence_q2,centroid_negative_candidate_distance,1110,0.8792792792792793,0.7683529853820801,0.9642646908760071,0.4213244739417666
replay,product,confidence_q2,centroid_negative_candidate_rank,1110,0.8792792792792793,0.7683529853820801,0.9642646908760071,0.5263831967213115
replay,product,confidence_q2,centroid_source_class_agreement,1110,0.8792792792792793,0.7683529853820801,0.9642646908760071,0.5258556092488378
replay,product,confidence_q2,source_weight_max_for_candidate,1110,0.8792792792792793,0.7683529853820801,0.9642646908760071,0.576591937851725
replay,product,confidence_q2,source_weight_negative_entropy_for_candidate,1110,0.8792792792792793,0.7683529853820801,0.9642646908760071,0.5771386408123318
replay,product,confidence_q2,teacher_confidence,1110,0.8792792792792793,0.7683529853820801,0.9642646908760071,0.6442492965500367
replay,product,confidence_q2,teacher_probability_margin,1110,0.8792792792792793,0.7683529853820801,0.9642646908760071,0.6414278505015905
replay,product,confidence_q2,teacher_negative_entropy,1110,0.8792792792792793,0.7683529853820801,0.9642646908760071,0.620400813555175
replay,product,confidence_q3,centroid_class_margin,1110,0.9828828828828828,0.9642703533172607,0.995498538017273,0.5471561580394616
replay,product,confidence_q3,centroid_relative_margin,1110,0.9828828828828828,0.9642703533172607,0.995498538017273,0.49674369241159727
replay,product,confidence_q3,centroid_negative_candidate_distance,1110,0.9828828828828828,0.9642703533172607,0.995498538017273,0.35115056201456896
replay,product,confidence_q3,centroid_negative_candidate_rank,1110,0.9828828828828828,0.9642703533172607,0.995498538017273,0.4936079888079502
replay,product,confidence_q3,centroid_source_class_agreement,1110,0.9828828828828828,0.9642703533172607,0.995498538017273,0.4478749577886053
replay,product,confidence_q3,source_weight_max_for_candidate,1110,0.9828828828828828,0.9642703533172607,0.995498538017273,0.6622123594963577
replay,product,confidence_q3,source_weight_negative_entropy_for_candidate,1110,0.9828828828828828,0.9642703533172607,0.995498538017273,0.6662646533841479
replay,product,confidence_q3,teacher_confidence,1110,0.9828828828828828,0.9642703533172607,0.995498538017273,0.7079453905157026
replay,product,confidence_q3,teacher_probability_margin,1110,0.9828828828828828,0.9642703533172607,0.995498538017273,0.7305224564619615
replay,product,confidence_q3,teacher_negative_entropy,1110,0.9828828828828828,0.9642703533172607,0.995498538017273,0.6761059385402094
replay,product,confidence_q4,centroid_class_margin,1109,1.0,0.9955227375030518,0.9999991655349731,
replay,product,confidence_q4,centroid_relative_margin,1109,1.0,0.9955227375030518,0.9999991655349731,
replay,product,confidence_q4,centroid_negative_candidate_distance,1109,1.0,0.9955227375030518,0.9999991655349731,
replay,product,confidence_q4,centroid_negative_candidate_rank,1109,1.0,0.9955227375030518,0.9999991655349731,
replay,product,confidence_q4,centroid_source_class_agreement,1109,1.0,0.9955227375030518,0.9999991655349731,
replay,product,confidence_q4,source_weight_max_for_candidate,1109,1.0,0.9955227375030518,0.9999991655349731,
replay,product,confidence_q4,source_weight_negative_entropy_for_candidate,1109,1.0,0.9955227375030518,0.9999991655349731,
replay,product,confidence_q4,teacher_confidence,1109,1.0,0.9955227375030518,0.9999991655349731,
replay,product,confidence_q4,teacher_probability_margin,1109,1.0,0.9955227375030518,0.9999991655349731,
replay,product,confidence_q4,teacher_negative_entropy,1109,1.0,0.9955227375030518,0.9999991655349731,
replay,product,confidence_ge_0.9,centroid_class_margin,2788,0.9766857962697274,0.9000614881515503,0.9999991655349731,0.6981553151218961
replay,product,confidence_ge_0.9,centroid_relative_margin,2788,0.9766857962697274,0.9000614881515503,0.9999991655349731,0.6763467894573293
replay,product,confidence_ge_0.9,centroid_negative_candidate_distance,2788,0.9766857962697274,0.9000614881515503,0.9999991655349731,0.4814655781236758
replay,product,confidence_ge_0.9,centroid_negative_candidate_rank,2788,0.9766857962697274,0.9000614881515503,0.9999991655349731,0.5261956552444984
replay,product,confidence_ge_0.9,centroid_source_class_agreement,2788,0.9766857962697274,0.9000614881515503,0.9999991655349731,0.5529421735077262
replay,product,confidence_ge_0.9,source_weight_max_for_candidate,2788,0.9766857962697274,0.9000614881515503,0.9999991655349731,0.6451029690104241
replay,product,confidence_ge_0.9,source_weight_negative_entropy_for_candidate,2788,0.9766857962697274,0.9000614881515503,0.9999991655349731,0.6475776151868697
replay,product,confidence_ge_0.9,teacher_confidence,2788,0.9766857962697274,0.9000614881515503,0.9999991655349731,0.8504703522698381
replay,product,confidence_ge_0.9,teacher_probability_margin,2788,0.9766857962697274,0.9000614881515503,0.9999991655349731,0.8494872736517981
replay,product,confidence_ge_0.9,teacher_negative_entropy,2788,0.9766857962697274,0.9000614881515503,0.9999991655349731,0.8474250685047601
replay,product,confidence_ge_0.99,centroid_class_margin,1495,0.9993311036789297,0.9900104403495789,0.9999991655349731,0.25100401606425704
replay,product,confidence_ge_0.99,centroid_relative_margin,1495,0.9993311036789297,0.9900104403495789,0.9999991655349731,0.19879518072289157
replay,product,confidence_ge_0.99,centroid_negative_candidate_distance,1495,0.9993311036789297,0.9900104403495789,0.9999991655349731,0.30455153949129854
replay,product,confidence_ge_0.99,centroid_negative_candidate_rank,1495,0.9993311036789297,0.9900104403495789,0.9999991655349731,0.4755689424364123
replay,product,confidence_ge_0.99,centroid_source_class_agreement,1495,0.9993311036789297,0.9900104403495789,0.9999991655349731,0.27878179384203483
replay,product,confidence_ge_0.99,source_weight_max_for_candidate,1495,0.9993311036789297,0.9900104403495789,0.9999991655349731,0.11847389558232932
replay,product,confidence_ge_0.99,source_weight_negative_entropy_for_candidate,1495,0.9993311036789297,0.9900104403495789,0.9999991655349731,0.11847389558232932
replay,product,confidence_ge_0.99,teacher_confidence,1495,0.9993311036789297,0.9900104403495789,0.9999991655349731,0.9825970548862115
replay,product,confidence_ge_0.99,teacher_probability_margin,1495,0.9993311036789297,0.9900104403495789,0.9999991655349731,0.9825970548862115
replay,product,confidence_ge_0.99,teacher_negative_entropy,1495,0.9993311036789297,0.9900104403495789,0.9999991655349731,0.9518072289156626
replay,product,source_disagreement,centroid_class_margin,942,0.6199575371549894,0.11004764586687088,0.9843472242355347,0.6376535356240912
replay,product,source_disagreement,centroid_relative_margin,942,0.6199575371549894,0.11004764586687088,0.9843472242355347,0.633559252314992
replay,product,source_disagreement,centroid_negative_candidate_distance,942,0.6199575371549894,0.11004764586687088,0.9843472242355347,0.4828264903956532
replay,product,source_disagreement,centroid_negative_candidate_rank,942,0.6199575371549894,0.11004764586687088,0.9843472242355347,0.6362688451825208
replay,product,source_disagreement,centroid_source_class_agreement,942,0.6199575371549894,0.11004764586687088,0.9843472242355347,0.589404607025331
replay,product,source_disagreement,source_weight_max_for_candidate,942,0.6199575371549894,0.11004764586687088,0.9843472242355347,0.6399804851917043
replay,product,source_disagreement,source_weight_negative_entropy_for_candidate,942,0.6199575371549894,0.11004764586687088,0.9843472242355347,0.640877305425882
replay,product,source_disagreement,teacher_confidence,942,0.6199575371549894,0.11004764586687088,0.9843472242355347,0.7548763105533022
replay,product,source_disagreement,teacher_probability_margin,942,0.6199575371549894,0.11004764586687088,0.9843472242355347,0.7410533213438433
replay,product,source_disagreement,teacher_negative_entropy,942,0.6199575371549894,0.11004764586687088,0.9843472242355347,0.7250779635723579
replay,product,source_agreement,centroid_class_margin,3497,0.9122104661138118,0.1896207481622696,0.9999991655349731,0.7988170483902259
replay,product,source_agreement,centroid_relative_margin,3497,0.9122104661138118,0.1896207481622696,0.9999991655349731,0.7863973328704318
replay,product,source_agreement,centroid_negative_candidate_distance,3497,0.9122104661138118,0.1896207481622696,0.9999991655349731,0.5079855615573913
replay,product,source_agreement,centroid_negative_candidate_rank,3497,0.9122104661138118,0.1896207481622696,0.9999991655349731,0.6982733093032992
replay,product,source_agreement,centroid_source_class_agreement,3497,0.9122104661138118,0.1896207481622696,0.9999991655349731,0.7265722483738882
replay,product,source_agreement,source_weight_max_for_candidate,3497,0.9122104661138118,0.1896207481622696,0.9999991655349731,0.6854104336638314
replay,product,source_agreement,source_weight_negative_entropy_for_candidate,3497,0.9122104661138118,0.1896207481622696,0.9999991655349731,0.6860889587779401
replay,product,source_agreement,teacher_confidence,3497,0.9122104661138118,0.1896207481622696,0.9999991655349731,0.9050631554225849
replay,product,source_agreement,teacher_probability_margin,3497,0.9122104661138118,0.1896207481622696,0.9999991655349731,0.9043657398425454
replay,product,source_agreement,teacher_negative_entropy,3497,0.9122104661138118,0.1896207481622696,0.9999991655349731,0.9000801568419226
replay,product,branch_disagreement,centroid_class_margin,1067,0.5435801312089972,0.11004764586687088,0.9977924823760986,0.64311583941089
replay,product,branch_disagreement,centroid_relative_margin,1067,0.5435801312089972,0.11004764586687088,0.9977924823760986,0.6375327479997168
replay,product,branch_disagreement,centroid_negative_candidate_distance,1067,0.5435801312089972,0.11004764586687088,0.9977924823760986,0.5073833463145224
replay,product,branch_disagreement,centroid_negative_candidate_rank,1067,0.5435801312089972,0.11004764586687088,0.9977924823760986,0.6418377823408624
replay,product,branch_disagreement,centroid_source_class_agreement,1067,0.5435801312089972,0.11004764586687088,0.9977924823760986,0.6222403172130567
replay,product,branch_disagreement,source_weight_max_for_candidate,1067,0.5435801312089972,0.11004764586687088,0.9977924823760986,0.6029172272180132
replay,product,branch_disagreement,source_weight_negative_entropy_for_candidate,1067,0.5435801312089972,0.11004764586687088,0.9977924823760986,0.601417899879629
replay,product,branch_disagreement,teacher_confidence,1067,0.5435801312089972,0.11004764586687088,0.9977924823760986,0.6992512214118813
replay,product,branch_disagreement,teacher_probability_margin,1067,0.5435801312089972,0.11004764586687088,0.9977924823760986,0.680165333144516
replay,product,branch_disagreement,teacher_negative_entropy,1067,0.5435801312089972,0.11004764586687088,0.9977924823760986,0.6820700276145295
full,product,confidence_q1,centroid_class_margin,1110,0.5405405405405406,0.11041764914989471,0.7680743932723999,0.6106781045751634
full,product,confidence_q1,centroid_relative_margin,1110,0.5405405405405406,0.11041764914989471,0.7680743932723999,0.5989656862745099
full,product,confidence_q1,centroid_negative_candidate_distance,1110,0.5405405405405406,0.11041764914989471,0.7680743932723999,0.5014428104575164
full,product,confidence_q1,centroid_negative_candidate_rank,1110,0.5405405405405406,0.11041764914989471,0.7680743932723999,0.6115049019607843
full,product,confidence_q1,centroid_source_class_agreement,1110,0.5405405405405406,0.11041764914989471,0.7680743932723999,0.5839199346405228
full,product,confidence_q1,source_weight_max_for_candidate,1110,0.5405405405405406,0.11041764914989471,0.7680743932723999,0.5642532679738562
full,product,confidence_q1,source_weight_negative_entropy_for_candidate,1110,0.5405405405405406,0.11041764914989471,0.7680743932723999,0.5647598039215687
full,product,confidence_q1,teacher_confidence,1110,0.5405405405405406,0.11041764914989471,0.7680743932723999,0.6743643790849673
full,product,confidence_q1,teacher_probability_margin,1110,0.5405405405405406,0.11041764914989471,0.7680743932723999,0.6544983660130719
full,product,confidence_q1,teacher_negative_entropy,1110,0.5405405405405406,0.11041764914989471,0.7680743932723999,0.6401454248366013
full,product,confidence_q2,centroid_class_margin,1110,0.8774774774774775,0.7686430811882019,0.9645721316337585,0.5752619579659379
full,product,confidence_q2,centroid_relative_margin,1110,0.8774774774774775,0.7686430811882019,0.9645721316337585,0.5531653883319242
full,product,confidence_q2,centroid_negative_candidate_distance,1110,0.8774774774774775,0.7686430811882019,0.9645721316337585,0.42373399565164876
full,product,confidence_q2,centroid_negative_candidate_rank,1110,0.8774774774774775,0.7686430811882019,0.9645721316337585,0.5405619640053146
full,product,confidence_q2,centroid_source_class_agreement,1110,0.8774774774774775,0.7686430811882019,0.9645721316337585,0.5460577968353666
full,product,confidence_q2,source_weight_max_for_candidate,1110,0.8774774774774775,0.7686430811882019,0.9645721316337585,0.5754582377098684
full,product,confidence_q2,source_weight_negative_entropy_for_candidate,1110,0.8774774774774775,0.7686430811882019,0.9645721316337585,0.5767944498127793
full,product,confidence_q2,teacher_confidence,1110,0.8774774774774775,0.7686430811882019,0.9645721316337585,0.6508221101582317
full,product,confidence_q2,teacher_probability_margin,1110,0.8774774774774775,0.7686430811882019,0.9645721316337585,0.64664739098925
full,product,confidence_q2,teacher_negative_entropy,1110,0.8774774774774775,0.7686430811882019,0.9645721316337585,0.6251623082497886
full,product,confidence_q3,centroid_class_margin,1110,0.9828828828828828,0.9647658467292786,0.9954947233200073,0.5603261131747793
full,product,confidence_q3,centroid_relative_margin,1110,0.9828828828828828,0.9647658467292786,0.9954947233200073,0.5171981282261566
full,product,confidence_q3,centroid_negative_candidate_distance,1110,0.9828828828828828,0.9647658467292786,0.9954947233200073,0.3518259443292006
full,product,confidence_q3,centroid_negative_candidate_rank,1110,0.9828828828828828,0.9647658467292786,0.9954947233200073,0.4919677746152733
full,product,confidence_q3,centroid_source_class_agreement,1110,0.9828828828828828,0.9647658467292786,0.9954947233200073,0.47153745959766513
full,product,confidence_q3,source_weight_max_for_candidate,1110,0.9828828828828828,0.9647658467292786,0.9954947233200073,0.6621158763085533
full,product,confidence_q3,source_weight_negative_entropy_for_candidate,1110,0.9828828828828828,0.9647658467292786,0.9954947233200073,0.6669400356987795
full,product,confidence_q3,teacher_confidence,1110,0.9828828828828828,0.9647658467292786,0.9954947233200073,0.7088619807998456
full,product,confidence_q3,teacher_probability_margin,1110,0.9828828828828828,0.9647658467292786,0.9954947233200073,0.7314872883400068
full,product,confidence_q3,teacher_negative_entropy,1110,0.9828828828828828,0.9647658467292786,0.9954947233200073,0.6783250518597135
full,product,confidence_q4,centroid_class_margin,1109,1.0,0.9955124258995056,0.9999991655349731,
full,product,confidence_q4,centroid_relative_margin,1109,1.0,0.9955124258995056,0.9999991655349731,
full,product,confidence_q4,centroid_negative_candidate_distance,1109,1.0,0.9955124258995056,0.9999991655349731,
full,product,confidence_q4,centroid_negative_candidate_rank,1109,1.0,0.9955124258995056,0.9999991655349731,
full,product,confidence_q4,centroid_source_class_agreement,1109,1.0,0.9955124258995056,0.9999991655349731,
full,product,confidence_q4,source_weight_max_for_candidate,1109,1.0,0.9955124258995056,0.9999991655349731,
full,product,confidence_q4,source_weight_negative_entropy_for_candidate,1109,1.0,0.9955124258995056,0.9999991655349731,
full,product,confidence_q4,teacher_confidence,1109,1.0,0.9955124258995056,0.9999991655349731,
full,product,confidence_q4,teacher_probability_margin,1109,1.0,0.9955124258995056,0.9999991655349731,
full,product,confidence_q4,teacher_negative_entropy,1109,1.0,0.9955124258995056,0.9999991655349731,
full,product,confidence_ge_0.9,centroid_class_margin,2787,0.976318622174381,0.900435745716095,0.9999991655349731,0.710723553060929
full,product,confidence_ge_0.9,centroid_relative_margin,2787,0.976318622174381,0.900435745716095,0.9999991655349731,0.6940852850444912
full,product,confidence_ge_0.9,centroid_negative_candidate_distance,2787,0.976318622174381,0.900435745716095,0.9999991655349731,0.4920595146614992
full,product,confidence_ge_0.9,centroid_negative_candidate_rank,2787,0.976318622174381,0.900435745716095,0.9999991655349731,0.5523815887652712
full,product,confidence_ge_0.9,centroid_source_class_agreement,2787,0.976318622174381,0.900435745716095,0.9999991655349731,0.565397636786832
full,product,confidence_ge_0.9,source_weight_max_for_candidate,2787,0.976318622174381,0.900435745716095,0.9999991655349731,0.6541991023799183
full,product,confidence_ge_0.9,source_weight_negative_entropy_for_candidate,2787,0.976318622174381,0.900435745716095,0.9999991655349731,0.6571391979330238
full,product,confidence_ge_0.9,teacher_confidence,2787,0.976318622174381,0.900435745716095,0.9999991655349731,0.853223525219115
full,product,confidence_ge_0.9,teacher_probability_margin,2787,0.976318622174381,0.900435745716095,0.9999991655349731,0.8519650752285813
full,product,confidence_ge_0.9,teacher_negative_entropy,2787,0.976318622174381,0.900435745716095,0.9999991655349731,0.8501609256846302
full,product,confidence_ge_0.99,centroid_class_margin,1497,0.9993319973279893,0.9900078773498535,0.9999991655349731,0.27205882352941174
full,product,confidence_ge_0.99,centroid_relative_margin,1497,0.9993319973279893,0.9900078773498535,0.9999991655349731,0.2286096256684492
full,product,confidence_ge_0.99,centroid_negative_candidate_distance,1497,0.9993319973279893,0.9900078773498535,0.9999991655349731,0.3175133689839572
full,product,confidence_ge_0.99,centroid_negative_candidate_rank,1497,0.9993319973279893,0.9900078773498535,0.9999991655349731,0.4752673796791444
full,product,confidence_ge_0.99,centroid_source_class_agreement,1497,0.9993319973279893,0.9900078773498535,0.9999991655349731,0.703542780748663
full,product,confidence_ge_0.99,source_weight_max_for_candidate,1497,0.9993319973279893,0.9900078773498535,0.9999991655349731,0.13703208556149732
full,product,confidence_ge_0.99,source_weight_negative_entropy_for_candidate,1497,0.9993319973279893,0.9900078773498535,0.9999991655349731,0.13636363636363635
full,product,confidence_ge_0.99,teacher_confidence,1497,0.9993319973279893,0.9900078773498535,0.9999991655349731,0.9812834224598931
full,product,confidence_ge_0.99,teacher_probability_margin,1497,0.9993319973279893,0.9900078773498535,0.9999991655349731,0.983957219251337
full,product,confidence_ge_0.99,teacher_negative_entropy,1497,0.9993319973279893,0.9900078773498535,0.9999991655349731,0.9491978609625669
full,product,source_disagreement,centroid_class_margin,942,0.6199575371549894,0.11041764914989471,0.9844021797180176,0.651304335348588
full,product,source_disagreement,centroid_relative_margin,942,0.6199575371549894,0.11041764914989471,0.9844021797180176,0.6429961926991659
full,product,source_disagreement,centroid_negative_candidate_distance,942,0.6199575371549894,0.11041764914989471,0.9844021797180176,0.4896949376291421
full,product,source_disagreement,centroid_negative_candidate_rank,942,0.6199575371549894,0.11041764914989471,0.9844021797180176,0.6398633006811051
full,product,source_disagreement,centroid_source_class_agreement,942,0.6199575371549894,0.11041764914989471,0.9844021797180176,0.5874435601132624
full,product,source_disagreement,source_weight_max_for_candidate,942,0.6199575371549894,0.11041764914989471,0.9844021797180176,0.6395858842886661
full,product,source_disagreement,source_weight_negative_entropy_for_candidate,942,0.6199575371549894,0.11041764914989471,0.9844021797180176,0.6413364773857809
full,product,source_disagreement,teacher_confidence,942,0.6199575371549894,0.11041764914989471,0.9844021797180176,0.7562920907629908
full,product,source_disagreement,teacher_probability_margin,942,0.6199575371549894,0.11041764914989471,0.9844021797180176,0.7408285184051427
full,product,source_disagreement,teacher_negative_entropy,942,0.6199575371549894,0.11041764914989471,0.9844021797180176,0.7292487755414403
full,product,source_agreement,centroid_class_margin,3497,0.9122104661138118,0.18956449627876282,0.9999991655349731,0.7999065687766126
full,product,source_agreement,centroid_relative_margin,3497,0.9122104661138118,0.18956449627876282,0.9999991655349731,0.7881985643245892
full,product,source_agreement,centroid_negative_candidate_distance,3497,0.9122104661138118,0.18956449627876282,0.9999991655349731,0.5106026569185055
full,product,source_agreement,centroid_negative_candidate_rank,3497,0.9122104661138118,0.18956449627876282,0.9999991655349731,0.7039777194612643
full,product,source_agreement,centroid_source_class_agreement,3497,0.9122104661138118,0.18956449627876282,0.9999991655349731,0.7337123339425934
full,product,source_agreement,source_weight_max_for_candidate,3497,0.9122104661138118,0.18956449627876282,0.9999991655349731,0.6821163448480083
full,product,source_agreement,source_weight_negative_entropy_for_candidate,3497,0.9122104661138118,0.18956449627876282,0.9999991655349731,0.6828622629757078
full,product,source_agreement,teacher_confidence,3497,0.9122104661138118,0.18956449627876282,0.9999991655349731,0.9049743191773968
full,product,source_agreement,teacher_probability_margin,3497,0.9122104661138118,0.18956449627876282,0.9999991655349731,0.9043473599297479
full,product,source_agreement,teacher_negative_entropy,3497,0.9122104661138118,0.18956449627876282,0.9999991655349731,0.8999300542207428
full,product,branch_disagreement,centroid_class_margin,1068,0.5449438202247191,0.11041764914989471,0.9977878332138062,0.653597994711015
full,product,branch_disagreement,centroid_relative_margin,1068,0.5449438202247191,0.11041764914989471,0.9977878332138062,0.6437200373340122
full,product,branch_disagreement,centroid_negative_candidate_distance,1068,0.5449438202247191,0.11041764914989471,0.9977878332138062,0.5107070128547792
full,product,branch_disagreement,centroid_negative_candidate_rank,1068,0.5449438202247191,0.11041764914989471,0.9977878332138062,0.6473208603792796
full,product,branch_disagreement,centroid_source_class_agreement,1068,0.5449438202247191,0.11041764914989471,0.9977878332138062,0.6260659284714267
full,product,branch_disagreement,source_weight_max_for_candidate,1068,0.5449438202247191,0.11041764914989471,0.9977878332138062,0.5945512140624779
full,product,branch_disagreement,source_weight_negative_entropy_for_candidate,1068,0.5449438202247191,0.11041764914989471,0.9977878332138062,0.5936974106599918
full,product,branch_disagreement,teacher_confidence,1068,0.5449438202247191,0.11041764914989471,0.9977878332138062,0.7019200854156944
full,product,branch_disagreement,teacher_probability_margin,1068,0.5449438202247191,0.11041764914989471,0.9977878332138062,0.6812237495227186
full,product,branch_disagreement,teacher_negative_entropy,1068,0.5449438202247191,0.11041764914989471,0.9977878332138062,0.6864102074583174
replay,real_world,confidence_q1,centroid_class_margin,1090,0.5321100917431193,0.10640142112970352,0.7674298286437988,0.5997701149425287
replay,real_world,confidence_q1,centroid_relative_margin,1090,0.5321100917431193,0.10640142112970352,0.7674298286437988,0.6060851926977687
replay,real_world,confidence_q1,centroid_negative_candidate_distance,1090,0.5321100917431193,0.10640142112970352,0.7674298286437988,0.5391818796484111
replay,real_world,confidence_q1,centroid_negative_candidate_rank,1090,0.5321100917431193,0.10640142112970352,0.7674298286437988,0.6102045300878972
replay,real_world,confidence_q1,centroid_source_class_agreement,1090,0.5321100917431193,0.10640142112970352,0.7674298286437988,0.6202721433400946
replay,real_world,confidence_q1,source_weight_max_for_candidate,1090,0.5321100917431193,0.10640142112970352,0.7674298286437988,0.5235716700473293
replay,real_world,confidence_q1,source_weight_negative_entropy_for_candidate,1090,0.5321100917431193,0.10640142112970352,0.7674298286437988,0.5236916835699797
replay,real_world,confidence_q1,teacher_confidence,1090,0.5321100917431193,0.10640142112970352,0.7674298286437988,0.671369168356998
replay,real_world,confidence_q1,teacher_probability_margin,1090,0.5321100917431193,0.10640142112970352,0.7674298286437988,0.6572616632860041
replay,real_world,confidence_q1,teacher_negative_entropy,1090,0.5321100917431193,0.10640142112970352,0.7674298286437988,0.614790398918188
replay,real_world,confidence_q2,centroid_class_margin,1089,0.8833792470156107,0.7674424648284912,0.9646410346031189,0.5281074533043038
replay,real_world,confidence_q2,centroid_relative_margin,1089,0.8833792470156107,0.7674424648284912,0.9646410346031189,0.5234174210552164
replay,real_world,confidence_q2,centroid_negative_candidate_distance,1089,0.8833792470156107,0.7674424648284912,0.9646410346031189,0.4956619247957831
replay,real_world,confidence_q2,centroid_negative_candidate_rank,1089,0.8833792470156107,0.7674424648284912,0.9646410346031189,0.5013505328465958
replay,real_world,confidence_q2,centroid_source_class_agreement,1089,0.8833792470156107,0.7674424648284912,0.9646410346031189,0.5643549364021805
replay,real_world,confidence_q2,source_weight_max_for_candidate,1089,0.8833792470156107,0.7674424648284912,0.9646410346031189,0.4879925352366297
replay,real_world,confidence_q2,source_weight_negative_entropy_for_candidate,1089,0.8833792470156107,0.7674424648284912,0.9646410346031189,0.492158724442189
replay,real_world,confidence_q2,teacher_confidence,1089,0.8833792470156107,0.7674424648284912,0.9646410346031189,0.6285870970910341
replay,real_world,confidence_q2,teacher_probability_margin,1089,0.8833792470156107,0.7674424648284912,0.9646410346031189,0.6315500843059898
replay,real_world,confidence_q2,teacher_negative_entropy,1089,0.8833792470156107,0.7674424648284912,0.9646410346031189,0.5955195049683238
replay,real_world,confidence_q3,centroid_class_margin,1089,0.9843893480257117,0.9646826386451721,0.9966685175895691,0.584229587357331
replay,real_world,confidence_q3,centroid_relative_margin,1089,0.9843893480257117,0.9646826386451721,0.9966685175895691,0.5789069359086918
replay,real_world,confidence_q3,centroid_negative_candidate_distance,1089,0.9843893480257117,0.9646826386451721,0.9966685175895691,0.4772827041264267
replay,real_world,confidence_q3,centroid_negative_candidate_rank,1089,0.9843893480257117,0.9646826386451721,0.9966685175895691,0.5283417471466199
replay,real_world,confidence_q3,centroid_source_class_agreement,1089,0.9843893480257117,0.9646826386451721,0.9966685175895691,0.6001975417032485
replay,real_world,confidence_q3,source_weight_max_for_candidate,1089,0.9843893480257117,0.9646826386451721,0.9966685175895691,0.38756584723441617
replay,real_world,confidence_q3,source_weight_negative_entropy_for_candidate,1089,0.9843893480257117,0.9646826386451721,0.9966685175895691,0.3930531167690957
replay,real_world,confidence_q3,teacher_confidence,1089,0.9843893480257117,0.9646826386451721,0.9966685175895691,0.627140035118525
replay,real_world,confidence_q3,teacher_probability_margin,1089,0.9843893480257117,0.9646826386451721,0.9966685175895691,0.6721356453028973
replay,real_world,confidence_q3,teacher_negative_entropy,1089,0.9843893480257117,0.9646826386451721,0.9966685175895691,0.5781935908691835
replay,real_world,confidence_q4,centroid_class_margin,1089,0.9981634527089073,0.9966933727264404,0.9999998807907104,0.7164213431462741
replay,real_world,confidence_q4,centroid_relative_margin,1089,0.9981634527089073,0.9966933727264404,0.9999998807907104,0.6672033118675254
replay,real_world,confidence_q4,centroid_negative_candidate_distance,1089,0.9981634527089073,0.9966933727264404,0.9999998807907104,0.5609475620975161
replay,real_world,confidence_q4,centroid_negative_candidate_rank,1089,0.9981634527089073,0.9966933727264404,0.9999998807907104,0.48850045998160074
replay,real_world,confidence_q4,centroid_source_class_agreement,1089,0.9981634527089073,0.9966933727264404,0.9999998807907104,0.38086476540938363
replay,real_world,confidence_q4,source_weight_max_for_candidate,1089,0.9981634527089073,0.9966933727264404,0.9999998807907104,0.7293008279668813
replay,real_world,confidence_q4,source_weight_negative_entropy_for_candidate,1089,0.9981634527089073,0.9966933727264404,0.9999998807907104,0.7076816927322908
replay,real_world,confidence_q4,teacher_confidence,1089,0.9981634527089073,0.9966933727264404,0.9999998807907104,0.4703311867525299
replay,real_world,confidence_q4,teacher_probability_margin,1089,0.9981634527089073,0.9966933727264404,0.9999998807907104,0.5071297148114076
replay,real_world,confidence_q4,teacher_negative_entropy,1089,0.9981634527089073,0.9966933727264404,0.9999998807907104,0.45101195952161915
replay,real_world,confidence_ge_0.9,centroid_class_margin,2739,0.9759036144578314,0.9000873565673828,0.9999998807907104,0.6899947851126302
replay,real_world,confidence_ge_0.9,centroid_relative_margin,2739,0.9759036144578314,0.9000873565673828,0.9999998807907104,0.6848479180129011
replay,real_world,confidence_ge_0.9,centroid_negative_candidate_distance,2739,0.9759036144578314,0.9000873565673828,0.9999998807907104,0.5393638971080048
replay,real_world,confidence_ge_0.9,centroid_negative_candidate_rank,2739,0.9759036144578314,0.9000873565673828,0.9999998807907104,0.5307394937024567
replay,real_world,confidence_ge_0.9,centroid_source_class_agreement,2739,0.9759036144578314,0.9000873565673828,0.9999998807907104,0.6329937988187146
replay,real_world,confidence_ge_0.9,source_weight_max_for_candidate,2739,0.9759036144578314,0.9000873565673828,0.9999998807907104,0.54850978925053
replay,real_world,confidence_ge_0.9,source_weight_negative_entropy_for_candidate,2739,0.9759036144578314,0.9000873565673828,0.9999998807907104,0.5568451065084061
replay,real_world,confidence_ge_0.9,teacher_confidence,2739,0.9759036144578314,0.9000873565673828,0.9999998807907104,0.834639889353694
replay,real_world,confidence_ge_0.9,teacher_probability_margin,2739,0.9759036144578314,0.9000873565673828,0.9999998807907104,0.8386757587094288
replay,real_world,confidence_ge_0.9,teacher_negative_entropy,2739,0.9759036144578314,0.9000873565673828,0.9999998807907104,0.8239096917548095
replay,real_world,confidence_ge_0.99,centroid_class_margin,1575,0.9961904761904762,0.9900004267692566,0.9999998807907104,0.6879116209900149
replay,real_world,confidence_ge_0.99,centroid_relative_margin,1575,0.9961904761904762,0.9900004267692566,0.9999998807907104,0.7173358827278521
replay,real_world,confidence_ge_0.99,centroid_negative_candidate_distance,1575,0.9961904761904762,0.9900004267692566,0.9999998807907104,0.6914170384533673
replay,real_world,confidence_ge_0.99,centroid_negative_candidate_rank,1575,0.9961904761904762,0.9900004267692566,0.9999998807907104,0.5621946037816019
replay,real_world,confidence_ge_0.99,centroid_source_class_agreement,1575,0.9961904761904762,0.9900004267692566,0.9999998807907104,0.5472700233694497
replay,real_world,confidence_ge_0.99,source_weight_max_for_candidate,1575,0.9961904761904762,0.9900004267692566,0.9999998807907104,0.6831315062672615
replay,real_world,confidence_ge_0.99,source_weight_negative_entropy_for_candidate,1575,0.9961904761904762,0.9900004267692566,0.9999998807907104,0.6738899511366051
replay,real_world,confidence_ge_0.99,teacher_confidence,1575,0.9961904761904762,0.9900004267692566,0.9999998807907104,0.6434034416826003
replay,real_world,confidence_ge_0.99,teacher_probability_margin,1575,0.9961904761904762,0.9900004267692566,0.9999998807907104,0.6880178457616316
replay,real_world,confidence_ge_0.99,teacher_negative_entropy,1575,0.9961904761904762,0.9900004267692566,0.9999998807907104,0.6114297854259614
replay,real_world,source_disagreement,centroid_class_margin,812,0.5541871921182266,0.10640142112970352,0.9964300990104675,0.6375107427869858
replay,real_world,source_disagreement,centroid_relative_margin,812,0.5541871921182266,0.10640142112970352,0.9964300990104675,0.643121546961326
replay,real_world,source_disagreement,centroid_negative_candidate_distance,812,0.5541871921182266,0.10640142112970352,0.9964300990104675,0.5193523634131368
replay,real_world,source_disagreement,centroid_negative_candidate_rank,812,0.5541871921182266,0.10640142112970352,0.9964300990104675,0.6403038674033149
replay,real_world,source_disagreement,centroid_source_class_agreement,812,0.5541871921182266,0.10640142112970352,0.9964300990104675,0.6534008594229589
replay,real_world,source_disagreement,source_weight_max_for_candidate,812,0.5541871921182266,0.10640142112970352,0.9964300990104675,0.5558471454880295
replay,real_world,source_disagreement,source_weight_negative_entropy_for_candidate,812,0.5541871921182266,0.10640142112970352,0.9964300990104675,0.5587139349294046
replay,real_world,source_disagreement,teacher_confidence,812,0.5541871921182266,0.10640142112970352,0.9964300990104675,0.7347544505831799
replay,real_world,source_disagreement,teacher_probability_margin,812,0.5541871921182266,0.10640142112970352,0.9964300990104675,0.7199171270718232
replay,real_world,source_disagreement,teacher_negative_entropy,812,0.5541871921182266,0.10640142112970352,0.9964300990104675,0.7011878453038674
replay,real_world,source_agreement,centroid_class_margin,3545,0.9170662905500705,0.2199229747056961,0.9999998807907104,0.7644356419898012
replay,real_world,source_agreement,centroid_relative_margin,3545,0.9170662905500705,0.2199229747056961,0.9999998807907104,0.7624896159632725
replay,real_world,source_agreement,centroid_negative_candidate_distance,3545,0.9170662905500705,0.2199229747056961,0.9999998807907104,0.5367777994002891
replay,real_world,source_agreement,centroid_negative_candidate_rank,3545,0.9170662905500705,0.2199229747056961,0.9999998807907104,0.651869545111185
replay,real_world,source_agreement,centroid_source_class_agreement,3545,0.9170662905500705,0.2199229747056961,0.9999998807907104,0.7348591851382201
replay,real_world,source_agreement,source_weight_max_for_candidate,3545,0.9170662905500705,0.2199229747056961,0.9999998807907104,0.558450356457563
replay,real_world,source_agreement,source_weight_negative_entropy_for_candidate,3545,0.9170662905500705,0.2199229747056961,0.9999998807907104,0.5598601790762444
replay,real_world,source_agreement,teacher_confidence,3545,0.9170662905500705,0.2199229747056961,0.9999998807907104,0.8853602345275237
replay,real_world,source_agreement,teacher_probability_margin,3545,0.9170662905500705,0.2199229747056961,0.9999998807907104,0.8864002075761095
replay,real_world,source_agreement,teacher_negative_entropy,3545,0.9170662905500705,0.2199229747056961,0.9999998807907104,0.8747282364191447
replay,real_world,branch_disagreement,centroid_class_margin,1028,0.5515564202334631,0.10640142112970352,0.9980047345161438,0.6435744700386783
replay,real_world,branch_disagreement,centroid_relative_margin,1028,0.5515564202334631,0.10640142112970352,0.9980047345161438,0.6491332774774567
replay,real_world,branch_disagreement,centroid_negative_candidate_distance,1028,0.5515564202334631,0.10640142112970352,0.9980047345161438,0.5368208824463344
replay,real_world,branch_disagreement,centroid_negative_candidate_rank,1028,0.5515564202334631,0.10640142112970352,0.9980047345161438,0.639215033647427
replay,real_world,branch_disagreement,centroid_source_class_agreement,1028,0.5515564202334631,0.10640142112970352,0.9980047345161438,0.6625310363560545
replay,real_world,branch_disagreement,source_weight_max_for_candidate,1028,0.5515564202334631,0.10640142112970352,0.9980047345161438,0.5197274539284662
replay,real_world,branch_disagreement,source_weight_negative_entropy_for_candidate,1028,0.5515564202334631,0.10640142112970352,0.9980047345161438,0.5214566906540876
replay,real_world,branch_disagreement,teacher_confidence,1028,0.5515564202334631,0.10640142112970352,0.9980047345161438,0.7120514792242919
replay,real_world,branch_disagreement,teacher_probability_margin,1028,0.5515564202334631,0.10640142112970352,0.9980047345161438,0.6975480800498877
replay,real_world,branch_disagreement,teacher_negative_entropy,1028,0.5515564202334631,0.10640142112970352,0.9980047345161438,0.681131808391389
full,real_world,confidence_q1,centroid_class_margin,1090,0.5284403669724771,0.10573874413967133,0.7689773440361023,0.5972526210549071
full,real_world,confidence_q1,centroid_relative_margin,1090,0.5284403669724771,0.10573874413967133,0.7689773440361023,0.6025960603112841
full,real_world,confidence_q1,centroid_negative_candidate_distance,1090,0.5284403669724771,0.10573874413967133,0.7689773440361023,0.5362185203199308
full,real_world,confidence_q1,centroid_negative_candidate_rank,1090,0.5284403669724771,0.10573874413967133,0.7689773440361023,0.6057507836143536
full,real_world,confidence_q1,centroid_source_class_agreement,1090,0.5284403669724771,0.10573874413967133,0.7689773440361023,0.6183814985948984
full,real_world,confidence_q1,source_weight_max_for_candidate,1090,0.5284403669724771,0.10573874413967133,0.7689773440361023,0.5235270076740164
full,real_world,confidence_q1,source_weight_negative_entropy_for_candidate,1090,0.5284403669724771,0.10573874413967133,0.7689773440361023,0.5233463035019456
full,real_world,confidence_q1,teacher_confidence,1090,0.5284403669724771,0.10573874413967133,0.7689773440361023,0.6696119757890185
full,real_world,confidence_q1,teacher_probability_margin,1090,0.5284403669724771,0.10573874413967133,0.7689773440361023,0.6592121973627324
full,real_world,confidence_q1,teacher_negative_entropy,1090,0.5284403669724771,0.10573874413967133,0.7689773440361023,0.6113711900129701
full,real_world,confidence_q2,centroid_class_margin,1089,0.8842975206611571,0.7704876065254211,0.9642859697341919,0.5178097545698792
full,real_world,confidence_q2,centroid_relative_margin,1089,0.8842975206611571,0.7704876065254211,0.9642859697341919,0.51644167532018
full,real_world,confidence_q2,centroid_negative_candidate_distance,1089,0.8842975206611571,0.7704876065254211,0.9642859697341919,0.5009889729515897
full,real_world,confidence_q2,centroid_negative_candidate_rank,1089,0.8842975206611571,0.7704876065254211,0.9642859697341919,0.4948779442548913
full,real_world,confidence_q2,centroid_source_class_agreement,1089,0.8842975206611571,0.7704876065254211,0.9642859697341919,0.555670935733241
full,real_world,confidence_q2,source_weight_max_for_candidate,1089,0.8842975206611571,0.7704876065254211,0.9642859697341919,0.4798414346700951
full,real_world,confidence_q2,source_weight_negative_entropy_for_candidate,1089,0.8842975206611571,0.7704876065254211,0.9642859697341919,0.4827176976709687
full,real_world,confidence_q2,teacher_confidence,1089,0.8842975206611571,0.7704876065254211,0.9642859697341919,0.6260693270039065
full,real_world,confidence_q2,teacher_probability_margin,1089,0.8842975206611571,0.7704876065254211,0.9642859697341919,0.6314427467075442
full,real_world,confidence_q2,teacher_negative_entropy,1089,0.8842975206611571,0.7704876065254211,0.9642859697341919,0.5952793024444115
full,real_world,confidence_q3,centroid_class_margin,1089,0.9843893480257117,0.9643344879150391,0.9966844916343689,0.5750658472344161
full,real_world,confidence_q3,centroid_relative_margin,1089,0.9843893480257117,0.9643344879150391,0.9966844916343689,0.5725965759438104
full,real_world,confidence_q3,centroid_negative_candidate_distance,1089,0.9843893480257117,0.9643344879150391,0.9966844916343689,0.4760206321334504
full,real_world,confidence_q3,centroid_negative_candidate_rank,1089,0.9843893480257117,0.9643344879150391,0.9966844916343689,0.5304543459174714
full,real_world,confidence_q3,centroid_source_class_agreement,1089,0.9843893480257117,0.9643344879150391,0.9966844916343689,0.5635974539069359
full,real_world,confidence_q3,source_weight_max_for_candidate,1089,0.9843893480257117,0.9643344879150391,0.9966844916343689,0.3978544776119403
full,real_world,confidence_q3,source_weight_negative_entropy_for_candidate,1089,0.9843893480257117,0.9643344879150391,0.9966844916343689,0.40282045654082527
full,real_world,confidence_q3,teacher_confidence,1089,0.9843893480257117,0.9643344879150391,0.9966844916343689,0.631420105355575
full,real_world,confidence_q3,teacher_probability_margin,1089,0.9843893480257117,0.9643344879150391,0.9966844916343689,0.6771839332748024
full,real_world,confidence_q3,teacher_negative_entropy,1089,0.9843893480257117,0.9643344879150391,0.9966844916343689,0.5816505706760317
full,real_world,confidence_q4,centroid_class_margin,1089,0.9981634527089073,0.9966944456100464,0.9999998807907104,0.7155013799448022
full,real_world,confidence_q4,centroid_relative_margin,1089,0.9981634527089073,0.9966944456100464,0.9999998807907104,0.6630634774609016
full,real_world,confidence_q4,centroid_negative_candidate_distance,1089,0.9981634527089073,0.9966944456100464,0.9999998807907104,0.5673873045078197
full,real_world,confidence_q4,centroid_negative_candidate_rank,1089,0.9981634527089073,0.9966944456100464,0.9999998807907104,0.4871205151793928
full,real_world,confidence_q4,centroid_source_class_agreement,1089,0.9981634527089073,0.9966944456100464,0.9999998807907104,0.3840846366145354
full,real_world,confidence_q4,source_weight_max_for_candidate,1089,0.9981634527089073,0.9966944456100464,0.9999998807907104,0.7481600735970562
full,real_world,confidence_q4,source_weight_negative_entropy_for_candidate,1089,0.9981634527089073,0.9966944456100464,0.9999998807907104,0.7210211591536339
full,real_world,confidence_q4,teacher_confidence,1089,0.9981634527089073,0.9966944456100464,0.9999998807907104,0.4735510579576817
full,real_world,confidence_q4,teacher_probability_margin,1089,0.9981634527089073,0.9966944456100464,0.9999998807907104,0.5121895124195032
full,real_world,confidence_q4,teacher_negative_entropy,1089,0.9981634527089073,0.9966944456100464,0.9999998807907104,0.45745170193192275
full,real_world,confidence_ge_0.9,centroid_class_margin,2741,0.9755563662896753,0.9000029563903809,0.9999998807907104,0.680848748032463
full,real_world,confidence_ge_0.9,centroid_relative_margin,2741,0.9755563662896753,0.9000029563903809,0.9999998807907104,0.6777844137576887
full,real_world,confidence_ge_0.9,centroid_negative_candidate_distance,2741,0.9755563662896753,0.9000029563903809,0.9999998807907104,0.540073566349256
full,real_world,confidence_ge_0.9,centroid_negative_candidate_rank,2741,0.9755563662896753,0.9000029563903809,0.9999998807907104,0.5291949005905402
full,real_world,confidence_ge_0.9,centroid_source_class_agreement,2741,0.9755563662896753,0.9000029563903809,0.9999998807907104,0.6066098081023454
full,real_world,confidence_ge_0.9,source_weight_max_for_candidate,2741,0.9755563662896753,0.9000029563903809,0.9999998807907104,0.5538630705857399
full,real_world,confidence_ge_0.9,source_weight_negative_entropy_for_candidate,2741,0.9755563662896753,0.9000029563903809,0.9999998807907104,0.5586660936156912
full,real_world,confidence_ge_0.9,teacher_confidence,2741,0.9755563662896753,0.9000029563903809,0.9999998807907104,0.8378107592181203
full,real_world,confidence_ge_0.9,teacher_probability_margin,2741,0.9755563662896753,0.9000029563903809,0.9999998807907104,0.8420360798847945
full,real_world,confidence_ge_0.9,teacher_negative_entropy,2741,0.9755563662896753,0.9000029563903809,0.9999998807907104,0.8264018352515656
full,real_world,confidence_ge_0.99,centroid_class_margin,1576,0.9961928934010152,0.9900043606758118,0.9999998807907104,0.685244161358811
full,real_world,confidence_ge_0.99,centroid_relative_margin,1576,0.9961928934010152,0.9900043606758118,0.9999998807907104,0.714968152866242
full,real_world,confidence_ge_0.99,centroid_negative_candidate_distance,1576,0.9961928934010152,0.9900043606758118,0.9999998807907104,0.6942675159235668
full,real_world,confidence_ge_0.99,centroid_negative_candidate_rank,1576,0.9961928934010152,0.9900043606758118,0.9999998807907104,0.5614649681528663
full,real_world,confidence_ge_0.99,centroid_source_class_agreement,1576,0.9961928934010152,0.9900043606758118,0.9999998807907104,0.5507430997876858
full,real_world,confidence_ge_0.99,source_weight_max_for_candidate,1576,0.9961928934010152,0.9900043606758118,0.9999998807907104,0.6952229299363057
full,real_world,confidence_ge_0.99,source_weight_negative_entropy_for_candidate,1576,0.9961928934010152,0.9900043606758118,0.9999998807907104,0.685244161358811
full,real_world,confidence_ge_0.99,teacher_confidence,1576,0.9961928934010152,0.9900043606758118,0.9999998807907104,0.6490445859872611
full,real_world,confidence_ge_0.99,teacher_probability_margin,1576,0.9961928934010152,0.9900043606758118,0.9999998807907104,0.6943736730360934
full,real_world,confidence_ge_0.99,teacher_negative_entropy,1576,0.9961928934010152,0.9900043606758118,0.9999998807907104,0.6169851380042463
full,real_world,source_disagreement,centroid_class_margin,812,0.5529556650246306,0.10573874413967133,0.9963763356208801,0.6324216041770202
full,real_world,source_disagreement,centroid_relative_margin,812,0.5529556650246306,0.10573874413967133,0.9963763356208801,0.6375876603655506
full,real_world,source_disagreement,centroid_negative_candidate_distance,812,0.5529556650246306,0.10573874413967133,0.9963763356208801,0.5174921926288599
full,real_world,source_disagreement,centroid_negative_candidate_rank,812,0.5529556650246306,0.10573874413967133,0.9963763356208801,0.6353482179560334
full,real_world,source_disagreement,centroid_source_class_agreement,812,0.5529556650246306,0.10573874413967133,0.9963763356208801,0.6564081797934804
full,real_world,source_disagreement,source_weight_max_for_candidate,812,0.5529556650246306,0.10573874413967133,0.9963763356208801,0.554562633829692
full,real_world,source_disagreement,source_weight_negative_entropy_for_candidate,812,0.5529556650246306,0.10573874413967133,0.9963763356208801,0.5560167375312142
full,real_world,source_disagreement,teacher_confidence,812,0.5529556650246306,0.10573874413967133,0.9963763356208801,0.7355402578119727
full,real_world,source_disagreement,teacher_probability_margin,812,0.5529556650246306,0.10573874413967133,0.9963763356208801,0.7221220097308374
full,real_world,source_disagreement,teacher_negative_entropy,812,0.5529556650246306,0.10573874413967133,0.9963763356208801,0.7008319681937824
full,real_world,source_agreement,centroid_class_margin,3545,0.9165021156558533,0.21879467368125916,0.9999998807907104,0.7637745085806028
full,real_world,source_agreement,centroid_relative_margin,3545,0.9165021156558533,0.21879467368125916,0.9999998807907104,0.7620463261044979
full,real_world,source_agreement,centroid_negative_candidate_distance,3545,0.9165021156558533,0.21879467368125916,0.9999998807907104,0.5362731152204836
full,real_world,source_agreement,centroid_negative_candidate_rank,3545,0.9165021156558533,0.21879467368125916,0.9999998807907104,0.6448772179381598
full,real_world,source_agreement,centroid_source_class_agreement,3545,0.9165021156558533,0.21879467368125916,0.9999998807907104,0.7310352249756682
full,real_world,source_agreement,source_weight_max_for_candidate,3545,0.9165021156558533,0.21879467368125916,0.9999998807907104,0.5578639581409665
full,real_world,source_agreement,source_weight_negative_entropy_for_candidate,3545,0.9165021156558533,0.21879467368125916,0.9999998807907104,0.558244532621264
full,real_world,source_agreement,teacher_confidence,3545,0.9165021156558533,0.21879467368125916,0.9999998807907104,0.8864307520817216
full,real_world,source_agreement,teacher_probability_margin,3545,0.9165021156558533,0.21879467368125916,0.9999998807907104,0.887708692071573
full,real_world,source_agreement,teacher_negative_entropy,3545,0.9165021156558533,0.21879467368125916,0.9999998807907104,0.8756873216707012
full,real_world,branch_disagreement,centroid_class_margin,1028,0.5486381322957199,0.10573874413967133,0.9979876279830933,0.6476025617510394
full,real_world,branch_disagreement,centroid_relative_margin,1028,0.5486381322957199,0.10573874413967133,0.9979876279830933,0.6530210626069943
full,real_world,branch_disagreement,centroid_negative_candidate_distance,1028,0.5486381322957199,0.10573874413967133,0.9979876279830933,0.5391179078014184
full,real_world,branch_disagreement,centroid_negative_candidate_rank,1028,0.5486381322957199,0.10573874413967133,0.9979876279830933,0.6426636249694302
full,real_world,branch_disagreement,centroid_source_class_agreement,1028,0.5486381322957199,0.10573874413967133,0.9979876279830933,0.6662673483736855
full,real_world,branch_disagreement,source_weight_max_for_candidate,1028,0.5486381322957199,0.10573874413967133,0.9979876279830933,0.5200920151626315
full,real_world,branch_disagreement,source_weight_negative_entropy_for_candidate,1028,0.5486381322957199,0.10573874413967133,0.9979876279830933,0.5207110540474443
full,real_world,branch_disagreement,teacher_confidence,1028,0.5486381322957199,0.10573874413967133,0.9979876279830933,0.7145007948153583
full,real_world,branch_disagreement,teacher_probability_margin,1028,0.5486381322957199,0.10573874413967133,0.9979876279830933,0.7027084861824406
full,real_world,branch_disagreement,teacher_negative_entropy,1028,0.5486381322957199,0.10573874413967133,0.9979876279830933,0.6817337674247982
