mode,target,class,score,n,teacher_accuracy,nearest_centroid_accuracy,auroc
replay,art,Alarm_Clock,centroid_class_margin,74,0.9459459459459459,0.8108108108108109,0.9357142857142857
replay,art,Alarm_Clock,centroid_relative_margin,74,0.9459459459459459,0.8108108108108109,0.9571428571428572
replay,art,Alarm_Clock,centroid_negative_candidate_distance,74,0.9459459459459459,0.8108108108108109,0.5821428571428572
replay,art,Alarm_Clock,centroid_negative_candidate_rank,74,0.9459459459459459,0.8108108108108109,0.8357142857142857
replay,art,Alarm_Clock,centroid_source_class_agreement,74,0.9459459459459459,0.8108108108108109,0.9303571428571429
replay,art,Alarm_Clock,source_weight_max_for_candidate,74,0.9459459459459459,0.8108108108108109,0.30357142857142855
replay,art,Alarm_Clock,source_weight_negative_entropy_for_candidate,74,0.9459459459459459,0.8108108108108109,0.29642857142857143
replay,art,Alarm_Clock,teacher_confidence,74,0.9459459459459459,0.8108108108108109,0.9785714285714285
replay,art,Alarm_Clock,teacher_probability_margin,74,0.9459459459459459,0.8108108108108109,0.9678571428571429
replay,art,Alarm_Clock,teacher_negative_entropy,74,0.9459459459459459,0.8108108108108109,0.9857142857142858
replay,art,Backpack,centroid_class_margin,41,0.7073170731707317,0.4878048780487805,0.6522988505747126
replay,art,Backpack,centroid_relative_margin,41,0.7073170731707317,0.4878048780487805,0.6695402298850575
replay,art,Backpack,centroid_negative_candidate_distance,41,0.7073170731707317,0.4878048780487805,0.4540229885057471
replay,art,Backpack,centroid_negative_candidate_rank,41,0.7073170731707317,0.4878048780487805,0.6551724137931034
replay,art,Backpack,centroid_source_class_agreement,41,0.7073170731707317,0.4878048780487805,0.7614942528735632
replay,art,Backpack,source_weight_max_for_candidate,41,0.7073170731707317,0.4878048780487805,0.3132183908045977
replay,art,Backpack,source_weight_negative_entropy_for_candidate,41,0.7073170731707317,0.4878048780487805,0.32471264367816094
replay,art,Backpack,teacher_confidence,41,0.7073170731707317,0.4878048780487805,0.9195402298850575
replay,art,Backpack,teacher_probability_margin,41,0.7073170731707317,0.4878048780487805,0.9080459770114943
replay,art,Backpack,teacher_negative_entropy,41,0.7073170731707317,0.4878048780487805,0.9080459770114943
replay,art,Batteries,centroid_class_margin,27,0.5185185185185185,0.48148148148148145,0.7912087912087912
replay,art,Batteries,centroid_relative_margin,27,0.5185185185185185,0.48148148148148145,0.8021978021978022
replay,art,Batteries,centroid_negative_candidate_distance,27,0.5185185185185185,0.48148148148148145,0.5714285714285714
replay,art,Batteries,centroid_negative_candidate_rank,27,0.5185185185185185,0.48148148148148145,0.6813186813186813
replay,art,Batteries,centroid_source_class_agreement,27,0.5185185185185185,0.48148148148148145,0.7637362637362637
replay,art,Batteries,source_weight_max_for_candidate,27,0.5185185185185185,0.48148148148148145,0.510989010989011
replay,art,Batteries,source_weight_negative_entropy_for_candidate,27,0.5185185185185185,0.48148148148148145,0.5054945054945055
replay,art,Batteries,teacher_confidence,27,0.5185185185185185,0.48148148148148145,0.8736263736263736
replay,art,Batteries,teacher_probability_margin,27,0.5185185185185185,0.48148148148148145,0.8681318681318682
replay,art,Batteries,teacher_negative_entropy,27,0.5185185185185185,0.48148148148148145,0.8901098901098901
replay,art,Bed,centroid_class_margin,40,0.9,0.625,0.5972222222222222
replay,art,Bed,centroid_relative_margin,40,0.9,0.625,0.5694444444444444
replay,art,Bed,centroid_negative_candidate_distance,40,0.9,0.625,0.4236111111111111
replay,art,Bed,centroid_negative_candidate_rank,40,0.9,0.625,0.5625
replay,art,Bed,centroid_source_class_agreement,40,0.9,0.625,0.5625
replay,art,Bed,source_weight_max_for_candidate,40,0.9,0.625,0.4513888888888889
replay,art,Bed,source_weight_negative_entropy_for_candidate,40,0.9,0.625,0.4583333333333333
replay,art,Bed,teacher_confidence,40,0.9,0.625,0.9722222222222222
replay,art,Bed,teacher_probability_margin,40,0.9,0.625,0.9722222222222222
replay,art,Bed,teacher_negative_entropy,40,0.9,0.625,0.9375
replay,art,Bike,centroid_class_margin,75,0.9466666666666667,0.84,0.926056338028169
replay,art,Bike,centroid_relative_margin,75,0.9466666666666667,0.84,0.9436619718309859
replay,art,Bike,centroid_negative_candidate_distance,75,0.9466666666666667,0.84,0.6584507042253521
replay,art,Bike,centroid_negative_candidate_rank,75,0.9466666666666667,0.84,0.9225352112676056
replay,art,Bike,centroid_source_class_agreement,75,0.9466666666666667,0.84,0.9436619718309859
replay,art,Bike,source_weight_max_for_candidate,75,0.9466666666666667,0.84,0.3415492957746479
replay,art,Bike,source_weight_negative_entropy_for_candidate,75,0.9466666666666667,0.84,0.3415492957746479
replay,art,Bike,teacher_confidence,75,0.9466666666666667,0.84,0.9929577464788732
replay,art,Bike,teacher_probability_margin,75,0.9466666666666667,0.84,0.9929577464788732
replay,art,Bike,teacher_negative_entropy,75,0.9466666666666667,0.84,0.9823943661971831
replay,art,Bottle,centroid_class_margin,99,0.7070707070707071,0.20202020202020202,0.4768472906403941
replay,art,Bottle,centroid_relative_margin,99,0.7070707070707071,0.20202020202020202,0.4665024630541872
replay,art,Bottle,centroid_negative_candidate_distance,99,0.7070707070707071,0.20202020202020202,0.6551724137931034
replay,art,Bottle,centroid_negative_candidate_rank,99,0.7070707070707071,0.20202020202020202,0.3985221674876847
replay,art,Bottle,centroid_source_class_agreement,99,0.7070707070707071,0.20202020202020202,0.4559113300492611
replay,art,Bottle,source_weight_max_for_candidate,99,0.7070707070707071,0.20202020202020202,0.432512315270936
replay,art,Bottle,source_weight_negative_entropy_for_candidate,99,0.7070707070707071,0.20202020202020202,0.40344827586206894
replay,art,Bottle,teacher_confidence,99,0.7070707070707071,0.20202020202020202,0.8911330049261084
replay,art,Bottle,teacher_probability_margin,99,0.7070707070707071,0.20202020202020202,0.8832512315270936
replay,art,Bottle,teacher_negative_entropy,99,0.7070707070707071,0.20202020202020202,0.8788177339901477
replay,art,Bucket,centroid_class_margin,40,0.375,0.275,0.6186666666666667
replay,art,Bucket,centroid_relative_margin,40,0.375,0.275,0.64
replay,art,Bucket,centroid_negative_candidate_distance,40,0.375,0.275,0.416
replay,art,Bucket,centroid_negative_candidate_rank,40,0.375,0.275,0.644
replay,art,Bucket,centroid_source_class_agreement,40,0.375,0.275,0.64
replay,art,Bucket,source_weight_max_for_candidate,40,0.375,0.275,0.4666666666666667
replay,art,Bucket,source_weight_negative_entropy_for_candidate,40,0.375,0.275,0.4666666666666667
replay,art,Bucket,teacher_confidence,40,0.375,0.275,0.6746666666666666
replay,art,Bucket,teacher_probability_margin,40,0.375,0.275,0.6906666666666667
replay,art,Bucket,teacher_negative_entropy,40,0.375,0.275,0.6613333333333333
replay,art,Calculator,centroid_class_margin,33,0.8787878787878788,0.8181818181818182,0.8793103448275862
replay,art,Calculator,centroid_relative_margin,33,0.8787878787878788,0.8181818181818182,0.8448275862068966
replay,art,Calculator,centroid_negative_candidate_distance,33,0.8787878787878788,0.8181818181818182,0.5948275862068966
replay,art,Calculator,centroid_negative_candidate_rank,33,0.8787878787878788,0.8181818181818182,0.7327586206896551
replay,art,Calculator,centroid_source_class_agreement,33,0.8787878787878788,0.8181818181818182,0.9655172413793104
replay,art,Calculator,source_weight_max_for_candidate,33,0.8787878787878788,0.8181818181818182,0.4051724137931034
replay,art,Calculator,source_weight_negative_entropy_for_candidate,33,0.8787878787878788,0.8181818181818182,0.3879310344827586
replay,art,Calculator,teacher_confidence,33,0.8787878787878788,0.8181818181818182,0.8879310344827587
replay,art,Calculator,teacher_probability_margin,33,0.8787878787878788,0.8181818181818182,0.8793103448275862
replay,art,Calculator,teacher_negative_entropy,33,0.8787878787878788,0.8181818181818182,0.8879310344827587
replay,art,Calendar,centroid_class_margin,20,1.0,0.85,
replay,art,Calendar,centroid_relative_margin,20,1.0,0.85,
replay,art,Calendar,centroid_negative_candidate_distance,20,1.0,0.85,
replay,art,Calendar,centroid_negative_candidate_rank,20,1.0,0.85,
replay,art,Calendar,centroid_source_class_agreement,20,1.0,0.85,
replay,art,Calendar,source_weight_max_for_candidate,20,1.0,0.85,
replay,art,Calendar,source_weight_negative_entropy_for_candidate,20,1.0,0.85,
replay,art,Calendar,teacher_confidence,20,1.0,0.85,
replay,art,Calendar,teacher_probability_margin,20,1.0,0.85,
replay,art,Calendar,teacher_negative_entropy,20,1.0,0.85,
replay,art,Candles,centroid_class_margin,76,0.9342105263157895,0.7894736842105263,0.9211267605633803
replay,art,Candles,centroid_relative_margin,76,0.9342105263157895,0.7894736842105263,0.8816901408450705
replay,art,Candles,centroid_negative_candidate_distance,76,0.9342105263157895,0.7894736842105263,0.7859154929577464
replay,art,Candles,centroid_negative_candidate_rank,76,0.9342105263157895,0.7894736842105263,0.8422535211267606
replay,art,Candles,centroid_source_class_agreement,76,0.9342105263157895,0.7894736842105263,0.8859154929577465
replay,art,Candles,source_weight_max_for_candidate,76,0.9342105263157895,0.7894736842105263,0.7464788732394366
replay,art,Candles,source_weight_negative_entropy_for_candidate,76,0.9342105263157895,0.7894736842105263,0.7436619718309859
replay,art,Candles,teacher_confidence,76,0.9342105263157895,0.7894736842105263,0.923943661971831
replay,art,Candles,teacher_probability_margin,76,0.9342105263157895,0.7894736842105263,0.9126760563380282
replay,art,Candles,teacher_negative_entropy,76,0.9342105263157895,0.7894736842105263,0.9408450704225352
replay,art,Chair,centroid_class_margin,69,0.8405797101449275,0.37681159420289856,0.7288401253918495
replay,art,Chair,centroid_relative_margin,69,0.8405797101449275,0.37681159420289856,0.6974921630094044
replay,art,Chair,centroid_negative_candidate_distance,69,0.8405797101449275,0.37681159420289856,0.603448275862069
replay,art,Chair,centroid_negative_candidate_rank,69,0.8405797101449275,0.37681159420289856,0.7390282131661442
replay,art,Chair,centroid_source_class_agreement,69,0.8405797101449275,0.37681159420289856,0.7147335423197492
replay,art,Chair,source_weight_max_for_candidate,69,0.8405797101449275,0.37681159420289856,0.6833855799373041
replay,art,Chair,source_weight_negative_entropy_for_candidate,69,0.8405797101449275,0.37681159420289856,0.677115987460815
replay,art,Chair,teacher_confidence,69,0.8405797101449275,0.37681159420289856,0.7789968652037618
replay,art,Chair,teacher_probability_margin,69,0.8405797101449275,0.37681159420289856,0.8119122257053292
replay,art,Chair,teacher_negative_entropy,69,0.8405797101449275,0.37681159420289856,0.7021943573667712
replay,art,Clipboards,centroid_class_margin,25,0.6,0.24,0.44
replay,art,Clipboards,centroid_relative_margin,25,0.6,0.24,0.4
replay,art,Clipboards,centroid_negative_candidate_distance,25,0.6,0.24,0.6133333333333333
replay,art,Clipboards,centroid_negative_candidate_rank,25,0.6,0.24,0.4
replay,art,Clipboards,centroid_source_class_agreement,25,0.6,0.24,0.38333333333333336
replay,art,Clipboards,source_weight_max_for_candidate,25,0.6,0.24,0.52
replay,art,Clipboards,source_weight_negative_entropy_for_candidate,25,0.6,0.24,0.52
replay,art,Clipboards,teacher_confidence,25,0.6,0.24,0.7333333333333333
replay,art,Clipboards,teacher_probability_margin,25,0.6,0.24,0.6533333333333333
replay,art,Clipboards,teacher_negative_entropy,25,0.6,0.24,0.7066666666666667
replay,art,Computer,centroid_class_margin,44,0.20454545454545456,0.29545454545454547,0.8222222222222222
replay,art,Computer,centroid_relative_margin,44,0.20454545454545456,0.29545454545454547,0.8126984126984127
replay,art,Computer,centroid_negative_candidate_distance,44,0.20454545454545456,0.29545454545454547,0.6
replay,art,Computer,centroid_negative_candidate_rank,44,0.20454545454545456,0.29545454545454547,0.7380952380952381
replay,art,Computer,centroid_source_class_agreement,44,0.20454545454545456,0.29545454545454547,0.7015873015873015
replay,art,Computer,source_weight_max_for_candidate,44,0.20454545454545456,0.29545454545454547,0.707936507936508
replay,art,Computer,source_weight_negative_entropy_for_candidate,44,0.20454545454545456,0.29545454545454547,0.707936507936508
replay,art,Computer,teacher_confidence,44,0.20454545454545456,0.29545454545454547,0.580952380952381
replay,art,Computer,teacher_probability_margin,44,0.20454545454545456,0.29545454545454547,0.5238095238095238
replay,art,Computer,teacher_negative_entropy,44,0.20454545454545456,0.29545454545454547,0.653968253968254
replay,art,Couch,centroid_class_margin,40,0.775,0.55,0.8745519713261649
replay,art,Couch,centroid_relative_margin,40,0.775,0.55,0.8530465949820788
replay,art,Couch,centroid_negative_candidate_distance,40,0.775,0.55,0.5734767025089605
replay,art,Couch,centroid_negative_candidate_rank,40,0.775,0.55,0.8691756272401434
replay,art,Couch,centroid_source_class_agreement,40,0.775,0.55,0.589605734767025
replay,art,Couch,source_weight_max_for_candidate,40,0.775,0.55,0.6379928315412187
replay,art,Couch,source_weight_negative_entropy_for_candidate,40,0.775,0.55,0.6415770609318996
replay,art,Couch,teacher_confidence,40,0.775,0.55,0.8387096774193549
replay,art,Couch,teacher_probability_margin,40,0.775,0.55,0.8243727598566308
replay,art,Couch,teacher_negative_entropy,40,0.775,0.55,0.8243727598566308
replay,art,Curtains,centroid_class_margin,40,0.85,0.9,1.0
replay,art,Curtains,centroid_relative_margin,40,0.85,0.9,1.0
replay,art,Curtains,centroid_negative_candidate_distance,40,0.85,0.9,0.7794117647058824
replay,art,Curtains,centroid_negative_candidate_rank,40,0.85,0.9,0.9950980392156863
replay,art,Curtains,centroid_source_class_agreement,40,0.85,0.9,1.0
replay,art,Curtains,source_weight_max_for_candidate,40,0.85,0.9,0.3431372549019608
replay,art,Curtains,source_weight_negative_entropy_for_candidate,40,0.85,0.9,0.3431372549019608
replay,art,Curtains,teacher_confidence,40,0.85,0.9,0.9754901960784313
replay,art,Curtains,teacher_probability_margin,40,0.85,0.9,0.9901960784313726
replay,art,Curtains,teacher_negative_entropy,40,0.85,0.9,0.9558823529411765
replay,art,Desk_Lamp,centroid_class_margin,23,0.43478260869565216,0.391304347826087,0.7692307692307693
replay,art,Desk_Lamp,centroid_relative_margin,23,0.43478260869565216,0.391304347826087,0.7846153846153846
replay,art,Desk_Lamp,centroid_negative_candidate_distance,23,0.43478260869565216,0.391304347826087,0.8307692307692308
replay,art,Desk_Lamp,centroid_negative_candidate_rank,23,0.43478260869565216,0.391304347826087,0.7615384615384615
replay,art,Desk_Lamp,centroid_source_class_agreement,23,0.43478260869565216,0.391304347826087,0.7846153846153846
replay,art,Desk_Lamp,source_weight_max_for_candidate,23,0.43478260869565216,0.391304347826087,0.15384615384615385
replay,art,Desk_Lamp,source_weight_negative_entropy_for_candidate,23,0.43478260869565216,0.391304347826087,0.13846153846153847
replay,art,Desk_Lamp,teacher_confidence,23,0.43478260869565216,0.391304347826087,0.8
replay,art,Desk_Lamp,teacher_probability_margin,23,0.43478260869565216,0.391304347826087,0.7692307692307693
replay,art,Desk_Lamp,teacher_negative_entropy,23,0.43478260869565216,0.391304347826087,0.8076923076923077
replay,art,Drill,centroid_class_margin,15,0.4666666666666667,0.4666666666666667,0.8035714285714286
replay,art,Drill,centroid_relative_margin,15,0.4666666666666667,0.4666666666666667,0.7321428571428571
replay,art,Drill,centroid_negative_candidate_distance,15,0.4666666666666667,0.4666666666666667,0.6071428571428571
replay,art,Drill,centroid_negative_candidate_rank,15,0.4666666666666667,0.4666666666666667,0.7232142857142857
replay,art,Drill,centroid_source_class_agreement,15,0.4666666666666667,0.4666666666666667,0.7232142857142857
replay,art,Drill,source_weight_max_for_candidate,15,0.4666666666666667,0.4666666666666667,0.35714285714285715
replay,art,Drill,source_weight_negative_entropy_for_candidate,15,0.4666666666666667,0.4666666666666667,0.375
replay,art,Drill,teacher_confidence,15,0.4666666666666667,0.4666666666666667,0.8214285714285714
replay,art,Drill,teacher_probability_margin,15,0.4666666666666667,0.4666666666666667,0.7321428571428571
replay,art,Drill,teacher_negative_entropy,15,0.4666666666666667,0.4666666666666667,0.875
replay,art,Eraser,centroid_class_margin,18,0.5,0.2222222222222222,0.5925925925925926
replay,art,Eraser,centroid_relative_margin,18,0.5,0.2222222222222222,0.5555555555555556
replay,art,Eraser,centroid_negative_candidate_distance,18,0.5,0.2222222222222222,0.6049382716049383
replay,art,Eraser,centroid_negative_candidate_rank,18,0.5,0.2222222222222222,0.4691358024691358
replay,art,Eraser,centroid_source_class_agreement,18,0.5,0.2222222222222222,0.38271604938271603
replay,art,Eraser,source_weight_max_for_candidate,18,0.5,0.2222222222222222,0.5679012345679012
replay,art,Eraser,source_weight_negative_entropy_for_candidate,18,0.5,0.2222222222222222,0.5679012345679012
replay,art,Eraser,teacher_confidence,18,0.5,0.2222222222222222,0.8271604938271605
replay,art,Eraser,teacher_probability_margin,18,0.5,0.2222222222222222,0.7530864197530864
replay,art,Eraser,teacher_negative_entropy,18,0.5,0.2222222222222222,0.8271604938271605
replay,art,Exit_Sign,centroid_class_margin,21,0.9523809523809523,0.7619047619047619,1.0
replay,art,Exit_Sign,centroid_relative_margin,21,0.9523809523809523,0.7619047619047619,1.0
replay,art,Exit_Sign,centroid_negative_candidate_distance,21,0.9523809523809523,0.7619047619047619,0.75
replay,art,Exit_Sign,centroid_negative_candidate_rank,21,0.9523809523809523,0.7619047619047619,0.95
replay,art,Exit_Sign,centroid_source_class_agreement,21,0.9523809523809523,0.7619047619047619,1.0
replay,art,Exit_Sign,source_weight_max_for_candidate,21,0.9523809523809523,0.7619047619047619,0.05
replay,art,Exit_Sign,source_weight_negative_entropy_for_candidate,21,0.9523809523809523,0.7619047619047619,0.05
replay,art,Exit_Sign,teacher_confidence,21,0.9523809523809523,0.7619047619047619,1.0
replay,art,Exit_Sign,teacher_probability_margin,21,0.9523809523809523,0.7619047619047619,1.0
replay,art,Exit_Sign,teacher_negative_entropy,21,0.9523809523809523,0.7619047619047619,1.0
replay,art,Fan,centroid_class_margin,45,0.6,0.4222222222222222,0.6851851851851852
replay,art,Fan,centroid_relative_margin,45,0.6,0.4222222222222222,0.7078189300411523
replay,art,Fan,centroid_negative_candidate_distance,45,0.6,0.4222222222222222,0.551440329218107
replay,art,Fan,centroid_negative_candidate_rank,45,0.6,0.4222222222222222,0.6532921810699589
replay,art,Fan,centroid_source_class_agreement,45,0.6,0.4222222222222222,0.6368312757201646
replay,art,Fan,source_weight_max_for_candidate,45,0.6,0.4222222222222222,0.42592592592592593
replay,art,Fan,source_weight_negative_entropy_for_candidate,45,0.6,0.4222222222222222,0.4444444444444444
replay,art,Fan,teacher_confidence,45,0.6,0.4222222222222222,0.7551440329218106
replay,art,Fan,teacher_probability_margin,45,0.6,0.4222222222222222,0.7407407407407407
replay,art,Fan,teacher_negative_entropy,45,0.6,0.4222222222222222,0.7489711934156379
replay,art,File_Cabinet,centroid_class_margin,22,0.8636363636363636,0.7272727272727273,0.7543859649122807
replay,art,File_Cabinet,centroid_relative_margin,22,0.8636363636363636,0.7272727272727273,0.7192982456140351
replay,art,File_Cabinet,centroid_negative_candidate_distance,22,0.8636363636363636,0.7272727272727273,0.6842105263157895
replay,art,File_Cabinet,centroid_negative_candidate_rank,22,0.8636363636363636,0.7272727272727273,0.42105263157894735
replay,art,File_Cabinet,centroid_source_class_agreement,22,0.8636363636363636,0.7272727272727273,0.6403508771929824
replay,art,File_Cabinet,source_weight_max_for_candidate,22,0.8636363636363636,0.7272727272727273,0.43859649122807015
replay,art,File_Cabinet,source_weight_negative_entropy_for_candidate,22,0.8636363636363636,0.7272727272727273,0.47368421052631576
replay,art,File_Cabinet,teacher_confidence,22,0.8636363636363636,0.7272727272727273,0.9649122807017544
replay,art,File_Cabinet,teacher_probability_margin,22,0.8636363636363636,0.7272727272727273,0.9298245614035088
replay,art,File_Cabinet,teacher_negative_entropy,22,0.8636363636363636,0.7272727272727273,0.9298245614035088
replay,art,Flipflops,centroid_class_margin,46,1.0,0.8913043478260869,
replay,art,Flipflops,centroid_relative_margin,46,1.0,0.8913043478260869,
replay,art,Flipflops,centroid_negative_candidate_distance,46,1.0,0.8913043478260869,
replay,art,Flipflops,centroid_negative_candidate_rank,46,1.0,0.8913043478260869,
replay,art,Flipflops,centroid_source_class_agreement,46,1.0,0.8913043478260869,
replay,art,Flipflops,source_weight_max_for_candidate,46,1.0,0.8913043478260869,
replay,art,Flipflops,source_weight_negative_entropy_for_candidate,46,1.0,0.8913043478260869,
replay,art,Flipflops,teacher_confidence,46,1.0,0.8913043478260869,
replay,art,Flipflops,teacher_probability_margin,46,1.0,0.8913043478260869,
replay,art,Flipflops,teacher_negative_entropy,46,1.0,0.8913043478260869,
replay,art,Flowers,centroid_class_margin,90,0.9555555555555556,0.9888888888888889,1.0
replay,art,Flowers,centroid_relative_margin,90,0.9555555555555556,0.9888888888888889,1.0
replay,art,Flowers,centroid_negative_candidate_distance,90,0.9555555555555556,0.9888888888888889,0.9883720930232558
replay,art,Flowers,centroid_negative_candidate_rank,90,0.9555555555555556,0.9888888888888889,1.0
replay,art,Flowers,centroid_source_class_agreement,90,0.9555555555555556,0.9888888888888889,1.0
replay,art,Flowers,source_weight_max_for_candidate,90,0.9555555555555556,0.9888888888888889,0.46511627906976744
replay,art,Flowers,source_weight_negative_entropy_for_candidate,90,0.9555555555555556,0.9888888888888889,0.4563953488372093
replay,art,Flowers,teacher_confidence,90,0.9555555555555556,0.9888888888888889,0.9941860465116279
replay,art,Flowers,teacher_probability_margin,90,0.9555555555555556,0.9888888888888889,0.997093023255814
replay,art,Flowers,teacher_negative_entropy,90,0.9555555555555556,0.9888888888888889,0.9912790697674418
replay,art,Folder,centroid_class_margin,20,0.7,0.5,0.9523809523809523
replay,art,Folder,centroid_relative_margin,20,0.7,0.5,0.9285714285714286
replay,art,Folder,centroid_negative_candidate_distance,20,0.7,0.5,0.6309523809523809
replay,art,Folder,centroid_negative_candidate_rank,20,0.7,0.5,0.9523809523809523
replay,art,Folder,centroid_source_class_agreement,20,0.7,0.5,0.9642857142857143
replay,art,Folder,source_weight_max_for_candidate,20,0.7,0.5,0.09523809523809523
replay,art,Folder,source_weight_negative_entropy_for_candidate,20,0.7,0.5,0.11904761904761904
replay,art,Folder,teacher_confidence,20,0.7,0.5,0.9047619047619048
replay,art,Folder,teacher_probability_margin,20,0.7,0.5,0.8928571428571429
replay,art,Folder,teacher_negative_entropy,20,0.7,0.5,0.9047619047619048
replay,art,Fork,centroid_class_margin,46,0.6521739130434783,0.391304347826087,0.5854166666666667
replay,art,Fork,centroid_relative_margin,46,0.6521739130434783,0.391304347826087,0.6375
replay,art,Fork,centroid_negative_candidate_distance,46,0.6521739130434783,0.391304347826087,0.4375
replay,art,Fork,centroid_negative_candidate_rank,46,0.6521739130434783,0.391304347826087,0.5833333333333334
replay,art,Fork,centroid_source_class_agreement,46,0.6521739130434783,0.391304347826087,0.6135416666666667
replay,art,Fork,source_weight_max_for_candidate,46,0.6521739130434783,0.391304347826087,0.49375
replay,art,Fork,source_weight_negative_entropy_for_candidate,46,0.6521739130434783,0.391304347826087,0.4708333333333333
replay,art,Fork,teacher_confidence,46,0.6521739130434783,0.391304347826087,0.7
replay,art,Fork,teacher_probability_margin,46,0.6521739130434783,0.391304347826087,0.6645833333333333
replay,art,Fork,teacher_negative_entropy,46,0.6521739130434783,0.391304347826087,0.6729166666666667
replay,art,Glasses,centroid_class_margin,40,0.925,0.525,0.6486486486486487
replay,art,Glasses,centroid_relative_margin,40,0.925,0.525,0.6216216216216216
replay,art,Glasses,centroid_negative_candidate_distance,40,0.925,0.525,0.5405405405405406
replay,art,Glasses,centroid_negative_candidate_rank,40,0.925,0.525,0.6351351351351351
replay,art,Glasses,centroid_source_class_agreement,40,0.925,0.525,0.7117117117117117
replay,art,Glasses,source_weight_max_for_candidate,40,0.925,0.525,0.36036036036036034
replay,art,Glasses,source_weight_negative_entropy_for_candidate,40,0.925,0.525,0.36036036036036034
replay,art,Glasses,teacher_confidence,40,0.925,0.525,0.9819819819819819
replay,art,Glasses,teacher_probability_margin,40,0.925,0.525,0.9819819819819819
replay,art,Glasses,teacher_negative_entropy,40,0.925,0.525,0.990990990990991
replay,art,Hammer,centroid_class_margin,40,0.425,0.225,0.5242966751918159
replay,art,Hammer,centroid_relative_margin,40,0.425,0.225,0.5063938618925832
replay,art,Hammer,centroid_negative_candidate_distance,40,0.425,0.225,0.578005115089514
replay,art,Hammer,centroid_negative_candidate_rank,40,0.425,0.225,0.5012787723785166
replay,art,Hammer,centroid_source_class_agreement,40,0.425,0.225,0.520460358056266
replay,art,Hammer,source_weight_max_for_candidate,40,0.425,0.225,0.41687979539641945
replay,art,Hammer,source_weight_negative_entropy_for_candidate,40,0.425,0.225,0.4219948849104859
replay,art,Hammer,teacher_confidence,40,0.425,0.225,0.6930946291560103
replay,art,Hammer,teacher_probability_margin,40,0.425,0.225,0.690537084398977
replay,art,Hammer,teacher_negative_entropy,40,0.425,0.225,0.649616368286445
replay,art,Helmet,centroid_class_margin,79,0.9367088607594937,0.8227848101265823,0.9405405405405406
replay,art,Helmet,centroid_relative_margin,79,0.9367088607594937,0.8227848101265823,0.9486486486486486
replay,art,Helmet,centroid_negative_candidate_distance,79,0.9367088607594937,0.8227848101265823,0.7027027027027027
replay,art,Helmet,centroid_negative_candidate_rank,79,0.9367088607594937,0.8227848101265823,0.8391891891891892
replay,art,Helmet,centroid_source_class_agreement,79,0.9367088607594937,0.8227848101265823,0.7067567567567568
replay,art,Helmet,source_weight_max_for_candidate,79,0.9367088607594937,0.8227848101265823,0.6216216216216216
replay,art,Helmet,source_weight_negative_entropy_for_candidate,79,0.9367088607594937,0.8227848101265823,0.6270270270270271
replay,art,Helmet,teacher_confidence,79,0.9367088607594937,0.8227848101265823,0.8027027027027027
replay,art,Helmet,teacher_probability_margin,79,0.9367088607594937,0.8227848101265823,0.8702702702702703
replay,art,Helmet,teacher_negative_entropy,79,0.9367088607594937,0.8227848101265823,0.7513513513513513
replay,art,Kettle,centroid_class_margin,46,0.8260869565217391,0.5652173913043478,0.6546052631578947
replay,art,Kettle,centroid_relative_margin,46,0.8260869565217391,0.5652173913043478,0.6578947368421053
replay,art,Kettle,centroid_negative_candidate_distance,46,0.8260869565217391,0.5652173913043478,0.5888157894736842
replay,art,Kettle,centroid_negative_candidate_rank,46,0.8260869565217391,0.5652173913043478,0.7384868421052632
replay,art,Kettle,centroid_source_class_agreement,46,0.8260869565217391,0.5652173913043478,0.587171052631579
replay,art,Kettle,source_weight_max_for_candidate,46,0.8260869565217391,0.5652173913043478,0.40460526315789475
replay,art,Kettle,source_weight_negative_entropy_for_candidate,46,0.8260869565217391,0.5652173913043478,0.40789473684210525
replay,art,Kettle,teacher_confidence,46,0.8260869565217391,0.5652173913043478,0.881578947368421
replay,art,Kettle,teacher_probability_margin,46,0.8260869565217391,0.5652173913043478,0.8651315789473685
replay,art,Kettle,teacher_negative_entropy,46,0.8260869565217391,0.5652173913043478,0.8717105263157895
replay,art,Keyboard,centroid_class_margin,18,0.8888888888888888,0.7777777777777778,0.71875
replay,art,Keyboard,centroid_relative_margin,18,0.8888888888888888,0.7777777777777778,0.71875
replay,art,Keyboard,centroid_negative_candidate_distance,18,0.8888888888888888,0.7777777777777778,0.59375
replay,art,Keyboard,centroid_negative_candidate_rank,18,0.8888888888888888,0.7777777777777778,0.65625
replay,art,Keyboard,centroid_source_class_agreement,18,0.8888888888888888,0.7777777777777778,0.84375
replay,art,Keyboard,source_weight_max_for_candidate,18,0.8888888888888888,0.7777777777777778,0.1875
replay,art,Keyboard,source_weight_negative_entropy_for_candidate,18,0.8888888888888888,0.7777777777777778,0.1875
replay,art,Keyboard,teacher_confidence,18,0.8888888888888888,0.7777777777777778,0.84375
replay,art,Keyboard,teacher_probability_margin,18,0.8888888888888888,0.7777777777777778,0.78125
replay,art,Keyboard,teacher_negative_entropy,18,0.8888888888888888,0.7777777777777778,0.875
replay,art,Knives,centroid_class_margin,72,0.8333333333333334,0.75,0.8597222222222223
replay,art,Knives,centroid_relative_margin,72,0.8333333333333334,0.75,0.8652777777777778
replay,art,Knives,centroid_negative_candidate_distance,72,0.8333333333333334,0.75,0.6152777777777778
replay,art,Knives,centroid_negative_candidate_rank,72,0.8333333333333334,0.75,0.7013888888888888
replay,art,Knives,centroid_source_class_agreement,72,0.8333333333333334,0.75,0.9486111111111111
replay,art,Knives,source_weight_max_for_candidate,72,0.8333333333333334,0.75,0.6222222222222222
replay,art,Knives,source_weight_negative_entropy_for_candidate,72,0.8333333333333334,0.75,0.6222222222222222
replay,art,Knives,teacher_confidence,72,0.8333333333333334,0.75,0.9361111111111111
replay,art,Knives,teacher_probability_margin,72,0.8333333333333334,0.75,0.95
replay,art,Knives,teacher_negative_entropy,72,0.8333333333333334,0.75,0.9041666666666667
replay,art,Lamp_Shade,centroid_class_margin,49,0.6530612244897959,0.46938775510204084,0.5863970588235294
replay,art,Lamp_Shade,centroid_relative_margin,49,0.6530612244897959,0.46938775510204084,0.5606617647058824
replay,art,Lamp_Shade,centroid_negative_candidate_distance,49,0.6530612244897959,0.46938775510204084,0.46875
replay,art,Lamp_Shade,centroid_negative_candidate_rank,49,0.6530612244897959,0.46938775510204084,0.5229779411764706
replay,art,Lamp_Shade,centroid_source_class_agreement,49,0.6530612244897959,0.46938775510204084,0.5514705882352942
replay,art,Lamp_Shade,source_weight_max_for_candidate,49,0.6530612244897959,0.46938775510204084,0.5625
replay,art,Lamp_Shade,source_weight_negative_entropy_for_candidate,49,0.6530612244897959,0.46938775510204084,0.5625
replay,art,Lamp_Shade,teacher_confidence,49,0.6530612244897959,0.46938775510204084,0.7647058823529411
replay,art,Lamp_Shade,teacher_probability_margin,49,0.6530612244897959,0.46938775510204084,0.7591911764705882
replay,art,Lamp_Shade,teacher_negative_entropy,49,0.6530612244897959,0.46938775510204084,0.7702205882352942
replay,art,Laptop,centroid_class_margin,51,0.6862745098039216,0.4117647058823529,0.6125
replay,art,Laptop,centroid_relative_margin,51,0.6862745098039216,0.4117647058823529,0.6482142857142857
replay,art,Laptop,centroid_negative_candidate_distance,51,0.6862745098039216,0.4117647058823529,0.5035714285714286
replay,art,Laptop,centroid_negative_candidate_rank,51,0.6862745098039216,0.4117647058823529,0.5508928571428572
replay,art,Laptop,centroid_source_class_agreement,51,0.6862745098039216,0.4117647058823529,0.7
replay,art,Laptop,source_weight_max_for_candidate,51,0.6862745098039216,0.4117647058823529,0.41964285714285715
replay,art,Laptop,source_weight_negative_entropy_for_candidate,51,0.6862745098039216,0.4117647058823529,0.42142857142857143
replay,art,Laptop,teacher_confidence,51,0.6862745098039216,0.4117647058823529,0.8125
replay,art,Laptop,teacher_probability_margin,51,0.6862745098039216,0.4117647058823529,0.8
replay,art,Laptop,teacher_negative_entropy,51,0.6862745098039216,0.4117647058823529,0.825
replay,art,Marker,centroid_class_margin,20,0.15,0.2,0.7647058823529411
replay,art,Marker,centroid_relative_margin,20,0.15,0.2,0.7450980392156863
replay,art,Marker,centroid_negative_candidate_distance,20,0.15,0.2,0.6274509803921569
replay,art,Marker,centroid_negative_candidate_rank,20,0.15,0.2,0.8235294117647058
replay,art,Marker,centroid_source_class_agreement,20,0.15,0.2,0.6862745098039216
replay,art,Marker,source_weight_max_for_candidate,20,0.15,0.2,0.43137254901960786
replay,art,Marker,source_weight_negative_entropy_for_candidate,20,0.15,0.2,0.45098039215686275
replay,art,Marker,teacher_confidence,20,0.15,0.2,0.9411764705882353
replay,art,Marker,teacher_probability_margin,20,0.15,0.2,0.9411764705882353
replay,art,Marker,teacher_negative_entropy,20,0.15,0.2,0.8823529411764706
replay,art,Monitor,centroid_class_margin,42,0.42857142857142855,0.19047619047619047,0.4074074074074074
replay,art,Monitor,centroid_relative_margin,42,0.42857142857142855,0.19047619047619047,0.41435185185185186
replay,art,Monitor,centroid_negative_candidate_distance,42,0.42857142857142855,0.19047619047619047,0.4050925925925926
replay,art,Monitor,centroid_negative_candidate_rank,42,0.42857142857142855,0.19047619047619047,0.4201388888888889
replay,art,Monitor,centroid_source_class_agreement,42,0.42857142857142855,0.19047619047619047,0.46412037037037035
replay,art,Monitor,source_weight_max_for_candidate,42,0.42857142857142855,0.19047619047619047,0.19675925925925927
replay,art,Monitor,source_weight_negative_entropy_for_candidate,42,0.42857142857142855,0.19047619047619047,0.19907407407407407
replay,art,Monitor,teacher_confidence,42,0.42857142857142855,0.19047619047619047,0.5486111111111112
replay,art,Monitor,teacher_probability_margin,42,0.42857142857142855,0.19047619047619047,0.5208333333333334
replay,art,Monitor,teacher_negative_entropy,42,0.42857142857142855,0.19047619047619047,0.5648148148148148
replay,art,Mop,centroid_class_margin,32,0.59375,0.25,0.5546558704453441
replay,art,Mop,centroid_relative_margin,32,0.59375,0.25,0.5748987854251012
replay,art,Mop,centroid_negative_candidate_distance,32,0.59375,0.25,0.4979757085020243
replay,art,Mop,centroid_negative_candidate_rank,32,0.59375,0.25,0.548582995951417
replay,art,Mop,centroid_source_class_agreement,32,0.59375,0.25,0.5951417004048583
replay,art,Mop,source_weight_max_for_candidate,32,0.59375,0.25,0.145748987854251
replay,art,Mop,source_weight_negative_entropy_for_candidate,32,0.59375,0.25,0.145748987854251
replay,art,Mop,teacher_confidence,32,0.59375,0.25,0.8947368421052632
replay,art,Mop,teacher_probability_margin,32,0.59375,0.25,0.8785425101214575
replay,art,Mop,teacher_negative_entropy,32,0.59375,0.25,0.902834008097166
replay,art,Mouse,centroid_class_margin,18,0.8333333333333334,0.5,0.8222222222222222
replay,art,Mouse,centroid_relative_margin,18,0.8333333333333334,0.5,0.8222222222222222
replay,art,Mouse,centroid_negative_candidate_distance,18,0.8333333333333334,0.5,0.9111111111111111
replay,art,Mouse,centroid_negative_candidate_rank,18,0.8333333333333334,0.5,0.7666666666666667
replay,art,Mouse,centroid_source_class_agreement,18,0.8333333333333334,0.5,0.8333333333333334
replay,art,Mouse,source_weight_max_for_candidate,18,0.8333333333333334,0.5,0.13333333333333333
replay,art,Mouse,source_weight_negative_entropy_for_candidate,18,0.8333333333333334,0.5,0.13333333333333333
replay,art,Mouse,teacher_confidence,18,0.8333333333333334,0.5,0.7777777777777778
replay,art,Mouse,teacher_probability_margin,18,0.8333333333333334,0.5,0.8
replay,art,Mouse,teacher_negative_entropy,18,0.8333333333333334,0.5,0.8
replay,art,Mug,centroid_class_margin,49,0.9795918367346939,0.8979591836734694,0.6666666666666666
replay,art,Mug,centroid_relative_margin,49,0.9795918367346939,0.8979591836734694,0.7083333333333334
replay,art,Mug,centroid_negative_candidate_distance,49,0.9795918367346939,0.8979591836734694,0.7291666666666666
replay,art,Mug,centroid_negative_candidate_rank,49,0.9795918367346939,0.8979591836734694,0.4583333333333333
replay,art,Mug,centroid_source_class_agreement,49,0.9795918367346939,0.8979591836734694,0.875
replay,art,Mug,source_weight_max_for_candidate,49,0.9795918367346939,0.8979591836734694,0.2916666666666667
replay,art,Mug,source_weight_negative_entropy_for_candidate,49,0.9795918367346939,0.8979591836734694,0.2916666666666667
replay,art,Mug,teacher_confidence,49,0.9795918367346939,0.8979591836734694,0.9583333333333334
replay,art,Mug,teacher_probability_margin,49,0.9795918367346939,0.8979591836734694,0.9791666666666666
replay,art,Mug,teacher_negative_entropy,49,0.9795918367346939,0.8979591836734694,0.9375
replay,art,Notebook,centroid_class_margin,21,0.7142857142857143,0.47619047619047616,0.6111111111111112
replay,art,Notebook,centroid_relative_margin,21,0.7142857142857143,0.47619047619047616,0.6888888888888889
replay,art,Notebook,centroid_negative_candidate_distance,21,0.7142857142857143,0.47619047619047616,0.6444444444444445
replay,art,Notebook,centroid_negative_candidate_rank,21,0.7142857142857143,0.47619047619047616,0.6666666666666666
replay,art,Notebook,centroid_source_class_agreement,21,0.7142857142857143,0.47619047619047616,0.7333333333333333
replay,art,Notebook,source_weight_max_for_candidate,21,0.7142857142857143,0.47619047619047616,0.5333333333333333
replay,art,Notebook,source_weight_negative_entropy_for_candidate,21,0.7142857142857143,0.47619047619047616,0.5222222222222223
replay,art,Notebook,teacher_confidence,21,0.7142857142857143,0.47619047619047616,0.8333333333333334
replay,art,Notebook,teacher_probability_margin,21,0.7142857142857143,0.47619047619047616,0.8333333333333334
replay,art,Notebook,teacher_negative_entropy,21,0.7142857142857143,0.47619047619047616,0.8444444444444444
replay,art,Oven,centroid_class_margin,20,0.65,0.2,0.4175824175824176
replay,art,Oven,centroid_relative_margin,20,0.65,0.2,0.4065934065934066
replay,art,Oven,centroid_negative_candidate_distance,20,0.65,0.2,0.45054945054945056
replay,art,Oven,centroid_negative_candidate_rank,20,0.65,0.2,0.45604395604395603
replay,art,Oven,centroid_source_class_agreement,20,0.65,0.2,0.5824175824175825
replay,art,Oven,source_weight_max_for_candidate,20,0.65,0.2,0.5164835164835165
replay,art,Oven,source_weight_negative_entropy_for_candidate,20,0.65,0.2,0.5274725274725275
replay,art,Oven,teacher_confidence,20,0.65,0.2,0.8241758241758241
replay,art,Oven,teacher_probability_margin,20,0.65,0.2,0.8571428571428571
replay,art,Oven,teacher_negative_entropy,20,0.65,0.2,0.6923076923076923
replay,art,Pan,centroid_class_margin,19,0.6842105263157895,0.3157894736842105,0.6025641025641025
replay,art,Pan,centroid_relative_margin,19,0.6842105263157895,0.3157894736842105,0.7307692307692307
replay,art,Pan,centroid_negative_candidate_distance,19,0.6842105263157895,0.3157894736842105,0.2692307692307692
replay,art,Pan,centroid_negative_candidate_rank,19,0.6842105263157895,0.3157894736842105,0.6538461538461539
replay,art,Pan,centroid_source_class_agreement,19,0.6842105263157895,0.3157894736842105,0.6923076923076923
replay,art,Pan,source_weight_max_for_candidate,19,0.6842105263157895,0.3157894736842105,0.4358974358974359
replay,art,Pan,source_weight_negative_entropy_for_candidate,19,0.6842105263157895,0.3157894736842105,0.4358974358974359
replay,art,Pan,teacher_confidence,19,0.6842105263157895,0.3157894736842105,0.7307692307692307
replay,art,Pan,teacher_probability_margin,19,0.6842105263157895,0.3157894736842105,0.8076923076923077
replay,art,Pan,teacher_negative_entropy,19,0.6842105263157895,0.3157894736842105,0.7564102564102564
replay,art,Paper_Clip,centroid_class_margin,19,0.5789473684210527,0.42105263157894735,0.4772727272727273
replay,art,Paper_Clip,centroid_relative_margin,19,0.5789473684210527,0.42105263157894735,0.5454545454545454
replay,art,Paper_Clip,centroid_negative_candidate_distance,19,0.5789473684210527,0.42105263157894735,0.6818181818181818
replay,art,Paper_Clip,centroid_negative_candidate_rank,19,0.5789473684210527,0.42105263157894735,0.5170454545454546
replay,art,Paper_Clip,centroid_source_class_agreement,19,0.5789473684210527,0.42105263157894735,0.48295454545454547
replay,art,Paper_Clip,source_weight_max_for_candidate,19,0.5789473684210527,0.42105263157894735,0.48863636363636365
replay,art,Paper_Clip,source_weight_negative_entropy_for_candidate,19,0.5789473684210527,0.42105263157894735,0.4772727272727273
replay,art,Paper_Clip,teacher_confidence,19,0.5789473684210527,0.42105263157894735,0.8068181818181818
replay,art,Paper_Clip,teacher_probability_margin,19,0.5789473684210527,0.42105263157894735,0.8181818181818182
replay,art,Paper_Clip,teacher_negative_entropy,19,0.5789473684210527,0.42105263157894735,0.8181818181818182
replay,art,Pen,centroid_class_margin,20,0.45,0.1,0.5151515151515151
replay,art,Pen,centroid_relative_margin,20,0.45,0.1,0.43434343434343436
replay,art,Pen,centroid_negative_candidate_distance,20,0.45,0.1,0.7777777777777778
replay,art,Pen,centroid_negative_candidate_rank,20,0.45,0.1,0.5454545454545454
replay,art,Pen,centroid_source_class_agreement,20,0.45,0.1,0.5151515151515151
replay,art,Pen,source_weight_max_for_candidate,20,0.45,0.1,0.30303030303030304
replay,art,Pen,source_weight_negative_entropy_for_candidate,20,0.45,0.1,0.30303030303030304
replay,art,Pen,teacher_confidence,20,0.45,0.1,0.7070707070707071
replay,art,Pen,teacher_probability_margin,20,0.45,0.1,0.6868686868686869
replay,art,Pen,teacher_negative_entropy,20,0.45,0.1,0.7373737373737373
replay,art,Pencil,centroid_class_margin,26,0.34615384615384615,0.23076923076923078,0.5490196078431373
replay,art,Pencil,centroid_relative_margin,26,0.34615384615384615,0.23076923076923078,0.6013071895424836
replay,art,Pencil,centroid_negative_candidate_distance,26,0.34615384615384615,0.23076923076923078,0.477124183006536
replay,art,Pencil,centroid_negative_candidate_rank,26,0.34615384615384615,0.23076923076923078,0.5588235294117647
replay,art,Pencil,centroid_source_class_agreement,26,0.34615384615384615,0.23076923076923078,0.630718954248366
replay,art,Pencil,source_weight_max_for_candidate,26,0.34615384615384615,0.23076923076923078,0.35947712418300654
replay,art,Pencil,source_weight_negative_entropy_for_candidate,26,0.34615384615384615,0.23076923076923078,0.3202614379084967
replay,art,Pencil,teacher_confidence,26,0.34615384615384615,0.23076923076923078,0.6797385620915033
replay,art,Pencil,teacher_probability_margin,26,0.34615384615384615,0.23076923076923078,0.6274509803921569
replay,art,Pencil,teacher_negative_entropy,26,0.34615384615384615,0.23076923076923078,0.6993464052287581
replay,art,Postit_Notes,centroid_class_margin,19,0.8947368421052632,0.7894736842105263,0.5294117647058824
replay,art,Postit_Notes,centroid_relative_margin,19,0.8947368421052632,0.7894736842105263,0.47058823529411764
replay,art,Postit_Notes,centroid_negative_candidate_distance,19,0.8947368421052632,0.7894736842105263,0.7647058823529411
replay,art,Postit_Notes,centroid_negative_candidate_rank,19,0.8947368421052632,0.7894736842105263,0.6911764705882353
replay,art,Postit_Notes,centroid_source_class_agreement,19,0.8947368421052632,0.7894736842105263,0.5
replay,art,Postit_Notes,source_weight_max_for_candidate,19,0.8947368421052632,0.7894736842105263,0.8823529411764706
replay,art,Postit_Notes,source_weight_negative_entropy_for_candidate,19,0.8947368421052632,0.7894736842105263,0.8823529411764706
replay,art,Postit_Notes,teacher_confidence,19,0.8947368421052632,0.7894736842105263,0.7352941176470589
replay,art,Postit_Notes,teacher_probability_margin,19,0.8947368421052632,0.7894736842105263,0.7352941176470589
replay,art,Postit_Notes,teacher_negative_entropy,19,0.8947368421052632,0.7894736842105263,0.7352941176470589
replay,art,Printer,centroid_class_margin,18,0.5,0.3888888888888889,0.8024691358024691
replay,art,Printer,centroid_relative_margin,18,0.5,0.3888888888888889,0.8024691358024691
replay,art,Printer,centroid_negative_candidate_distance,18,0.5,0.3888888888888889,0.8765432098765432
replay,art,Printer,centroid_negative_candidate_rank,18,0.5,0.3888888888888889,0.7345679012345679
replay,art,Printer,centroid_source_class_agreement,18,0.5,0.3888888888888889,0.7160493827160493
replay,art,Printer,source_weight_max_for_candidate,18,0.5,0.3888888888888889,0.5185185185185185
replay,art,Printer,source_weight_negative_entropy_for_candidate,18,0.5,0.3888888888888889,0.5061728395061729
replay,art,Printer,teacher_confidence,18,0.5,0.3888888888888889,0.9135802469135802
replay,art,Printer,teacher_probability_margin,18,0.5,0.3888888888888889,0.9135802469135802
replay,art,Printer,teacher_negative_entropy,18,0.5,0.3888888888888889,0.8888888888888888
replay,art,Push_Pin,centroid_class_margin,24,0.75,0.6666666666666666,0.8703703703703703
replay,art,Push_Pin,centroid_relative_margin,24,0.75,0.6666666666666666,0.8703703703703703
replay,art,Push_Pin,centroid_negative_candidate_distance,24,0.75,0.6666666666666666,0.7962962962962963
replay,art,Push_Pin,centroid_negative_candidate_rank,24,0.75,0.6666666666666666,0.6990740740740741
replay,art,Push_Pin,centroid_source_class_agreement,24,0.75,0.6666666666666666,0.9027777777777778
replay,art,Push_Pin,source_weight_max_for_candidate,24,0.75,0.6666666666666666,0.5740740740740741
replay,art,Push_Pin,source_weight_negative_entropy_for_candidate,24,0.75,0.6666666666666666,0.5555555555555556
replay,art,Push_Pin,teacher_confidence,24,0.75,0.6666666666666666,0.9351851851851852
replay,art,Push_Pin,teacher_probability_margin,24,0.75,0.6666666666666666,0.9629629629629629
replay,art,Push_Pin,teacher_negative_entropy,24,0.75,0.6666666666666666,0.9166666666666666
replay,art,Radio,centroid_class_margin,47,0.8085106382978723,0.8085106382978723,0.9093567251461988
replay,art,Radio,centroid_relative_margin,47,0.8085106382978723,0.8085106382978723,0.9181286549707602
replay,art,Radio,centroid_negative_candidate_distance,47,0.8085106382978723,0.8085106382978723,0.7690058479532164
replay,art,Radio,centroid_negative_candidate_rank,47,0.8085106382978723,0.8085106382978723,0.8011695906432749
replay,art,Radio,centroid_source_class_agreement,47,0.8085106382978723,0.8085106382978723,0.9269005847953217
replay,art,Radio,source_weight_max_for_candidate,47,0.8085106382978723,0.8085106382978723,0.6900584795321637
replay,art,Radio,source_weight_negative_entropy_for_candidate,47,0.8085106382978723,0.8085106382978723,0.6929824561403509
replay,art,Radio,teacher_confidence,47,0.8085106382978723,0.8085106382978723,0.8713450292397661
replay,art,Radio,teacher_probability_margin,47,0.8085106382978723,0.8085106382978723,0.8742690058479532
replay,art,Radio,teacher_negative_entropy,47,0.8085106382978723,0.8085106382978723,0.8801169590643275
replay,art,Refrigerator,centroid_class_margin,49,0.7551020408163265,0.3877551020408163,0.6013513513513513
replay,art,Refrigerator,centroid_relative_margin,49,0.7551020408163265,0.3877551020408163,0.5563063063063063
replay,art,Refrigerator,centroid_negative_candidate_distance,49,0.7551020408163265,0.3877551020408163,0.5518018018018018
replay,art,Refrigerator,centroid_negative_candidate_rank,49,0.7551020408163265,0.3877551020408163,0.615990990990991
replay,art,Refrigerator,centroid_source_class_agreement,49,0.7551020408163265,0.3877551020408163,0.5675675675675675
replay,art,Refrigerator,source_weight_max_for_candidate,49,0.7551020408163265,0.3877551020408163,0.42117117117117114
replay,art,Refrigerator,source_weight_negative_entropy_for_candidate,49,0.7551020408163265,0.3877551020408163,0.41216216216216217
replay,art,Refrigerator,teacher_confidence,49,0.7551020408163265,0.3877551020408163,0.8018018018018018
replay,art,Refrigerator,teacher_probability_margin,49,0.7551020408163265,0.3877551020408163,0.8243243243243243
replay,art,Refrigerator,teacher_negative_entropy,49,0.7551020408163265,0.3877551020408163,0.7477477477477478
replay,art,Ruler,centroid_class_margin,15,0.6,0.5333333333333333,0.8333333333333334
replay,art,Ruler,centroid_relative_margin,15,0.6,0.5333333333333333,0.8518518518518519
replay,art,Ruler,centroid_negative_candidate_distance,15,0.6,0.5333333333333333,0.7592592592592593
replay,art,Ruler,centroid_negative_candidate_rank,15,0.6,0.5333333333333333,0.7777777777777778
replay,art,Ruler,centroid_source_class_agreement,15,0.6,0.5333333333333333,0.75
replay,art,Ruler,source_weight_max_for_candidate,15,0.6,0.5333333333333333,0.7222222222222222
replay,art,Ruler,source_weight_negative_entropy_for_candidate,15,0.6,0.5333333333333333,0.7592592592592593
replay,art,Ruler,teacher_confidence,15,0.6,0.5333333333333333,0.9074074074074074
replay,art,Ruler,teacher_probability_margin,15,0.6,0.5333333333333333,0.8888888888888888
replay,art,Ruler,teacher_negative_entropy,15,0.6,0.5333333333333333,0.8888888888888888
replay,art,Scissors,centroid_class_margin,20,0.7,0.3,0.5952380952380952
replay,art,Scissors,centroid_relative_margin,20,0.7,0.3,0.6071428571428571
replay,art,Scissors,centroid_negative_candidate_distance,20,0.7,0.3,0.5833333333333334
replay,art,Scissors,centroid_negative_candidate_rank,20,0.7,0.3,0.5
replay,art,Scissors,centroid_source_class_agreement,20,0.7,0.3,0.47619047619047616
replay,art,Scissors,source_weight_max_for_candidate,20,0.7,0.3,0.39285714285714285
replay,art,Scissors,source_weight_negative_entropy_for_candidate,20,0.7,0.3,0.38095238095238093
replay,art,Scissors,teacher_confidence,20,0.7,0.3,0.8571428571428571
replay,art,Scissors,teacher_probability_margin,20,0.7,0.3,0.8809523809523809
replay,art,Scissors,teacher_negative_entropy,20,0.7,0.3,0.7619047619047619
replay,art,Screwdriver,centroid_class_margin,30,0.8,0.4,0.4027777777777778
replay,art,Screwdriver,centroid_relative_margin,30,0.8,0.4,0.4166666666666667
replay,art,Screwdriver,centroid_negative_candidate_distance,30,0.8,0.4,0.5069444444444444
replay,art,Screwdriver,centroid_negative_candidate_rank,30,0.8,0.4,0.4895833333333333
replay,art,Screwdriver,centroid_source_class_agreement,30,0.8,0.4,0.4826388888888889
replay,art,Screwdriver,source_weight_max_for_candidate,30,0.8,0.4,0.2013888888888889
replay,art,Screwdriver,source_weight_negative_entropy_for_candidate,30,0.8,0.4,0.2013888888888889
replay,art,Screwdriver,teacher_confidence,30,0.8,0.4,0.5763888888888888
replay,art,Screwdriver,teacher_probability_margin,30,0.8,0.4,0.5625
replay,art,Screwdriver,teacher_negative_entropy,30,0.8,0.4,0.6666666666666666
replay,art,Shelf,centroid_class_margin,42,0.6190476190476191,0.4523809523809524,0.5264423076923077
replay,art,Shelf,centroid_relative_margin,42,0.6190476190476191,0.4523809523809524,0.5673076923076923
replay,art,Shelf,centroid_negative_candidate_distance,42,0.6190476190476191,0.4523809523809524,0.2091346153846154
replay,art,Shelf,centroid_negative_candidate_rank,42,0.6190476190476191,0.4523809523809524,0.6610576923076923
replay,art,Shelf,centroid_source_class_agreement,42,0.6190476190476191,0.4523809523809524,0.6418269230769231
replay,art,Shelf,source_weight_max_for_candidate,42,0.6190476190476191,0.4523809523809524,0.4326923076923077
replay,art,Shelf,source_weight_negative_entropy_for_candidate,42,0.6190476190476191,0.4523809523809524,0.4375
replay,art,Shelf,teacher_confidence,42,0.6190476190476191,0.4523809523809524,0.8341346153846154
replay,art,Shelf,teacher_probability_margin,42,0.6190476190476191,0.4523809523809524,0.8100961538461539
replay,art,Shelf,teacher_negative_entropy,42,0.6190476190476191,0.4523809523809524,0.8509615384615384
replay,art,Sink,centroid_class_margin,41,0.7317073170731707,0.6097560975609756,0.7878787878787878
replay,art,Sink,centroid_relative_margin,41,0.7317073170731707,0.6097560975609756,0.7727272727272727
replay,art,Sink,centroid_negative_candidate_distance,41,0.7317073170731707,0.6097560975609756,0.5121212121212121
replay,art,Sink,centroid_negative_candidate_rank,41,0.7317073170731707,0.6097560975609756,0.7803030303030303
replay,art,Sink,centroid_source_class_agreement,41,0.7317073170731707,0.6097560975609756,0.746969696969697
replay,art,Sink,source_weight_max_for_candidate,41,0.7317073170731707,0.6097560975609756,0.5151515151515151
replay,art,Sink,source_weight_negative_entropy_for_candidate,41,0.7317073170731707,0.6097560975609756,0.5272727272727272
replay,art,Sink,teacher_confidence,41,0.7317073170731707,0.6097560975609756,0.9787878787878788
replay,art,Sink,teacher_probability_margin,41,0.7317073170731707,0.6097560975609756,0.9848484848484849
replay,art,Sink,teacher_negative_entropy,41,0.7317073170731707,0.6097560975609756,0.9606060606060606
replay,art,Sneakers,centroid_class_margin,46,0.9782608695652174,0.7608695652173914,0.7555555555555555
replay,art,Sneakers,centroid_relative_margin,46,0.9782608695652174,0.7608695652173914,0.7555555555555555
replay,art,Sneakers,centroid_negative_candidate_distance,46,0.9782608695652174,0.7608695652173914,0.15555555555555556
replay,art,Sneakers,centroid_negative_candidate_rank,46,0.9782608695652174,0.7608695652173914,0.3888888888888889
replay,art,Sneakers,centroid_source_class_agreement,46,0.9782608695652174,0.7608695652173914,0.6333333333333333
replay,art,Sneakers,source_weight_max_for_candidate,46,0.9782608695652174,0.7608695652173914,0.4444444444444444
replay,art,Sneakers,source_weight_negative_entropy_for_candidate,46,0.9782608695652174,0.7608695652173914,0.4444444444444444
replay,art,Sneakers,teacher_confidence,46,0.9782608695652174,0.7608695652173914,1.0
replay,art,Sneakers,teacher_probability_margin,46,0.9782608695652174,0.7608695652173914,1.0
replay,art,Sneakers,teacher_negative_entropy,46,0.9782608695652174,0.7608695652173914,1.0
replay,art,Soda,centroid_class_margin,40,0.725,0.625,0.6865203761755486
replay,art,Soda,centroid_relative_margin,40,0.725,0.625,0.5956112852664577
replay,art,Soda,centroid_negative_candidate_distance,40,0.725,0.625,0.3949843260188088
replay,art,Soda,centroid_negative_candidate_rank,40,0.725,0.625,0.5407523510971787
replay,art,Soda,centroid_source_class_agreement,40,0.725,0.625,0.6896551724137931
replay,art,Soda,source_weight_max_for_candidate,40,0.725,0.625,0.30094043887147337
replay,art,Soda,source_weight_negative_entropy_for_candidate,40,0.725,0.625,0.29780564263322884
replay,art,Soda,teacher_confidence,40,0.725,0.625,0.8620689655172413
replay,art,Soda,teacher_probability_margin,40,0.725,0.625,0.8557993730407524
replay,art,Soda,teacher_negative_entropy,40,0.725,0.625,0.8526645768025078
replay,art,Speaker,centroid_class_margin,20,0.75,0.65,0.44
replay,art,Speaker,centroid_relative_margin,20,0.75,0.65,0.4266666666666667
replay,art,Speaker,centroid_negative_candidate_distance,20,0.75,0.65,0.4266666666666667
replay,art,Speaker,centroid_negative_candidate_rank,20,0.75,0.65,0.6066666666666667
replay,art,Speaker,centroid_source_class_agreement,20,0.75,0.65,0.5933333333333334
replay,art,Speaker,source_weight_max_for_candidate,20,0.75,0.65,0.25333333333333335
replay,art,Speaker,source_weight_negative_entropy_for_candidate,20,0.75,0.65,0.24
replay,art,Speaker,teacher_confidence,20,0.75,0.65,0.8533333333333334
replay,art,Speaker,teacher_probability_margin,20,0.75,0.65,0.8533333333333334
replay,art,Speaker,teacher_negative_entropy,20,0.75,0.65,0.8533333333333334
replay,art,Spoon,centroid_class_margin,46,0.717391304347826,0.3695652173913043,0.7156177156177156
replay,art,Spoon,centroid_relative_margin,46,0.717391304347826,0.3695652173913043,0.7738927738927739
replay,art,Spoon,centroid_negative_candidate_distance,46,0.717391304347826,0.3695652173913043,0.5920745920745921
replay,art,Spoon,centroid_negative_candidate_rank,46,0.717391304347826,0.3695652173913043,0.7365967365967366
replay,art,Spoon,centroid_source_class_agreement,46,0.717391304347826,0.3695652173913043,0.7517482517482518
replay,art,Spoon,source_weight_max_for_candidate,46,0.717391304347826,0.3695652173913043,0.5617715617715617
replay,art,Spoon,source_weight_negative_entropy_for_candidate,46,0.717391304347826,0.3695652173913043,0.5291375291375291
replay,art,Spoon,teacher_confidence,46,0.717391304347826,0.3695652173913043,0.7575757575757576
replay,art,Spoon,teacher_probability_margin,46,0.717391304347826,0.3695652173913043,0.7668997668997669
replay,art,Spoon,teacher_negative_entropy,46,0.717391304347826,0.3695652173913043,0.7412587412587412
replay,art,TV,centroid_class_margin,40,0.8,0.675,0.8203125
replay,art,TV,centroid_relative_margin,40,0.8,0.675,0.8046875
replay,art,TV,centroid_negative_candidate_distance,40,0.8,0.675,0.390625
replay,art,TV,centroid_negative_candidate_rank,40,0.8,0.675,0.673828125
replay,art,TV,centroid_source_class_agreement,40,0.8,0.675,0.67578125
replay,art,TV,source_weight_max_for_candidate,40,0.8,0.675,0.37890625
replay,art,TV,source_weight_negative_entropy_for_candidate,40,0.8,0.675,0.37890625
replay,art,TV,teacher_confidence,40,0.8,0.675,0.9296875
replay,art,TV,teacher_probability_margin,40,0.8,0.675,0.9140625
replay,art,TV,teacher_negative_entropy,40,0.8,0.675,0.93359375
replay,art,Table,centroid_class_margin,16,0.5625,0.375,0.6349206349206349
replay,art,Table,centroid_relative_margin,16,0.5625,0.375,0.5714285714285714
replay,art,Table,centroid_negative_candidate_distance,16,0.5625,0.375,0.49206349206349204
replay,art,Table,centroid_negative_candidate_rank,16,0.5625,0.375,0.6111111111111112
replay,art,Table,centroid_source_class_agreement,16,0.5625,0.375,0.5952380952380952
replay,art,Table,source_weight_max_for_candidate,16,0.5625,0.375,0.3968253968253968
replay,art,Table,source_weight_negative_entropy_for_candidate,16,0.5625,0.375,0.38095238095238093
replay,art,Table,teacher_confidence,16,0.5625,0.375,0.7301587301587301
replay,art,Table,teacher_probability_margin,16,0.5625,0.375,0.6825396825396826
replay,art,Table,teacher_negative_entropy,16,0.5625,0.375,0.7936507936507936
replay,art,Telephone,centroid_class_margin,44,0.6818181818181818,0.4090909090909091,0.6666666666666666
replay,art,Telephone,centroid_relative_margin,44,0.6818181818181818,0.4090909090909091,0.6785714285714286
replay,art,Telephone,centroid_negative_candidate_distance,44,0.6818181818181818,0.4090909090909091,0.55
replay,art,Telephone,centroid_negative_candidate_rank,44,0.6818181818181818,0.4090909090909091,0.5702380952380952
replay,art,Telephone,centroid_source_class_agreement,44,0.6818181818181818,0.4090909090909091,0.6785714285714286
replay,art,Telephone,source_weight_max_for_candidate,44,0.6818181818181818,0.4090909090909091,0.5071428571428571
replay,art,Telephone,source_weight_negative_entropy_for_candidate,44,0.6818181818181818,0.4090909090909091,0.5119047619047619
replay,art,Telephone,teacher_confidence,44,0.6818181818181818,0.4090909090909091,0.9357142857142857
replay,art,Telephone,teacher_probability_margin,44,0.6818181818181818,0.4090909090909091,0.9285714285714286
replay,art,Telephone,teacher_negative_entropy,44,0.6818181818181818,0.4090909090909091,0.9404761904761905
replay,art,ToothBrush,centroid_class_margin,43,0.6744186046511628,0.5581395348837209,0.6896551724137931
replay,art,ToothBrush,centroid_relative_margin,43,0.6744186046511628,0.5581395348837209,0.7044334975369458
replay,art,ToothBrush,centroid_negative_candidate_distance,43,0.6744186046511628,0.5581395348837209,0.6551724137931034
replay,art,ToothBrush,centroid_negative_candidate_rank,43,0.6744186046511628,0.5581395348837209,0.6428571428571429
replay,art,ToothBrush,centroid_source_class_agreement,43,0.6744186046511628,0.5581395348837209,0.5123152709359606
replay,art,ToothBrush,source_weight_max_for_candidate,43,0.6744186046511628,0.5581395348837209,0.6280788177339901
replay,art,ToothBrush,source_weight_negative_entropy_for_candidate,43,0.6744186046511628,0.5581395348837209,0.6330049261083743
replay,art,ToothBrush,teacher_confidence,43,0.6744186046511628,0.5581395348837209,0.9655172413793104
replay,art,ToothBrush,teacher_probability_margin,43,0.6744186046511628,0.5581395348837209,0.9655172413793104
replay,art,ToothBrush,teacher_negative_entropy,43,0.6744186046511628,0.5581395348837209,0.9605911330049262
replay,art,Toys,centroid_class_margin,20,0.85,0.95,1.0
replay,art,Toys,centroid_relative_margin,20,0.85,0.95,1.0
replay,art,Toys,centroid_negative_candidate_distance,20,0.85,0.95,0.7647058823529411
replay,art,Toys,centroid_negative_candidate_rank,20,0.85,0.95,0.8333333333333334
replay,art,Toys,centroid_source_class_agreement,20,0.85,0.95,0.9803921568627451
replay,art,Toys,source_weight_max_for_candidate,20,0.85,0.95,0.5294117647058824
replay,art,Toys,source_weight_negative_entropy_for_candidate,20,0.85,0.95,0.5294117647058824
replay,art,Toys,teacher_confidence,20,0.85,0.95,0.8823529411764706
replay,art,Toys,teacher_probability_margin,20,0.85,0.95,0.8627450980392157
replay,art,Toys,teacher_negative_entropy,20,0.85,0.95,0.8627450980392157
replay,art,Trash_Can,centroid_class_margin,21,0.6666666666666666,0.2857142857142857,0.6224489795918368
replay,art,Trash_Can,centroid_relative_margin,21,0.6666666666666666,0.2857142857142857,0.6020408163265306
replay,art,Trash_Can,centroid_negative_candidate_distance,21,0.6666666666666666,0.2857142857142857,0.37755102040816324
replay,art,Trash_Can,centroid_negative_candidate_rank,21,0.6666666666666666,0.2857142857142857,0.5561224489795918
replay,art,Trash_Can,centroid_source_class_agreement,21,0.6666666666666666,0.2857142857142857,0.6326530612244898
replay,art,Trash_Can,source_weight_max_for_candidate,21,0.6666666666666666,0.2857142857142857,0.5408163265306123
replay,art,Trash_Can,source_weight_negative_entropy_for_candidate,21,0.6666666666666666,0.2857142857142857,0.5204081632653061
replay,art,Trash_Can,teacher_confidence,21,0.6666666666666666,0.2857142857142857,0.8877551020408163
replay,art,Trash_Can,teacher_probability_margin,21,0.6666666666666666,0.2857142857142857,0.8979591836734694
replay,art,Trash_Can,teacher_negative_entropy,21,0.6666666666666666,0.2857142857142857,0.8367346938775511
replay,art,Webcam,centroid_class_margin,16,0.875,0.6875,0.7857142857142857
replay,art,Webcam,centroid_relative_margin,16,0.875,0.6875,0.7857142857142857
replay,art,Webcam,centroid_negative_candidate_distance,16,0.875,0.6875,0.5714285714285714
replay,art,Webcam,centroid_negative_candidate_rank,16,0.875,0.6875,0.6607142857142857
replay,art,Webcam,centroid_source_class_agreement,16,0.875,0.6875,0.8214285714285714
replay,art,Webcam,source_weight_max_for_candidate,16,0.875,0.6875,0.2857142857142857
replay,art,Webcam,source_weight_negative_entropy_for_candidate,16,0.875,0.6875,0.2857142857142857
replay,art,Webcam,teacher_confidence,16,0.875,0.6875,0.8571428571428571
replay,art,Webcam,teacher_probability_margin,16,0.875,0.6875,0.8571428571428571
replay,art,Webcam,teacher_negative_entropy,16,0.875,0.6875,0.8928571428571429
full,art,Alarm_Clock,centroid_class_margin,74,0.9459459459459459,0.8108108108108109,0.95
full,art,Alarm_Clock,centroid_relative_margin,74,0.9459459459459459,0.8108108108108109,0.9642857142857143
full,art,Alarm_Clock,centroid_negative_candidate_distance,74,0.9459459459459459,0.8108108108108109,0.5928571428571429
full,art,Alarm_Clock,centroid_negative_candidate_rank,74,0.9459459459459459,0.8108108108108109,0.8357142857142857
full,art,Alarm_Clock,centroid_source_class_agreement,74,0.9459459459459459,0.8108108108108109,0.9375
full,art,Alarm_Clock,source_weight_max_for_candidate,74,0.9459459459459459,0.8108108108108109,0.30357142857142855
full,art,Alarm_Clock,source_weight_negative_entropy_for_candidate,74,0.9459459459459459,0.8108108108108109,0.30357142857142855
full,art,Alarm_Clock,teacher_confidence,74,0.9459459459459459,0.8108108108108109,0.9785714285714285
full,art,Alarm_Clock,teacher_probability_margin,74,0.9459459459459459,0.8108108108108109,0.9678571428571429
full,art,Alarm_Clock,teacher_negative_entropy,74,0.9459459459459459,0.8108108108108109,0.9857142857142858
full,art,Backpack,centroid_class_margin,41,0.7073170731707317,0.4634146341463415,0.6522988505747126
full,art,Backpack,centroid_relative_margin,41,0.7073170731707317,0.4634146341463415,0.6695402298850575
full,art,Backpack,centroid_negative_candidate_distance,41,0.7073170731707317,0.4634146341463415,0.45689655172413796
full,art,Backpack,centroid_negative_candidate_rank,41,0.7073170731707317,0.4634146341463415,0.6379310344827587
full,art,Backpack,centroid_source_class_agreement,41,0.7073170731707317,0.4634146341463415,0.7557471264367817
full,art,Backpack,source_weight_max_for_candidate,41,0.7073170731707317,0.4634146341463415,0.3333333333333333
full,art,Backpack,source_weight_negative_entropy_for_candidate,41,0.7073170731707317,0.4634146341463415,0.34195402298850575
full,art,Backpack,teacher_confidence,41,0.7073170731707317,0.4634146341463415,0.9252873563218391
full,art,Backpack,teacher_probability_margin,41,0.7073170731707317,0.4634146341463415,0.9080459770114943
full,art,Backpack,teacher_negative_entropy,41,0.7073170731707317,0.4634146341463415,0.9080459770114943
full,art,Batteries,centroid_class_margin,27,0.5185185185185185,0.5555555555555556,0.8131868131868132
full,art,Batteries,centroid_relative_margin,27,0.5185185185185185,0.5555555555555556,0.8351648351648352
full,art,Batteries,centroid_negative_candidate_distance,27,0.5185185185185185,0.5555555555555556,0.5824175824175825
full,art,Batteries,centroid_negative_candidate_rank,27,0.5185185185185185,0.5555555555555556,0.7637362637362637
full,art,Batteries,centroid_source_class_agreement,27,0.5185185185185185,0.5555555555555556,0.8131868131868132
full,art,Batteries,source_weight_max_for_candidate,27,0.5185185185185185,0.5555555555555556,0.5439560439560439
full,art,Batteries,source_weight_negative_entropy_for_candidate,27,0.5185185185185185,0.5555555555555556,0.5494505494505495
full,art,Batteries,teacher_confidence,27,0.5185185185185185,0.5555555555555556,0.8736263736263736
full,art,Batteries,teacher_probability_margin,27,0.5185185185185185,0.5555555555555556,0.8736263736263736
full,art,Batteries,teacher_negative_entropy,27,0.5185185185185185,0.5555555555555556,0.8901098901098901
full,art,Bed,centroid_class_margin,40,0.9,0.65,0.6041666666666666
full,art,Bed,centroid_relative_margin,40,0.9,0.65,0.5833333333333334
full,art,Bed,centroid_negative_candidate_distance,40,0.9,0.65,0.4236111111111111
full,art,Bed,centroid_negative_candidate_rank,40,0.9,0.65,0.5694444444444444
full,art,Bed,centroid_source_class_agreement,40,0.9,0.65,0.5763888888888888
full,art,Bed,source_weight_max_for_candidate,40,0.9,0.65,0.4444444444444444
full,art,Bed,source_weight_negative_entropy_for_candidate,40,0.9,0.65,0.4513888888888889
full,art,Bed,teacher_confidence,40,0.9,0.65,0.9722222222222222
full,art,Bed,teacher_probability_margin,40,0.9,0.65,0.9722222222222222
full,art,Bed,teacher_negative_entropy,40,0.9,0.65,0.9375
full,art,Bike,centroid_class_margin,75,0.9466666666666667,0.8266666666666667,0.926056338028169
full,art,Bike,centroid_relative_margin,75,0.9466666666666667,0.8266666666666667,0.9401408450704225
full,art,Bike,centroid_negative_candidate_distance,75,0.9466666666666667,0.8266666666666667,0.6514084507042254
full,art,Bike,centroid_negative_candidate_rank,75,0.9466666666666667,0.8266666666666667,0.9225352112676056
full,art,Bike,centroid_source_class_agreement,75,0.9466666666666667,0.8266666666666667,0.9436619718309859
full,art,Bike,source_weight_max_for_candidate,75,0.9466666666666667,0.8266666666666667,0.3415492957746479
full,art,Bike,source_weight_negative_entropy_for_candidate,75,0.9466666666666667,0.8266666666666667,0.3380281690140845
full,art,Bike,teacher_confidence,75,0.9466666666666667,0.8266666666666667,0.9929577464788732
full,art,Bike,teacher_probability_margin,75,0.9466666666666667,0.8266666666666667,0.9929577464788732
full,art,Bike,teacher_negative_entropy,75,0.9466666666666667,0.8266666666666667,0.9823943661971831
full,art,Bottle,centroid_class_margin,99,0.7070707070707071,0.21212121212121213,0.4793103448275862
full,art,Bottle,centroid_relative_margin,99,0.7070707070707071,0.21212121212121213,0.46798029556650245
full,art,Bottle,centroid_negative_candidate_distance,99,0.7070707070707071,0.21212121212121213,0.6566502463054187
full,art,Bottle,centroid_negative_candidate_rank,99,0.7070707070707071,0.21212121212121213,0.40911330049261085
full,art,Bottle,centroid_source_class_agreement,99,0.7070707070707071,0.21212121212121213,0.4849753694581281
full,art,Bottle,source_weight_max_for_candidate,99,0.7070707070707071,0.21212121212121213,0.43004926108374386
full,art,Bottle,source_weight_negative_entropy_for_candidate,99,0.7070707070707071,0.21212121212121213,0.4009852216748768
full,art,Bottle,teacher_confidence,99,0.7070707070707071,0.21212121212121213,0.8896551724137931
full,art,Bottle,teacher_probability_margin,99,0.7070707070707071,0.21212121212121213,0.8837438423645321
full,art,Bottle,teacher_negative_entropy,99,0.7070707070707071,0.21212121212121213,0.8793103448275862
full,art,Bucket,centroid_class_margin,40,0.375,0.275,0.5946666666666667
full,art,Bucket,centroid_relative_margin,40,0.375,0.275,0.624
full,art,Bucket,centroid_negative_candidate_distance,40,0.375,0.275,0.416
full,art,Bucket,centroid_negative_candidate_rank,40,0.375,0.275,0.6453333333333333
full,art,Bucket,centroid_source_class_agreement,40,0.375,0.275,0.648
full,art,Bucket,source_weight_max_for_candidate,40,0.375,0.275,0.4666666666666667
full,art,Bucket,source_weight_negative_entropy_for_candidate,40,0.375,0.275,0.472
full,art,Bucket,teacher_confidence,40,0.375,0.275,0.6746666666666666
full,art,Bucket,teacher_probability_margin,40,0.375,0.275,0.6906666666666667
full,art,Bucket,teacher_negative_entropy,40,0.375,0.275,0.656
full,art,Calculator,centroid_class_margin,33,0.8787878787878788,0.7878787878787878,0.8793103448275862
full,art,Calculator,centroid_relative_margin,33,0.8787878787878788,0.7878787878787878,0.8448275862068966
full,art,Calculator,centroid_negative_candidate_distance,33,0.8787878787878788,0.7878787878787878,0.603448275862069
full,art,Calculator,centroid_negative_candidate_rank,33,0.8787878787878788,0.7878787878787878,0.7241379310344828
full,art,Calculator,centroid_source_class_agreement,33,0.8787878787878788,0.7878787878787878,0.9655172413793104
full,art,Calculator,source_weight_max_for_candidate,33,0.8787878787878788,0.7878787878787878,0.3706896551724138
full,art,Calculator,source_weight_negative_entropy_for_candidate,33,0.8787878787878788,0.7878787878787878,0.3620689655172414
full,art,Calculator,teacher_confidence,33,0.8787878787878788,0.7878787878787878,0.8879310344827587
full,art,Calculator,teacher_probability_margin,33,0.8787878787878788,0.7878787878787878,0.8793103448275862
full,art,Calculator,teacher_negative_entropy,33,0.8787878787878788,0.7878787878787878,0.8879310344827587
full,art,Calendar,centroid_class_margin,20,1.0,0.85,
full,art,Calendar,centroid_relative_margin,20,1.0,0.85,
full,art,Calendar,centroid_negative_candidate_distance,20,1.0,0.85,
full,art,Calendar,centroid_negative_candidate_rank,20,1.0,0.85,
full,art,Calendar,centroid_source_class_agreement,20,1.0,0.85,
full,art,Calendar,source_weight_max_for_candidate,20,1.0,0.85,
full,art,Calendar,source_weight_negative_entropy_for_candidate,20,1.0,0.85,
full,art,Calendar,teacher_confidence,20,1.0,0.85,
full,art,Calendar,teacher_probability_margin,20,1.0,0.85,
full,art,Calendar,teacher_negative_entropy,20,1.0,0.85,
full,art,Candles,centroid_class_margin,76,0.9342105263157895,0.8026315789473685,0.9183098591549296
full,art,Candles,centroid_relative_margin,76,0.9342105263157895,0.8026315789473685,0.8788732394366198
full,art,Candles,centroid_negative_candidate_distance,76,0.9342105263157895,0.8026315789473685,0.7887323943661971
full,art,Candles,centroid_negative_candidate_rank,76,0.9342105263157895,0.8026315789473685,0.8422535211267606
full,art,Candles,centroid_source_class_agreement,76,0.9342105263157895,0.8026315789473685,0.8915492957746479
full,art,Candles,source_weight_max_for_candidate,76,0.9342105263157895,0.8026315789473685,0.7267605633802817
full,art,Candles,source_weight_negative_entropy_for_candidate,76,0.9342105263157895,0.8026315789473685,0.7323943661971831
full,art,Candles,teacher_confidence,76,0.9342105263157895,0.8026315789473685,0.923943661971831
full,art,Candles,teacher_probability_margin,76,0.9342105263157895,0.8026315789473685,0.9098591549295775
full,art,Candles,teacher_negative_entropy,76,0.9342105263157895,0.8026315789473685,0.9408450704225352
full,art,Chair,centroid_class_margin,69,0.8405797101449275,0.37681159420289856,0.7021943573667712
full,art,Chair,centroid_relative_margin,69,0.8405797101449275,0.37681159420289856,0.6833855799373041
full,art,Chair,centroid_negative_candidate_distance,69,0.8405797101449275,0.37681159420289856,0.6018808777429467
full,art,Chair,centroid_negative_candidate_rank,69,0.8405797101449275,0.37681159420289856,0.70141065830721
full,art,Chair,centroid_source_class_agreement,69,0.8405797101449275,0.37681159420289856,0.6677115987460815
full,art,Chair,source_weight_max_for_candidate,69,0.8405797101449275,0.37681159420289856,0.677115987460815
full,art,Chair,source_weight_negative_entropy_for_candidate,69,0.8405797101449275,0.37681159420289856,0.670846394984326
full,art,Chair,teacher_confidence,69,0.8405797101449275,0.37681159420289856,0.7727272727272727
full,art,Chair,teacher_probability_margin,69,0.8405797101449275,0.37681159420289856,0.8087774294670846
full,art,Chair,teacher_negative_entropy,69,0.8405797101449275,0.37681159420289856,0.7021943573667712
full,art,Clipboards,centroid_class_margin,25,0.6,0.24,0.4533333333333333
full,art,Clipboards,centroid_relative_margin,25,0.6,0.24,0.4
full,art,Clipboards,centroid_negative_candidate_distance,25,0.6,0.24,0.6066666666666667
full,art,Clipboards,centroid_negative_candidate_rank,25,0.6,0.24,0.39666666666666667
full,art,Clipboards,centroid_source_class_agreement,25,0.6,0.24,0.4033333333333333
full,art,Clipboards,source_weight_max_for_candidate,25,0.6,0.24,0.5333333333333333
full,art,Clipboards,source_weight_negative_entropy_for_candidate,25,0.6,0.24,0.5333333333333333
full,art,Clipboards,teacher_confidence,25,0.6,0.24,0.74
full,art,Clipboards,teacher_probability_margin,25,0.6,0.24,0.6533333333333333
full,art,Clipboards,teacher_negative_entropy,25,0.6,0.24,0.7066666666666667
full,art,Computer,centroid_class_margin,44,0.20454545454545456,0.29545454545454547,0.8253968253968254
full,art,Computer,centroid_relative_margin,44,0.20454545454545456,0.29545454545454547,0.8063492063492064
full,art,Computer,centroid_negative_candidate_distance,44,0.20454545454545456,0.29545454545454547,0.6031746031746031
full,art,Computer,centroid_negative_candidate_rank,44,0.20454545454545456,0.29545454545454547,0.7380952380952381
full,art,Computer,centroid_source_class_agreement,44,0.20454545454545456,0.29545454545454547,0.7142857142857143
full,art,Computer,source_weight_max_for_candidate,44,0.20454545454545456,0.29545454545454547,0.6952380952380952
full,art,Computer,source_weight_negative_entropy_for_candidate,44,0.20454545454545456,0.29545454545454547,0.7015873015873015
full,art,Computer,teacher_confidence,44,0.20454545454545456,0.29545454545454547,0.5873015873015873
full,art,Computer,teacher_probability_margin,44,0.20454545454545456,0.29545454545454547,0.5238095238095238
full,art,Computer,teacher_negative_entropy,44,0.20454545454545456,0.29545454545454547,0.6476190476190476
full,art,Couch,centroid_class_margin,40,0.775,0.575,0.8673835125448028
full,art,Couch,centroid_relative_margin,40,0.775,0.575,0.8387096774193549
full,art,Couch,centroid_negative_candidate_distance,40,0.775,0.575,0.5770609318996416
full,art,Couch,centroid_negative_candidate_rank,40,0.775,0.575,0.8817204301075269
full,art,Couch,centroid_source_class_agreement,40,0.775,0.575,0.600358422939068
full,art,Couch,source_weight_max_for_candidate,40,0.775,0.575,0.6200716845878136
full,art,Couch,source_weight_negative_entropy_for_candidate,40,0.775,0.575,0.6272401433691757
full,art,Couch,teacher_confidence,40,0.775,0.575,0.8387096774193549
full,art,Couch,teacher_probability_margin,40,0.775,0.575,0.8243727598566308
full,art,Couch,teacher_negative_entropy,40,0.775,0.575,0.8243727598566308
full,art,Curtains,centroid_class_margin,40,0.85,0.925,1.0
full,art,Curtains,centroid_relative_margin,40,0.85,0.925,1.0
full,art,Curtains,centroid_negative_candidate_distance,40,0.85,0.925,0.7794117647058824
full,art,Curtains,centroid_negative_candidate_rank,40,0.85,0.925,1.0
full,art,Curtains,centroid_source_class_agreement,40,0.85,0.925,0.9803921568627451
full,art,Curtains,source_weight_max_for_candidate,40,0.85,0.925,0.3284313725490196
full,art,Curtains,source_weight_negative_entropy_for_candidate,40,0.85,0.925,0.3284313725490196
full,art,Curtains,teacher_confidence,40,0.85,0.925,0.9754901960784313
full,art,Curtains,teacher_probability_margin,40,0.85,0.925,0.9901960784313726
full,art,Curtains,teacher_negative_entropy,40,0.85,0.925,0.9558823529411765
full,art,Desk_Lamp,centroid_class_margin,23,0.43478260869565216,0.391304347826087,0.7846153846153846
full,art,Desk_Lamp,centroid_relative_margin,23,0.43478260869565216,0.391304347826087,0.8076923076923077
full,art,Desk_Lamp,centroid_negative_candidate_distance,23,0.43478260869565216,0.391304347826087,0.8307692307692308
full,art,Desk_Lamp,centroid_negative_candidate_rank,23,0.43478260869565216,0.391304347826087,0.7615384615384615
full,art,Desk_Lamp,centroid_source_class_agreement,23,0.43478260869565216,0.391304347826087,0.8153846153846154
full,art,Desk_Lamp,source_weight_max_for_candidate,23,0.43478260869565216,0.391304347826087,0.16153846153846155
full,art,Desk_Lamp,source_weight_negative_entropy_for_candidate,23,0.43478260869565216,0.391304347826087,0.13076923076923078
full,art,Desk_Lamp,teacher_confidence,23,0.43478260869565216,0.391304347826087,0.8
full,art,Desk_Lamp,teacher_probability_margin,23,0.43478260869565216,0.391304347826087,0.7615384615384615
full,art,Desk_Lamp,teacher_negative_entropy,23,0.43478260869565216,0.391304347826087,0.8076923076923077
full,art,Drill,centroid_class_margin,15,0.4666666666666667,0.4666666666666667,0.8035714285714286
full,art,Drill,centroid_relative_margin,15,0.4666666666666667,0.4666666666666667,0.7321428571428571
full,art,Drill,centroid_negative_candidate_distance,15,0.4666666666666667,0.4666666666666667,0.6071428571428571
full,art,Drill,centroid_negative_candidate_rank,15,0.4666666666666667,0.4666666666666667,0.6964285714285714
full,art,Drill,centroid_source_class_agreement,15,0.4666666666666667,0.4666666666666667,0.7232142857142857
full,art,Drill,source_weight_max_for_candidate,15,0.4666666666666667,0.4666666666666667,0.2857142857142857
full,art,Drill,source_weight_negative_entropy_for_candidate,15,0.4666666666666667,0.4666666666666667,0.35714285714285715
full,art,Drill,teacher_confidence,15,0.4666666666666667,0.4666666666666667,0.8214285714285714
full,art,Drill,teacher_probability_margin,15,0.4666666666666667,0.4666666666666667,0.7321428571428571
full,art,Drill,teacher_negative_entropy,15,0.4666666666666667,0.4666666666666667,0.875
full,art,Eraser,centroid_class_margin,18,0.5,0.2222222222222222,0.5802469135802469
full,art,Eraser,centroid_relative_margin,18,0.5,0.2222222222222222,0.5555555555555556
full,art,Eraser,centroid_negative_candidate_distance,18,0.5,0.2222222222222222,0.6172839506172839
full,art,Eraser,centroid_negative_candidate_rank,18,0.5,0.2222222222222222,0.48148148148148145
full,art,Eraser,centroid_source_class_agreement,18,0.5,0.2222222222222222,0.38271604938271603
full,art,Eraser,source_weight_max_for_candidate,18,0.5,0.2222222222222222,0.5555555555555556
full,art,Eraser,source_weight_negative_entropy_for_candidate,18,0.5,0.2222222222222222,0.5308641975308642
full,art,Eraser,teacher_confidence,18,0.5,0.2222222222222222,0.8271604938271605
full,art,Eraser,teacher_probability_margin,18,0.5,0.2222222222222222,0.7777777777777778
full,art,Eraser,teacher_negative_entropy,18,0.5,0.2222222222222222,0.8271604938271605
full,art,Exit_Sign,centroid_class_margin,21,0.9523809523809523,0.7619047619047619,1.0
full,art,Exit_Sign,centroid_relative_margin,21,0.9523809523809523,0.7619047619047619,1.0
full,art,Exit_Sign,centroid_negative_candidate_distance,21,0.9523809523809523,0.7619047619047619,0.75
full,art,Exit_Sign,centroid_negative_candidate_rank,21,0.9523809523809523,0.7619047619047619,0.95
full,art,Exit_Sign,centroid_source_class_agreement,21,0.9523809523809523,0.7619047619047619,1.0
full,art,Exit_Sign,source_weight_max_for_candidate,21,0.9523809523809523,0.7619047619047619,0.05
full,art,Exit_Sign,source_weight_negative_entropy_for_candidate,21,0.9523809523809523,0.7619047619047619,0.05
full,art,Exit_Sign,teacher_confidence,21,0.9523809523809523,0.7619047619047619,1.0
full,art,Exit_Sign,teacher_probability_margin,21,0.9523809523809523,0.7619047619047619,1.0
full,art,Exit_Sign,teacher_negative_entropy,21,0.9523809523809523,0.7619047619047619,1.0
full,art,Fan,centroid_class_margin,45,0.5777777777777777,0.4222222222222222,0.6882591093117408
full,art,Fan,centroid_relative_margin,45,0.5777777777777777,0.4222222222222222,0.708502024291498
full,art,Fan,centroid_negative_candidate_distance,45,0.5777777777777777,0.4222222222222222,0.5222672064777328
full,art,Fan,centroid_negative_candidate_rank,45,0.5777777777777777,0.4222222222222222,0.667004048582996
full,art,Fan,centroid_source_class_agreement,45,0.5777777777777777,0.4222222222222222,0.6305668016194332
full,art,Fan,source_weight_max_for_candidate,45,0.5777777777777777,0.4222222222222222,0.4311740890688259
full,art,Fan,source_weight_negative_entropy_for_candidate,45,0.5777777777777777,0.4222222222222222,0.4392712550607287
full,art,Fan,teacher_confidence,45,0.5777777777777777,0.4222222222222222,0.7854251012145749
full,art,Fan,teacher_probability_margin,45,0.5777777777777777,0.4222222222222222,0.7793522267206477
full,art,Fan,teacher_negative_entropy,45,0.5777777777777777,0.4222222222222222,0.7793522267206477
full,art,File_Cabinet,centroid_class_margin,22,0.8636363636363636,0.7272727272727273,0.7543859649122807
full,art,File_Cabinet,centroid_relative_margin,22,0.8636363636363636,0.7272727272727273,0.7192982456140351
full,art,File_Cabinet,centroid_negative_candidate_distance,22,0.8636363636363636,0.7272727272727273,0.6666666666666666
full,art,File_Cabinet,centroid_negative_candidate_rank,22,0.8636363636363636,0.7272727272727273,0.42105263157894735
full,art,File_Cabinet,centroid_source_class_agreement,22,0.8636363636363636,0.7272727272727273,0.6403508771929824
full,art,File_Cabinet,source_weight_max_for_candidate,22,0.8636363636363636,0.7272727272727273,0.43859649122807015
full,art,File_Cabinet,source_weight_negative_entropy_for_candidate,22,0.8636363636363636,0.7272727272727273,0.45614035087719296
full,art,File_Cabinet,teacher_confidence,22,0.8636363636363636,0.7272727272727273,0.9649122807017544
full,art,File_Cabinet,teacher_probability_margin,22,0.8636363636363636,0.7272727272727273,0.9122807017543859
full,art,File_Cabinet,teacher_negative_entropy,22,0.8636363636363636,0.7272727272727273,0.9298245614035088
full,art,Flipflops,centroid_class_margin,46,1.0,0.8913043478260869,
full,art,Flipflops,centroid_relative_margin,46,1.0,0.8913043478260869,
full,art,Flipflops,centroid_negative_candidate_distance,46,1.0,0.8913043478260869,
full,art,Flipflops,centroid_negative_candidate_rank,46,1.0,0.8913043478260869,
full,art,Flipflops,centroid_source_class_agreement,46,1.0,0.8913043478260869,
full,art,Flipflops,source_weight_max_for_candidate,46,1.0,0.8913043478260869,
full,art,Flipflops,source_weight_negative_entropy_for_candidate,46,1.0,0.8913043478260869,
full,art,Flipflops,teacher_confidence,46,1.0,0.8913043478260869,
full,art,Flipflops,teacher_probability_margin,46,1.0,0.8913043478260869,
full,art,Flipflops,teacher_negative_entropy,46,1.0,0.8913043478260869,
full,art,Flowers,centroid_class_margin,90,0.9555555555555556,0.9888888888888889,1.0
full,art,Flowers,centroid_relative_margin,90,0.9555555555555556,0.9888888888888889,1.0
full,art,Flowers,centroid_negative_candidate_distance,90,0.9555555555555556,0.9888888888888889,0.9883720930232558
full,art,Flowers,centroid_negative_candidate_rank,90,0.9555555555555556,0.9888888888888889,1.0
full,art,Flowers,centroid_source_class_agreement,90,0.9555555555555556,0.9888888888888889,1.0
full,art,Flowers,source_weight_max_for_candidate,90,0.9555555555555556,0.9888888888888889,0.45348837209302323
full,art,Flowers,source_weight_negative_entropy_for_candidate,90,0.9555555555555556,0.9888888888888889,0.4476744186046512
full,art,Flowers,teacher_confidence,90,0.9555555555555556,0.9888888888888889,0.9941860465116279
full,art,Flowers,teacher_probability_margin,90,0.9555555555555556,0.9888888888888889,0.997093023255814
full,art,Flowers,teacher_negative_entropy,90,0.9555555555555556,0.9888888888888889,0.9912790697674418
full,art,Folder,centroid_class_margin,20,0.7,0.6,0.9523809523809523
full,art,Folder,centroid_relative_margin,20,0.7,0.6,0.9285714285714286
full,art,Folder,centroid_negative_candidate_distance,20,0.7,0.6,0.6309523809523809
full,art,Folder,centroid_negative_candidate_rank,20,0.7,0.6,0.9523809523809523
full,art,Folder,centroid_source_class_agreement,20,0.7,0.6,0.9642857142857143
full,art,Folder,source_weight_max_for_candidate,20,0.7,0.6,0.09523809523809523
full,art,Folder,source_weight_negative_entropy_for_candidate,20,0.7,0.6,0.14285714285714285
full,art,Folder,teacher_confidence,20,0.7,0.6,0.9047619047619048
full,art,Folder,teacher_probability_margin,20,0.7,0.6,0.8928571428571429
full,art,Folder,teacher_negative_entropy,20,0.7,0.6,0.9047619047619048
full,art,Fork,centroid_class_margin,46,0.6521739130434783,0.41304347826086957,0.5916666666666667
full,art,Fork,centroid_relative_margin,46,0.6521739130434783,0.41304347826086957,0.64375
full,art,Fork,centroid_negative_candidate_distance,46,0.6521739130434783,0.41304347826086957,0.44166666666666665
full,art,Fork,centroid_negative_candidate_rank,46,0.6521739130434783,0.41304347826086957,0.59375
full,art,Fork,centroid_source_class_agreement,46,0.6521739130434783,0.41304347826086957,0.5989583333333334
full,art,Fork,source_weight_max_for_candidate,46,0.6521739130434783,0.41304347826086957,0.5145833333333333
full,art,Fork,source_weight_negative_entropy_for_candidate,46,0.6521739130434783,0.41304347826086957,0.4875
full,art,Fork,teacher_confidence,46,0.6521739130434783,0.41304347826086957,0.6833333333333333
full,art,Fork,teacher_probability_margin,46,0.6521739130434783,0.41304347826086957,0.65625
full,art,Fork,teacher_negative_entropy,46,0.6521739130434783,0.41304347826086957,0.675
full,art,Glasses,centroid_class_margin,40,0.925,0.5,0.6396396396396397
full,art,Glasses,centroid_relative_margin,40,0.925,0.5,0.6036036036036037
full,art,Glasses,centroid_negative_candidate_distance,40,0.925,0.5,0.5405405405405406
full,art,Glasses,centroid_negative_candidate_rank,40,0.925,0.5,0.6261261261261262
full,art,Glasses,centroid_source_class_agreement,40,0.925,0.5,0.7117117117117117
full,art,Glasses,source_weight_max_for_candidate,40,0.925,0.5,0.38738738738738737
full,art,Glasses,source_weight_negative_entropy_for_candidate,40,0.925,0.5,0.38738738738738737
full,art,Glasses,teacher_confidence,40,0.925,0.5,0.972972972972973
full,art,Glasses,teacher_probability_margin,40,0.925,0.5,0.9819819819819819
full,art,Glasses,teacher_negative_entropy,40,0.925,0.5,0.990990990990991
full,art,Hammer,centroid_class_margin,40,0.425,0.25,0.5268542199488491
full,art,Hammer,centroid_relative_margin,40,0.425,0.25,0.5140664961636828
full,art,Hammer,centroid_negative_candidate_distance,40,0.425,0.25,0.5805626598465473
full,art,Hammer,centroid_negative_candidate_rank,40,0.425,0.25,0.5319693094629157
full,art,Hammer,centroid_source_class_agreement,40,0.425,0.25,0.5473145780051151
full,art,Hammer,source_weight_max_for_candidate,40,0.425,0.25,0.4092071611253197
full,art,Hammer,source_weight_negative_entropy_for_candidate,40,0.425,0.25,0.4194373401534527
full,art,Hammer,teacher_confidence,40,0.425,0.25,0.6956521739130435
full,art,Hammer,teacher_probability_margin,40,0.425,0.25,0.6854219948849105
full,art,Hammer,teacher_negative_entropy,40,0.425,0.25,0.649616368286445
full,art,Helmet,centroid_class_margin,79,0.9367088607594937,0.8354430379746836,0.9432432432432433
full,art,Helmet,centroid_relative_margin,79,0.9367088607594937,0.8354430379746836,0.9513513513513514
full,art,Helmet,centroid_negative_candidate_distance,79,0.9367088607594937,0.8354430379746836,0.7054054054054054
full,art,Helmet,centroid_negative_candidate_rank,79,0.9367088607594937,0.8354430379746836,0.8445945945945946
full,art,Helmet,centroid_source_class_agreement,79,0.9367088607594937,0.8354430379746836,0.7081081081081081
full,art,Helmet,source_weight_max_for_candidate,79,0.9367088607594937,0.8354430379746836,0.6189189189189189
full,art,Helmet,source_weight_negative_entropy_for_candidate,79,0.9367088607594937,0.8354430379746836,0.6270270270270271
full,art,Helmet,teacher_confidence,79,0.9367088607594937,0.8354430379746836,0.8
full,art,Helmet,teacher_probability_margin,79,0.9367088607594937,0.8354430379746836,0.8702702702702703
full,art,Helmet,teacher_negative_entropy,79,0.9367088607594937,0.8354430379746836,0.7513513513513513
full,art,Kettle,centroid_class_margin,46,0.8260869565217391,0.6304347826086957,0.6710526315789473
full,art,Kettle,centroid_relative_margin,46,0.8260869565217391,0.6304347826086957,0.6644736842105263
full,art,Kettle,centroid_negative_candidate_distance,46,0.8260869565217391,0.6304347826086957,0.5953947368421053
full,art,Kettle,centroid_negative_candidate_rank,46,0.8260869565217391,0.6304347826086957,0.7582236842105263
full,art,Kettle,centroid_source_class_agreement,46,0.8260869565217391,0.6304347826086957,0.6036184210526315
full,art,Kettle,source_weight_max_for_candidate,46,0.8260869565217391,0.6304347826086957,0.40460526315789475
full,art,Kettle,source_weight_negative_entropy_for_candidate,46,0.8260869565217391,0.6304347826086957,0.40789473684210525
full,art,Kettle,teacher_confidence,46,0.8260869565217391,0.6304347826086957,0.8848684210526315
full,art,Kettle,teacher_probability_margin,46,0.8260869565217391,0.6304347826086957,0.868421052631579
full,art,Kettle,teacher_negative_entropy,46,0.8260869565217391,0.6304347826086957,0.875
full,art,Keyboard,centroid_class_margin,18,0.8888888888888888,0.7777777777777778,0.71875
full,art,Keyboard,centroid_relative_margin,18,0.8888888888888888,0.7777777777777778,0.75
full,art,Keyboard,centroid_negative_candidate_distance,18,0.8888888888888888,0.7777777777777778,0.59375
full,art,Keyboard,centroid_negative_candidate_rank,18,0.8888888888888888,0.7777777777777778,0.65625
full,art,Keyboard,centroid_source_class_agreement,18,0.8888888888888888,0.7777777777777778,0.84375
full,art,Keyboard,source_weight_max_for_candidate,18,0.8888888888888888,0.7777777777777778,0.1875
full,art,Keyboard,source_weight_negative_entropy_for_candidate,18,0.8888888888888888,0.7777777777777778,0.1875
full,art,Keyboard,teacher_confidence,18,0.8888888888888888,0.7777777777777778,0.84375
full,art,Keyboard,teacher_probability_margin,18,0.8888888888888888,0.7777777777777778,0.78125
full,art,Keyboard,teacher_negative_entropy,18,0.8888888888888888,0.7777777777777778,0.875
full,art,Knives,centroid_class_margin,72,0.8333333333333334,0.75,0.8611111111111112
full,art,Knives,centroid_relative_margin,72,0.8333333333333334,0.75,0.8638888888888889
full,art,Knives,centroid_negative_candidate_distance,72,0.8333333333333334,0.75,0.6152777777777778
full,art,Knives,centroid_negative_candidate_rank,72,0.8333333333333334,0.75,0.7034722222222223
full,art,Knives,centroid_source_class_agreement,72,0.8333333333333334,0.75,0.9486111111111111
full,art,Knives,source_weight_max_for_candidate,72,0.8333333333333334,0.75,0.625
full,art,Knives,source_weight_negative_entropy_for_candidate,72,0.8333333333333334,0.75,0.6236111111111111
full,art,Knives,teacher_confidence,72,0.8333333333333334,0.75,0.9388888888888889
full,art,Knives,teacher_probability_margin,72,0.8333333333333334,0.75,0.95
full,art,Knives,teacher_negative_entropy,72,0.8333333333333334,0.75,0.9069444444444444
full,art,Lamp_Shade,centroid_class_margin,49,0.6530612244897959,0.4489795918367347,0.5680147058823529
full,art,Lamp_Shade,centroid_relative_margin,49,0.6530612244897959,0.4489795918367347,0.5422794117647058
full,art,Lamp_Shade,centroid_negative_candidate_distance,49,0.6530612244897959,0.4489795918367347,0.4650735294117647
full,art,Lamp_Shade,centroid_negative_candidate_rank,49,0.6530612244897959,0.4489795918367347,0.5082720588235294
full,art,Lamp_Shade,centroid_source_class_agreement,49,0.6530612244897959,0.4489795918367347,0.53125
full,art,Lamp_Shade,source_weight_max_for_candidate,49,0.6530612244897959,0.4489795918367347,0.5643382352941176
full,art,Lamp_Shade,source_weight_negative_entropy_for_candidate,49,0.6530612244897959,0.4489795918367347,0.5643382352941176
full,art,Lamp_Shade,teacher_confidence,49,0.6530612244897959,0.4489795918367347,0.7665441176470589
full,art,Lamp_Shade,teacher_probability_margin,49,0.6530612244897959,0.4489795918367347,0.7610294117647058
full,art,Lamp_Shade,teacher_negative_entropy,49,0.6530612244897959,0.4489795918367347,0.7702205882352942
full,art,Laptop,centroid_class_margin,51,0.6862745098039216,0.4117647058823529,0.6214285714285714
full,art,Laptop,centroid_relative_margin,51,0.6862745098039216,0.4117647058823529,0.6571428571428571
full,art,Laptop,centroid_negative_candidate_distance,51,0.6862745098039216,0.4117647058823529,0.5071428571428571
full,art,Laptop,centroid_negative_candidate_rank,51,0.6862745098039216,0.4117647058823529,0.5553571428571429
full,art,Laptop,centroid_source_class_agreement,51,0.6862745098039216,0.4117647058823529,0.7
full,art,Laptop,source_weight_max_for_candidate,51,0.6862745098039216,0.4117647058823529,0.42678571428571427
full,art,Laptop,source_weight_negative_entropy_for_candidate,51,0.6862745098039216,0.4117647058823529,0.42857142857142855
full,art,Laptop,teacher_confidence,51,0.6862745098039216,0.4117647058823529,0.8160714285714286
full,art,Laptop,teacher_probability_margin,51,0.6862745098039216,0.4117647058823529,0.8017857142857143
full,art,Laptop,teacher_negative_entropy,51,0.6862745098039216,0.4117647058823529,0.825
full,art,Marker,centroid_class_margin,20,0.15,0.2,0.7647058823529411
full,art,Marker,centroid_relative_margin,20,0.15,0.2,0.7254901960784313
full,art,Marker,centroid_negative_candidate_distance,20,0.15,0.2,0.6274509803921569
full,art,Marker,centroid_negative_candidate_rank,20,0.15,0.2,0.8235294117647058
full,art,Marker,centroid_source_class_agreement,20,0.15,0.2,0.7156862745098039
full,art,Marker,source_weight_max_for_candidate,20,0.15,0.2,0.43137254901960786
full,art,Marker,source_weight_negative_entropy_for_candidate,20,0.15,0.2,0.43137254901960786
full,art,Marker,teacher_confidence,20,0.15,0.2,0.9411764705882353
full,art,Marker,teacher_probability_margin,20,0.15,0.2,0.9411764705882353
full,art,Marker,teacher_negative_entropy,20,0.15,0.2,0.8823529411764706
full,art,Monitor,centroid_class_margin,42,0.42857142857142855,0.19047619047619047,0.4050925925925926
full,art,Monitor,centroid_relative_margin,42,0.42857142857142855,0.19047619047619047,0.41203703703703703
full,art,Monitor,centroid_negative_candidate_distance,42,0.42857142857142855,0.19047619047619047,0.40046296296296297
full,art,Monitor,centroid_negative_candidate_rank,42,0.42857142857142855,0.19047619047619047,0.4201388888888889
full,art,Monitor,centroid_source_class_agreement,42,0.42857142857142855,0.19047619047619047,0.46412037037037035
full,art,Monitor,source_weight_max_for_candidate,42,0.42857142857142855,0.19047619047619047,0.2037037037037037
full,art,Monitor,source_weight_negative_entropy_for_candidate,42,0.42857142857142855,0.19047619047619047,0.2037037037037037
full,art,Monitor,teacher_confidence,42,0.42857142857142855,0.19047619047619047,0.5509259259259259
full,art,Monitor,teacher_probability_margin,42,0.42857142857142855,0.19047619047619047,0.5231481481481481
full,art,Monitor,teacher_negative_entropy,42,0.42857142857142855,0.19047619047619047,0.5648148148148148
full,art,Mop,centroid_class_margin,32,0.59375,0.25,0.5465587044534413
full,art,Mop,centroid_relative_margin,32,0.59375,0.25,0.5668016194331984
full,art,Mop,centroid_negative_candidate_distance,32,0.59375,0.25,0.4979757085020243
full,art,Mop,centroid_negative_candidate_rank,32,0.59375,0.25,0.5931174089068826
full,art,Mop,centroid_source_class_agreement,32,0.59375,0.25,0.6578947368421053
full,art,Mop,source_weight_max_for_candidate,32,0.59375,0.25,0.15384615384615385
full,art,Mop,source_weight_negative_entropy_for_candidate,32,0.59375,0.25,0.15384615384615385
full,art,Mop,teacher_confidence,32,0.59375,0.25,0.8947368421052632
full,art,Mop,teacher_probability_margin,32,0.59375,0.25,0.8785425101214575
full,art,Mop,teacher_negative_entropy,32,0.59375,0.25,0.902834008097166
full,art,Mouse,centroid_class_margin,18,0.8333333333333334,0.5,0.8222222222222222
full,art,Mouse,centroid_relative_margin,18,0.8333333333333334,0.5,0.8222222222222222
full,art,Mouse,centroid_negative_candidate_distance,18,0.8333333333333334,0.5,0.9111111111111111
full,art,Mouse,centroid_negative_candidate_rank,18,0.8333333333333334,0.5,0.7666666666666667
full,art,Mouse,centroid_source_class_agreement,18,0.8333333333333334,0.5,0.8333333333333334
full,art,Mouse,source_weight_max_for_candidate,18,0.8333333333333334,0.5,0.13333333333333333
full,art,Mouse,source_weight_negative_entropy_for_candidate,18,0.8333333333333334,0.5,0.1111111111111111
full,art,Mouse,teacher_confidence,18,0.8333333333333334,0.5,0.7777777777777778
full,art,Mouse,teacher_probability_margin,18,0.8333333333333334,0.5,0.8
full,art,Mouse,teacher_negative_entropy,18,0.8333333333333334,0.5,0.8
full,art,Mug,centroid_class_margin,49,0.9795918367346939,0.8979591836734694,0.6875
full,art,Mug,centroid_relative_margin,49,0.9795918367346939,0.8979591836734694,0.7083333333333334
full,art,Mug,centroid_negative_candidate_distance,49,0.9795918367346939,0.8979591836734694,0.7291666666666666
full,art,Mug,centroid_negative_candidate_rank,49,0.9795918367346939,0.8979591836734694,0.4583333333333333
full,art,Mug,centroid_source_class_agreement,49,0.9795918367346939,0.8979591836734694,0.8645833333333334
full,art,Mug,source_weight_max_for_candidate,49,0.9795918367346939,0.8979591836734694,0.2916666666666667
full,art,Mug,source_weight_negative_entropy_for_candidate,49,0.9795918367346939,0.8979591836734694,0.2916666666666667
full,art,Mug,teacher_confidence,49,0.9795918367346939,0.8979591836734694,0.9583333333333334
full,art,Mug,teacher_probability_margin,49,0.9795918367346939,0.8979591836734694,0.9791666666666666
full,art,Mug,teacher_negative_entropy,49,0.9795918367346939,0.8979591836734694,0.9375
full,art,Notebook,centroid_class_margin,21,0.7142857142857143,0.47619047619047616,0.6222222222222222
full,art,Notebook,centroid_relative_margin,21,0.7142857142857143,0.47619047619047616,0.6777777777777778
full,art,Notebook,centroid_negative_candidate_distance,21,0.7142857142857143,0.47619047619047616,0.6444444444444445
full,art,Notebook,centroid_negative_candidate_rank,21,0.7142857142857143,0.47619047619047616,0.6666666666666666
full,art,Notebook,centroid_source_class_agreement,21,0.7142857142857143,0.47619047619047616,0.7111111111111111
full,art,Notebook,source_weight_max_for_candidate,21,0.7142857142857143,0.47619047619047616,0.5333333333333333
full,art,Notebook,source_weight_negative_entropy_for_candidate,21,0.7142857142857143,0.47619047619047616,0.5222222222222223
full,art,Notebook,teacher_confidence,21,0.7142857142857143,0.47619047619047616,0.8333333333333334
full,art,Notebook,teacher_probability_margin,21,0.7142857142857143,0.47619047619047616,0.8333333333333334
full,art,Notebook,teacher_negative_entropy,21,0.7142857142857143,0.47619047619047616,0.8444444444444444
full,art,Oven,centroid_class_margin,20,0.65,0.2,0.42857142857142855
full,art,Oven,centroid_relative_margin,20,0.65,0.2,0.4065934065934066
full,art,Oven,centroid_negative_candidate_distance,20,0.65,0.2,0.43956043956043955
full,art,Oven,centroid_negative_candidate_rank,20,0.65,0.2,0.45604395604395603
full,art,Oven,centroid_source_class_agreement,20,0.65,0.2,0.5714285714285714
full,art,Oven,source_weight_max_for_candidate,20,0.65,0.2,0.5274725274725275
full,art,Oven,source_weight_negative_entropy_for_candidate,20,0.65,0.2,0.5274725274725275
full,art,Oven,teacher_confidence,20,0.65,0.2,0.8241758241758241
full,art,Oven,teacher_probability_margin,20,0.65,0.2,0.8571428571428571
full,art,Oven,teacher_negative_entropy,20,0.65,0.2,0.6923076923076923
full,art,Pan,centroid_class_margin,19,0.6842105263157895,0.3157894736842105,0.6153846153846154
full,art,Pan,centroid_relative_margin,19,0.6842105263157895,0.3157894736842105,0.7435897435897436
full,art,Pan,centroid_negative_candidate_distance,19,0.6842105263157895,0.3157894736842105,0.2692307692307692
full,art,Pan,centroid_negative_candidate_rank,19,0.6842105263157895,0.3157894736842105,0.6538461538461539
full,art,Pan,centroid_source_class_agreement,19,0.6842105263157895,0.3157894736842105,0.7307692307692307
full,art,Pan,source_weight_max_for_candidate,19,0.6842105263157895,0.3157894736842105,0.4230769230769231
full,art,Pan,source_weight_negative_entropy_for_candidate,19,0.6842105263157895,0.3157894736842105,0.4358974358974359
full,art,Pan,teacher_confidence,19,0.6842105263157895,0.3157894736842105,0.7307692307692307
full,art,Pan,teacher_probability_margin,19,0.6842105263157895,0.3157894736842105,0.782051282051282
full,art,Pan,teacher_negative_entropy,19,0.6842105263157895,0.3157894736842105,0.7564102564102564
full,art,Paper_Clip,centroid_class_margin,19,0.5789473684210527,0.42105263157894735,0.4772727272727273
full,art,Paper_Clip,centroid_relative_margin,19,0.5789473684210527,0.42105263157894735,0.5454545454545454
full,art,Paper_Clip,centroid_negative_candidate_distance,19,0.5789473684210527,0.42105263157894735,0.6818181818181818
full,art,Paper_Clip,centroid_negative_candidate_rank,19,0.5789473684210527,0.42105263157894735,0.5284090909090909
full,art,Paper_Clip,centroid_source_class_agreement,19,0.5789473684210527,0.42105263157894735,0.45454545454545453
full,art,Paper_Clip,source_weight_max_for_candidate,19,0.5789473684210527,0.42105263157894735,0.5113636363636364
full,art,Paper_Clip,source_weight_negative_entropy_for_candidate,19,0.5789473684210527,0.42105263157894735,0.48863636363636365
full,art,Paper_Clip,teacher_confidence,19,0.5789473684210527,0.42105263157894735,0.8068181818181818
full,art,Paper_Clip,teacher_probability_margin,19,0.5789473684210527,0.42105263157894735,0.8181818181818182
full,art,Paper_Clip,teacher_negative_entropy,19,0.5789473684210527,0.42105263157894735,0.8181818181818182
full,art,Pen,centroid_class_margin,20,0.45,0.1,0.5252525252525253
full,art,Pen,centroid_relative_margin,20,0.45,0.1,0.43434343434343436
full,art,Pen,centroid_negative_candidate_distance,20,0.45,0.1,0.7777777777777778
full,art,Pen,centroid_negative_candidate_rank,20,0.45,0.1,0.5505050505050505
full,art,Pen,centroid_source_class_agreement,20,0.45,0.1,0.4393939393939394
full,art,Pen,source_weight_max_for_candidate,20,0.45,0.1,0.30303030303030304
full,art,Pen,source_weight_negative_entropy_for_candidate,20,0.45,0.1,0.30303030303030304
full,art,Pen,teacher_confidence,20,0.45,0.1,0.7070707070707071
full,art,Pen,teacher_probability_margin,20,0.45,0.1,0.6767676767676768
full,art,Pen,teacher_negative_entropy,20,0.45,0.1,0.7373737373737373
full,art,Pencil,centroid_class_margin,26,0.34615384615384615,0.23076923076923078,0.5490196078431373
full,art,Pencil,centroid_relative_margin,26,0.34615384615384615,0.23076923076923078,0.6013071895424836
full,art,Pencil,centroid_negative_candidate_distance,26,0.34615384615384615,0.23076923076923078,0.477124183006536
full,art,Pencil,centroid_negative_candidate_rank,26,0.34615384615384615,0.23076923076923078,0.5751633986928104
full,art,Pencil,centroid_source_class_agreement,26,0.34615384615384615,0.23076923076923078,0.6143790849673203
full,art,Pencil,source_weight_max_for_candidate,26,0.34615384615384615,0.23076923076923078,0.35947712418300654
full,art,Pencil,source_weight_negative_entropy_for_candidate,26,0.34615384615384615,0.23076923076923078,0.3333333333333333
full,art,Pencil,teacher_confidence,26,0.34615384615384615,0.23076923076923078,0.673202614379085
full,art,Pencil,teacher_probability_margin,26,0.34615384615384615,0.23076923076923078,0.6209150326797386
full,art,Pencil,teacher_negative_entropy,26,0.34615384615384615,0.23076923076923078,0.6993464052287581
full,art,Postit_Notes,centroid_class_margin,19,0.8947368421052632,0.7894736842105263,0.5
full,art,Postit_Notes,centroid_relative_margin,19,0.8947368421052632,0.7894736842105263,0.47058823529411764
full,art,Postit_Notes,centroid_negative_candidate_distance,19,0.8947368421052632,0.7894736842105263,0.7352941176470589
full,art,Postit_Notes,centroid_negative_candidate_rank,19,0.8947368421052632,0.7894736842105263,0.6911764705882353
full,art,Postit_Notes,centroid_source_class_agreement,19,0.8947368421052632,0.7894736842105263,0.5
full,art,Postit_Notes,source_weight_max_for_candidate,19,0.8947368421052632,0.7894736842105263,0.8823529411764706
full,art,Postit_Notes,source_weight_negative_entropy_for_candidate,19,0.8947368421052632,0.7894736842105263,0.8823529411764706
full,art,Postit_Notes,teacher_confidence,19,0.8947368421052632,0.7894736842105263,0.7352941176470589
full,art,Postit_Notes,teacher_probability_margin,19,0.8947368421052632,0.7894736842105263,0.7352941176470589
full,art,Postit_Notes,teacher_negative_entropy,19,0.8947368421052632,0.7894736842105263,0.7352941176470589
full,art,Printer,centroid_class_margin,18,0.5,0.4444444444444444,0.7901234567901234
full,art,Printer,centroid_relative_margin,18,0.5,0.4444444444444444,0.7901234567901234
full,art,Printer,centroid_negative_candidate_distance,18,0.5,0.4444444444444444,0.8765432098765432
full,art,Printer,centroid_negative_candidate_rank,18,0.5,0.4444444444444444,0.7530864197530864
full,art,Printer,centroid_source_class_agreement,18,0.5,0.4444444444444444,0.7592592592592593
full,art,Printer,source_weight_max_for_candidate,18,0.5,0.4444444444444444,0.5185185185185185
full,art,Printer,source_weight_negative_entropy_for_candidate,18,0.5,0.4444444444444444,0.5061728395061729
full,art,Printer,teacher_confidence,18,0.5,0.4444444444444444,0.9135802469135802
full,art,Printer,teacher_probability_margin,18,0.5,0.4444444444444444,0.9135802469135802
full,art,Printer,teacher_negative_entropy,18,0.5,0.4444444444444444,0.8888888888888888
full,art,Push_Pin,centroid_class_margin,24,0.75,0.5833333333333334,0.8518518518518519
full,art,Push_Pin,centroid_relative_margin,24,0.75,0.5833333333333334,0.8518518518518519
full,art,Push_Pin,centroid_negative_candidate_distance,24,0.75,0.5833333333333334,0.7777777777777778
full,art,Push_Pin,centroid_negative_candidate_rank,24,0.75,0.5833333333333334,0.75
full,art,Push_Pin,centroid_source_class_agreement,24,0.75,0.5833333333333334,0.7314814814814815
full,art,Push_Pin,source_weight_max_for_candidate,24,0.75,0.5833333333333334,0.5555555555555556
full,art,Push_Pin,source_weight_negative_entropy_for_candidate,24,0.75,0.5833333333333334,0.5925925925925926
full,art,Push_Pin,teacher_confidence,24,0.75,0.5833333333333334,0.9351851851851852
full,art,Push_Pin,teacher_probability_margin,24,0.75,0.5833333333333334,0.9629629629629629
full,art,Push_Pin,teacher_negative_entropy,24,0.75,0.5833333333333334,0.9166666666666666
full,art,Radio,centroid_class_margin,47,0.8085106382978723,0.7872340425531915,0.8976608187134503
full,art,Radio,centroid_relative_margin,47,0.8085106382978723,0.7872340425531915,0.9064327485380117
full,art,Radio,centroid_negative_candidate_distance,47,0.8085106382978723,0.7872340425531915,0.7719298245614035
full,art,Radio,centroid_negative_candidate_rank,47,0.8085106382978723,0.7872340425531915,0.7923976608187134
full,art,Radio,centroid_source_class_agreement,47,0.8085106382978723,0.7872340425531915,0.9210526315789473
full,art,Radio,source_weight_max_for_candidate,47,0.8085106382978723,0.7872340425531915,0.6871345029239766
full,art,Radio,source_weight_negative_entropy_for_candidate,47,0.8085106382978723,0.7872340425531915,0.6900584795321637
full,art,Radio,teacher_confidence,47,0.8085106382978723,0.7872340425531915,0.8713450292397661
full,art,Radio,teacher_probability_margin,47,0.8085106382978723,0.7872340425531915,0.8742690058479532
full,art,Radio,teacher_negative_entropy,47,0.8085106382978723,0.7872340425531915,0.8801169590643275
full,art,Refrigerator,centroid_class_margin,49,0.7551020408163265,0.3877551020408163,0.6036036036036037
full,art,Refrigerator,centroid_relative_margin,49,0.7551020408163265,0.3877551020408163,0.5540540540540541
full,art,Refrigerator,centroid_negative_candidate_distance,49,0.7551020408163265,0.3877551020408163,0.5540540540540541
full,art,Refrigerator,centroid_negative_candidate_rank,49,0.7551020408163265,0.3877551020408163,0.6261261261261262
full,art,Refrigerator,centroid_source_class_agreement,49,0.7551020408163265,0.3877551020408163,0.5675675675675675
full,art,Refrigerator,source_weight_max_for_candidate,49,0.7551020408163265,0.3877551020408163,0.42567567567567566
full,art,Refrigerator,source_weight_negative_entropy_for_candidate,49,0.7551020408163265,0.3877551020408163,0.42342342342342343
full,art,Refrigerator,teacher_confidence,49,0.7551020408163265,0.3877551020408163,0.8018018018018018
full,art,Refrigerator,teacher_probability_margin,49,0.7551020408163265,0.3877551020408163,0.8288288288288288
full,art,Refrigerator,teacher_negative_entropy,49,0.7551020408163265,0.3877551020408163,0.75
full,art,Ruler,centroid_class_margin,15,0.6,0.5333333333333333,0.8333333333333334
full,art,Ruler,centroid_relative_margin,15,0.6,0.5333333333333333,0.8888888888888888
full,art,Ruler,centroid_negative_candidate_distance,15,0.6,0.5333333333333333,0.7592592592592593
full,art,Ruler,centroid_negative_candidate_rank,15,0.6,0.5333333333333333,0.7592592592592593
full,art,Ruler,centroid_source_class_agreement,15,0.6,0.5333333333333333,0.75
full,art,Ruler,source_weight_max_for_candidate,15,0.6,0.5333333333333333,0.7222222222222222
full,art,Ruler,source_weight_negative_entropy_for_candidate,15,0.6,0.5333333333333333,0.7592592592592593
full,art,Ruler,teacher_confidence,15,0.6,0.5333333333333333,0.9074074074074074
full,art,Ruler,teacher_probability_margin,15,0.6,0.5333333333333333,0.8518518518518519
full,art,Ruler,teacher_negative_entropy,15,0.6,0.5333333333333333,0.8888888888888888
full,art,Scissors,centroid_class_margin,20,0.7,0.3,0.6190476190476191
full,art,Scissors,centroid_relative_margin,20,0.7,0.3,0.6071428571428571
full,art,Scissors,centroid_negative_candidate_distance,20,0.7,0.3,0.5833333333333334
full,art,Scissors,centroid_negative_candidate_rank,20,0.7,0.3,0.5
full,art,Scissors,centroid_source_class_agreement,20,0.7,0.3,0.5
full,art,Scissors,source_weight_max_for_candidate,20,0.7,0.3,0.39285714285714285
full,art,Scissors,source_weight_negative_entropy_for_candidate,20,0.7,0.3,0.38095238095238093
full,art,Scissors,teacher_confidence,20,0.7,0.3,0.8571428571428571
full,art,Scissors,teacher_probability_margin,20,0.7,0.3,0.8809523809523809
full,art,Scissors,teacher_negative_entropy,20,0.7,0.3,0.7619047619047619
full,art,Screwdriver,centroid_class_margin,30,0.8,0.36666666666666664,0.4027777777777778
full,art,Screwdriver,centroid_relative_margin,30,0.8,0.36666666666666664,0.3958333333333333
full,art,Screwdriver,centroid_negative_candidate_distance,30,0.8,0.36666666666666664,0.5138888888888888
full,art,Screwdriver,centroid_negative_candidate_rank,30,0.8,0.36666666666666664,0.4756944444444444
full,art,Screwdriver,centroid_source_class_agreement,30,0.8,0.36666666666666664,0.4826388888888889
full,art,Screwdriver,source_weight_max_for_candidate,30,0.8,0.36666666666666664,0.2013888888888889
full,art,Screwdriver,source_weight_negative_entropy_for_candidate,30,0.8,0.36666666666666664,0.19444444444444445
full,art,Screwdriver,teacher_confidence,30,0.8,0.36666666666666664,0.5763888888888888
full,art,Screwdriver,teacher_probability_margin,30,0.8,0.36666666666666664,0.5625
full,art,Screwdriver,teacher_negative_entropy,30,0.8,0.36666666666666664,0.6666666666666666
full,art,Shelf,centroid_class_margin,42,0.6190476190476191,0.47619047619047616,0.5288461538461539
full,art,Shelf,centroid_relative_margin,42,0.6190476190476191,0.47619047619047616,0.5600961538461539
full,art,Shelf,centroid_negative_candidate_distance,42,0.6190476190476191,0.47619047619047616,0.20673076923076922
full,art,Shelf,centroid_negative_candidate_rank,42,0.6190476190476191,0.47619047619047616,0.6766826923076923
full,art,Shelf,centroid_source_class_agreement,42,0.6190476190476191,0.47619047619047616,0.6225961538461539
full,art,Shelf,source_weight_max_for_candidate,42,0.6190476190476191,0.47619047619047616,0.43509615384615385
full,art,Shelf,source_weight_negative_entropy_for_candidate,42,0.6190476190476191,0.47619047619047616,0.43509615384615385
full,art,Shelf,teacher_confidence,42,0.6190476190476191,0.47619047619047616,0.8341346153846154
full,art,Shelf,teacher_probability_margin,42,0.6190476190476191,0.47619047619047616,0.8100961538461539
full,art,Shelf,teacher_negative_entropy,42,0.6190476190476191,0.47619047619047616,0.8509615384615384
full,art,Sink,centroid_class_margin,41,0.7317073170731707,0.6097560975609756,0.793939393939394
full,art,Sink,centroid_relative_margin,41,0.7317073170731707,0.6097560975609756,0.7848484848484848
full,art,Sink,centroid_negative_candidate_distance,41,0.7317073170731707,0.6097560975609756,0.5060606060606061
full,art,Sink,centroid_negative_candidate_rank,41,0.7317073170731707,0.6097560975609756,0.7787878787878788
full,art,Sink,centroid_source_class_agreement,41,0.7317073170731707,0.6097560975609756,0.753030303030303
full,art,Sink,source_weight_max_for_candidate,41,0.7317073170731707,0.6097560975609756,0.5272727272727272
full,art,Sink,source_weight_negative_entropy_for_candidate,41,0.7317073170731707,0.6097560975609756,0.5272727272727272
full,art,Sink,teacher_confidence,41,0.7317073170731707,0.6097560975609756,0.9787878787878788
full,art,Sink,teacher_probability_margin,41,0.7317073170731707,0.6097560975609756,0.9848484848484849
full,art,Sink,teacher_negative_entropy,41,0.7317073170731707,0.6097560975609756,0.9606060606060606
full,art,Sneakers,centroid_class_margin,46,0.9782608695652174,0.7391304347826086,0.7333333333333333
full,art,Sneakers,centroid_relative_margin,46,0.9782608695652174,0.7391304347826086,0.7333333333333333
full,art,Sneakers,centroid_negative_candidate_distance,46,0.9782608695652174,0.7391304347826086,0.17777777777777778
full,art,Sneakers,centroid_negative_candidate_rank,46,0.9782608695652174,0.7391304347826086,0.37777777777777777
full,art,Sneakers,centroid_source_class_agreement,46,0.9782608695652174,0.7391304347826086,0.6444444444444445
full,art,Sneakers,source_weight_max_for_candidate,46,0.9782608695652174,0.7391304347826086,0.4444444444444444
full,art,Sneakers,source_weight_negative_entropy_for_candidate,46,0.9782608695652174,0.7391304347826086,0.4444444444444444
full,art,Sneakers,teacher_confidence,46,0.9782608695652174,0.7391304347826086,1.0
full,art,Sneakers,teacher_probability_margin,46,0.9782608695652174,0.7391304347826086,1.0
full,art,Sneakers,teacher_negative_entropy,46,0.9782608695652174,0.7391304347826086,1.0
full,art,Soda,centroid_class_margin,40,0.725,0.625,0.6802507836990596
full,art,Soda,centroid_relative_margin,40,0.725,0.625,0.5862068965517241
full,art,Soda,centroid_negative_candidate_distance,40,0.725,0.625,0.39184952978056425
full,art,Soda,centroid_negative_candidate_rank,40,0.725,0.625,0.5407523510971787
full,art,Soda,centroid_source_class_agreement,40,0.725,0.625,0.7272727272727273
full,art,Soda,source_weight_max_for_candidate,40,0.725,0.625,0.30094043887147337
full,art,Soda,source_weight_negative_entropy_for_candidate,40,0.725,0.625,0.29153605015673983
full,art,Soda,teacher_confidence,40,0.725,0.625,0.8620689655172413
full,art,Soda,teacher_probability_margin,40,0.725,0.625,0.8557993730407524
full,art,Soda,teacher_negative_entropy,40,0.725,0.625,0.8526645768025078
full,art,Speaker,centroid_class_margin,20,0.75,0.65,0.4666666666666667
full,art,Speaker,centroid_relative_margin,20,0.75,0.65,0.4266666666666667
full,art,Speaker,centroid_negative_candidate_distance,20,0.75,0.65,0.4266666666666667
full,art,Speaker,centroid_negative_candidate_rank,20,0.75,0.65,0.6066666666666667
full,art,Speaker,centroid_source_class_agreement,20,0.75,0.65,0.5933333333333334
full,art,Speaker,source_weight_max_for_candidate,20,0.75,0.65,0.24
full,art,Speaker,source_weight_negative_entropy_for_candidate,20,0.75,0.65,0.21333333333333335
full,art,Speaker,teacher_confidence,20,0.75,0.65,0.8533333333333334
full,art,Speaker,teacher_probability_margin,20,0.75,0.65,0.8533333333333334
full,art,Speaker,teacher_negative_entropy,20,0.75,0.65,0.8533333333333334
full,art,Spoon,centroid_class_margin,46,0.717391304347826,0.3695652173913043,0.7202797202797203
full,art,Spoon,centroid_relative_margin,46,0.717391304347826,0.3695652173913043,0.7785547785547785
full,art,Spoon,centroid_negative_candidate_distance,46,0.717391304347826,0.3695652173913043,0.5920745920745921
full,art,Spoon,centroid_negative_candidate_rank,46,0.717391304347826,0.3695652173913043,0.7424242424242424
full,art,Spoon,centroid_source_class_agreement,46,0.717391304347826,0.3695652173913043,0.7494172494172494
full,art,Spoon,source_weight_max_for_candidate,46,0.717391304347826,0.3695652173913043,0.5594405594405595
full,art,Spoon,source_weight_negative_entropy_for_candidate,46,0.717391304347826,0.3695652173913043,0.5291375291375291
full,art,Spoon,teacher_confidence,46,0.717391304347826,0.3695652173913043,0.7575757575757576
full,art,Spoon,teacher_probability_margin,46,0.717391304347826,0.3695652173913043,0.7622377622377622
full,art,Spoon,teacher_negative_entropy,46,0.717391304347826,0.3695652173913043,0.7389277389277389
full,art,TV,centroid_class_margin,40,0.8,0.7,0.83203125
full,art,TV,centroid_relative_margin,40,0.8,0.7,0.8125
full,art,TV,centroid_negative_candidate_distance,40,0.8,0.7,0.39453125
full,art,TV,centroid_negative_candidate_rank,40,0.8,0.7,0.736328125
full,art,TV,centroid_source_class_agreement,40,0.8,0.7,0.740234375
full,art,TV,source_weight_max_for_candidate,40,0.8,0.7,0.390625
full,art,TV,source_weight_negative_entropy_for_candidate,40,0.8,0.7,0.390625
full,art,TV,teacher_confidence,40,0.8,0.7,0.9296875
full,art,TV,teacher_probability_margin,40,0.8,0.7,0.9140625
full,art,TV,teacher_negative_entropy,40,0.8,0.7,0.93359375
full,art,Table,centroid_class_margin,16,0.625,0.375,0.5666666666666667
full,art,Table,centroid_relative_margin,16,0.625,0.375,0.5166666666666667
full,art,Table,centroid_negative_candidate_distance,16,0.625,0.375,0.4
full,art,Table,centroid_negative_candidate_rank,16,0.625,0.375,0.5166666666666667
full,art,Table,centroid_source_class_agreement,16,0.625,0.375,0.5416666666666666
full,art,Table,source_weight_max_for_candidate,16,0.625,0.375,0.31666666666666665
full,art,Table,source_weight_negative_entropy_for_candidate,16,0.625,0.375,0.31666666666666665
full,art,Table,teacher_confidence,16,0.625,0.375,0.65
full,art,Table,teacher_probability_margin,16,0.625,0.375,0.5833333333333334
full,art,Table,teacher_negative_entropy,16,0.625,0.375,0.7333333333333333
full,art,Telephone,centroid_class_margin,44,0.6590909090909091,0.4090909090909091,0.6873563218390805
full,art,Telephone,centroid_relative_margin,44,0.6590909090909091,0.4090909090909091,0.7011494252873564
full,art,Telephone,centroid_negative_candidate_distance,44,0.6590909090909091,0.4090909090909091,0.5494252873563218
full,art,Telephone,centroid_negative_candidate_rank,44,0.6590909090909091,0.4090909090909091,0.5896551724137931
full,art,Telephone,centroid_source_class_agreement,44,0.6590909090909091,0.4090909090909091,0.7045977011494253
full,art,Telephone,source_weight_max_for_candidate,44,0.6590909090909091,0.4090909090909091,0.5149425287356322
full,art,Telephone,source_weight_negative_entropy_for_candidate,44,0.6590909090909091,0.4090909090909091,0.5195402298850574
full,art,Telephone,teacher_confidence,44,0.6590909090909091,0.4090909090909091,0.9586206896551724
full,art,Telephone,teacher_probability_margin,44,0.6590909090909091,0.4090909090909091,0.960919540229885
full,art,Telephone,teacher_negative_entropy,44,0.6590909090909091,0.4090909090909091,0.9471264367816092
full,art,ToothBrush,centroid_class_margin,43,0.6744186046511628,0.5581395348837209,0.7019704433497537
full,art,ToothBrush,centroid_relative_margin,43,0.6744186046511628,0.5581395348837209,0.7216748768472906
full,art,ToothBrush,centroid_negative_candidate_distance,43,0.6744186046511628,0.5581395348837209,0.6600985221674877
full,art,ToothBrush,centroid_negative_candidate_rank,43,0.6744186046511628,0.5581395348837209,0.6403940886699507
full,art,ToothBrush,centroid_source_class_agreement,43,0.6744186046511628,0.5581395348837209,0.5123152709359606
full,art,ToothBrush,source_weight_max_for_candidate,43,0.6744186046511628,0.5581395348837209,0.625615763546798
full,art,ToothBrush,source_weight_negative_entropy_for_candidate,43,0.6744186046511628,0.5581395348837209,0.6206896551724138
full,art,ToothBrush,teacher_confidence,43,0.6744186046511628,0.5581395348837209,0.9655172413793104
full,art,ToothBrush,teacher_probability_margin,43,0.6744186046511628,0.5581395348837209,0.9655172413793104
full,art,ToothBrush,teacher_negative_entropy,43,0.6744186046511628,0.5581395348837209,0.9605911330049262
full,art,Toys,centroid_class_margin,20,0.85,1.0,1.0
full,art,Toys,centroid_relative_margin,20,0.85,1.0,1.0
full,art,Toys,centroid_negative_candidate_distance,20,0.85,1.0,0.7647058823529411
full,art,Toys,centroid_negative_candidate_rank,20,0.85,1.0,1.0
full,art,Toys,centroid_source_class_agreement,20,0.85,1.0,1.0
full,art,Toys,source_weight_max_for_candidate,20,0.85,1.0,0.5490196078431373
full,art,Toys,source_weight_negative_entropy_for_candidate,20,0.85,1.0,0.5490196078431373
full,art,Toys,teacher_confidence,20,0.85,1.0,0.8823529411764706
full,art,Toys,teacher_probability_margin,20,0.85,1.0,0.8627450980392157
full,art,Toys,teacher_negative_entropy,20,0.85,1.0,0.8627450980392157
full,art,Trash_Can,centroid_class_margin,21,0.6666666666666666,0.2857142857142857,0.6326530612244898
full,art,Trash_Can,centroid_relative_margin,21,0.6666666666666666,0.2857142857142857,0.6020408163265306
full,art,Trash_Can,centroid_negative_candidate_distance,21,0.6666666666666666,0.2857142857142857,0.3979591836734694
full,art,Trash_Can,centroid_negative_candidate_rank,21,0.6666666666666666,0.2857142857142857,0.5561224489795918
full,art,Trash_Can,centroid_source_class_agreement,21,0.6666666666666666,0.2857142857142857,0.576530612244898
full,art,Trash_Can,source_weight_max_for_candidate,21,0.6666666666666666,0.2857142857142857,0.5408163265306123
full,art,Trash_Can,source_weight_negative_entropy_for_candidate,21,0.6666666666666666,0.2857142857142857,0.5306122448979592
full,art,Trash_Can,teacher_confidence,21,0.6666666666666666,0.2857142857142857,0.8877551020408163
full,art,Trash_Can,teacher_probability_margin,21,0.6666666666666666,0.2857142857142857,0.8979591836734694
full,art,Trash_Can,teacher_negative_entropy,21,0.6666666666666666,0.2857142857142857,0.8367346938775511
full,art,Webcam,centroid_class_margin,16,0.875,0.6875,0.7142857142857143
full,art,Webcam,centroid_relative_margin,16,0.875,0.6875,0.6785714285714286
full,art,Webcam,centroid_negative_candidate_distance,16,0.875,0.6875,0.5714285714285714
full,art,Webcam,centroid_negative_candidate_rank,16,0.875,0.6875,0.6607142857142857
full,art,Webcam,centroid_source_class_agreement,16,0.875,0.6875,0.8214285714285714
full,art,Webcam,source_weight_max_for_candidate,16,0.875,0.6875,0.25
full,art,Webcam,source_weight_negative_entropy_for_candidate,16,0.875,0.6875,0.25
full,art,Webcam,teacher_confidence,16,0.875,0.6875,0.8571428571428571
full,art,Webcam,teacher_probability_margin,16,0.875,0.6875,0.8571428571428571
full,art,Webcam,teacher_negative_entropy,16,0.875,0.6875,0.8928571428571429
replay,clipart,Alarm_Clock,centroid_class_margin,60,0.75,0.55,0.8666666666666667
replay,clipart,Alarm_Clock,centroid_relative_margin,60,0.75,0.55,0.8562962962962963
replay,clipart,Alarm_Clock,centroid_negative_candidate_distance,60,0.75,0.55,0.6977777777777778
replay,clipart,Alarm_Clock,centroid_negative_candidate_rank,60,0.75,0.55,0.8296296296296296
replay,clipart,Alarm_Clock,centroid_source_class_agreement,60,0.75,0.55,0.8044444444444444
replay,clipart,Alarm_Clock,source_weight_max_for_candidate,60,0.75,0.55,0.22074074074074074
replay,clipart,Alarm_Clock,source_weight_negative_entropy_for_candidate,60,0.75,0.55,0.2785185185185185
replay,clipart,Alarm_Clock,teacher_confidence,60,0.75,0.55,0.9837037037037037
replay,clipart,Alarm_Clock,teacher_probability_margin,60,0.75,0.55,0.9777777777777777
replay,clipart,Alarm_Clock,teacher_negative_entropy,60,0.75,0.55,0.9822222222222222
replay,clipart,Backpack,centroid_class_margin,56,0.44642857142857145,0.05357142857142857,0.3161290322580645
replay,clipart,Backpack,centroid_relative_margin,56,0.44642857142857145,0.05357142857142857,0.352258064516129
replay,clipart,Backpack,centroid_negative_candidate_distance,56,0.44642857142857145,0.05357142857142857,0.18193548387096775
replay,clipart,Backpack,centroid_negative_candidate_rank,56,0.44642857142857145,0.05357142857142857,0.3167741935483871
replay,clipart,Backpack,centroid_source_class_agreement,56,0.44642857142857145,0.05357142857142857,0.33548387096774196
replay,clipart,Backpack,source_weight_max_for_candidate,56,0.44642857142857145,0.05357142857142857,0.6245161290322581
replay,clipart,Backpack,source_weight_negative_entropy_for_candidate,56,0.44642857142857145,0.05357142857142857,0.6219354838709678
replay,clipart,Backpack,teacher_confidence,56,0.44642857142857145,0.05357142857142857,0.9045161290322581
replay,clipart,Backpack,teacher_probability_margin,56,0.44642857142857145,0.05357142857142857,0.92
replay,clipart,Backpack,teacher_negative_entropy,56,0.44642857142857145,0.05357142857142857,0.8838709677419355
replay,clipart,Batteries,centroid_class_margin,64,0.609375,0.25,0.6471794871794871
replay,clipart,Batteries,centroid_relative_margin,64,0.609375,0.25,0.6358974358974359
replay,clipart,Batteries,centroid_negative_candidate_distance,64,0.609375,0.25,0.48717948717948717
replay,clipart,Batteries,centroid_negative_candidate_rank,64,0.609375,0.25,0.5815384615384616
replay,clipart,Batteries,centroid_source_class_agreement,64,0.609375,0.25,0.48512820512820515
replay,clipart,Batteries,source_weight_max_for_candidate,64,0.609375,0.25,0.6143589743589744
replay,clipart,Batteries,source_weight_negative_entropy_for_candidate,64,0.609375,0.25,0.5825641025641025
replay,clipart,Batteries,teacher_confidence,64,0.609375,0.25,0.8615384615384616
replay,clipart,Batteries,teacher_probability_margin,64,0.609375,0.25,0.838974358974359
replay,clipart,Batteries,teacher_negative_entropy,64,0.609375,0.25,0.8697435897435898
replay,clipart,Bed,centroid_class_margin,98,0.5204081632653061,0.02040816326530612,0.2519816437213183
replay,clipart,Bed,centroid_relative_margin,98,0.5204081632653061,0.02040816326530612,0.2911973299958281
replay,clipart,Bed,centroid_negative_candidate_distance,98,0.5204081632653061,0.02040816326530612,0.2486441385064664
replay,clipart,Bed,centroid_negative_candidate_rank,98,0.5204081632653061,0.02040816326530612,0.2261159783062161
replay,clipart,Bed,centroid_source_class_agreement,98,0.5204081632653061,0.02040816326530612,0.2928660826032541
replay,clipart,Bed,source_weight_max_for_candidate,98,0.5204081632653061,0.02040816326530612,0.49395077179808095
replay,clipart,Bed,source_weight_negative_entropy_for_candidate,98,0.5204081632653061,0.02040816326530612,0.5381727158948686
replay,clipart,Bed,teacher_confidence,98,0.5204081632653061,0.02040816326530612,0.8310387984981227
replay,clipart,Bed,teacher_probability_margin,98,0.5204081632653061,0.02040816326530612,0.8356278681685441
replay,clipart,Bed,teacher_negative_entropy,98,0.5204081632653061,0.02040816326530612,0.8160200250312891
replay,clipart,Bike,centroid_class_margin,99,0.898989898989899,0.8686868686868687,0.9820224719101124
replay,clipart,Bike,centroid_relative_margin,99,0.898989898989899,0.8686868686868687,0.9820224719101124
replay,clipart,Bike,centroid_negative_candidate_distance,99,0.898989898989899,0.8686868686868687,0.5584269662921348
replay,clipart,Bike,centroid_negative_candidate_rank,99,0.898989898989899,0.8686868686868687,0.8848314606741573
replay,clipart,Bike,centroid_source_class_agreement,99,0.898989898989899,0.8686868686868687,0.9247191011235955
replay,clipart,Bike,source_weight_max_for_candidate,99,0.898989898989899,0.8686868686868687,0.32808988764044944
replay,clipart,Bike,source_weight_negative_entropy_for_candidate,99,0.898989898989899,0.8686868686868687,0.3348314606741573
replay,clipart,Bike,teacher_confidence,99,0.898989898989899,0.8686868686868687,0.9921348314606742
replay,clipart,Bike,teacher_probability_margin,99,0.898989898989899,0.8686868686868687,0.9955056179775281
replay,clipart,Bike,teacher_negative_entropy,99,0.898989898989899,0.8686868686868687,0.9921348314606742
replay,clipart,Bottle,centroid_class_margin,99,0.3838383838383838,0.25252525252525254,0.7433132010353753
replay,clipart,Bottle,centroid_relative_margin,99,0.3838383838383838,0.25252525252525254,0.7433132010353753
replay,clipart,Bottle,centroid_negative_candidate_distance,99,0.3838383838383838,0.25252525252525254,0.4081104400345125
replay,clipart,Bottle,centroid_negative_candidate_rank,99,0.3838383838383838,0.25252525252525254,0.6822691975841243
replay,clipart,Bottle,centroid_source_class_agreement,99,0.3838383838383838,0.25252525252525254,0.770923209663503
replay,clipart,Bottle,source_weight_max_for_candidate,99,0.3838383838383838,0.25252525252525254,0.5634167385677308
replay,clipart,Bottle,source_weight_negative_entropy_for_candidate,99,0.3838383838383838,0.25252525252525254,0.5642795513373597
replay,clipart,Bottle,teacher_confidence,99,0.3838383838383838,0.25252525252525254,0.8062985332182916
replay,clipart,Bottle,teacher_probability_margin,99,0.3838383838383838,0.25252525252525254,0.7666091458153581
replay,clipart,Bottle,teacher_negative_entropy,99,0.3838383838383838,0.25252525252525254,0.8183779119930975
replay,clipart,Bucket,centroid_class_margin,73,0.6301369863013698,0.4931506849315068,0.8333333333333334
replay,clipart,Bucket,centroid_relative_margin,73,0.6301369863013698,0.4931506849315068,0.8381642512077294
replay,clipart,Bucket,centroid_negative_candidate_distance,73,0.6301369863013698,0.4931506849315068,0.6980676328502415
replay,clipart,Bucket,centroid_negative_candidate_rank,73,0.6301369863013698,0.4931506849315068,0.855877616747182
replay,clipart,Bucket,centroid_source_class_agreement,73,0.6301369863013698,0.4931506849315068,0.8007246376811594
replay,clipart,Bucket,source_weight_max_for_candidate,73,0.6301369863013698,0.4931506849315068,0.5370370370370371
replay,clipart,Bucket,source_weight_negative_entropy_for_candidate,73,0.6301369863013698,0.4931506849315068,0.5281803542673108
replay,clipart,Bucket,teacher_confidence,73,0.6301369863013698,0.4931506849315068,0.9677938808373591
replay,clipart,Bucket,teacher_probability_margin,73,0.6301369863013698,0.4931506849315068,0.9710144927536232
replay,clipart,Bucket,teacher_negative_entropy,73,0.6301369863013698,0.4931506849315068,0.962157809983897
replay,clipart,Calculator,centroid_class_margin,46,0.8478260869565217,0.6956521739130435,0.8424908424908425
replay,clipart,Calculator,centroid_relative_margin,46,0.8478260869565217,0.6956521739130435,0.8461538461538461
replay,clipart,Calculator,centroid_negative_candidate_distance,46,0.8478260869565217,0.6956521739130435,0.5018315018315018
replay,clipart,Calculator,centroid_negative_candidate_rank,46,0.8478260869565217,0.6956521739130435,0.7802197802197802
replay,clipart,Calculator,centroid_source_class_agreement,46,0.8478260869565217,0.6956521739130435,0.8388278388278388
replay,clipart,Calculator,source_weight_max_for_candidate,46,0.8478260869565217,0.6956521739130435,0.3076923076923077
replay,clipart,Calculator,source_weight_negative_entropy_for_candidate,46,0.8478260869565217,0.6956521739130435,0.31135531135531136
replay,clipart,Calculator,teacher_confidence,46,0.8478260869565217,0.6956521739130435,0.8901098901098901
replay,clipart,Calculator,teacher_probability_margin,46,0.8478260869565217,0.6956521739130435,0.8754578754578755
replay,clipart,Calculator,teacher_negative_entropy,46,0.8478260869565217,0.6956521739130435,0.8974358974358975
replay,clipart,Calendar,centroid_class_margin,78,0.7948717948717948,0.5384615384615384,0.9022177419354839
replay,clipart,Calendar,centroid_relative_margin,78,0.7948717948717948,0.5384615384615384,0.8820564516129032
replay,clipart,Calendar,centroid_negative_candidate_distance,78,0.7948717948717948,0.5384615384615384,0.7439516129032258
replay,clipart,Calendar,centroid_negative_candidate_rank,78,0.7948717948717948,0.5384615384615384,0.9007056451612904
replay,clipart,Calendar,centroid_source_class_agreement,78,0.7948717948717948,0.5384615384615384,0.9652217741935484
replay,clipart,Calendar,source_weight_max_for_candidate,78,0.7948717948717948,0.5384615384615384,0.4475806451612903
replay,clipart,Calendar,source_weight_negative_entropy_for_candidate,78,0.7948717948717948,0.5384615384615384,0.3911290322580645
replay,clipart,Calendar,teacher_confidence,78,0.7948717948717948,0.5384615384615384,0.9566532258064516
replay,clipart,Calendar,teacher_probability_margin,78,0.7948717948717948,0.5384615384615384,0.9536290322580645
replay,clipart,Calendar,teacher_negative_entropy,78,0.7948717948717948,0.5384615384615384,0.9606854838709677
replay,clipart,Candles,centroid_class_margin,99,0.6363636363636364,0.36363636363636365,0.667989417989418
replay,clipart,Candles,centroid_relative_margin,99,0.6363636363636364,0.36363636363636365,0.6759259259259259
replay,clipart,Candles,centroid_negative_candidate_distance,99,0.6363636363636364,0.36363636363636365,0.345679012345679
replay,clipart,Candles,centroid_negative_candidate_rank,99,0.6363636363636364,0.36363636363636365,0.5932539682539683
replay,clipart,Candles,centroid_source_class_agreement,99,0.6363636363636364,0.36363636363636365,0.6803350970017636
replay,clipart,Candles,source_weight_max_for_candidate,99,0.6363636363636364,0.36363636363636365,0.5462962962962963
replay,clipart,Candles,source_weight_negative_entropy_for_candidate,99,0.6363636363636364,0.36363636363636365,0.5595238095238095
replay,clipart,Candles,teacher_confidence,99,0.6363636363636364,0.36363636363636365,0.9241622574955908
replay,clipart,Candles,teacher_probability_margin,99,0.6363636363636364,0.36363636363636365,0.9126984126984127
replay,clipart,Candles,teacher_negative_entropy,99,0.6363636363636364,0.36363636363636365,0.9334215167548501
replay,clipart,Chair,centroid_class_margin,99,0.696969696969697,0.20202020202020202,0.5917874396135265
replay,clipart,Chair,centroid_relative_margin,99,0.696969696969697,0.20202020202020202,0.5801932367149758
replay,clipart,Chair,centroid_negative_candidate_distance,99,0.696969696969697,0.20202020202020202,0.5531400966183575
replay,clipart,Chair,centroid_negative_candidate_rank,99,0.696969696969697,0.20202020202020202,0.5444444444444444
replay,clipart,Chair,centroid_source_class_agreement,99,0.696969696969697,0.20202020202020202,0.6099033816425121
replay,clipart,Chair,source_weight_max_for_candidate,99,0.696969696969697,0.20202020202020202,0.2990338164251208
replay,clipart,Chair,source_weight_negative_entropy_for_candidate,99,0.696969696969697,0.20202020202020202,0.28743961352657005
replay,clipart,Chair,teacher_confidence,99,0.696969696969697,0.20202020202020202,0.9246376811594202
replay,clipart,Chair,teacher_probability_margin,99,0.696969696969697,0.20202020202020202,0.927536231884058
replay,clipart,Chair,teacher_negative_entropy,99,0.696969696969697,0.20202020202020202,0.8922705314009662
replay,clipart,Clipboards,centroid_class_margin,40,0.275,0.2,0.3385579937304075
replay,clipart,Clipboards,centroid_relative_margin,40,0.275,0.2,0.3385579937304075
replay,clipart,Clipboards,centroid_negative_candidate_distance,40,0.275,0.2,0.3981191222570533
replay,clipart,Clipboards,centroid_negative_candidate_rank,40,0.275,0.2,0.4561128526645768
replay,clipart,Clipboards,centroid_source_class_agreement,40,0.275,0.2,0.5768025078369906
replay,clipart,Clipboards,source_weight_max_for_candidate,40,0.275,0.2,0.8307210031347962
replay,clipart,Clipboards,source_weight_negative_entropy_for_candidate,40,0.275,0.2,0.8181818181818182
replay,clipart,Clipboards,teacher_confidence,40,0.275,0.2,0.6739811912225705
replay,clipart,Clipboards,teacher_probability_margin,40,0.275,0.2,0.6959247648902821
replay,clipart,Clipboards,teacher_negative_entropy,40,0.275,0.2,0.6551724137931034
replay,clipart,Computer,centroid_class_margin,99,0.3434343434343434,0.2828282828282828,0.5737556561085972
replay,clipart,Computer,centroid_relative_margin,99,0.3434343434343434,0.2828282828282828,0.5796380090497738
replay,clipart,Computer,centroid_negative_candidate_distance,99,0.3434343434343434,0.2828282828282828,0.38823529411764707
replay,clipart,Computer,centroid_negative_candidate_rank,99,0.3434343434343434,0.2828282828282828,0.5187782805429865
replay,clipart,Computer,centroid_source_class_agreement,99,0.3434343434343434,0.2828282828282828,0.6072398190045248
replay,clipart,Computer,source_weight_max_for_candidate,99,0.3434343434343434,0.2828282828282828,0.38190045248868776
replay,clipart,Computer,source_weight_negative_entropy_for_candidate,99,0.3434343434343434,0.2828282828282828,0.3764705882352941
replay,clipart,Computer,teacher_confidence,99,0.3434343434343434,0.2828282828282828,0.5135746606334841
replay,clipart,Computer,teacher_probability_margin,99,0.3434343434343434,0.2828282828282828,0.5199095022624435
replay,clipart,Computer,teacher_negative_entropy,99,0.3434343434343434,0.2828282828282828,0.5
replay,clipart,Couch,centroid_class_margin,64,0.40625,0.1875,0.7661943319838057
replay,clipart,Couch,centroid_relative_margin,64,0.40625,0.1875,0.7813765182186235
replay,clipart,Couch,centroid_negative_candidate_distance,64,0.40625,0.1875,0.7246963562753036
replay,clipart,Couch,centroid_negative_candidate_rank,64,0.40625,0.1875,0.7803643724696356
replay,clipart,Couch,centroid_source_class_agreement,64,0.40625,0.1875,0.6518218623481782
replay,clipart,Couch,source_weight_max_for_candidate,64,0.40625,0.1875,0.5030364372469636
replay,clipart,Couch,source_weight_negative_entropy_for_candidate,64,0.40625,0.1875,0.5334008097165992
replay,clipart,Couch,teacher_confidence,64,0.40625,0.1875,0.8775303643724697
replay,clipart,Couch,teacher_probability_margin,64,0.40625,0.1875,0.8259109311740891
replay,clipart,Couch,teacher_negative_entropy,64,0.40625,0.1875,0.9210526315789473
replay,clipart,Curtains,centroid_class_margin,42,0.5714285714285714,0.2619047619047619,0.6527777777777778
replay,clipart,Curtains,centroid_relative_margin,42,0.5714285714285714,0.2619047619047619,0.6759259259259259
replay,clipart,Curtains,centroid_negative_candidate_distance,42,0.5714285714285714,0.2619047619047619,0.5347222222222222
replay,clipart,Curtains,centroid_negative_candidate_rank,42,0.5714285714285714,0.2619047619047619,0.6527777777777778
replay,clipart,Curtains,centroid_source_class_agreement,42,0.5714285714285714,0.2619047619047619,0.5208333333333334
replay,clipart,Curtains,source_weight_max_for_candidate,42,0.5714285714285714,0.2619047619047619,0.4722222222222222
replay,clipart,Curtains,source_weight_negative_entropy_for_candidate,42,0.5714285714285714,0.2619047619047619,0.4722222222222222
replay,clipart,Curtains,teacher_confidence,42,0.5714285714285714,0.2619047619047619,0.8541666666666666
replay,clipart,Curtains,teacher_probability_margin,42,0.5714285714285714,0.2619047619047619,0.8726851851851852
replay,clipart,Curtains,teacher_negative_entropy,42,0.5714285714285714,0.2619047619047619,0.8310185185185185
replay,clipart,Desk_Lamp,centroid_class_margin,41,0.1951219512195122,0.21951219512195122,0.678030303030303
replay,clipart,Desk_Lamp,centroid_relative_margin,41,0.1951219512195122,0.21951219512195122,0.6477272727272727
replay,clipart,Desk_Lamp,centroid_negative_candidate_distance,41,0.1951219512195122,0.21951219512195122,0.7424242424242424
replay,clipart,Desk_Lamp,centroid_negative_candidate_rank,41,0.1951219512195122,0.21951219512195122,0.625
replay,clipart,Desk_Lamp,centroid_source_class_agreement,41,0.1951219512195122,0.21951219512195122,0.6666666666666666
replay,clipart,Desk_Lamp,source_weight_max_for_candidate,41,0.1951219512195122,0.21951219512195122,0.15151515151515152
replay,clipart,Desk_Lamp,source_weight_negative_entropy_for_candidate,41,0.1951219512195122,0.21951219512195122,0.14772727272727273
replay,clipart,Desk_Lamp,teacher_confidence,41,0.1951219512195122,0.21951219512195122,0.4659090909090909
replay,clipart,Desk_Lamp,teacher_probability_margin,41,0.1951219512195122,0.21951219512195122,0.42045454545454547
replay,clipart,Desk_Lamp,teacher_negative_entropy,41,0.1951219512195122,0.21951219512195122,0.4810606060606061
replay,clipart,Drill,centroid_class_margin,48,0.5,0.4583333333333333,0.7916666666666666
replay,clipart,Drill,centroid_relative_margin,48,0.5,0.4583333333333333,0.8072916666666666
replay,clipart,Drill,centroid_negative_candidate_distance,48,0.5,0.4583333333333333,0.4583333333333333
replay,clipart,Drill,centroid_negative_candidate_rank,48,0.5,0.4583333333333333,0.7638888888888888
replay,clipart,Drill,centroid_source_class_agreement,48,0.5,0.4583333333333333,0.7682291666666666
replay,clipart,Drill,source_weight_max_for_candidate,48,0.5,0.4583333333333333,0.625
replay,clipart,Drill,source_weight_negative_entropy_for_candidate,48,0.5,0.4583333333333333,0.6336805555555556
replay,clipart,Drill,teacher_confidence,48,0.5,0.4583333333333333,0.8263888888888888
replay,clipart,Drill,teacher_probability_margin,48,0.5,0.4583333333333333,0.7881944444444444
replay,clipart,Drill,teacher_negative_entropy,48,0.5,0.4583333333333333,0.8541666666666666
replay,clipart,Eraser,centroid_class_margin,40,0.275,0.025,0.3667711598746082
replay,clipart,Eraser,centroid_relative_margin,40,0.275,0.025,0.3730407523510972
replay,clipart,Eraser,centroid_negative_candidate_distance,40,0.275,0.025,0.3072100313479624
replay,clipart,Eraser,centroid_negative_candidate_rank,40,0.275,0.025,0.3949843260188088
replay,clipart,Eraser,centroid_source_class_agreement,40,0.275,0.025,0.2836990595611285
replay,clipart,Eraser,source_weight_max_for_candidate,40,0.275,0.025,0.15673981191222572
replay,clipart,Eraser,source_weight_negative_entropy_for_candidate,40,0.275,0.025,0.15047021943573669
replay,clipart,Eraser,teacher_confidence,40,0.275,0.025,0.5579937304075235
replay,clipart,Eraser,teacher_probability_margin,40,0.275,0.025,0.6238244514106583
replay,clipart,Eraser,teacher_negative_entropy,40,0.275,0.025,0.5579937304075235
replay,clipart,Exit_Sign,centroid_class_margin,41,0.9512195121951219,0.8780487804878049,0.9615384615384616
replay,clipart,Exit_Sign,centroid_relative_margin,41,0.9512195121951219,0.8780487804878049,0.9102564102564102
replay,clipart,Exit_Sign,centroid_negative_candidate_distance,41,0.9512195121951219,0.8780487804878049,0.5641025641025641
replay,clipart,Exit_Sign,centroid_negative_candidate_rank,41,0.9512195121951219,0.8780487804878049,0.7307692307692307
replay,clipart,Exit_Sign,centroid_source_class_agreement,41,0.9512195121951219,0.8780487804878049,0.9935897435897436
replay,clipart,Exit_Sign,source_weight_max_for_candidate,41,0.9512195121951219,0.8780487804878049,0.24358974358974358
replay,clipart,Exit_Sign,source_weight_negative_entropy_for_candidate,41,0.9512195121951219,0.8780487804878049,0.19230769230769232
replay,clipart,Exit_Sign,teacher_confidence,41,0.9512195121951219,0.8780487804878049,1.0
replay,clipart,Exit_Sign,teacher_probability_margin,41,0.9512195121951219,0.8780487804878049,0.9871794871794872
replay,clipart,Exit_Sign,teacher_negative_entropy,41,0.9512195121951219,0.8780487804878049,0.9871794871794872
replay,clipart,Fan,centroid_class_margin,50,0.42,0.26,0.6288998357963875
replay,clipart,Fan,centroid_relative_margin,50,0.42,0.26,0.6124794745484401
replay,clipart,Fan,centroid_negative_candidate_distance,50,0.42,0.26,0.4794745484400657
replay,clipart,Fan,centroid_negative_candidate_rank,50,0.42,0.26,0.69376026272578
replay,clipart,Fan,centroid_source_class_agreement,50,0.42,0.26,0.625615763546798
replay,clipart,Fan,source_weight_max_for_candidate,50,0.42,0.26,0.3924466338259442
replay,clipart,Fan,source_weight_negative_entropy_for_candidate,50,0.42,0.26,0.3973727422003284
replay,clipart,Fan,teacher_confidence,50,0.42,0.26,0.8407224958949097
replay,clipart,Fan,teacher_probability_margin,50,0.42,0.26,0.8045977011494253
replay,clipart,Fan,teacher_negative_entropy,50,0.42,0.26,0.8407224958949097
replay,clipart,File_Cabinet,centroid_class_margin,40,0.6,0.375,0.8151041666666666
replay,clipart,File_Cabinet,centroid_relative_margin,40,0.6,0.375,0.8307291666666666
replay,clipart,File_Cabinet,centroid_negative_candidate_distance,40,0.6,0.375,0.7161458333333334
replay,clipart,File_Cabinet,centroid_negative_candidate_rank,40,0.6,0.375,0.8606770833333334
replay,clipart,File_Cabinet,centroid_source_class_agreement,40,0.6,0.375,0.7486979166666666
replay,clipart,File_Cabinet,source_weight_max_for_candidate,40,0.6,0.375,0.5729166666666666
replay,clipart,File_Cabinet,source_weight_negative_entropy_for_candidate,40,0.6,0.375,0.5651041666666666
replay,clipart,File_Cabinet,teacher_confidence,40,0.6,0.375,0.8854166666666666
replay,clipart,File_Cabinet,teacher_probability_margin,40,0.6,0.375,0.9114583333333334
replay,clipart,File_Cabinet,teacher_negative_entropy,40,0.6,0.375,0.8125
replay,clipart,Flipflops,centroid_class_margin,40,0.925,0.125,0.18018018018018017
replay,clipart,Flipflops,centroid_relative_margin,40,0.925,0.125,0.24324324324324326
replay,clipart,Flipflops,centroid_negative_candidate_distance,40,0.925,0.125,0.3783783783783784
replay,clipart,Flipflops,centroid_negative_candidate_rank,40,0.925,0.125,0.15315315315315314
replay,clipart,Flipflops,centroid_source_class_agreement,40,0.925,0.125,0.3108108108108108
replay,clipart,Flipflops,source_weight_max_for_candidate,40,0.925,0.125,0.036036036036036036
replay,clipart,Flipflops,source_weight_negative_entropy_for_candidate,40,0.925,0.125,0.036036036036036036
replay,clipart,Flipflops,teacher_confidence,40,0.925,0.125,0.9009009009009009
replay,clipart,Flipflops,teacher_probability_margin,40,0.925,0.125,0.9099099099099099
replay,clipart,Flipflops,teacher_negative_entropy,40,0.925,0.125,0.8468468468468469
replay,clipart,Flowers,centroid_class_margin,99,0.797979797979798,0.5252525252525253,0.8246835443037974
replay,clipart,Flowers,centroid_relative_margin,99,0.797979797979798,0.5252525252525253,0.810126582278481
replay,clipart,Flowers,centroid_negative_candidate_distance,99,0.797979797979798,0.5252525252525253,0.5360759493670886
replay,clipart,Flowers,centroid_negative_candidate_rank,99,0.797979797979798,0.5252525252525253,0.7455696202531645
replay,clipart,Flowers,centroid_source_class_agreement,99,0.797979797979798,0.5252525252525253,0.760759493670886
replay,clipart,Flowers,source_weight_max_for_candidate,99,0.797979797979798,0.5252525252525253,0.4253164556962025
replay,clipart,Flowers,source_weight_negative_entropy_for_candidate,99,0.797979797979798,0.5252525252525253,0.429746835443038
replay,clipart,Flowers,teacher_confidence,99,0.797979797979798,0.5252525252525253,0.9734177215189873
replay,clipart,Flowers,teacher_probability_margin,99,0.797979797979798,0.5252525252525253,0.9645569620253165
replay,clipart,Flowers,teacher_negative_entropy,99,0.797979797979798,0.5252525252525253,0.9645569620253165
replay,clipart,Folder,centroid_class_margin,99,0.7575757575757576,0.9494949494949495,0.9938888888888889
replay,clipart,Folder,centroid_relative_margin,99,0.7575757575757576,0.9494949494949495,0.9944444444444445
replay,clipart,Folder,centroid_negative_candidate_distance,99,0.7575757575757576,0.9494949494949495,0.9122222222222223
replay,clipart,Folder,centroid_negative_candidate_rank,99,0.7575757575757576,0.9494949494949495,0.9561111111111111
replay,clipart,Folder,centroid_source_class_agreement,99,0.7575757575757576,0.9494949494949495,0.9072222222222223
replay,clipart,Folder,source_weight_max_for_candidate,99,0.7575757575757576,0.9494949494949495,0.5755555555555556
replay,clipart,Folder,source_weight_negative_entropy_for_candidate,99,0.7575757575757576,0.9494949494949495,0.58
replay,clipart,Folder,teacher_confidence,99,0.7575757575757576,0.9494949494949495,0.8255555555555556
replay,clipart,Folder,teacher_probability_margin,99,0.7575757575757576,0.9494949494949495,0.8166666666666667
replay,clipart,Folder,teacher_negative_entropy,99,0.7575757575757576,0.9494949494949495,0.8105555555555556
replay,clipart,Fork,centroid_class_margin,61,0.5409836065573771,0.26229508196721313,0.5735930735930735
replay,clipart,Fork,centroid_relative_margin,61,0.5409836065573771,0.26229508196721313,0.5476190476190477
replay,clipart,Fork,centroid_negative_candidate_distance,61,0.5409836065573771,0.26229508196721313,0.5216450216450217
replay,clipart,Fork,centroid_negative_candidate_rank,61,0.5409836065573771,0.26229508196721313,0.5535714285714286
replay,clipart,Fork,centroid_source_class_agreement,61,0.5409836065573771,0.26229508196721313,0.6158008658008658
replay,clipart,Fork,source_weight_max_for_candidate,61,0.5409836065573771,0.26229508196721313,0.30952380952380953
replay,clipart,Fork,source_weight_negative_entropy_for_candidate,61,0.5409836065573771,0.26229508196721313,0.3246753246753247
replay,clipart,Fork,teacher_confidence,61,0.5409836065573771,0.26229508196721313,0.8560606060606061
replay,clipart,Fork,teacher_probability_margin,61,0.5409836065573771,0.26229508196721313,0.8636363636363636
replay,clipart,Fork,teacher_negative_entropy,61,0.5409836065573771,0.26229508196721313,0.8127705627705628
replay,clipart,Glasses,centroid_class_margin,52,0.8269230769230769,0.6923076923076923,0.8785529715762274
replay,clipart,Glasses,centroid_relative_margin,52,0.8269230769230769,0.6923076923076923,0.8992248062015504
replay,clipart,Glasses,centroid_negative_candidate_distance,52,0.8269230769230769,0.6923076923076923,0.5607235142118863
replay,clipart,Glasses,centroid_negative_candidate_rank,52,0.8269230769230769,0.6923076923076923,0.8552971576227391
replay,clipart,Glasses,centroid_source_class_agreement,52,0.8269230769230769,0.6923076923076923,0.8591731266149871
replay,clipart,Glasses,source_weight_max_for_candidate,52,0.8269230769230769,0.6923076923076923,0.46770025839793283
replay,clipart,Glasses,source_weight_negative_entropy_for_candidate,52,0.8269230769230769,0.6923076923076923,0.5064599483204134
replay,clipart,Glasses,teacher_confidence,52,0.8269230769230769,0.6923076923076923,0.8940568475452196
replay,clipart,Glasses,teacher_probability_margin,52,0.8269230769230769,0.6923076923076923,0.8992248062015504
replay,clipart,Glasses,teacher_negative_entropy,52,0.8269230769230769,0.6923076923076923,0.896640826873385
replay,clipart,Hammer,centroid_class_margin,99,0.5454545454545454,0.3939393939393939,0.7748971193415638
replay,clipart,Hammer,centroid_relative_margin,99,0.5454545454545454,0.3939393939393939,0.7613168724279835
replay,clipart,Hammer,centroid_negative_candidate_distance,99,0.5454545454545454,0.3939393939393939,0.7522633744855967
replay,clipart,Hammer,centroid_negative_candidate_rank,99,0.5454545454545454,0.3939393939393939,0.7594650205761316
replay,clipart,Hammer,centroid_source_class_agreement,99,0.5454545454545454,0.3939393939393939,0.6786008230452675
replay,clipart,Hammer,source_weight_max_for_candidate,99,0.5454545454545454,0.3939393939393939,0.48641975308641977
replay,clipart,Hammer,source_weight_negative_entropy_for_candidate,99,0.5454545454545454,0.3939393939393939,0.505761316872428
replay,clipart,Hammer,teacher_confidence,99,0.5454545454545454,0.3939393939393939,0.7489711934156379
replay,clipart,Hammer,teacher_probability_margin,99,0.5454545454545454,0.3939393939393939,0.725925925925926
replay,clipart,Hammer,teacher_negative_entropy,99,0.5454545454545454,0.3939393939393939,0.7617283950617284
replay,clipart,Helmet,centroid_class_margin,69,0.6521739130434783,0.2318840579710145,0.5981481481481481
replay,clipart,Helmet,centroid_relative_margin,69,0.6521739130434783,0.2318840579710145,0.5574074074074075
replay,clipart,Helmet,centroid_negative_candidate_distance,69,0.6521739130434783,0.2318840579710145,0.46574074074074073
replay,clipart,Helmet,centroid_negative_candidate_rank,69,0.6521739130434783,0.2318840579710145,0.5666666666666667
replay,clipart,Helmet,centroid_source_class_agreement,69,0.6521739130434783,0.2318840579710145,0.6527777777777778
replay,clipart,Helmet,source_weight_max_for_candidate,69,0.6521739130434783,0.2318840579710145,0.3814814814814815
replay,clipart,Helmet,source_weight_negative_entropy_for_candidate,69,0.6521739130434783,0.2318840579710145,0.3787037037037037
replay,clipart,Helmet,teacher_confidence,69,0.6521739130434783,0.2318840579710145,0.837037037037037
replay,clipart,Helmet,teacher_probability_margin,69,0.6521739130434783,0.2318840579710145,0.8425925925925926
replay,clipart,Helmet,teacher_negative_entropy,69,0.6521739130434783,0.2318840579710145,0.8092592592592592
replay,clipart,Kettle,centroid_class_margin,40,0.725,0.125,0.5329153605015674
replay,clipart,Kettle,centroid_relative_margin,40,0.725,0.125,0.5172413793103449
replay,clipart,Kettle,centroid_negative_candidate_distance,40,0.725,0.125,0.47335423197492166
replay,clipart,Kettle,centroid_negative_candidate_rank,40,0.725,0.125,0.5376175548589341
replay,clipart,Kettle,centroid_source_class_agreement,40,0.725,0.125,0.4561128526645768
replay,clipart,Kettle,source_weight_max_for_candidate,40,0.725,0.125,0.4608150470219436
replay,clipart,Kettle,source_weight_negative_entropy_for_candidate,40,0.725,0.125,0.4702194357366771
replay,clipart,Kettle,teacher_confidence,40,0.725,0.125,0.8683385579937304
replay,clipart,Kettle,teacher_probability_margin,40,0.725,0.125,0.8495297805642633
replay,clipart,Kettle,teacher_negative_entropy,40,0.725,0.125,0.8495297805642633
replay,clipart,Keyboard,centroid_class_margin,99,0.7373737373737373,0.2222222222222222,0.4673340358271865
replay,clipart,Keyboard,centroid_relative_margin,99,0.7373737373737373,0.2222222222222222,0.4957850368809273
replay,clipart,Keyboard,centroid_negative_candidate_distance,99,0.7373737373737373,0.2222222222222222,0.43045310853530033
replay,clipart,Keyboard,centroid_negative_candidate_rank,99,0.7373737373737373,0.2222222222222222,0.4214963119072708
replay,clipart,Keyboard,centroid_source_class_agreement,99,0.7373737373737373,0.2222222222222222,0.43888303477344576
replay,clipart,Keyboard,source_weight_max_for_candidate,99,0.7373737373737373,0.2222222222222222,0.5732349841938883
replay,clipart,Keyboard,source_weight_negative_entropy_for_candidate,99,0.7373737373737373,0.2222222222222222,0.565331928345627
replay,clipart,Keyboard,teacher_confidence,99,0.7373737373737373,0.2222222222222222,0.8972602739726028
replay,clipart,Keyboard,teacher_probability_margin,99,0.7373737373737373,0.2222222222222222,0.9188619599578504
replay,clipart,Keyboard,teacher_negative_entropy,99,0.7373737373737373,0.2222222222222222,0.8624868282402529
replay,clipart,Knives,centroid_class_margin,53,0.4528301886792453,0.11320754716981132,0.3620689655172414
replay,clipart,Knives,centroid_relative_margin,53,0.4528301886792453,0.11320754716981132,0.34626436781609193
replay,clipart,Knives,centroid_negative_candidate_distance,53,0.4528301886792453,0.11320754716981132,0.4410919540229885
replay,clipart,Knives,centroid_negative_candidate_rank,53,0.4528301886792453,0.11320754716981132,0.3994252873563218
replay,clipart,Knives,centroid_source_class_agreement,53,0.4528301886792453,0.11320754716981132,0.5086206896551724
replay,clipart,Knives,source_weight_max_for_candidate,53,0.4528301886792453,0.11320754716981132,0.5603448275862069
replay,clipart,Knives,source_weight_negative_entropy_for_candidate,53,0.4528301886792453,0.11320754716981132,0.5359195402298851
replay,clipart,Knives,teacher_confidence,53,0.4528301886792453,0.11320754716981132,0.8275862068965517
replay,clipart,Knives,teacher_probability_margin,53,0.4528301886792453,0.11320754716981132,0.8189655172413793
replay,clipart,Knives,teacher_negative_entropy,53,0.4528301886792453,0.11320754716981132,0.8333333333333334
replay,clipart,Lamp_Shade,centroid_class_margin,40,0.675,0.225,0.5783475783475783
replay,clipart,Lamp_Shade,centroid_relative_margin,40,0.675,0.225,0.5726495726495726
replay,clipart,Lamp_Shade,centroid_negative_candidate_distance,40,0.675,0.225,0.42450142450142453
replay,clipart,Lamp_Shade,centroid_negative_candidate_rank,40,0.675,0.225,0.5384615384615384
replay,clipart,Lamp_Shade,centroid_source_class_agreement,40,0.675,0.225,0.443019943019943
replay,clipart,Lamp_Shade,source_weight_max_for_candidate,40,0.675,0.225,0.7407407407407407
replay,clipart,Lamp_Shade,source_weight_negative_entropy_for_candidate,40,0.675,0.225,0.7207977207977208
replay,clipart,Lamp_Shade,teacher_confidence,40,0.675,0.225,0.7977207977207977
replay,clipart,Lamp_Shade,teacher_probability_margin,40,0.675,0.225,0.7948717948717948
replay,clipart,Lamp_Shade,teacher_negative_entropy,40,0.675,0.225,0.7749287749287749
replay,clipart,Laptop,centroid_class_margin,99,0.5757575757575758,0.3333333333333333,0.5964912280701754
replay,clipart,Laptop,centroid_relative_margin,99,0.5757575757575758,0.3333333333333333,0.576858813700919
replay,clipart,Laptop,centroid_negative_candidate_distance,99,0.5757575757575758,0.3333333333333333,0.6211361737677528
replay,clipart,Laptop,centroid_negative_candidate_rank,99,0.5757575757575758,0.3333333333333333,0.6322055137844611
replay,clipart,Laptop,centroid_source_class_agreement,99,0.5757575757575758,0.3333333333333333,0.6052631578947368
replay,clipart,Laptop,source_weight_max_for_candidate,99,0.5757575757575758,0.3333333333333333,0.4076858813700919
replay,clipart,Laptop,source_weight_negative_entropy_for_candidate,99,0.5757575757575758,0.3333333333333333,0.40726817042606517
replay,clipart,Laptop,teacher_confidence,99,0.5757575757575758,0.3333333333333333,0.8951545530492899
replay,clipart,Laptop,teacher_probability_margin,99,0.5757575757575758,0.3333333333333333,0.8500417710944027
replay,clipart,Laptop,teacher_negative_entropy,99,0.5757575757575758,0.3333333333333333,0.9139515455304928
replay,clipart,Marker,centroid_class_margin,71,0.22535211267605634,0.08450704225352113,0.6875
replay,clipart,Marker,centroid_relative_margin,71,0.22535211267605634,0.08450704225352113,0.696590909090909
replay,clipart,Marker,centroid_negative_candidate_distance,71,0.22535211267605634,0.08450704225352113,0.47045454545454546
replay,clipart,Marker,centroid_negative_candidate_rank,71,0.22535211267605634,0.08450704225352113,0.6693181818181818
replay,clipart,Marker,centroid_source_class_agreement,71,0.22535211267605634,0.08450704225352113,0.5431818181818182
replay,clipart,Marker,source_weight_max_for_candidate,71,0.22535211267605634,0.08450704225352113,0.5647727272727273
replay,clipart,Marker,source_weight_negative_entropy_for_candidate,71,0.22535211267605634,0.08450704225352113,0.5613636363636364
replay,clipart,Marker,teacher_confidence,71,0.22535211267605634,0.08450704225352113,0.6022727272727273
replay,clipart,Marker,teacher_probability_margin,71,0.22535211267605634,0.08450704225352113,0.5886363636363636
replay,clipart,Marker,teacher_negative_entropy,71,0.22535211267605634,0.08450704225352113,0.6579545454545455
replay,clipart,Monitor,centroid_class_margin,99,0.696969696969697,0.37373737373737376,0.6748792270531401
replay,clipart,Monitor,centroid_relative_margin,99,0.696969696969697,0.37373737373737376,0.6729468599033817
replay,clipart,Monitor,centroid_negative_candidate_distance,99,0.696969696969697,0.37373737373737376,0.576328502415459
replay,clipart,Monitor,centroid_negative_candidate_rank,99,0.696969696969697,0.37373737373737376,0.6985507246376812
replay,clipart,Monitor,centroid_source_class_agreement,99,0.696969696969697,0.37373737373737376,0.4857487922705314
replay,clipart,Monitor,source_weight_max_for_candidate,99,0.696969696969697,0.37373737373737376,0.6400966183574879
replay,clipart,Monitor,source_weight_negative_entropy_for_candidate,99,0.696969696969697,0.37373737373737376,0.6536231884057971
replay,clipart,Monitor,teacher_confidence,99,0.696969696969697,0.37373737373737376,0.8729468599033816
replay,clipart,Monitor,teacher_probability_margin,99,0.696969696969697,0.37373737373737376,0.8265700483091788
replay,clipart,Monitor,teacher_negative_entropy,99,0.696969696969697,0.37373737373737376,0.8106280193236715
replay,clipart,Mop,centroid_class_margin,40,0.25,0.325,0.9366666666666666
replay,clipart,Mop,centroid_relative_margin,40,0.25,0.325,0.9433333333333334
replay,clipart,Mop,centroid_negative_candidate_distance,40,0.25,0.325,0.6466666666666666
replay,clipart,Mop,centroid_negative_candidate_rank,40,0.25,0.325,0.9066666666666666
replay,clipart,Mop,centroid_source_class_agreement,40,0.25,0.325,0.9033333333333333
replay,clipart,Mop,source_weight_max_for_candidate,40,0.25,0.325,0.47
replay,clipart,Mop,source_weight_negative_entropy_for_candidate,40,0.25,0.325,0.5033333333333333
replay,clipart,Mop,teacher_confidence,40,0.25,0.325,0.64
replay,clipart,Mop,teacher_probability_margin,40,0.25,0.325,0.5966666666666667
replay,clipart,Mop,teacher_negative_entropy,40,0.25,0.325,0.6533333333333333
replay,clipart,Mouse,centroid_class_margin,76,0.47368421052631576,0.2631578947368421,0.8618055555555556
replay,clipart,Mouse,centroid_relative_margin,76,0.47368421052631576,0.2631578947368421,0.8458333333333333
replay,clipart,Mouse,centroid_negative_candidate_distance,76,0.47368421052631576,0.2631578947368421,0.6958333333333333
replay,clipart,Mouse,centroid_negative_candidate_rank,76,0.47368421052631576,0.2631578947368421,0.8354166666666667
replay,clipart,Mouse,centroid_source_class_agreement,76,0.47368421052631576,0.2631578947368421,0.69375
replay,clipart,Mouse,source_weight_max_for_candidate,76,0.47368421052631576,0.2631578947368421,0.46597222222222223
replay,clipart,Mouse,source_weight_negative_entropy_for_candidate,76,0.47368421052631576,0.2631578947368421,0.49236111111111114
replay,clipart,Mouse,teacher_confidence,76,0.47368421052631576,0.2631578947368421,0.8743055555555556
replay,clipart,Mouse,teacher_probability_margin,76,0.47368421052631576,0.2631578947368421,0.8486111111111111
replay,clipart,Mouse,teacher_negative_entropy,76,0.47368421052631576,0.2631578947368421,0.8756944444444444
replay,clipart,Mug,centroid_class_margin,99,0.7373737373737373,0.48484848484848486,0.7755532139093783
replay,clipart,Mug,centroid_relative_margin,99,0.7373737373737373,0.48484848484848486,0.7597471022128557
replay,clipart,Mug,centroid_negative_candidate_distance,99,0.7373737373737373,0.48484848484848486,0.5906217070600632
replay,clipart,Mug,centroid_negative_candidate_rank,99,0.7373737373737373,0.48484848484848486,0.7484193888303478
replay,clipart,Mug,centroid_source_class_agreement,99,0.7373737373737373,0.48484848484848486,0.8904109589041096
replay,clipart,Mug,source_weight_max_for_candidate,99,0.7373737373737373,0.48484848484848486,0.04847207586933614
replay,clipart,Mug,source_weight_negative_entropy_for_candidate,99,0.7373737373737373,0.48484848484848486,0.03582718651211802
replay,clipart,Mug,teacher_confidence,99,0.7373737373737373,0.48484848484848486,0.815595363540569
replay,clipart,Mug,teacher_probability_margin,99,0.7373737373737373,0.48484848484848486,0.7929399367755532
replay,clipart,Mug,teacher_negative_entropy,99,0.7373737373737373,0.48484848484848486,0.8377239199157007
replay,clipart,Notebook,centroid_class_margin,83,0.25301204819277107,0.08433734939759036,0.3486943164362519
replay,clipart,Notebook,centroid_relative_margin,83,0.25301204819277107,0.08433734939759036,0.34408602150537637
replay,clipart,Notebook,centroid_negative_candidate_distance,83,0.25301204819277107,0.08433734939759036,0.315668202764977
replay,clipart,Notebook,centroid_negative_candidate_rank,83,0.25301204819277107,0.08433734939759036,0.41013824884792627
replay,clipart,Notebook,centroid_source_class_agreement,83,0.25301204819277107,0.08433734939759036,0.4393241167434716
replay,clipart,Notebook,source_weight_max_for_candidate,83,0.25301204819277107,0.08433734939759036,0.4055299539170507
replay,clipart,Notebook,source_weight_negative_entropy_for_candidate,83,0.25301204819277107,0.08433734939759036,0.3986175115207373
replay,clipart,Notebook,teacher_confidence,83,0.25301204819277107,0.08433734939759036,0.5937019969278033
replay,clipart,Notebook,teacher_probability_margin,83,0.25301204819277107,0.08433734939759036,0.5606758832565284
replay,clipart,Notebook,teacher_negative_entropy,83,0.25301204819277107,0.08433734939759036,0.6021505376344086
replay,clipart,Oven,centroid_class_margin,40,0.5,0.175,0.685
replay,clipart,Oven,centroid_relative_margin,40,0.5,0.175,0.6525
replay,clipart,Oven,centroid_negative_candidate_distance,40,0.5,0.175,0.4825
replay,clipart,Oven,centroid_negative_candidate_rank,40,0.5,0.175,0.67875
replay,clipart,Oven,centroid_source_class_agreement,40,0.5,0.175,0.57875
replay,clipart,Oven,source_weight_max_for_candidate,40,0.5,0.175,0.44
replay,clipart,Oven,source_weight_negative_entropy_for_candidate,40,0.5,0.175,0.425
replay,clipart,Oven,teacher_confidence,40,0.5,0.175,0.97
replay,clipart,Oven,teacher_probability_margin,40,0.5,0.175,0.9675
replay,clipart,Oven,teacher_negative_entropy,40,0.5,0.175,0.97
replay,clipart,Pan,centroid_class_margin,51,0.7647058823529411,0.11764705882352941,0.47435897435897434
replay,clipart,Pan,centroid_relative_margin,51,0.7647058823529411,0.11764705882352941,0.4358974358974359
replay,clipart,Pan,centroid_negative_candidate_distance,51,0.7647058823529411,0.11764705882352941,0.6303418803418803
replay,clipart,Pan,centroid_negative_candidate_rank,51,0.7647058823529411,0.11764705882352941,0.5534188034188035
replay,clipart,Pan,centroid_source_class_agreement,51,0.7647058823529411,0.11764705882352941,0.3717948717948718
replay,clipart,Pan,source_weight_max_for_candidate,51,0.7647058823529411,0.11764705882352941,0.6153846153846154
replay,clipart,Pan,source_weight_negative_entropy_for_candidate,51,0.7647058823529411,0.11764705882352941,0.594017094017094
replay,clipart,Pan,teacher_confidence,51,0.7647058823529411,0.11764705882352941,0.8803418803418803
replay,clipart,Pan,teacher_probability_margin,51,0.7647058823529411,0.11764705882352941,0.8653846153846154
replay,clipart,Pan,teacher_negative_entropy,51,0.7647058823529411,0.11764705882352941,0.8418803418803419
replay,clipart,Paper_Clip,centroid_class_margin,40,0.675,0.5,0.6324786324786325
replay,clipart,Paper_Clip,centroid_relative_margin,40,0.675,0.5,0.6581196581196581
replay,clipart,Paper_Clip,centroid_negative_candidate_distance,40,0.675,0.5,0.8461538461538461
replay,clipart,Paper_Clip,centroid_negative_candidate_rank,40,0.675,0.5,0.6894586894586895
replay,clipart,Paper_Clip,centroid_source_class_agreement,40,0.675,0.5,0.8475783475783476
replay,clipart,Paper_Clip,source_weight_max_for_candidate,40,0.675,0.5,0.37037037037037035
replay,clipart,Paper_Clip,source_weight_negative_entropy_for_candidate,40,0.675,0.5,0.34472934472934474
replay,clipart,Paper_Clip,teacher_confidence,40,0.675,0.5,0.7834757834757835
replay,clipart,Paper_Clip,teacher_probability_margin,40,0.675,0.5,0.7549857549857549
replay,clipart,Paper_Clip,teacher_negative_entropy,40,0.675,0.5,0.7578347578347578
replay,clipart,Pen,centroid_class_margin,99,0.3333333333333333,0.21212121212121213,0.6074380165289256
replay,clipart,Pen,centroid_relative_margin,99,0.3333333333333333,0.21212121212121213,0.6138659320477502
replay,clipart,Pen,centroid_negative_candidate_distance,99,0.3333333333333333,0.21212121212121213,0.5307621671258035
replay,clipart,Pen,centroid_negative_candidate_rank,99,0.3333333333333333,0.21212121212121213,0.5431588613406795
replay,clipart,Pen,centroid_source_class_agreement,99,0.3333333333333333,0.21212121212121213,0.6122589531680441
replay,clipart,Pen,source_weight_max_for_candidate,99,0.3333333333333333,0.21212121212121213,0.3838383838383838
replay,clipart,Pen,source_weight_negative_entropy_for_candidate,99,0.3333333333333333,0.21212121212121213,0.39623507805325986
replay,clipart,Pen,teacher_confidence,99,0.3333333333333333,0.21212121212121213,0.7350780532598714
replay,clipart,Pen,teacher_probability_margin,99,0.3333333333333333,0.21212121212121213,0.7424242424242424
replay,clipart,Pen,teacher_negative_entropy,99,0.3333333333333333,0.21212121212121213,0.7396694214876033
replay,clipart,Pencil,centroid_class_margin,99,0.3434343434343434,0.13131313131313133,0.5923076923076923
replay,clipart,Pencil,centroid_relative_margin,99,0.3434343434343434,0.13131313131313133,0.579185520361991
replay,clipart,Pencil,centroid_negative_candidate_distance,99,0.3434343434343434,0.13131313131313133,0.5796380090497738
replay,clipart,Pencil,centroid_negative_candidate_rank,99,0.3434343434343434,0.13131313131313133,0.6040723981900452
replay,clipart,Pencil,centroid_source_class_agreement,99,0.3434343434343434,0.13131313131313133,0.7070135746606335
replay,clipart,Pencil,source_weight_max_for_candidate,99,0.3434343434343434,0.13131313131313133,0.2683257918552036
replay,clipart,Pencil,source_weight_negative_entropy_for_candidate,99,0.3434343434343434,0.13131313131313133,0.2248868778280543
replay,clipart,Pencil,teacher_confidence,99,0.3434343434343434,0.13131313131313133,0.6850678733031674
replay,clipart,Pencil,teacher_probability_margin,99,0.3434343434343434,0.13131313131313133,0.6823529411764706
replay,clipart,Pencil,teacher_negative_entropy,99,0.3434343434343434,0.13131313131313133,0.7031674208144797
replay,clipart,Postit_Notes,centroid_class_margin,41,0.34146341463414637,0.0,0.1164021164021164
replay,clipart,Postit_Notes,centroid_relative_margin,41,0.34146341463414637,0.0,0.14814814814814814
replay,clipart,Postit_Notes,centroid_negative_candidate_distance,41,0.34146341463414637,0.0,0.2698412698412698
replay,clipart,Postit_Notes,centroid_negative_candidate_rank,41,0.34146341463414637,0.0,0.1917989417989418
replay,clipart,Postit_Notes,centroid_source_class_agreement,41,0.34146341463414637,0.0,0.20105820105820105
replay,clipart,Postit_Notes,source_weight_max_for_candidate,41,0.34146341463414637,0.0,0.2857142857142857
replay,clipart,Postit_Notes,source_weight_negative_entropy_for_candidate,41,0.34146341463414637,0.0,0.34656084656084657
replay,clipart,Postit_Notes,teacher_confidence,41,0.34146341463414637,0.0,0.7275132275132276
replay,clipart,Postit_Notes,teacher_probability_margin,41,0.34146341463414637,0.0,0.6825396825396826
replay,clipart,Postit_Notes,teacher_negative_entropy,41,0.34146341463414637,0.0,0.7063492063492064
replay,clipart,Printer,centroid_class_margin,87,0.3563218390804598,0.19540229885057472,0.6094470046082949
replay,clipart,Printer,centroid_relative_margin,87,0.3563218390804598,0.19540229885057472,0.6370967741935484
replay,clipart,Printer,centroid_negative_candidate_distance,87,0.3563218390804598,0.19540229885057472,0.5892857142857143
replay,clipart,Printer,centroid_negative_candidate_rank,87,0.3563218390804598,0.19540229885057472,0.6618663594470046
replay,clipart,Printer,centroid_source_class_agreement,87,0.3563218390804598,0.19540229885057472,0.6025345622119815
replay,clipart,Printer,source_weight_max_for_candidate,87,0.3563218390804598,0.19540229885057472,0.5985023041474654
replay,clipart,Printer,source_weight_negative_entropy_for_candidate,87,0.3563218390804598,0.19540229885057472,0.6008064516129032
replay,clipart,Printer,teacher_confidence,87,0.3563218390804598,0.19540229885057472,0.7465437788018433
replay,clipart,Printer,teacher_probability_margin,87,0.3563218390804598,0.19540229885057472,0.7626728110599078
replay,clipart,Printer,teacher_negative_entropy,87,0.3563218390804598,0.19540229885057472,0.7355990783410138
replay,clipart,Push_Pin,centroid_class_margin,40,0.675,0.275,0.7635327635327636
replay,clipart,Push_Pin,centroid_relative_margin,40,0.675,0.275,0.7777777777777778
replay,clipart,Push_Pin,centroid_negative_candidate_distance,40,0.675,0.275,0.5242165242165242
replay,clipart,Push_Pin,centroid_negative_candidate_rank,40,0.675,0.275,0.7478632478632479
replay,clipart,Push_Pin,centroid_source_class_agreement,40,0.675,0.275,0.7421652421652422
replay,clipart,Push_Pin,source_weight_max_for_candidate,40,0.675,0.275,0.06837606837606838
replay,clipart,Push_Pin,source_weight_negative_entropy_for_candidate,40,0.675,0.275,0.05413105413105413
replay,clipart,Push_Pin,teacher_confidence,40,0.675,0.275,0.7207977207977208
replay,clipart,Push_Pin,teacher_probability_margin,40,0.675,0.275,0.6780626780626781
replay,clipart,Push_Pin,teacher_negative_entropy,40,0.675,0.275,0.7578347578347578
replay,clipart,Radio,centroid_class_margin,46,0.41304347826086957,0.15217391304347827,0.9239766081871345
replay,clipart,Radio,centroid_relative_margin,46,0.41304347826086957,0.15217391304347827,0.9278752436647173
replay,clipart,Radio,centroid_negative_candidate_distance,46,0.41304347826086957,0.15217391304347827,0.6471734892787524
replay,clipart,Radio,centroid_negative_candidate_rank,46,0.41304347826086957,0.15217391304347827,0.8703703703703703
replay,clipart,Radio,centroid_source_class_agreement,46,0.41304347826086957,0.15217391304347827,0.7397660818713451
replay,clipart,Radio,source_weight_max_for_candidate,46,0.41304347826086957,0.15217391304347827,0.40545808966861596
replay,clipart,Radio,source_weight_negative_entropy_for_candidate,46,0.41304347826086957,0.15217391304347827,0.3820662768031189
replay,clipart,Radio,teacher_confidence,46,0.41304347826086957,0.15217391304347827,0.8596491228070176
replay,clipart,Radio,teacher_probability_margin,46,0.41304347826086957,0.15217391304347827,0.8499025341130604
replay,clipart,Radio,teacher_negative_entropy,46,0.41304347826086957,0.15217391304347827,0.8538011695906432
replay,clipart,Refrigerator,centroid_class_margin,40,0.2,0.2,0.7890625
replay,clipart,Refrigerator,centroid_relative_margin,40,0.2,0.2,0.7578125
replay,clipart,Refrigerator,centroid_negative_candidate_distance,40,0.2,0.2,0.55078125
replay,clipart,Refrigerator,centroid_negative_candidate_rank,40,0.2,0.2,0.720703125
replay,clipart,Refrigerator,centroid_source_class_agreement,40,0.2,0.2,0.58984375
replay,clipart,Refrigerator,source_weight_max_for_candidate,40,0.2,0.2,0.80078125
replay,clipart,Refrigerator,source_weight_negative_entropy_for_candidate,40,0.2,0.2,0.796875
replay,clipart,Refrigerator,teacher_confidence,40,0.2,0.2,0.8828125
replay,clipart,Refrigerator,teacher_probability_margin,40,0.2,0.2,0.79296875
replay,clipart,Refrigerator,teacher_negative_entropy,40,0.2,0.2,0.83984375
replay,clipart,Ruler,centroid_class_margin,67,0.8656716417910447,0.5522388059701493,0.6149425287356322
replay,clipart,Ruler,centroid_relative_margin,67,0.8656716417910447,0.5522388059701493,0.6283524904214559
replay,clipart,Ruler,centroid_negative_candidate_distance,67,0.8656716417910447,0.5522388059701493,0.4731800766283525
replay,clipart,Ruler,centroid_negative_candidate_rank,67,0.8656716417910447,0.5522388059701493,0.5038314176245211
replay,clipart,Ruler,centroid_source_class_agreement,67,0.8656716417910447,0.5522388059701493,0.814176245210728
replay,clipart,Ruler,source_weight_max_for_candidate,67,0.8656716417910447,0.5522388059701493,0.2624521072796935
replay,clipart,Ruler,source_weight_negative_entropy_for_candidate,67,0.8656716417910447,0.5522388059701493,0.17049808429118773
replay,clipart,Ruler,teacher_confidence,67,0.8656716417910447,0.5522388059701493,0.9406130268199234
replay,clipart,Ruler,teacher_probability_margin,67,0.8656716417910447,0.5522388059701493,0.9233716475095786
replay,clipart,Ruler,teacher_negative_entropy,67,0.8656716417910447,0.5522388059701493,0.9501915708812261
replay,clipart,Scissors,centroid_class_margin,99,0.8686868686868687,0.42424242424242425,0.9177101967799642
replay,clipart,Scissors,centroid_relative_margin,99,0.8686868686868687,0.42424242424242425,0.90608228980322
replay,clipart,Scissors,centroid_negative_candidate_distance,99,0.8686868686868687,0.42424242424242425,0.8273703041144902
replay,clipart,Scissors,centroid_negative_candidate_rank,99,0.8686868686868687,0.42424242424242425,0.9105545617173524
replay,clipart,Scissors,centroid_source_class_agreement,99,0.8686868686868687,0.42424242424242425,0.6923076923076923
replay,clipart,Scissors,source_weight_max_for_candidate,99,0.8686868686868687,0.42424242424242425,0.646690518783542
replay,clipart,Scissors,source_weight_negative_entropy_for_candidate,99,0.8686868686868687,0.42424242424242425,0.6386404293381037
replay,clipart,Scissors,teacher_confidence,99,0.8686868686868687,0.42424242424242425,0.9221824686940966
replay,clipart,Scissors,teacher_probability_margin,99,0.8686868686868687,0.42424242424242425,0.9266547406082289
replay,clipart,Scissors,teacher_negative_entropy,99,0.8686868686868687,0.42424242424242425,0.9007155635062611
replay,clipart,Screwdriver,centroid_class_margin,75,0.4666666666666667,0.29333333333333333,0.7442857142857143
replay,clipart,Screwdriver,centroid_relative_margin,75,0.4666666666666667,0.29333333333333333,0.715
replay,clipart,Screwdriver,centroid_negative_candidate_distance,75,0.4666666666666667,0.29333333333333333,0.8185714285714286
replay,clipart,Screwdriver,centroid_negative_candidate_rank,75,0.4666666666666667,0.29333333333333333,0.7885714285714286
replay,clipart,Screwdriver,centroid_source_class_agreement,75,0.4666666666666667,0.29333333333333333,0.7421428571428571
replay,clipart,Screwdriver,source_weight_max_for_candidate,75,0.4666666666666667,0.29333333333333333,0.575
replay,clipart,Screwdriver,source_weight_negative_entropy_for_candidate,75,0.4666666666666667,0.29333333333333333,0.5385714285714286
replay,clipart,Screwdriver,teacher_confidence,75,0.4666666666666667,0.29333333333333333,0.88
replay,clipart,Screwdriver,teacher_probability_margin,75,0.4666666666666667,0.29333333333333333,0.8235714285714286
replay,clipart,Screwdriver,teacher_negative_entropy,75,0.4666666666666667,0.29333333333333333,0.9121428571428571
replay,clipart,Shelf,centroid_class_margin,42,0.5,0.09523809523809523,0.4603174603174603
replay,clipart,Shelf,centroid_relative_margin,42,0.5,0.09523809523809523,0.5034013605442177
replay,clipart,Shelf,centroid_negative_candidate_distance,42,0.5,0.09523809523809523,0.2857142857142857
replay,clipart,Shelf,centroid_negative_candidate_rank,42,0.5,0.09523809523809523,0.528344671201814
replay,clipart,Shelf,centroid_source_class_agreement,42,0.5,0.09523809523809523,0.3469387755102041
replay,clipart,Shelf,source_weight_max_for_candidate,42,0.5,0.09523809523809523,0.546485260770975
replay,clipart,Shelf,source_weight_negative_entropy_for_candidate,42,0.5,0.09523809523809523,0.5510204081632653
replay,clipart,Shelf,teacher_confidence,42,0.5,0.09523809523809523,0.8480725623582767
replay,clipart,Shelf,teacher_probability_margin,42,0.5,0.09523809523809523,0.8616780045351474
replay,clipart,Shelf,teacher_negative_entropy,42,0.5,0.09523809523809523,0.7777777777777778
replay,clipart,Sink,centroid_class_margin,42,0.19047619047619047,0.023809523809523808,0.3014705882352941
replay,clipart,Sink,centroid_relative_margin,42,0.19047619047619047,0.023809523809523808,0.23897058823529413
replay,clipart,Sink,centroid_negative_candidate_distance,42,0.19047619047619047,0.023809523809523808,0.4375
replay,clipart,Sink,centroid_negative_candidate_rank,42,0.19047619047619047,0.023809523809523808,0.30514705882352944
replay,clipart,Sink,centroid_source_class_agreement,42,0.19047619047619047,0.023809523809523808,0.33455882352941174
replay,clipart,Sink,source_weight_max_for_candidate,42,0.19047619047619047,0.023809523809523808,0.5551470588235294
replay,clipart,Sink,source_weight_negative_entropy_for_candidate,42,0.19047619047619047,0.023809523809523808,0.5698529411764706
replay,clipart,Sink,teacher_confidence,42,0.19047619047619047,0.023809523809523808,0.4375
replay,clipart,Sink,teacher_probability_margin,42,0.19047619047619047,0.023809523809523808,0.31985294117647056
replay,clipart,Sink,teacher_negative_entropy,42,0.19047619047619047,0.023809523809523808,0.5477941176470589
replay,clipart,Sneakers,centroid_class_margin,43,0.6046511627906976,0.16279069767441862,0.4751131221719457
replay,clipart,Sneakers,centroid_relative_margin,43,0.6046511627906976,0.16279069767441862,0.5294117647058824
replay,clipart,Sneakers,centroid_negative_candidate_distance,43,0.6046511627906976,0.16279069767441862,0.13122171945701358
replay,clipart,Sneakers,centroid_negative_candidate_rank,43,0.6046511627906976,0.16279069767441862,0.4796380090497738
replay,clipart,Sneakers,centroid_source_class_agreement,43,0.6046511627906976,0.16279069767441862,0.5972850678733032
replay,clipart,Sneakers,source_weight_max_for_candidate,43,0.6046511627906976,0.16279069767441862,0.45701357466063347
replay,clipart,Sneakers,source_weight_negative_entropy_for_candidate,43,0.6046511627906976,0.16279069767441862,0.4479638009049774
replay,clipart,Sneakers,teacher_confidence,43,0.6046511627906976,0.16279069767441862,0.8552036199095022
replay,clipart,Sneakers,teacher_probability_margin,43,0.6046511627906976,0.16279069767441862,0.8393665158371041
replay,clipart,Sneakers,teacher_negative_entropy,43,0.6046511627906976,0.16279069767441862,0.8506787330316742
replay,clipart,Soda,centroid_class_margin,61,0.21311475409836064,0.19672131147540983,0.8028846153846154
replay,clipart,Soda,centroid_relative_margin,61,0.21311475409836064,0.19672131147540983,0.7884615384615384
replay,clipart,Soda,centroid_negative_candidate_distance,61,0.21311475409836064,0.19672131147540983,0.29967948717948717
replay,clipart,Soda,centroid_negative_candidate_rank,61,0.21311475409836064,0.19672131147540983,0.7331730769230769
replay,clipart,Soda,centroid_source_class_agreement,61,0.21311475409836064,0.19672131147540983,0.8533653846153846
replay,clipart,Soda,source_weight_max_for_candidate,61,0.21311475409836064,0.19672131147540983,0.5128205128205128
replay,clipart,Soda,source_weight_negative_entropy_for_candidate,61,0.21311475409836064,0.19672131147540983,0.4551282051282051
replay,clipart,Soda,teacher_confidence,61,0.21311475409836064,0.19672131147540983,0.8621794871794872
replay,clipart,Soda,teacher_probability_margin,61,0.21311475409836064,0.19672131147540983,0.8637820512820513
replay,clipart,Soda,teacher_negative_entropy,61,0.21311475409836064,0.19672131147540983,0.8525641025641025
replay,clipart,Speaker,centroid_class_margin,90,0.5555555555555556,0.4,0.831
replay,clipart,Speaker,centroid_relative_margin,90,0.5555555555555556,0.4,0.813
replay,clipart,Speaker,centroid_negative_candidate_distance,90,0.5555555555555556,0.4,0.7395
replay,clipart,Speaker,centroid_negative_candidate_rank,90,0.5555555555555556,0.4,0.83375
replay,clipart,Speaker,centroid_source_class_agreement,90,0.5555555555555556,0.4,0.707
replay,clipart,Speaker,source_weight_max_for_candidate,90,0.5555555555555556,0.4,0.6305
replay,clipart,Speaker,source_weight_negative_entropy_for_candidate,90,0.5555555555555556,0.4,0.624
replay,clipart,Speaker,teacher_confidence,90,0.5555555555555556,0.4,0.784
replay,clipart,Speaker,teacher_probability_margin,90,0.5555555555555556,0.4,0.764
replay,clipart,Speaker,teacher_negative_entropy,90,0.5555555555555556,0.4,0.806
replay,clipart,Spoon,centroid_class_margin,60,0.3,0.1,0.5582010582010583
replay,clipart,Spoon,centroid_relative_margin,60,0.3,0.1,0.5595238095238095
replay,clipart,Spoon,centroid_negative_candidate_distance,60,0.3,0.1,0.6044973544973545
replay,clipart,Spoon,centroid_negative_candidate_rank,60,0.3,0.1,0.5238095238095238
replay,clipart,Spoon,centroid_source_class_agreement,60,0.3,0.1,0.6587301587301587
replay,clipart,Spoon,source_weight_max_for_candidate,60,0.3,0.1,0.4537037037037037
replay,clipart,Spoon,source_weight_negative_entropy_for_candidate,60,0.3,0.1,0.44576719576719576
replay,clipart,Spoon,teacher_confidence,60,0.3,0.1,0.8373015873015873
replay,clipart,Spoon,teacher_probability_margin,60,0.3,0.1,0.828042328042328
replay,clipart,Spoon,teacher_negative_entropy,60,0.3,0.1,0.8293650793650794
replay,clipart,TV,centroid_class_margin,99,0.6060606060606061,0.24242424242424243,0.44743589743589746
replay,clipart,TV,centroid_relative_margin,99,0.6060606060606061,0.24242424242424243,0.4547008547008547
replay,clipart,TV,centroid_negative_candidate_distance,99,0.6060606060606061,0.24242424242424243,0.36709401709401707
replay,clipart,TV,centroid_negative_candidate_rank,99,0.6060606060606061,0.24242424242424243,0.41068376068376067
replay,clipart,TV,centroid_source_class_agreement,99,0.6060606060606061,0.24242424242424243,0.4264957264957265
replay,clipart,TV,source_weight_max_for_candidate,99,0.6060606060606061,0.24242424242424243,0.3230769230769231
replay,clipart,TV,source_weight_negative_entropy_for_candidate,99,0.6060606060606061,0.24242424242424243,0.33076923076923076
replay,clipart,TV,teacher_confidence,99,0.6060606060606061,0.24242424242424243,0.7482905982905983
replay,clipart,TV,teacher_probability_margin,99,0.6060606060606061,0.24242424242424243,0.7465811965811966
replay,clipart,TV,teacher_negative_entropy,99,0.6060606060606061,0.24242424242424243,0.7354700854700855
replay,clipart,Table,centroid_class_margin,80,0.6,0.3875,0.7532552083333334
replay,clipart,Table,centroid_relative_margin,80,0.6,0.3875,0.7591145833333334
replay,clipart,Table,centroid_negative_candidate_distance,80,0.6,0.3875,0.669921875
replay,clipart,Table,centroid_negative_candidate_rank,80,0.6,0.3875,0.7340494791666666
replay,clipart,Table,centroid_source_class_agreement,80,0.6,0.3875,0.7073567708333334
replay,clipart,Table,source_weight_max_for_candidate,80,0.6,0.3875,0.5305989583333334
replay,clipart,Table,source_weight_negative_entropy_for_candidate,80,0.6,0.3875,0.5123697916666666
replay,clipart,Table,teacher_confidence,80,0.6,0.3875,0.8053385416666666
replay,clipart,Table,teacher_probability_margin,80,0.6,0.3875,0.806640625
replay,clipart,Table,teacher_negative_entropy,80,0.6,0.3875,0.783203125
replay,clipart,Telephone,centroid_class_margin,99,0.3939393939393939,0.13131313131313133,0.5448717948717948
replay,clipart,Telephone,centroid_relative_margin,99,0.3939393939393939,0.13131313131313133,0.5773504273504273
replay,clipart,Telephone,centroid_negative_candidate_distance,99,0.3939393939393939,0.13131313131313133,0.42435897435897435
replay,clipart,Telephone,centroid_negative_candidate_rank,99,0.3939393939393939,0.13131313131313133,0.5151709401709401
replay,clipart,Telephone,centroid_source_class_agreement,99,0.3939393939393939,0.13131313131313133,0.4113247863247863
replay,clipart,Telephone,source_weight_max_for_candidate,99,0.3939393939393939,0.13131313131313133,0.5696581196581196
replay,clipart,Telephone,source_weight_negative_entropy_for_candidate,99,0.3939393939393939,0.13131313131313133,0.573076923076923
replay,clipart,Telephone,teacher_confidence,99,0.3939393939393939,0.13131313131313133,0.7217948717948718
replay,clipart,Telephone,teacher_probability_margin,99,0.3939393939393939,0.13131313131313133,0.7196581196581197
replay,clipart,Telephone,teacher_negative_entropy,99,0.3939393939393939,0.13131313131313133,0.7175213675213675
replay,clipart,ToothBrush,centroid_class_margin,39,0.5641025641025641,0.2564102564102564,0.8074866310160428
replay,clipart,ToothBrush,centroid_relative_margin,39,0.5641025641025641,0.2564102564102564,0.8155080213903744
replay,clipart,ToothBrush,centroid_negative_candidate_distance,39,0.5641025641025641,0.2564102564102564,0.6256684491978609
replay,clipart,ToothBrush,centroid_negative_candidate_rank,39,0.5641025641025641,0.2564102564102564,0.7914438502673797
replay,clipart,ToothBrush,centroid_source_class_agreement,39,0.5641025641025641,0.2564102564102564,0.6617647058823529
replay,clipart,ToothBrush,source_weight_max_for_candidate,39,0.5641025641025641,0.2564102564102564,0.6978609625668449
replay,clipart,ToothBrush,source_weight_negative_entropy_for_candidate,39,0.5641025641025641,0.2564102564102564,0.6871657754010695
replay,clipart,ToothBrush,teacher_confidence,39,0.5641025641025641,0.2564102564102564,0.9385026737967914
replay,clipart,ToothBrush,teacher_probability_margin,39,0.5641025641025641,0.2564102564102564,0.9358288770053476
replay,clipart,ToothBrush,teacher_negative_entropy,39,0.5641025641025641,0.2564102564102564,0.9224598930481284
replay,clipart,Toys,centroid_class_margin,99,0.2222222222222222,0.030303030303030304,0.5472255017709563
replay,clipart,Toys,centroid_relative_margin,99,0.2222222222222222,0.030303030303030304,0.5495867768595041
replay,clipart,Toys,centroid_negative_candidate_distance,99,0.2222222222222222,0.030303030303030304,0.38961038961038963
replay,clipart,Toys,centroid_negative_candidate_rank,99,0.2222222222222222,0.030303030303030304,0.5103305785123967
replay,clipart,Toys,centroid_source_class_agreement,99,0.2222222222222222,0.030303030303030304,0.7783353010625738
replay,clipart,Toys,source_weight_max_for_candidate,99,0.2222222222222222,0.030303030303030304,0.2603305785123967
replay,clipart,Toys,source_weight_negative_entropy_for_candidate,99,0.2222222222222222,0.030303030303030304,0.24793388429752067
replay,clipart,Toys,teacher_confidence,99,0.2222222222222222,0.030303030303030304,0.6688311688311688
replay,clipart,Toys,teacher_probability_margin,99,0.2222222222222222,0.030303030303030304,0.6351829988193625
replay,clipart,Toys,teacher_negative_entropy,99,0.2222222222222222,0.030303030303030304,0.6422668240850059
replay,clipart,Trash_Can,centroid_class_margin,53,0.33962264150943394,0.37735849056603776,0.638095238095238
replay,clipart,Trash_Can,centroid_relative_margin,53,0.33962264150943394,0.37735849056603776,0.6349206349206349
replay,clipart,Trash_Can,centroid_negative_candidate_distance,53,0.33962264150943394,0.37735849056603776,0.3825396825396825
replay,clipart,Trash_Can,centroid_negative_candidate_rank,53,0.33962264150943394,0.37735849056603776,0.6880952380952381
replay,clipart,Trash_Can,centroid_source_class_agreement,53,0.33962264150943394,0.37735849056603776,0.7301587301587301
replay,clipart,Trash_Can,source_weight_max_for_candidate,53,0.33962264150943394,0.37735849056603776,0.7380952380952381
replay,clipart,Trash_Can,source_weight_negative_entropy_for_candidate,53,0.33962264150943394,0.37735849056603776,0.7444444444444445
replay,clipart,Trash_Can,teacher_confidence,53,0.33962264150943394,0.37735849056603776,0.7761904761904762
replay,clipart,Trash_Can,teacher_probability_margin,53,0.33962264150943394,0.37735849056603776,0.753968253968254
replay,clipart,Trash_Can,teacher_negative_entropy,53,0.33962264150943394,0.37735849056603776,0.7206349206349206
replay,clipart,Webcam,centroid_class_margin,40,0.7,0.35,0.7559523809523809
replay,clipart,Webcam,centroid_relative_margin,40,0.7,0.35,0.7648809523809523
replay,clipart,Webcam,centroid_negative_candidate_distance,40,0.7,0.35,0.6160714285714286
replay,clipart,Webcam,centroid_negative_candidate_rank,40,0.7,0.35,0.7291666666666666
replay,clipart,Webcam,centroid_source_class_agreement,40,0.7,0.35,0.7366071428571429
replay,clipart,Webcam,source_weight_max_for_candidate,40,0.7,0.35,0.21726190476190477
replay,clipart,Webcam,source_weight_negative_entropy_for_candidate,40,0.7,0.35,0.22321428571428573
replay,clipart,Webcam,teacher_confidence,40,0.7,0.35,0.8988095238095238
replay,clipart,Webcam,teacher_probability_margin,40,0.7,0.35,0.9136904761904762
replay,clipart,Webcam,teacher_negative_entropy,40,0.7,0.35,0.8809523809523809
full,clipart,Alarm_Clock,centroid_class_margin,60,0.75,0.5666666666666667,0.8651851851851852
full,clipart,Alarm_Clock,centroid_relative_margin,60,0.75,0.5666666666666667,0.8503703703703703
full,clipart,Alarm_Clock,centroid_negative_candidate_distance,60,0.75,0.5666666666666667,0.6888888888888889
full,clipart,Alarm_Clock,centroid_negative_candidate_rank,60,0.75,0.5666666666666667,0.8311111111111111
full,clipart,Alarm_Clock,centroid_source_class_agreement,60,0.75,0.5666666666666667,0.8044444444444444
full,clipart,Alarm_Clock,source_weight_max_for_candidate,60,0.75,0.5666666666666667,0.2237037037037037
full,clipart,Alarm_Clock,source_weight_negative_entropy_for_candidate,60,0.75,0.5666666666666667,0.2903703703703704
full,clipart,Alarm_Clock,teacher_confidence,60,0.75,0.5666666666666667,0.9837037037037037
full,clipart,Alarm_Clock,teacher_probability_margin,60,0.75,0.5666666666666667,0.9777777777777777
full,clipart,Alarm_Clock,teacher_negative_entropy,60,0.75,0.5666666666666667,0.9822222222222222
full,clipart,Backpack,centroid_class_margin,56,0.44642857142857145,0.05357142857142857,0.32387096774193547
full,clipart,Backpack,centroid_relative_margin,56,0.44642857142857145,0.05357142857142857,0.35870967741935483
full,clipart,Backpack,centroid_negative_candidate_distance,56,0.44642857142857145,0.05357142857142857,0.18451612903225806
full,clipart,Backpack,centroid_negative_candidate_rank,56,0.44642857142857145,0.05357142857142857,0.33548387096774196
full,clipart,Backpack,centroid_source_class_agreement,56,0.44642857142857145,0.05357142857142857,0.36516129032258066
full,clipart,Backpack,source_weight_max_for_candidate,56,0.44642857142857145,0.05357142857142857,0.6619354838709678
full,clipart,Backpack,source_weight_negative_entropy_for_candidate,56,0.44642857142857145,0.05357142857142857,0.6567741935483871
full,clipart,Backpack,teacher_confidence,56,0.44642857142857145,0.05357142857142857,0.9045161290322581
full,clipart,Backpack,teacher_probability_margin,56,0.44642857142857145,0.05357142857142857,0.9187096774193548
full,clipart,Backpack,teacher_negative_entropy,56,0.44642857142857145,0.05357142857142857,0.8838709677419355
full,clipart,Batteries,centroid_class_margin,64,0.609375,0.234375,0.6728205128205128
full,clipart,Batteries,centroid_relative_margin,64,0.609375,0.234375,0.6738461538461539
full,clipart,Batteries,centroid_negative_candidate_distance,64,0.609375,0.234375,0.5025641025641026
full,clipart,Batteries,centroid_negative_candidate_rank,64,0.609375,0.234375,0.6123076923076923
full,clipart,Batteries,centroid_source_class_agreement,64,0.609375,0.234375,0.5102564102564102
full,clipart,Batteries,source_weight_max_for_candidate,64,0.609375,0.234375,0.64
full,clipart,Batteries,source_weight_negative_entropy_for_candidate,64,0.609375,0.234375,0.6123076923076923
full,clipart,Batteries,teacher_confidence,64,0.609375,0.234375,0.8605128205128205
full,clipart,Batteries,teacher_probability_margin,64,0.609375,0.234375,0.84
full,clipart,Batteries,teacher_negative_entropy,64,0.609375,0.234375,0.8717948717948718
full,clipart,Bed,centroid_class_margin,98,0.5204081632653061,0.02040816326530612,0.2453066332916145
full,clipart,Bed,centroid_relative_margin,98,0.5204081632653061,0.02040816326530612,0.28410513141426785
full,clipart,Bed,centroid_negative_candidate_distance,98,0.5204081632653061,0.02040816326530612,0.24447225698790154
full,clipart,Bed,centroid_negative_candidate_rank,98,0.5204081632653061,0.02040816326530612,0.21568627450980393
full,clipart,Bed,centroid_source_class_agreement,98,0.5204081632653061,0.02040816326530612,0.2928660826032541
full,clipart,Bed,source_weight_max_for_candidate,98,0.5204081632653061,0.02040816326530612,0.475177304964539
full,clipart,Bed,source_weight_negative_entropy_for_candidate,98,0.5204081632653061,0.02040816326530612,0.5135586149353358
full,clipart,Bed,teacher_confidence,98,0.5204081632653061,0.02040816326530612,0.8297872340425532
full,clipart,Bed,teacher_probability_margin,98,0.5204081632653061,0.02040816326530612,0.8297872340425532
full,clipart,Bed,teacher_negative_entropy,98,0.5204081632653061,0.02040816326530612,0.8160200250312891
full,clipart,Bike,centroid_class_margin,99,0.898989898989899,0.8686868686868687,0.9820224719101124
full,clipart,Bike,centroid_relative_margin,99,0.898989898989899,0.8686868686868687,0.9808988764044944
full,clipart,Bike,centroid_negative_candidate_distance,99,0.898989898989899,0.8686868686868687,0.5528089887640449
full,clipart,Bike,centroid_negative_candidate_rank,99,0.898989898989899,0.8686868686868687,0.8837078651685393
full,clipart,Bike,centroid_source_class_agreement,99,0.898989898989899,0.8686868686868687,0.8837078651685393
full,clipart,Bike,source_weight_max_for_candidate,99,0.898989898989899,0.8686868686868687,0.3202247191011236
full,clipart,Bike,source_weight_negative_entropy_for_candidate,99,0.898989898989899,0.8686868686868687,0.32696629213483147
full,clipart,Bike,teacher_confidence,99,0.898989898989899,0.8686868686868687,0.9921348314606742
full,clipart,Bike,teacher_probability_margin,99,0.898989898989899,0.8686868686868687,0.9955056179775281
full,clipart,Bike,teacher_negative_entropy,99,0.898989898989899,0.8686868686868687,0.9921348314606742
full,clipart,Bottle,centroid_class_margin,99,0.3838383838383838,0.2828282828282828,0.7484900776531492
full,clipart,Bottle,centroid_relative_margin,99,0.3838383838383838,0.2828282828282828,0.7502157031924073
full,clipart,Bottle,centroid_negative_candidate_distance,99,0.3838383838383838,0.2828282828282828,0.4227782571182053
full,clipart,Bottle,centroid_negative_candidate_rank,99,0.3838383838383838,0.2828282828282828,0.709879206212252
full,clipart,Bottle,centroid_source_class_agreement,99,0.3838383838383838,0.2828282828282828,0.7996117342536669
full,clipart,Bottle,source_weight_max_for_candidate,99,0.3838383838383838,0.2828282828282828,0.5703192407247627
full,clipart,Bottle,source_weight_negative_entropy_for_candidate,99,0.3838383838383838,0.2828282828282828,0.5694564279551337
full,clipart,Bottle,teacher_confidence,99,0.3838383838383838,0.2828282828282828,0.808455565142364
full,clipart,Bottle,teacher_probability_margin,99,0.3838383838383838,0.2828282828282828,0.765746333045729
full,clipart,Bottle,teacher_negative_entropy,99,0.3838383838383838,0.2828282828282828,0.817946505608283
full,clipart,Bucket,centroid_class_margin,73,0.6301369863013698,0.4931506849315068,0.8252818035426731
full,clipart,Bucket,centroid_relative_margin,73,0.6301369863013698,0.4931506849315068,0.8301127214170693
full,clipart,Bucket,centroid_negative_candidate_distance,73,0.6301369863013698,0.4931506849315068,0.6924315619967794
full,clipart,Bucket,centroid_negative_candidate_rank,73,0.6301369863013698,0.4931506849315068,0.8538647342995169
full,clipart,Bucket,centroid_source_class_agreement,73,0.6301369863013698,0.4931506849315068,0.7914653784219001
full,clipart,Bucket,source_weight_max_for_candidate,73,0.6301369863013698,0.4931506849315068,0.5225442834138486
full,clipart,Bucket,source_weight_negative_entropy_for_candidate,73,0.6301369863013698,0.4931506849315068,0.5177133655394525
full,clipart,Bucket,teacher_confidence,73,0.6301369863013698,0.4931506849315068,0.966988727858293
full,clipart,Bucket,teacher_probability_margin,73,0.6301369863013698,0.4931506849315068,0.9694041867954911
full,clipart,Bucket,teacher_negative_entropy,73,0.6301369863013698,0.4931506849315068,0.961352657004831
full,clipart,Calculator,centroid_class_margin,46,0.8478260869565217,0.6956521739130435,0.8351648351648352
full,clipart,Calculator,centroid_relative_margin,46,0.8478260869565217,0.6956521739130435,0.8461538461538461
full,clipart,Calculator,centroid_negative_candidate_distance,46,0.8478260869565217,0.6956521739130435,0.5054945054945055
full,clipart,Calculator,centroid_negative_candidate_rank,46,0.8478260869565217,0.6956521739130435,0.7802197802197802
full,clipart,Calculator,centroid_source_class_agreement,46,0.8478260869565217,0.6956521739130435,0.8406593406593407
full,clipart,Calculator,source_weight_max_for_candidate,46,0.8478260869565217,0.6956521739130435,0.31868131868131866
full,clipart,Calculator,source_weight_negative_entropy_for_candidate,46,0.8478260869565217,0.6956521739130435,0.31868131868131866
full,clipart,Calculator,teacher_confidence,46,0.8478260869565217,0.6956521739130435,0.8901098901098901
full,clipart,Calculator,teacher_probability_margin,46,0.8478260869565217,0.6956521739130435,0.8754578754578755
full,clipart,Calculator,teacher_negative_entropy,46,0.8478260869565217,0.6956521739130435,0.8937728937728938
full,clipart,Calendar,centroid_class_margin,78,0.7948717948717948,0.5384615384615384,0.90625
full,clipart,Calendar,centroid_relative_margin,78,0.7948717948717948,0.5384615384615384,0.8881048387096774
full,clipart,Calendar,centroid_negative_candidate_distance,78,0.7948717948717948,0.5384615384615384,0.7449596774193549
full,clipart,Calendar,centroid_negative_candidate_rank,78,0.7948717948717948,0.5384615384615384,0.9017137096774194
full,clipart,Calendar,centroid_source_class_agreement,78,0.7948717948717948,0.5384615384615384,0.9637096774193549
full,clipart,Calendar,source_weight_max_for_candidate,78,0.7948717948717948,0.5384615384615384,0.43850806451612906
full,clipart,Calendar,source_weight_negative_entropy_for_candidate,78,0.7948717948717948,0.5384615384615384,0.39919354838709675
full,clipart,Calendar,teacher_confidence,78,0.7948717948717948,0.5384615384615384,0.9576612903225806
full,clipart,Calendar,teacher_probability_margin,78,0.7948717948717948,0.5384615384615384,0.9536290322580645
full,clipart,Calendar,teacher_negative_entropy,78,0.7948717948717948,0.5384615384615384,0.9606854838709677
full,clipart,Candles,centroid_class_margin,99,0.6363636363636364,0.36363636363636365,0.671957671957672
full,clipart,Candles,centroid_relative_margin,99,0.6363636363636364,0.36363636363636365,0.6781305114638448
full,clipart,Candles,centroid_negative_candidate_distance,99,0.6363636363636364,0.36363636363636365,0.349647266313933
full,clipart,Candles,centroid_negative_candidate_rank,99,0.6363636363636364,0.36363636363636365,0.5983245149911817
full,clipart,Candles,centroid_source_class_agreement,99,0.6363636363636364,0.36363636363636365,0.6904761904761905
full,clipart,Candles,source_weight_max_for_candidate,99,0.6363636363636364,0.36363636363636365,0.5679012345679012
full,clipart,Candles,source_weight_negative_entropy_for_candidate,99,0.6363636363636364,0.36363636363636365,0.5714285714285714
full,clipart,Candles,teacher_confidence,99,0.6363636363636364,0.36363636363636365,0.9272486772486772
full,clipart,Candles,teacher_probability_margin,99,0.6363636363636364,0.36363636363636365,0.9153439153439153
full,clipart,Candles,teacher_negative_entropy,99,0.6363636363636364,0.36363636363636365,0.9338624338624338
full,clipart,Chair,centroid_class_margin,99,0.696969696969697,0.20202020202020202,0.58743961352657
full,clipart,Chair,centroid_relative_margin,99,0.696969696969697,0.20202020202020202,0.5826086956521739
full,clipart,Chair,centroid_negative_candidate_distance,99,0.696969696969697,0.20202020202020202,0.5502415458937198
full,clipart,Chair,centroid_negative_candidate_rank,99,0.696969696969697,0.20202020202020202,0.5369565217391304
full,clipart,Chair,centroid_source_class_agreement,99,0.696969696969697,0.20202020202020202,0.6369565217391304
full,clipart,Chair,source_weight_max_for_candidate,99,0.696969696969697,0.20202020202020202,0.30144927536231886
full,clipart,Chair,source_weight_negative_entropy_for_candidate,99,0.696969696969697,0.20202020202020202,0.29082125603864734
full,clipart,Chair,teacher_confidence,99,0.696969696969697,0.20202020202020202,0.9256038647342996
full,clipart,Chair,teacher_probability_margin,99,0.696969696969697,0.20202020202020202,0.927536231884058
full,clipart,Chair,teacher_negative_entropy,99,0.696969696969697,0.20202020202020202,0.8922705314009662
full,clipart,Clipboards,centroid_class_margin,40,0.275,0.175,0.3448275862068966
full,clipart,Clipboards,centroid_relative_margin,40,0.275,0.175,0.34169278996865204
full,clipart,Clipboards,centroid_negative_candidate_distance,40,0.275,0.175,0.4043887147335423
full,clipart,Clipboards,centroid_negative_candidate_rank,40,0.275,0.175,0.45141065830721006
full,clipart,Clipboards,centroid_source_class_agreement,40,0.275,0.175,0.6081504702194357
full,clipart,Clipboards,source_weight_max_for_candidate,40,0.275,0.175,0.8307210031347962
full,clipart,Clipboards,source_weight_negative_entropy_for_candidate,40,0.275,0.175,0.8275862068965517
full,clipart,Clipboards,teacher_confidence,40,0.275,0.175,0.6739811912225705
full,clipart,Clipboards,teacher_probability_margin,40,0.275,0.175,0.6990595611285266
full,clipart,Clipboards,teacher_negative_entropy,40,0.275,0.175,0.6520376175548589
full,clipart,Computer,centroid_class_margin,99,0.3434343434343434,0.21212121212121213,0.4995475113122172
full,clipart,Computer,centroid_relative_margin,99,0.3434343434343434,0.21212121212121213,0.5040723981900452
full,clipart,Computer,centroid_negative_candidate_distance,99,0.3434343434343434,0.21212121212121213,0.3665158371040724
full,clipart,Computer,centroid_negative_candidate_rank,99,0.3434343434343434,0.21212121212121213,0.4658371040723982
full,clipart,Computer,centroid_source_class_agreement,99,0.3434343434343434,0.21212121212121213,0.5407239819004525
full,clipart,Computer,source_weight_max_for_candidate,99,0.3434343434343434,0.21212121212121213,0.38687782805429866
full,clipart,Computer,source_weight_negative_entropy_for_candidate,99,0.3434343434343434,0.21212121212121213,0.37873303167420813
full,clipart,Computer,teacher_confidence,99,0.3434343434343434,0.21212121212121213,0.530316742081448
full,clipart,Computer,teacher_probability_margin,99,0.3434343434343434,0.21212121212121213,0.5398190045248868
full,clipart,Computer,teacher_negative_entropy,99,0.3434343434343434,0.21212121212121213,0.504524886877828
full,clipart,Couch,centroid_class_margin,64,0.40625,0.1875,0.7661943319838057
full,clipart,Couch,centroid_relative_margin,64,0.40625,0.1875,0.7732793522267206
full,clipart,Couch,centroid_negative_candidate_distance,64,0.40625,0.1875,0.7115384615384616
full,clipart,Couch,centroid_negative_candidate_rank,64,0.40625,0.1875,0.7682186234817814
full,clipart,Couch,centroid_source_class_agreement,64,0.40625,0.1875,0.659919028340081
full,clipart,Couch,source_weight_max_for_candidate,64,0.40625,0.1875,0.45951417004048584
full,clipart,Couch,source_weight_negative_entropy_for_candidate,64,0.40625,0.1875,0.48279352226720645
full,clipart,Couch,teacher_confidence,64,0.40625,0.1875,0.8765182186234818
full,clipart,Couch,teacher_probability_margin,64,0.40625,0.1875,0.8299595141700404
full,clipart,Couch,teacher_negative_entropy,64,0.40625,0.1875,0.9210526315789473
full,clipart,Curtains,centroid_class_margin,42,0.5714285714285714,0.2619047619047619,0.6574074074074074
full,clipart,Curtains,centroid_relative_margin,42,0.5714285714285714,0.2619047619047619,0.6736111111111112
full,clipart,Curtains,centroid_negative_candidate_distance,42,0.5714285714285714,0.2619047619047619,0.5393518518518519
full,clipart,Curtains,centroid_negative_candidate_rank,42,0.5714285714285714,0.2619047619047619,0.6539351851851852
full,clipart,Curtains,centroid_source_class_agreement,42,0.5714285714285714,0.2619047619047619,0.4895833333333333
full,clipart,Curtains,source_weight_max_for_candidate,42,0.5714285714285714,0.2619047619047619,0.43287037037037035
full,clipart,Curtains,source_weight_negative_entropy_for_candidate,42,0.5714285714285714,0.2619047619047619,0.42824074074074076
full,clipart,Curtains,teacher_confidence,42,0.5714285714285714,0.2619047619047619,0.8564814814814815
full,clipart,Curtains,teacher_probability_margin,42,0.5714285714285714,0.2619047619047619,0.875
full,clipart,Curtains,teacher_negative_entropy,42,0.5714285714285714,0.2619047619047619,0.8333333333333334
full,clipart,Desk_Lamp,centroid_class_margin,41,0.1951219512195122,0.21951219512195122,0.6893939393939394
full,clipart,Desk_Lamp,centroid_relative_margin,41,0.1951219512195122,0.21951219512195122,0.678030303030303
full,clipart,Desk_Lamp,centroid_negative_candidate_distance,41,0.1951219512195122,0.21951219512195122,0.7462121212121212
full,clipart,Desk_Lamp,centroid_negative_candidate_rank,41,0.1951219512195122,0.21951219512195122,0.6325757575757576
full,clipart,Desk_Lamp,centroid_source_class_agreement,41,0.1951219512195122,0.21951219512195122,0.6837121212121212
full,clipart,Desk_Lamp,source_weight_max_for_candidate,41,0.1951219512195122,0.21951219512195122,0.16666666666666666
full,clipart,Desk_Lamp,source_weight_negative_entropy_for_candidate,41,0.1951219512195122,0.21951219512195122,0.17424242424242425
full,clipart,Desk_Lamp,teacher_confidence,41,0.1951219512195122,0.21951219512195122,0.4659090909090909
full,clipart,Desk_Lamp,teacher_probability_margin,41,0.1951219512195122,0.21951219512195122,0.42045454545454547
full,clipart,Desk_Lamp,teacher_negative_entropy,41,0.1951219512195122,0.21951219512195122,0.4810606060606061
full,clipart,Drill,centroid_class_margin,48,0.5,0.4166666666666667,0.8020833333333334
full,clipart,Drill,centroid_relative_margin,48,0.5,0.4166666666666667,0.8229166666666666
full,clipart,Drill,centroid_negative_candidate_distance,48,0.5,0.4166666666666667,0.4652777777777778
full,clipart,Drill,centroid_negative_candidate_rank,48,0.5,0.4166666666666667,0.7534722222222222
full,clipart,Drill,centroid_source_class_agreement,48,0.5,0.4166666666666667,0.7647569444444444
full,clipart,Drill,source_weight_max_for_candidate,48,0.5,0.4166666666666667,0.5902777777777778
full,clipart,Drill,source_weight_negative_entropy_for_candidate,48,0.5,0.4166666666666667,0.6076388888888888
full,clipart,Drill,teacher_confidence,48,0.5,0.4166666666666667,0.8246527777777778
full,clipart,Drill,teacher_probability_margin,48,0.5,0.4166666666666667,0.7881944444444444
full,clipart,Drill,teacher_negative_entropy,48,0.5,0.4166666666666667,0.8524305555555556
full,clipart,Eraser,centroid_class_margin,40,0.275,0.025,0.3605015673981191
full,clipart,Eraser,centroid_relative_margin,40,0.275,0.025,0.36363636363636365
full,clipart,Eraser,centroid_negative_candidate_distance,40,0.275,0.025,0.29153605015673983
full,clipart,Eraser,centroid_negative_candidate_rank,40,0.275,0.025,0.390282131661442
full,clipart,Eraser,centroid_source_class_agreement,40,0.275,0.025,0.30094043887147337
full,clipart,Eraser,source_weight_max_for_candidate,40,0.275,0.025,0.1536050156739812
full,clipart,Eraser,source_weight_negative_entropy_for_candidate,40,0.275,0.025,0.15987460815047022
full,clipart,Eraser,teacher_confidence,40,0.275,0.025,0.5517241379310345
full,clipart,Eraser,teacher_probability_margin,40,0.275,0.025,0.6175548589341693
full,clipart,Eraser,teacher_negative_entropy,40,0.275,0.025,0.5579937304075235
full,clipart,Exit_Sign,centroid_class_margin,41,0.9512195121951219,0.8780487804878049,1.0
full,clipart,Exit_Sign,centroid_relative_margin,41,0.9512195121951219,0.8780487804878049,1.0
full,clipart,Exit_Sign,centroid_negative_candidate_distance,41,0.9512195121951219,0.8780487804878049,0.7692307692307693
full,clipart,Exit_Sign,centroid_negative_candidate_rank,41,0.9512195121951219,0.8780487804878049,1.0
full,clipart,Exit_Sign,centroid_source_class_agreement,41,0.9512195121951219,0.8780487804878049,1.0
full,clipart,Exit_Sign,source_weight_max_for_candidate,41,0.9512195121951219,0.8780487804878049,0.6410256410256411
full,clipart,Exit_Sign,source_weight_negative_entropy_for_candidate,41,0.9512195121951219,0.8780487804878049,0.4230769230769231
full,clipart,Exit_Sign,teacher_confidence,41,0.9512195121951219,0.8780487804878049,1.0
full,clipart,Exit_Sign,teacher_probability_margin,41,0.9512195121951219,0.8780487804878049,0.9871794871794872
full,clipart,Exit_Sign,teacher_negative_entropy,41,0.9512195121951219,0.8780487804878049,0.9871794871794872
full,clipart,Fan,centroid_class_margin,50,0.42,0.28,0.6206896551724138
full,clipart,Fan,centroid_relative_margin,50,0.42,0.28,0.6042692939244664
full,clipart,Fan,centroid_negative_candidate_distance,50,0.42,0.28,0.47619047619047616
full,clipart,Fan,centroid_negative_candidate_rank,50,0.42,0.28,0.6814449917898193
full,clipart,Fan,centroid_source_class_agreement,50,0.42,0.28,0.5935960591133005
full,clipart,Fan,source_weight_max_for_candidate,50,0.42,0.28,0.37438423645320196
full,clipart,Fan,source_weight_negative_entropy_for_candidate,50,0.42,0.28,0.37766830870279144
full,clipart,Fan,teacher_confidence,50,0.42,0.28,0.8423645320197044
full,clipart,Fan,teacher_probability_margin,50,0.42,0.28,0.80623973727422
full,clipart,Fan,teacher_negative_entropy,50,0.42,0.28,0.8407224958949097
full,clipart,File_Cabinet,centroid_class_margin,40,0.6,0.375,0.8072916666666666
full,clipart,File_Cabinet,centroid_relative_margin,40,0.6,0.375,0.8203125
full,clipart,File_Cabinet,centroid_negative_candidate_distance,40,0.6,0.375,0.7161458333333334
full,clipart,File_Cabinet,centroid_negative_candidate_rank,40,0.6,0.375,0.8619791666666666
full,clipart,File_Cabinet,centroid_source_class_agreement,40,0.6,0.375,0.7317708333333334
full,clipart,File_Cabinet,source_weight_max_for_candidate,40,0.6,0.375,0.5546875
full,clipart,File_Cabinet,source_weight_negative_entropy_for_candidate,40,0.6,0.375,0.546875
full,clipart,File_Cabinet,teacher_confidence,40,0.6,0.375,0.8828125
full,clipart,File_Cabinet,teacher_probability_margin,40,0.6,0.375,0.9114583333333334
full,clipart,File_Cabinet,teacher_negative_entropy,40,0.6,0.375,0.8125
full,clipart,Flipflops,centroid_class_margin,40,0.925,0.125,0.18018018018018017
full,clipart,Flipflops,centroid_relative_margin,40,0.925,0.125,0.24324324324324326
full,clipart,Flipflops,centroid_negative_candidate_distance,40,0.925,0.125,0.36936936936936937
full,clipart,Flipflops,centroid_negative_candidate_rank,40,0.925,0.125,0.14414414414414414
full,clipart,Flipflops,centroid_source_class_agreement,40,0.925,0.125,0.31981981981981983
full,clipart,Flipflops,source_weight_max_for_candidate,40,0.925,0.125,0.036036036036036036
full,clipart,Flipflops,source_weight_negative_entropy_for_candidate,40,0.925,0.125,0.04504504504504504
full,clipart,Flipflops,teacher_confidence,40,0.925,0.125,0.9009009009009009
full,clipart,Flipflops,teacher_probability_margin,40,0.925,0.125,0.9099099099099099
full,clipart,Flipflops,teacher_negative_entropy,40,0.925,0.125,0.8468468468468469
full,clipart,Flowers,centroid_class_margin,99,0.797979797979798,0.5454545454545454,0.8240506329113924
full,clipart,Flowers,centroid_relative_margin,99,0.797979797979798,0.5454545454545454,0.810126582278481
full,clipart,Flowers,centroid_negative_candidate_distance,99,0.797979797979798,0.5454545454545454,0.5386075949367088
full,clipart,Flowers,centroid_negative_candidate_rank,99,0.797979797979798,0.5454545454545454,0.7879746835443038
full,clipart,Flowers,centroid_source_class_agreement,99,0.797979797979798,0.5454545454545454,0.8129746835443038
full,clipart,Flowers,source_weight_max_for_candidate,99,0.797979797979798,0.5454545454545454,0.4189873417721519
full,clipart,Flowers,source_weight_negative_entropy_for_candidate,99,0.797979797979798,0.5454545454545454,0.40379746835443037
full,clipart,Flowers,teacher_confidence,99,0.797979797979798,0.5454545454545454,0.9740506329113924
full,clipart,Flowers,teacher_probability_margin,99,0.797979797979798,0.5454545454545454,0.9658227848101266
full,clipart,Flowers,teacher_negative_entropy,99,0.797979797979798,0.5454545454545454,0.9645569620253165
full,clipart,Folder,centroid_class_margin,99,0.7575757575757576,0.9696969696969697,0.9955555555555555
full,clipart,Folder,centroid_relative_margin,99,0.7575757575757576,0.9696969696969697,0.9961111111111111
full,clipart,Folder,centroid_negative_candidate_distance,99,0.7575757575757576,0.9696969696969697,0.9155555555555556
full,clipart,Folder,centroid_negative_candidate_rank,99,0.7575757575757576,0.9696969696969697,0.9583333333333334
full,clipart,Folder,centroid_source_class_agreement,99,0.7575757575757576,0.9696969696969697,0.9094444444444445
full,clipart,Folder,source_weight_max_for_candidate,99,0.7575757575757576,0.9696969696969697,0.5916666666666667
full,clipart,Folder,source_weight_negative_entropy_for_candidate,99,0.7575757575757576,0.9696969696969697,0.5927777777777777
full,clipart,Folder,teacher_confidence,99,0.7575757575757576,0.9696969696969697,0.8244444444444444
full,clipart,Folder,teacher_probability_margin,99,0.7575757575757576,0.9696969696969697,0.8094444444444444
full,clipart,Folder,teacher_negative_entropy,99,0.7575757575757576,0.9696969696969697,0.8094444444444444
full,clipart,Fork,centroid_class_margin,61,0.5409836065573771,0.26229508196721313,0.579004329004329
full,clipart,Fork,centroid_relative_margin,61,0.5409836065573771,0.26229508196721313,0.5573593073593074
full,clipart,Fork,centroid_negative_candidate_distance,61,0.5409836065573771,0.26229508196721313,0.5248917748917749
full,clipart,Fork,centroid_negative_candidate_rank,61,0.5409836065573771,0.26229508196721313,0.5654761904761905
full,clipart,Fork,centroid_source_class_agreement,61,0.5409836065573771,0.26229508196721313,0.5979437229437229
full,clipart,Fork,source_weight_max_for_candidate,61,0.5409836065573771,0.26229508196721313,0.30952380952380953
full,clipart,Fork,source_weight_negative_entropy_for_candidate,61,0.5409836065573771,0.26229508196721313,0.3430735930735931
full,clipart,Fork,teacher_confidence,61,0.5409836065573771,0.26229508196721313,0.8560606060606061
full,clipart,Fork,teacher_probability_margin,61,0.5409836065573771,0.26229508196721313,0.8668831168831169
full,clipart,Fork,teacher_negative_entropy,61,0.5409836065573771,0.26229508196721313,0.814935064935065
full,clipart,Glasses,centroid_class_margin,52,0.8269230769230769,0.6923076923076923,0.8785529715762274
full,clipart,Glasses,centroid_relative_margin,52,0.8269230769230769,0.6923076923076923,0.8992248062015504
full,clipart,Glasses,centroid_negative_candidate_distance,52,0.8269230769230769,0.6923076923076923,0.5633074935400517
full,clipart,Glasses,centroid_negative_candidate_rank,52,0.8269230769230769,0.6923076923076923,0.8501291989664083
full,clipart,Glasses,centroid_source_class_agreement,52,0.8269230769230769,0.6923076923076923,0.8591731266149871
full,clipart,Glasses,source_weight_max_for_candidate,52,0.8269230769230769,0.6923076923076923,0.46770025839793283
full,clipart,Glasses,source_weight_negative_entropy_for_candidate,52,0.8269230769230769,0.6923076923076923,0.5193798449612403
full,clipart,Glasses,teacher_confidence,52,0.8269230769230769,0.6923076923076923,0.8940568475452196
full,clipart,Glasses,teacher_probability_margin,52,0.8269230769230769,0.6923076923076923,0.9018087855297158
full,clipart,Glasses,teacher_negative_entropy,52,0.8269230769230769,0.6923076923076923,0.896640826873385
full,clipart,Hammer,centroid_class_margin,99,0.5555555555555556,0.41414141414141414,0.7727272727272727
full,clipart,Hammer,centroid_relative_margin,99,0.5555555555555556,0.41414141414141414,0.7611570247933884
full,clipart,Hammer,centroid_negative_candidate_distance,99,0.5555555555555556,0.41414141414141414,0.7425619834710744
full,clipart,Hammer,centroid_negative_candidate_rank,99,0.5555555555555556,0.41414141414141414,0.7586776859504132
full,clipart,Hammer,centroid_source_class_agreement,99,0.5555555555555556,0.41414141414141414,0.6675619834710744
full,clipart,Hammer,source_weight_max_for_candidate,99,0.5555555555555556,0.41414141414141414,0.4756198347107438
full,clipart,Hammer,source_weight_negative_entropy_for_candidate,99,0.5555555555555556,0.41414141414141414,0.4933884297520661
full,clipart,Hammer,teacher_confidence,99,0.5555555555555556,0.41414141414141414,0.740909090909091
full,clipart,Hammer,teacher_probability_margin,99,0.5555555555555556,0.41414141414141414,0.7033057851239669
full,clipart,Hammer,teacher_negative_entropy,99,0.5555555555555556,0.41414141414141414,0.7586776859504132
full,clipart,Helmet,centroid_class_margin,69,0.6521739130434783,0.2318840579710145,0.6037037037037037
full,clipart,Helmet,centroid_relative_margin,69,0.6521739130434783,0.2318840579710145,0.5666666666666667
full,clipart,Helmet,centroid_negative_candidate_distance,69,0.6521739130434783,0.2318840579710145,0.4675925925925926
full,clipart,Helmet,centroid_negative_candidate_rank,69,0.6521739130434783,0.2318840579710145,0.5837962962962963
full,clipart,Helmet,centroid_source_class_agreement,69,0.6521739130434783,0.2318840579710145,0.6828703703703703
full,clipart,Helmet,source_weight_max_for_candidate,69,0.6521739130434783,0.2318840579710145,0.37592592592592594
full,clipart,Helmet,source_weight_negative_entropy_for_candidate,69,0.6521739130434783,0.2318840579710145,0.38333333333333336
full,clipart,Helmet,teacher_confidence,69,0.6521739130434783,0.2318840579710145,0.8361111111111111
full,clipart,Helmet,teacher_probability_margin,69,0.6521739130434783,0.2318840579710145,0.8425925925925926
full,clipart,Helmet,teacher_negative_entropy,69,0.6521739130434783,0.2318840579710145,0.812037037037037
full,clipart,Kettle,centroid_class_margin,40,0.725,0.125,0.5329153605015674
full,clipart,Kettle,centroid_relative_margin,40,0.725,0.125,0.5172413793103449
full,clipart,Kettle,centroid_negative_candidate_distance,40,0.725,0.125,0.47648902821316613
full,clipart,Kettle,centroid_negative_candidate_rank,40,0.725,0.125,0.5329153605015674
full,clipart,Kettle,centroid_source_class_agreement,40,0.725,0.125,0.46551724137931033
full,clipart,Kettle,source_weight_max_for_candidate,40,0.725,0.125,0.47335423197492166
full,clipart,Kettle,source_weight_negative_entropy_for_candidate,40,0.725,0.125,0.4670846394984326
full,clipart,Kettle,teacher_confidence,40,0.725,0.125,0.8683385579937304
full,clipart,Kettle,teacher_probability_margin,40,0.725,0.125,0.8495297805642633
full,clipart,Kettle,teacher_negative_entropy,40,0.725,0.125,0.8495297805642633
full,clipart,Keyboard,centroid_class_margin,99,0.7373737373737373,0.24242424242424243,0.458377239199157
full,clipart,Keyboard,centroid_relative_margin,99,0.7373737373737373,0.24242424242424243,0.48524762908324554
full,clipart,Keyboard,centroid_negative_candidate_distance,99,0.7373737373737373,0.24242424242424243,0.4336143308746048
full,clipart,Keyboard,centroid_negative_candidate_rank,99,0.7373737373737373,0.24242424242424243,0.43045310853530033
full,clipart,Keyboard,centroid_source_class_agreement,99,0.7373737373737373,0.24242424242424243,0.44915700737618547
full,clipart,Keyboard,source_weight_max_for_candidate,99,0.7373737373737373,0.24242424242424243,0.5695468914646997
full,clipart,Keyboard,source_weight_negative_entropy_for_candidate,99,0.7373737373737373,0.24242424242424243,0.5637513171759747
full,clipart,Keyboard,teacher_confidence,99,0.7373737373737373,0.24242424242424243,0.8972602739726028
full,clipart,Keyboard,teacher_probability_margin,99,0.7373737373737373,0.24242424242424243,0.9199157007376185
full,clipart,Keyboard,teacher_negative_entropy,99,0.7373737373737373,0.24242424242424243,0.8609062170706007
full,clipart,Knives,centroid_class_margin,53,0.4528301886792453,0.1320754716981132,0.3735632183908046
full,clipart,Knives,centroid_relative_margin,53,0.4528301886792453,0.1320754716981132,0.3635057471264368
full,clipart,Knives,centroid_negative_candidate_distance,53,0.4528301886792453,0.1320754716981132,0.4454022988505747
full,clipart,Knives,centroid_negative_candidate_rank,53,0.4528301886792453,0.1320754716981132,0.41020114942528735
full,clipart,Knives,centroid_source_class_agreement,53,0.4528301886792453,0.1320754716981132,0.5287356321839081
full,clipart,Knives,source_weight_max_for_candidate,53,0.4528301886792453,0.1320754716981132,0.5229885057471264
full,clipart,Knives,source_weight_negative_entropy_for_candidate,53,0.4528301886792453,0.1320754716981132,0.47701149425287354
full,clipart,Knives,teacher_confidence,53,0.4528301886792453,0.1320754716981132,0.8275862068965517
full,clipart,Knives,teacher_probability_margin,53,0.4528301886792453,0.1320754716981132,0.8204022988505747
full,clipart,Knives,teacher_negative_entropy,53,0.4528301886792453,0.1320754716981132,0.8347701149425287
full,clipart,Lamp_Shade,centroid_class_margin,40,0.675,0.225,0.5897435897435898
full,clipart,Lamp_Shade,centroid_relative_margin,40,0.675,0.225,0.5954415954415955
full,clipart,Lamp_Shade,centroid_negative_candidate_distance,40,0.675,0.225,0.4472934472934473
full,clipart,Lamp_Shade,centroid_negative_candidate_rank,40,0.675,0.225,0.5398860398860399
full,clipart,Lamp_Shade,centroid_source_class_agreement,40,0.675,0.225,0.405982905982906
full,clipart,Lamp_Shade,source_weight_max_for_candidate,40,0.675,0.225,0.7264957264957265
full,clipart,Lamp_Shade,source_weight_negative_entropy_for_candidate,40,0.675,0.225,0.7122507122507122
full,clipart,Lamp_Shade,teacher_confidence,40,0.675,0.225,0.7977207977207977
full,clipart,Lamp_Shade,teacher_probability_margin,40,0.675,0.225,0.8005698005698005
full,clipart,Lamp_Shade,teacher_negative_entropy,40,0.675,0.225,0.7749287749287749
full,clipart,Laptop,centroid_class_margin,99,0.5656565656565656,0.37373737373737376,0.6428571428571429
full,clipart,Laptop,centroid_relative_margin,99,0.5656565656565656,0.37373737373737376,0.6266611295681063
full,clipart,Laptop,centroid_negative_candidate_distance,99,0.5656565656565656,0.37373737373737376,0.6320598006644518
full,clipart,Laptop,centroid_negative_candidate_rank,99,0.5656565656565656,0.37373737373737376,0.6505398671096345
full,clipart,Laptop,centroid_source_class_agreement,99,0.5656565656565656,0.37373737373737376,0.6588455149501661
full,clipart,Laptop,source_weight_max_for_candidate,99,0.5656565656565656,0.37373737373737376,0.3978405315614618
full,clipart,Laptop,source_weight_negative_entropy_for_candidate,99,0.5656565656565656,0.37373737373737376,0.39493355481727577
full,clipart,Laptop,teacher_confidence,99,0.5656565656565656,0.37373737373737376,0.9036544850498339
full,clipart,Laptop,teacher_probability_margin,99,0.5656565656565656,0.37373737373737376,0.8608803986710963
full,clipart,Laptop,teacher_negative_entropy,99,0.5656565656565656,0.37373737373737376,0.9194352159468439
full,clipart,Marker,centroid_class_margin,71,0.22535211267605634,0.09859154929577464,0.7204545454545455
full,clipart,Marker,centroid_relative_margin,71,0.22535211267605634,0.09859154929577464,0.7318181818181818
full,clipart,Marker,centroid_negative_candidate_distance,71,0.22535211267605634,0.09859154929577464,0.4727272727272727
full,clipart,Marker,centroid_negative_candidate_rank,71,0.22535211267605634,0.09859154929577464,0.69375
full,clipart,Marker,centroid_source_class_agreement,71,0.22535211267605634,0.09859154929577464,0.5647727272727273
full,clipart,Marker,source_weight_max_for_candidate,71,0.22535211267605634,0.09859154929577464,0.6352272727272728
full,clipart,Marker,source_weight_negative_entropy_for_candidate,71,0.22535211267605634,0.09859154929577464,0.6386363636363637
full,clipart,Marker,teacher_confidence,71,0.22535211267605634,0.09859154929577464,0.6011363636363637
full,clipart,Marker,teacher_probability_margin,71,0.22535211267605634,0.09859154929577464,0.5988636363636364
full,clipart,Marker,teacher_negative_entropy,71,0.22535211267605634,0.09859154929577464,0.6579545454545455
full,clipart,Monitor,centroid_class_margin,99,0.696969696969697,0.40404040404040403,0.6642512077294686
full,clipart,Monitor,centroid_relative_margin,99,0.696969696969697,0.40404040404040403,0.6685990338164252
full,clipart,Monitor,centroid_negative_candidate_distance,99,0.696969696969697,0.40404040404040403,0.5483091787439613
full,clipart,Monitor,centroid_negative_candidate_rank,99,0.696969696969697,0.40404040404040403,0.6908212560386473
full,clipart,Monitor,centroid_source_class_agreement,99,0.696969696969697,0.40404040404040403,0.47198067632850244
full,clipart,Monitor,source_weight_max_for_candidate,99,0.696969696969697,0.40404040404040403,0.6275362318840579
full,clipart,Monitor,source_weight_negative_entropy_for_candidate,99,0.696969696969697,0.40404040404040403,0.6386473429951691
full,clipart,Monitor,teacher_confidence,99,0.696969696969697,0.40404040404040403,0.8714975845410629
full,clipart,Monitor,teacher_probability_margin,99,0.696969696969697,0.40404040404040403,0.8246376811594203
full,clipart,Monitor,teacher_negative_entropy,99,0.696969696969697,0.40404040404040403,0.8091787439613527
full,clipart,Mop,centroid_class_margin,40,0.25,0.35,0.9466666666666667
full,clipart,Mop,centroid_relative_margin,40,0.25,0.35,0.9533333333333334
full,clipart,Mop,centroid_negative_candidate_distance,40,0.25,0.35,0.6633333333333333
full,clipart,Mop,centroid_negative_candidate_rank,40,0.25,0.35,0.9166666666666666
full,clipart,Mop,centroid_source_class_agreement,40,0.25,0.35,0.8983333333333333
full,clipart,Mop,source_weight_max_for_candidate,40,0.25,0.35,0.47333333333333333
full,clipart,Mop,source_weight_negative_entropy_for_candidate,40,0.25,0.35,0.49333333333333335
full,clipart,Mop,teacher_confidence,40,0.25,0.35,0.6433333333333333
full,clipart,Mop,teacher_probability_margin,40,0.25,0.35,0.61
full,clipart,Mop,teacher_negative_entropy,40,0.25,0.35,0.6566666666666666
full,clipart,Mouse,centroid_class_margin,76,0.47368421052631576,0.2631578947368421,0.8638888888888889
full,clipart,Mouse,centroid_relative_margin,76,0.47368421052631576,0.2631578947368421,0.8458333333333333
full,clipart,Mouse,centroid_negative_candidate_distance,76,0.47368421052631576,0.2631578947368421,0.7076388888888889
full,clipart,Mouse,centroid_negative_candidate_rank,76,0.47368421052631576,0.2631578947368421,0.8354166666666667
full,clipart,Mouse,centroid_source_class_agreement,76,0.47368421052631576,0.2631578947368421,0.6788194444444444
full,clipart,Mouse,source_weight_max_for_candidate,76,0.47368421052631576,0.2631578947368421,0.4548611111111111
full,clipart,Mouse,source_weight_negative_entropy_for_candidate,76,0.47368421052631576,0.2631578947368421,0.4798611111111111
full,clipart,Mouse,teacher_confidence,76,0.47368421052631576,0.2631578947368421,0.8743055555555556
full,clipart,Mouse,teacher_probability_margin,76,0.47368421052631576,0.2631578947368421,0.8527777777777777
full,clipart,Mouse,teacher_negative_entropy,76,0.47368421052631576,0.2631578947368421,0.8756944444444444
full,clipart,Mug,centroid_class_margin,99,0.7373737373737373,0.48484848484848486,0.7639620653319283
full,clipart,Mug,centroid_relative_margin,99,0.7373737373737373,0.48484848484848486,0.7550052687038988
full,clipart,Mug,centroid_negative_candidate_distance,99,0.7373737373737373,0.48484848484848486,0.5827186512118019
full,clipart,Mug,centroid_negative_candidate_rank,99,0.7373737373737373,0.48484848484848486,0.726290832455216
full,clipart,Mug,centroid_source_class_agreement,99,0.7373737373737373,0.48484848484848486,0.8843519494204426
full,clipart,Mug,source_weight_max_for_candidate,99,0.7373737373737373,0.48484848484848486,0.0684931506849315
full,clipart,Mug,source_weight_negative_entropy_for_candidate,99,0.7373737373737373,0.48484848484848486,0.04162276080084299
full,clipart,Mug,teacher_confidence,99,0.7373737373737373,0.48484848484848486,0.8166491043203372
full,clipart,Mug,teacher_probability_margin,99,0.7373737373737373,0.48484848484848486,0.7950474183350895
full,clipart,Mug,teacher_negative_entropy,99,0.7373737373737373,0.48484848484848486,0.8382507903055848
full,clipart,Notebook,centroid_class_margin,83,0.24096385542168675,0.08433734939759036,0.3357142857142857
full,clipart,Notebook,centroid_relative_margin,83,0.24096385542168675,0.08433734939759036,0.34523809523809523
full,clipart,Notebook,centroid_negative_candidate_distance,83,0.24096385542168675,0.08433734939759036,0.3126984126984127
full,clipart,Notebook,centroid_negative_candidate_rank,83,0.24096385542168675,0.08433734939759036,0.3904761904761905
full,clipart,Notebook,centroid_source_class_agreement,83,0.24096385542168675,0.08433734939759036,0.444047619047619
full,clipart,Notebook,source_weight_max_for_candidate,83,0.24096385542168675,0.08433734939759036,0.39920634920634923
full,clipart,Notebook,source_weight_negative_entropy_for_candidate,83,0.24096385542168675,0.08433734939759036,0.39444444444444443
full,clipart,Notebook,teacher_confidence,83,0.24096385542168675,0.08433734939759036,0.6015873015873016
full,clipart,Notebook,teacher_probability_margin,83,0.24096385542168675,0.08433734939759036,0.5936507936507937
full,clipart,Notebook,teacher_negative_entropy,83,0.24096385542168675,0.08433734939759036,0.5904761904761905
full,clipart,Oven,centroid_class_margin,40,0.525,0.225,0.6992481203007519
full,clipart,Oven,centroid_relative_margin,40,0.525,0.225,0.6641604010025063
full,clipart,Oven,centroid_negative_candidate_distance,40,0.525,0.225,0.506265664160401
full,clipart,Oven,centroid_negative_candidate_rank,40,0.525,0.225,0.6992481203007519
full,clipart,Oven,centroid_source_class_agreement,40,0.525,0.225,0.6140350877192983
full,clipart,Oven,source_weight_max_for_candidate,40,0.525,0.225,0.38095238095238093
full,clipart,Oven,source_weight_negative_entropy_for_candidate,40,0.525,0.225,0.37092731829573933
full,clipart,Oven,teacher_confidence,40,0.525,0.225,0.9323308270676691
full,clipart,Oven,teacher_probability_margin,40,0.525,0.225,0.9197994987468672
full,clipart,Oven,teacher_negative_entropy,40,0.525,0.225,0.9423558897243107
full,clipart,Pan,centroid_class_margin,51,0.7647058823529411,0.11764705882352941,0.49145299145299143
full,clipart,Pan,centroid_relative_margin,51,0.7647058823529411,0.11764705882352941,0.4444444444444444
full,clipart,Pan,centroid_negative_candidate_distance,51,0.7647058823529411,0.11764705882352941,0.6452991452991453
full,clipart,Pan,centroid_negative_candidate_rank,51,0.7647058823529411,0.11764705882352941,0.5747863247863247
full,clipart,Pan,centroid_source_class_agreement,51,0.7647058823529411,0.11764705882352941,0.3717948717948718
full,clipart,Pan,source_weight_max_for_candidate,51,0.7647058823529411,0.11764705882352941,0.6025641025641025
full,clipart,Pan,source_weight_negative_entropy_for_candidate,51,0.7647058823529411,0.11764705882352941,0.6004273504273504
full,clipart,Pan,teacher_confidence,51,0.7647058823529411,0.11764705882352941,0.8803418803418803
full,clipart,Pan,teacher_probability_margin,51,0.7647058823529411,0.11764705882352941,0.8653846153846154
full,clipart,Pan,teacher_negative_entropy,51,0.7647058823529411,0.11764705882352941,0.8418803418803419
full,clipart,Paper_Clip,centroid_class_margin,40,0.675,0.525,0.6410256410256411
full,clipart,Paper_Clip,centroid_relative_margin,40,0.675,0.525,0.6666666666666666
full,clipart,Paper_Clip,centroid_negative_candidate_distance,40,0.675,0.525,0.8547008547008547
full,clipart,Paper_Clip,centroid_negative_candidate_rank,40,0.675,0.525,0.6994301994301995
full,clipart,Paper_Clip,centroid_source_class_agreement,40,0.675,0.525,0.8618233618233618
full,clipart,Paper_Clip,source_weight_max_for_candidate,40,0.675,0.525,0.3418803418803419
full,clipart,Paper_Clip,source_weight_negative_entropy_for_candidate,40,0.675,0.525,0.31339031339031337
full,clipart,Paper_Clip,teacher_confidence,40,0.675,0.525,0.7834757834757835
full,clipart,Paper_Clip,teacher_probability_margin,40,0.675,0.525,0.7578347578347578
full,clipart,Paper_Clip,teacher_negative_entropy,40,0.675,0.525,0.7606837606837606
full,clipart,Pen,centroid_class_margin,99,0.3333333333333333,0.21212121212121213,0.5707070707070707
full,clipart,Pen,centroid_relative_margin,99,0.3333333333333333,0.21212121212121213,0.5821854912764004
full,clipart,Pen,centroid_negative_candidate_distance,99,0.3333333333333333,0.21212121212121213,0.5188246097337006
full,clipart,Pen,centroid_negative_candidate_rank,99,0.3333333333333333,0.21212121212121213,0.5245638200183654
full,clipart,Pen,centroid_source_class_agreement,99,0.3333333333333333,0.21212121212121213,0.6402662993572085
full,clipart,Pen,source_weight_max_for_candidate,99,0.3333333333333333,0.21212121212121213,0.3507805325987144
full,clipart,Pen,source_weight_negative_entropy_for_candidate,99,0.3333333333333333,0.21212121212121213,0.379247015610652
full,clipart,Pen,teacher_confidence,99,0.3333333333333333,0.21212121212121213,0.7281910009182736
full,clipart,Pen,teacher_probability_margin,99,0.3333333333333333,0.21212121212121213,0.7327823691460055
full,clipart,Pen,teacher_negative_entropy,99,0.3333333333333333,0.21212121212121213,0.7346189164370982
full,clipart,Pencil,centroid_class_margin,99,0.3434343434343434,0.1111111111111111,0.5968325791855204
full,clipart,Pencil,centroid_relative_margin,99,0.3434343434343434,0.1111111111111111,0.581447963800905
full,clipart,Pencil,centroid_negative_candidate_distance,99,0.3434343434343434,0.1111111111111111,0.5846153846153846
full,clipart,Pencil,centroid_negative_candidate_rank,99,0.3434343434343434,0.1111111111111111,0.6242081447963801
full,clipart,Pencil,centroid_source_class_agreement,99,0.3434343434343434,0.1111111111111111,0.7434389140271493
full,clipart,Pencil,source_weight_max_for_candidate,99,0.3434343434343434,0.1111111111111111,0.21447963800904976
full,clipart,Pencil,source_weight_negative_entropy_for_candidate,99,0.3434343434343434,0.1111111111111111,0.18461538461538463
full,clipart,Pencil,teacher_confidence,99,0.3434343434343434,0.1111111111111111,0.6918552036199095
full,clipart,Pencil,teacher_probability_margin,99,0.3434343434343434,0.1111111111111111,0.6819004524886878
full,clipart,Pencil,teacher_negative_entropy,99,0.3434343434343434,0.1111111111111111,0.7176470588235294
full,clipart,Postit_Notes,centroid_class_margin,41,0.36585365853658536,0.024390243902439025,0.14615384615384616
full,clipart,Postit_Notes,centroid_relative_margin,41,0.36585365853658536,0.024390243902439025,0.16923076923076924
full,clipart,Postit_Notes,centroid_negative_candidate_distance,41,0.36585365853658536,0.024390243902439025,0.28205128205128205
full,clipart,Postit_Notes,centroid_negative_candidate_rank,41,0.36585365853658536,0.024390243902439025,0.2230769230769231
full,clipart,Postit_Notes,centroid_source_class_agreement,41,0.36585365853658536,0.024390243902439025,0.24102564102564103
full,clipart,Postit_Notes,source_weight_max_for_candidate,41,0.36585365853658536,0.024390243902439025,0.3333333333333333
full,clipart,Postit_Notes,source_weight_negative_entropy_for_candidate,41,0.36585365853658536,0.024390243902439025,0.39487179487179486
full,clipart,Postit_Notes,teacher_confidence,41,0.36585365853658536,0.024390243902439025,0.6897435897435897
full,clipart,Postit_Notes,teacher_probability_margin,41,0.36585365853658536,0.024390243902439025,0.6564102564102564
full,clipart,Postit_Notes,teacher_negative_entropy,41,0.36585365853658536,0.024390243902439025,0.6974358974358974
full,clipart,Printer,centroid_class_margin,87,0.3563218390804598,0.1839080459770115,0.6077188940092166
full,clipart,Printer,centroid_relative_margin,87,0.3563218390804598,0.1839080459770115,0.6342165898617511
full,clipart,Printer,centroid_negative_candidate_distance,87,0.3563218390804598,0.1839080459770115,0.5858294930875576
full,clipart,Printer,centroid_negative_candidate_rank,87,0.3563218390804598,0.1839080459770115,0.6598502304147466
full,clipart,Printer,centroid_source_class_agreement,87,0.3563218390804598,0.1839080459770115,0.5993663594470046
full,clipart,Printer,source_weight_max_for_candidate,87,0.3563218390804598,0.1839080459770115,0.5581797235023042
full,clipart,Printer,source_weight_negative_entropy_for_candidate,87,0.3563218390804598,0.1839080459770115,0.5529953917050692
full,clipart,Printer,teacher_confidence,87,0.3563218390804598,0.1839080459770115,0.7453917050691244
full,clipart,Printer,teacher_probability_margin,87,0.3563218390804598,0.1839080459770115,0.7632488479262672
full,clipart,Printer,teacher_negative_entropy,87,0.3563218390804598,0.1839080459770115,0.7355990783410138
full,clipart,Push_Pin,centroid_class_margin,40,0.675,0.3,0.7578347578347578
full,clipart,Push_Pin,centroid_relative_margin,40,0.675,0.3,0.7692307692307693
full,clipart,Push_Pin,centroid_negative_candidate_distance,40,0.675,0.3,0.5185185185185185
full,clipart,Push_Pin,centroid_negative_candidate_rank,40,0.675,0.3,0.7478632478632479
full,clipart,Push_Pin,centroid_source_class_agreement,40,0.675,0.3,0.7279202279202279
full,clipart,Push_Pin,source_weight_max_for_candidate,40,0.675,0.3,0.042735042735042736
full,clipart,Push_Pin,source_weight_negative_entropy_for_candidate,40,0.675,0.3,0.037037037037037035
full,clipart,Push_Pin,teacher_confidence,40,0.675,0.3,0.717948717948718
full,clipart,Push_Pin,teacher_probability_margin,40,0.675,0.3,0.6837606837606838
full,clipart,Push_Pin,teacher_negative_entropy,40,0.675,0.3,0.7606837606837606
full,clipart,Radio,centroid_class_margin,46,0.41304347826086957,0.10869565217391304,0.9083820662768031
full,clipart,Radio,centroid_relative_margin,46,0.41304347826086957,0.10869565217391304,0.9122807017543859
full,clipart,Radio,centroid_negative_candidate_distance,46,0.41304347826086957,0.10869565217391304,0.6335282651072125
full,clipart,Radio,centroid_negative_candidate_rank,46,0.41304347826086957,0.10869565217391304,0.8333333333333334
full,clipart,Radio,centroid_source_class_agreement,46,0.41304347826086957,0.10869565217391304,0.6695906432748538
full,clipart,Radio,source_weight_max_for_candidate,46,0.41304347826086957,0.10869565217391304,0.3898635477582846
full,clipart,Radio,source_weight_negative_entropy_for_candidate,46,0.41304347826086957,0.10869565217391304,0.3723196881091618
full,clipart,Radio,teacher_confidence,46,0.41304347826086957,0.10869565217391304,0.8654970760233918
full,clipart,Radio,teacher_probability_margin,46,0.41304347826086957,0.10869565217391304,0.8557504873294347
full,clipart,Radio,teacher_negative_entropy,46,0.41304347826086957,0.10869565217391304,0.8557504873294347
full,clipart,Refrigerator,centroid_class_margin,40,0.2,0.2,0.80078125
full,clipart,Refrigerator,centroid_relative_margin,40,0.2,0.2,0.79296875
full,clipart,Refrigerator,centroid_negative_candidate_distance,40,0.2,0.2,0.56640625
full,clipart,Refrigerator,centroid_negative_candidate_rank,40,0.2,0.2,0.70703125
full,clipart,Refrigerator,centroid_source_class_agreement,40,0.2,0.2,0.623046875
full,clipart,Refrigerator,source_weight_max_for_candidate,40,0.2,0.2,0.81640625
full,clipart,Refrigerator,source_weight_negative_entropy_for_candidate,40,0.2,0.2,0.8046875
full,clipart,Refrigerator,teacher_confidence,40,0.2,0.2,0.88671875
full,clipart,Refrigerator,teacher_probability_margin,40,0.2,0.2,0.80078125
full,clipart,Refrigerator,teacher_negative_entropy,40,0.2,0.2,0.83984375
full,clipart,Ruler,centroid_class_margin,67,0.8507462686567164,0.5522388059701493,0.6105263157894737
full,clipart,Ruler,centroid_relative_margin,67,0.8507462686567164,0.5522388059701493,0.6333333333333333
full,clipart,Ruler,centroid_negative_candidate_distance,67,0.8507462686567164,0.5522388059701493,0.49122807017543857
full,clipart,Ruler,centroid_negative_candidate_rank,67,0.8507462686567164,0.5522388059701493,0.5429824561403509
full,clipart,Ruler,centroid_source_class_agreement,67,0.8507462686567164,0.5522388059701493,0.8271929824561404
full,clipart,Ruler,source_weight_max_for_candidate,67,0.8507462686567164,0.5522388059701493,0.21403508771929824
full,clipart,Ruler,source_weight_negative_entropy_for_candidate,67,0.8507462686567164,0.5522388059701493,0.14912280701754385
full,clipart,Ruler,teacher_confidence,67,0.8507462686567164,0.5522388059701493,0.9508771929824561
full,clipart,Ruler,teacher_probability_margin,67,0.8507462686567164,0.5522388059701493,0.9438596491228071
full,clipart,Ruler,teacher_negative_entropy,67,0.8507462686567164,0.5522388059701493,0.9456140350877194
full,clipart,Scissors,centroid_class_margin,99,0.8686868686868687,0.3838383838383838,0.9123434704830053
full,clipart,Scissors,centroid_relative_margin,99,0.8686868686868687,0.3838383838383838,0.8971377459749553
full,clipart,Scissors,centroid_negative_candidate_distance,99,0.8686868686868687,0.3838383838383838,0.8282647584973166
full,clipart,Scissors,centroid_negative_candidate_rank,99,0.8686868686868687,0.3838383838383838,0.9132379248658319
full,clipart,Scissors,centroid_source_class_agreement,99,0.8686868686868687,0.3838383838383838,0.6833631484794276
full,clipart,Scissors,source_weight_max_for_candidate,99,0.8686868686868687,0.3838383838383838,0.6574239713774598
full,clipart,Scissors,source_weight_negative_entropy_for_candidate,99,0.8686868686868687,0.3838383838383838,0.6413237924865832
full,clipart,Scissors,teacher_confidence,99,0.8686868686868687,0.3838383838383838,0.9239713774597496
full,clipart,Scissors,teacher_probability_margin,99,0.8686868686868687,0.3838383838383838,0.9257602862254025
full,clipart,Scissors,teacher_negative_entropy,99,0.8686868686868687,0.3838383838383838,0.9007155635062611
full,clipart,Screwdriver,centroid_class_margin,75,0.4666666666666667,0.26666666666666666,0.7278571428571429
full,clipart,Screwdriver,centroid_relative_margin,75,0.4666666666666667,0.26666666666666666,0.6978571428571428
full,clipart,Screwdriver,centroid_negative_candidate_distance,75,0.4666666666666667,0.26666666666666666,0.8192857142857143
full,clipart,Screwdriver,centroid_negative_candidate_rank,75,0.4666666666666667,0.26666666666666666,0.7564285714285715
full,clipart,Screwdriver,centroid_source_class_agreement,75,0.4666666666666667,0.26666666666666666,0.7139285714285715
full,clipart,Screwdriver,source_weight_max_for_candidate,75,0.4666666666666667,0.26666666666666666,0.5942857142857143
full,clipart,Screwdriver,source_weight_negative_entropy_for_candidate,75,0.4666666666666667,0.26666666666666666,0.5678571428571428
full,clipart,Screwdriver,teacher_confidence,75,0.4666666666666667,0.26666666666666666,0.8814285714285715
full,clipart,Screwdriver,teacher_probability_margin,75,0.4666666666666667,0.26666666666666666,0.8242857142857143
full,clipart,Screwdriver,teacher_negative_entropy,75,0.4666666666666667,0.26666666666666666,0.9142857142857143
full,clipart,Shelf,centroid_class_margin,42,0.5,0.07142857142857142,0.4444444444444444
full,clipart,Shelf,centroid_relative_margin,42,0.5,0.07142857142857142,0.4875283446712018
full,clipart,Shelf,centroid_negative_candidate_distance,42,0.5,0.07142857142857142,0.2789115646258503
full,clipart,Shelf,centroid_negative_candidate_rank,42,0.5,0.07142857142857142,0.5215419501133787
full,clipart,Shelf,centroid_source_class_agreement,42,0.5,0.07142857142857142,0.3299319727891156
full,clipart,Shelf,source_weight_max_for_candidate,42,0.5,0.07142857142857142,0.528344671201814
full,clipart,Shelf,source_weight_negative_entropy_for_candidate,42,0.5,0.07142857142857142,0.5487528344671202
full,clipart,Shelf,teacher_confidence,42,0.5,0.07142857142857142,0.8503401360544217
full,clipart,Shelf,teacher_probability_margin,42,0.5,0.07142857142857142,0.8616780045351474
full,clipart,Shelf,teacher_negative_entropy,42,0.5,0.07142857142857142,0.7777777777777778
full,clipart,Sink,centroid_class_margin,42,0.19047619047619047,0.023809523809523808,0.30514705882352944
full,clipart,Sink,centroid_relative_margin,42,0.19047619047619047,0.023809523809523808,0.23529411764705882
full,clipart,Sink,centroid_negative_candidate_distance,42,0.19047619047619047,0.023809523809523808,0.4375
full,clipart,Sink,centroid_negative_candidate_rank,42,0.19047619047619047,0.023809523809523808,0.31066176470588236
full,clipart,Sink,centroid_source_class_agreement,42,0.19047619047619047,0.023809523809523808,0.33088235294117646
full,clipart,Sink,source_weight_max_for_candidate,42,0.19047619047619047,0.023809523809523808,0.5367647058823529
full,clipart,Sink,source_weight_negative_entropy_for_candidate,42,0.19047619047619047,0.023809523809523808,0.5625
full,clipart,Sink,teacher_confidence,42,0.19047619047619047,0.023809523809523808,0.4375
full,clipart,Sink,teacher_probability_margin,42,0.19047619047619047,0.023809523809523808,0.36764705882352944
full,clipart,Sink,teacher_negative_entropy,42,0.19047619047619047,0.023809523809523808,0.5477941176470589
full,clipart,Sneakers,centroid_class_margin,43,0.6046511627906976,0.16279069767441862,0.47058823529411764
full,clipart,Sneakers,centroid_relative_margin,43,0.6046511627906976,0.16279069767441862,0.5271493212669683
full,clipart,Sneakers,centroid_negative_candidate_distance,43,0.6046511627906976,0.16279069767441862,0.14027149321266968
full,clipart,Sneakers,centroid_negative_candidate_rank,43,0.6046511627906976,0.16279069767441862,0.4807692307692308
full,clipart,Sneakers,centroid_source_class_agreement,43,0.6046511627906976,0.16279069767441862,0.5656108597285068
full,clipart,Sneakers,source_weight_max_for_candidate,43,0.6046511627906976,0.16279069767441862,0.5158371040723982
full,clipart,Sneakers,source_weight_negative_entropy_for_candidate,43,0.6046511627906976,0.16279069767441862,0.49095022624434387
full,clipart,Sneakers,teacher_confidence,43,0.6046511627906976,0.16279069767441862,0.8642533936651584
full,clipart,Sneakers,teacher_probability_margin,43,0.6046511627906976,0.16279069767441862,0.8438914027149321
full,clipart,Sneakers,teacher_negative_entropy,43,0.6046511627906976,0.16279069767441862,0.8529411764705882
full,clipart,Soda,centroid_class_margin,61,0.21311475409836064,0.19672131147540983,0.8012820512820513
full,clipart,Soda,centroid_relative_margin,61,0.21311475409836064,0.19672131147540983,0.782051282051282
full,clipart,Soda,centroid_negative_candidate_distance,61,0.21311475409836064,0.19672131147540983,0.30128205128205127
full,clipart,Soda,centroid_negative_candidate_rank,61,0.21311475409836064,0.19672131147540983,0.7275641025641025
full,clipart,Soda,centroid_source_class_agreement,61,0.21311475409836064,0.19672131147540983,0.8533653846153846
full,clipart,Soda,source_weight_max_for_candidate,61,0.21311475409836064,0.19672131147540983,0.5080128205128205
full,clipart,Soda,source_weight_negative_entropy_for_candidate,61,0.21311475409836064,0.19672131147540983,0.4326923076923077
full,clipart,Soda,teacher_confidence,61,0.21311475409836064,0.19672131147540983,0.8621794871794872
full,clipart,Soda,teacher_probability_margin,61,0.21311475409836064,0.19672131147540983,0.8621794871794872
full,clipart,Soda,teacher_negative_entropy,61,0.21311475409836064,0.19672131147540983,0.8541666666666666
full,clipart,Speaker,centroid_class_margin,90,0.5444444444444444,0.3888888888888889,0.8227974116475859
full,clipart,Speaker,centroid_relative_margin,90,0.5444444444444444,0.3888888888888889,0.8023892483822798
full,clipart,Speaker,centroid_negative_candidate_distance,90,0.5444444444444444,0.3888888888888889,0.7401692384270782
full,clipart,Speaker,centroid_negative_candidate_rank,90,0.5444444444444444,0.3888888888888889,0.8302638128422101
full,clipart,Speaker,centroid_source_class_agreement,90,0.5444444444444444,0.3888888888888889,0.7098058735689398
full,clipart,Speaker,source_weight_max_for_candidate,90,0.5444444444444444,0.3888888888888889,0.6266799402687905
full,clipart,Speaker,source_weight_negative_entropy_for_candidate,90,0.5444444444444444,0.3888888888888889,0.6236933797909407
full,clipart,Speaker,teacher_confidence,90,0.5444444444444444,0.3888888888888889,0.7909407665505227
full,clipart,Speaker,teacher_probability_margin,90,0.5444444444444444,0.3888888888888889,0.7849676455948233
full,clipart,Speaker,teacher_negative_entropy,90,0.5444444444444444,0.3888888888888889,0.8043802887008462
full,clipart,Spoon,centroid_class_margin,60,0.3,0.1,0.5661375661375662
full,clipart,Spoon,centroid_relative_margin,60,0.3,0.1,0.5608465608465608
full,clipart,Spoon,centroid_negative_candidate_distance,60,0.3,0.1,0.6044973544973545
full,clipart,Spoon,centroid_negative_candidate_rank,60,0.3,0.1,0.5178571428571429
full,clipart,Spoon,centroid_source_class_agreement,60,0.3,0.1,0.6501322751322751
full,clipart,Spoon,source_weight_max_for_candidate,60,0.3,0.1,0.4603174603174603
full,clipart,Spoon,source_weight_negative_entropy_for_candidate,60,0.3,0.1,0.4470899470899471
full,clipart,Spoon,teacher_confidence,60,0.3,0.1,0.8386243386243386
full,clipart,Spoon,teacher_probability_margin,60,0.3,0.1,0.8267195767195767
full,clipart,Spoon,teacher_negative_entropy,60,0.3,0.1,0.828042328042328
full,clipart,TV,centroid_class_margin,99,0.6060606060606061,0.24242424242424243,0.4307692307692308
full,clipart,TV,centroid_relative_margin,99,0.6060606060606061,0.24242424242424243,0.4371794871794872
full,clipart,TV,centroid_negative_candidate_distance,99,0.6060606060606061,0.24242424242424243,0.3576923076923077
full,clipart,TV,centroid_negative_candidate_rank,99,0.6060606060606061,0.24242424242424243,0.41196581196581195
full,clipart,TV,centroid_source_class_agreement,99,0.6060606060606061,0.24242424242424243,0.4205128205128205
full,clipart,TV,source_weight_max_for_candidate,99,0.6060606060606061,0.24242424242424243,0.3141025641025641
full,clipart,TV,source_weight_negative_entropy_for_candidate,99,0.6060606060606061,0.24242424242424243,0.32222222222222224
full,clipart,TV,teacher_confidence,99,0.6060606060606061,0.24242424242424243,0.747008547008547
full,clipart,TV,teacher_probability_margin,99,0.6060606060606061,0.24242424242424243,0.7431623931623932
full,clipart,TV,teacher_negative_entropy,99,0.6060606060606061,0.24242424242424243,0.7341880341880341
full,clipart,Table,centroid_class_margin,80,0.6,0.3875,0.7604166666666666
full,clipart,Table,centroid_relative_margin,80,0.6,0.3875,0.767578125
full,clipart,Table,centroid_negative_candidate_distance,80,0.6,0.3875,0.6744791666666666
full,clipart,Table,centroid_negative_candidate_rank,80,0.6,0.3875,0.7281901041666666
full,clipart,Table,centroid_source_class_agreement,80,0.6,0.3875,0.7132161458333334
full,clipart,Table,source_weight_max_for_candidate,80,0.6,0.3875,0.5638020833333334
full,clipart,Table,source_weight_negative_entropy_for_candidate,80,0.6,0.3875,0.53515625
full,clipart,Table,teacher_confidence,80,0.6,0.3875,0.8046875
full,clipart,Table,teacher_probability_margin,80,0.6,0.3875,0.806640625
full,clipart,Table,teacher_negative_entropy,80,0.6,0.3875,0.78515625
full,clipart,Telephone,centroid_class_margin,99,0.3939393939393939,0.13131313131313133,0.5423076923076923
full,clipart,Telephone,centroid_relative_margin,99,0.3939393939393939,0.13131313131313133,0.5722222222222222
full,clipart,Telephone,centroid_negative_candidate_distance,99,0.3939393939393939,0.13131313131313133,0.4217948717948718
full,clipart,Telephone,centroid_negative_candidate_rank,99,0.3939393939393939,0.13131313131313133,0.5138888888888888
full,clipart,Telephone,centroid_source_class_agreement,99,0.3939393939393939,0.13131313131313133,0.4113247863247863
full,clipart,Telephone,source_weight_max_for_candidate,99,0.3939393939393939,0.13131313131313133,0.5854700854700855
full,clipart,Telephone,source_weight_negative_entropy_for_candidate,99,0.3939393939393939,0.13131313131313133,0.5927350427350427
full,clipart,Telephone,teacher_confidence,99,0.3939393939393939,0.13131313131313133,0.7217948717948718
full,clipart,Telephone,teacher_probability_margin,99,0.3939393939393939,0.13131313131313133,0.7196581196581197
full,clipart,Telephone,teacher_negative_entropy,99,0.3939393939393939,0.13131313131313133,0.7183760683760684
full,clipart,ToothBrush,centroid_class_margin,39,0.5641025641025641,0.28205128205128205,0.8048128342245989
full,clipart,ToothBrush,centroid_relative_margin,39,0.5641025641025641,0.28205128205128205,0.8128342245989305
full,clipart,ToothBrush,centroid_negative_candidate_distance,39,0.5641025641025641,0.28205128205128205,0.6310160427807486
full,clipart,ToothBrush,centroid_negative_candidate_rank,39,0.5641025641025641,0.28205128205128205,0.7941176470588235
full,clipart,ToothBrush,centroid_source_class_agreement,39,0.5641025641025641,0.28205128205128205,0.7112299465240641
full,clipart,ToothBrush,source_weight_max_for_candidate,39,0.5641025641025641,0.28205128205128205,0.6951871657754011
full,clipart,ToothBrush,source_weight_negative_entropy_for_candidate,39,0.5641025641025641,0.28205128205128205,0.679144385026738
full,clipart,ToothBrush,teacher_confidence,39,0.5641025641025641,0.28205128205128205,0.9385026737967914
full,clipart,ToothBrush,teacher_probability_margin,39,0.5641025641025641,0.28205128205128205,0.9331550802139037
full,clipart,ToothBrush,teacher_negative_entropy,39,0.5641025641025641,0.28205128205128205,0.9171122994652406
full,clipart,Toys,centroid_class_margin,99,0.2222222222222222,0.030303030303030304,0.5478158205430933
full,clipart,Toys,centroid_relative_margin,99,0.2222222222222222,0.030303030303030304,0.5554899645808736
full,clipart,Toys,centroid_negative_candidate_distance,99,0.2222222222222222,0.030303030303030304,0.38488783943329397
full,clipart,Toys,centroid_negative_candidate_rank,99,0.2222222222222222,0.030303030303030304,0.4985242030696576
full,clipart,Toys,centroid_source_class_agreement,99,0.2222222222222222,0.030303030303030304,0.7703659976387249
full,clipart,Toys,source_weight_max_for_candidate,99,0.2222222222222222,0.030303030303030304,0.29693034238488786
full,clipart,Toys,source_weight_negative_entropy_for_candidate,99,0.2222222222222222,0.030303030303030304,0.2662337662337662
full,clipart,Toys,teacher_confidence,99,0.2222222222222222,0.030303030303030304,0.6676505312868949
full,clipart,Toys,teacher_probability_margin,99,0.2222222222222222,0.030303030303030304,0.6340023612750886
full,clipart,Toys,teacher_negative_entropy,99,0.2222222222222222,0.030303030303030304,0.6422668240850059
full,clipart,Trash_Can,centroid_class_margin,53,0.33962264150943394,0.3584905660377358,0.6285714285714286
full,clipart,Trash_Can,centroid_relative_margin,53,0.33962264150943394,0.3584905660377358,0.6253968253968254
full,clipart,Trash_Can,centroid_negative_candidate_distance,53,0.33962264150943394,0.3584905660377358,0.37777777777777777
full,clipart,Trash_Can,centroid_negative_candidate_rank,53,0.33962264150943394,0.3584905660377358,0.7111111111111111
full,clipart,Trash_Can,centroid_source_class_agreement,53,0.33962264150943394,0.3584905660377358,0.7198412698412698
full,clipart,Trash_Can,source_weight_max_for_candidate,53,0.33962264150943394,0.3584905660377358,0.7317460317460317
full,clipart,Trash_Can,source_weight_negative_entropy_for_candidate,53,0.33962264150943394,0.3584905660377358,0.7476190476190476
full,clipart,Trash_Can,teacher_confidence,53,0.33962264150943394,0.3584905660377358,0.7777777777777778
full,clipart,Trash_Can,teacher_probability_margin,53,0.33962264150943394,0.3584905660377358,0.7555555555555555
full,clipart,Trash_Can,teacher_negative_entropy,53,0.33962264150943394,0.3584905660377358,0.7238095238095238
full,clipart,Webcam,centroid_class_margin,40,0.7,0.325,0.7559523809523809
full,clipart,Webcam,centroid_relative_margin,40,0.7,0.325,0.7589285714285714
full,clipart,Webcam,centroid_negative_candidate_distance,40,0.7,0.325,0.6130952380952381
full,clipart,Webcam,centroid_negative_candidate_rank,40,0.7,0.325,0.7276785714285714
full,clipart,Webcam,centroid_source_class_agreement,40,0.7,0.325,0.7366071428571429
full,clipart,Webcam,source_weight_max_for_candidate,40,0.7,0.325,0.21428571428571427
full,clipart,Webcam,source_weight_negative_entropy_for_candidate,40,0.7,0.325,0.20833333333333334
full,clipart,Webcam,teacher_confidence,40,0.7,0.325,0.9017857142857143
full,clipart,Webcam,teacher_probability_margin,40,0.7,0.325,0.9166666666666666
full,clipart,Webcam,teacher_negative_entropy,40,0.7,0.325,0.8809523809523809
replay,product,Alarm_Clock,centroid_class_margin,79,0.9746835443037974,0.8607594936708861,0.8636363636363636
replay,product,Alarm_Clock,centroid_relative_margin,79,0.9746835443037974,0.8607594936708861,0.7987012987012987
replay,product,Alarm_Clock,centroid_negative_candidate_distance,79,0.9746835443037974,0.8607594936708861,0.5
replay,product,Alarm_Clock,centroid_negative_candidate_rank,79,0.9746835443037974,0.8607594936708861,0.7207792207792207
replay,product,Alarm_Clock,centroid_source_class_agreement,79,0.9746835443037974,0.8607594936708861,0.7824675324675324
replay,product,Alarm_Clock,source_weight_max_for_candidate,79,0.9746835443037974,0.8607594936708861,0.8311688311688312
replay,product,Alarm_Clock,source_weight_negative_entropy_for_candidate,79,0.9746835443037974,0.8607594936708861,0.8311688311688312
replay,product,Alarm_Clock,teacher_confidence,79,0.9746835443037974,0.8607594936708861,1.0
replay,product,Alarm_Clock,teacher_probability_margin,79,0.9746835443037974,0.8607594936708861,1.0
replay,product,Alarm_Clock,teacher_negative_entropy,79,0.9746835443037974,0.8607594936708861,1.0
replay,product,Backpack,centroid_class_margin,99,0.9696969696969697,0.9292929292929293,0.9965277777777778
replay,product,Backpack,centroid_relative_margin,99,0.9696969696969697,0.9292929292929293,1.0
replay,product,Backpack,centroid_negative_candidate_distance,99,0.9696969696969697,0.9292929292929293,0.875
replay,product,Backpack,centroid_negative_candidate_rank,99,0.9696969696969697,0.9292929292929293,1.0
replay,product,Backpack,centroid_source_class_agreement,99,0.9696969696969697,0.9292929292929293,1.0
replay,product,Backpack,source_weight_max_for_candidate,99,0.9696969696969697,0.9292929292929293,0.8819444444444444
replay,product,Backpack,source_weight_negative_entropy_for_candidate,99,0.9696969696969697,0.9292929292929293,0.8854166666666666
replay,product,Backpack,teacher_confidence,99,0.9696969696969697,0.9292929292929293,0.9930555555555556
replay,product,Backpack,teacher_probability_margin,99,0.9696969696969697,0.9292929292929293,0.9756944444444444
replay,product,Backpack,teacher_negative_entropy,99,0.9696969696969697,0.9292929292929293,0.9965277777777778
replay,product,Batteries,centroid_class_margin,62,0.9032258064516129,0.8387096774193549,0.9970238095238095
replay,product,Batteries,centroid_relative_margin,62,0.9032258064516129,0.8387096774193549,0.9970238095238095
replay,product,Batteries,centroid_negative_candidate_distance,62,0.9032258064516129,0.8387096774193549,0.8869047619047619
replay,product,Batteries,centroid_negative_candidate_rank,62,0.9032258064516129,0.8387096774193549,1.0
replay,product,Batteries,centroid_source_class_agreement,62,0.9032258064516129,0.8387096774193549,1.0
replay,product,Batteries,source_weight_max_for_candidate,62,0.9032258064516129,0.8387096774193549,0.6428571428571429
replay,product,Batteries,source_weight_negative_entropy_for_candidate,62,0.9032258064516129,0.8387096774193549,0.6547619047619048
replay,product,Batteries,teacher_confidence,62,0.9032258064516129,0.8387096774193549,0.9970238095238095
replay,product,Batteries,teacher_probability_margin,62,0.9032258064516129,0.8387096774193549,0.9791666666666666
replay,product,Batteries,teacher_negative_entropy,62,0.9032258064516129,0.8387096774193549,1.0
replay,product,Bed,centroid_class_margin,43,0.9302325581395349,0.8604651162790697,0.7166666666666667
replay,product,Bed,centroid_relative_margin,43,0.9302325581395349,0.8604651162790697,0.6916666666666667
replay,product,Bed,centroid_negative_candidate_distance,43,0.9302325581395349,0.8604651162790697,0.23333333333333334
replay,product,Bed,centroid_negative_candidate_rank,43,0.9302325581395349,0.8604651162790697,0.6291666666666667
replay,product,Bed,centroid_source_class_agreement,43,0.9302325581395349,0.8604651162790697,0.875
replay,product,Bed,source_weight_max_for_candidate,43,0.9302325581395349,0.8604651162790697,0.5666666666666667
replay,product,Bed,source_weight_negative_entropy_for_candidate,43,0.9302325581395349,0.8604651162790697,0.5666666666666667
replay,product,Bed,teacher_confidence,43,0.9302325581395349,0.8604651162790697,0.9083333333333333
replay,product,Bed,teacher_probability_margin,43,0.9302325581395349,0.8604651162790697,0.9333333333333333
replay,product,Bed,teacher_negative_entropy,43,0.9302325581395349,0.8604651162790697,0.875
replay,product,Bike,centroid_class_margin,44,1.0,0.9772727272727273,
replay,product,Bike,centroid_relative_margin,44,1.0,0.9772727272727273,
replay,product,Bike,centroid_negative_candidate_distance,44,1.0,0.9772727272727273,
replay,product,Bike,centroid_negative_candidate_rank,44,1.0,0.9772727272727273,
replay,product,Bike,centroid_source_class_agreement,44,1.0,0.9772727272727273,
replay,product,Bike,source_weight_max_for_candidate,44,1.0,0.9772727272727273,
replay,product,Bike,source_weight_negative_entropy_for_candidate,44,1.0,0.9772727272727273,
replay,product,Bike,teacher_confidence,44,1.0,0.9772727272727273,
replay,product,Bike,teacher_probability_margin,44,1.0,0.9772727272727273,
replay,product,Bike,teacher_negative_entropy,44,1.0,0.9772727272727273,
replay,product,Bottle,centroid_class_margin,62,0.6612903225806451,0.3709677419354839,0.7166085946573751
replay,product,Bottle,centroid_relative_margin,62,0.6612903225806451,0.3709677419354839,0.7375145180023229
replay,product,Bottle,centroid_negative_candidate_distance,62,0.6612903225806451,0.3709677419354839,0.305458768873403
replay,product,Bottle,centroid_negative_candidate_rank,62,0.6612903225806451,0.3709677419354839,0.6991869918699187
replay,product,Bottle,centroid_source_class_agreement,62,0.6612903225806451,0.3709677419354839,0.6329849012775842
replay,product,Bottle,source_weight_max_for_candidate,62,0.6612903225806451,0.3709677419354839,0.49361207897793263
replay,product,Bottle,source_weight_negative_entropy_for_candidate,62,0.6612903225806451,0.3709677419354839,0.4959349593495935
replay,product,Bottle,teacher_confidence,62,0.6612903225806451,0.3709677419354839,0.9070847851335656
replay,product,Bottle,teacher_probability_margin,62,0.6612903225806451,0.3709677419354839,0.89198606271777
replay,product,Bottle,teacher_negative_entropy,62,0.6612903225806451,0.3709677419354839,0.9128919860627178
replay,product,Bucket,centroid_class_margin,47,0.8297872340425532,0.8723404255319149,0.8717948717948718
replay,product,Bucket,centroid_relative_margin,47,0.8297872340425532,0.8723404255319149,0.8782051282051282
replay,product,Bucket,centroid_negative_candidate_distance,47,0.8297872340425532,0.8723404255319149,0.8397435897435898
replay,product,Bucket,centroid_negative_candidate_rank,47,0.8297872340425532,0.8723404255319149,0.9310897435897436
replay,product,Bucket,centroid_source_class_agreement,47,0.8297872340425532,0.8723404255319149,0.7387820512820513
replay,product,Bucket,source_weight_max_for_candidate,47,0.8297872340425532,0.8723404255319149,0.8525641025641025
replay,product,Bucket,source_weight_negative_entropy_for_candidate,47,0.8297872340425532,0.8723404255319149,0.8493589743589743
replay,product,Bucket,teacher_confidence,47,0.8297872340425532,0.8723404255319149,0.8589743589743589
replay,product,Bucket,teacher_probability_margin,47,0.8297872340425532,0.8723404255319149,0.8365384615384616
replay,product,Bucket,teacher_negative_entropy,47,0.8297872340425532,0.8723404255319149,0.8910256410256411
replay,product,Calculator,centroid_class_margin,81,1.0,0.9629629629629629,
replay,product,Calculator,centroid_relative_margin,81,1.0,0.9629629629629629,
replay,product,Calculator,centroid_negative_candidate_distance,81,1.0,0.9629629629629629,
replay,product,Calculator,centroid_negative_candidate_rank,81,1.0,0.9629629629629629,
replay,product,Calculator,centroid_source_class_agreement,81,1.0,0.9629629629629629,
replay,product,Calculator,source_weight_max_for_candidate,81,1.0,0.9629629629629629,
replay,product,Calculator,source_weight_negative_entropy_for_candidate,81,1.0,0.9629629629629629,
replay,product,Calculator,teacher_confidence,81,1.0,0.9629629629629629,
replay,product,Calculator,teacher_probability_margin,81,1.0,0.9629629629629629,
replay,product,Calculator,teacher_negative_entropy,81,1.0,0.9629629629629629,
replay,product,Calendar,centroid_class_margin,81,0.8395061728395061,0.8395061728395061,0.9253393665158371
replay,product,Calendar,centroid_relative_margin,81,0.8395061728395061,0.8395061728395061,0.9332579185520362
replay,product,Calendar,centroid_negative_candidate_distance,81,0.8395061728395061,0.8395061728395061,0.6606334841628959
replay,product,Calendar,centroid_negative_candidate_rank,81,0.8395061728395061,0.8395061728395061,0.744343891402715
replay,product,Calendar,centroid_source_class_agreement,81,0.8395061728395061,0.8395061728395061,0.9298642533936652
replay,product,Calendar,source_weight_max_for_candidate,81,0.8395061728395061,0.8395061728395061,0.5723981900452488
replay,product,Calendar,source_weight_negative_entropy_for_candidate,81,0.8395061728395061,0.8395061728395061,0.5135746606334841
replay,product,Calendar,teacher_confidence,81,0.8395061728395061,0.8395061728395061,0.9457013574660633
replay,product,Calendar,teacher_probability_margin,81,0.8395061728395061,0.8395061728395061,0.9445701357466063
replay,product,Calendar,teacher_negative_entropy,81,0.8395061728395061,0.8395061728395061,0.9411764705882353
replay,product,Candles,centroid_class_margin,56,0.9107142857142857,0.42857142857142855,0.4980392156862745
replay,product,Candles,centroid_relative_margin,56,0.9107142857142857,0.42857142857142855,0.5294117647058824
replay,product,Candles,centroid_negative_candidate_distance,56,0.9107142857142857,0.42857142857142855,0.21176470588235294
replay,product,Candles,centroid_negative_candidate_rank,56,0.9107142857142857,0.42857142857142855,0.5333333333333333
replay,product,Candles,centroid_source_class_agreement,56,0.9107142857142857,0.42857142857142855,0.5686274509803921
replay,product,Candles,source_weight_max_for_candidate,56,0.9107142857142857,0.42857142857142855,0.3176470588235294
replay,product,Candles,source_weight_negative_entropy_for_candidate,56,0.9107142857142857,0.42857142857142855,0.3176470588235294
replay,product,Candles,teacher_confidence,56,0.9107142857142857,0.42857142857142855,0.9882352941176471
replay,product,Candles,teacher_probability_margin,56,0.9107142857142857,0.42857142857142855,0.9764705882352941
replay,product,Candles,teacher_negative_entropy,56,0.9107142857142857,0.42857142857142855,0.9803921568627451
replay,product,Chair,centroid_class_margin,99,0.8888888888888888,0.6060606060606061,0.5526859504132231
replay,product,Chair,centroid_relative_margin,99,0.8888888888888888,0.6060606060606061,0.5454545454545454
replay,product,Chair,centroid_negative_candidate_distance,99,0.8888888888888888,0.6060606060606061,0.31714876033057854
replay,product,Chair,centroid_negative_candidate_rank,99,0.8888888888888888,0.6060606060606061,0.5526859504132231
replay,product,Chair,centroid_source_class_agreement,99,0.8888888888888888,0.6060606060606061,0.4297520661157025
replay,product,Chair,source_weight_max_for_candidate,99,0.8888888888888888,0.6060606060606061,0.39979338842975204
replay,product,Chair,source_weight_negative_entropy_for_candidate,99,0.8888888888888888,0.6060606060606061,0.4142561983471074
replay,product,Chair,teacher_confidence,99,0.8888888888888888,0.6060606060606061,0.84400826446281
replay,product,Chair,teacher_probability_margin,99,0.8888888888888888,0.6060606060606061,0.862603305785124
replay,product,Chair,teacher_negative_entropy,99,0.8888888888888888,0.6060606060606061,0.8140495867768595
replay,product,Clipboards,centroid_class_margin,65,0.5384615384615384,0.36923076923076925,0.5876190476190476
replay,product,Clipboards,centroid_relative_margin,65,0.5384615384615384,0.36923076923076925,0.5552380952380952
replay,product,Clipboards,centroid_negative_candidate_distance,65,0.5384615384615384,0.36923076923076925,0.4942857142857143
replay,product,Clipboards,centroid_negative_candidate_rank,65,0.5384615384615384,0.36923076923076925,0.6057142857142858
replay,product,Clipboards,centroid_source_class_agreement,65,0.5384615384615384,0.36923076923076925,0.35428571428571426
replay,product,Clipboards,source_weight_max_for_candidate,65,0.5384615384615384,0.36923076923076925,0.8333333333333334
replay,product,Clipboards,source_weight_negative_entropy_for_candidate,65,0.5384615384615384,0.36923076923076925,0.8371428571428572
replay,product,Clipboards,teacher_confidence,65,0.5384615384615384,0.36923076923076925,0.7466666666666667
replay,product,Clipboards,teacher_probability_margin,65,0.5384615384615384,0.36923076923076925,0.7590476190476191
replay,product,Clipboards,teacher_negative_entropy,65,0.5384615384615384,0.36923076923076925,0.7076190476190476
replay,product,Computer,centroid_class_margin,96,0.625,0.0,0.0625
replay,product,Computer,centroid_relative_margin,96,0.625,0.0,0.06018518518518518
replay,product,Computer,centroid_negative_candidate_distance,96,0.625,0.0,0.2712962962962963
replay,product,Computer,centroid_negative_candidate_rank,96,0.625,0.0,0.059722222222222225
replay,product,Computer,centroid_source_class_agreement,96,0.625,0.0,0.10277777777777777
replay,product,Computer,source_weight_max_for_candidate,96,0.625,0.0,0.2625
replay,product,Computer,source_weight_negative_entropy_for_candidate,96,0.625,0.0,0.2662037037037037
replay,product,Computer,teacher_confidence,96,0.625,0.0,0.4949074074074074
replay,product,Computer,teacher_probability_margin,96,0.625,0.0,0.4685185185185185
replay,product,Computer,teacher_negative_entropy,96,0.625,0.0,0.5194444444444445
replay,product,Couch,centroid_class_margin,88,0.8977272727272727,0.8977272727272727,0.9170182841068917
replay,product,Couch,centroid_relative_margin,88,0.8977272727272727,0.8977272727272727,0.8748241912798875
replay,product,Couch,centroid_negative_candidate_distance,88,0.8977272727272727,0.8977272727272727,0.3234880450070324
replay,product,Couch,centroid_negative_candidate_rank,88,0.8977272727272727,0.8977272727272727,0.7053445850914205
replay,product,Couch,centroid_source_class_agreement,88,0.8977272727272727,0.8977272727272727,0.6997187060478199
replay,product,Couch,source_weight_max_for_candidate,88,0.8977272727272727,0.8977272727272727,0.7243319268635724
replay,product,Couch,source_weight_negative_entropy_for_candidate,88,0.8977272727272727,0.8977272727272727,0.7313642756680732
replay,product,Couch,teacher_confidence,88,0.8977272727272727,0.8977272727272727,0.9817158931082982
replay,product,Couch,teacher_probability_margin,88,0.8977272727272727,0.8977272727272727,0.9817158931082982
replay,product,Couch,teacher_negative_entropy,88,0.8977272727272727,0.8977272727272727,0.9789029535864979
replay,product,Curtains,centroid_class_margin,75,0.92,0.7466666666666667,0.9154589371980676
replay,product,Curtains,centroid_relative_margin,75,0.92,0.7466666666666667,0.9178743961352657
replay,product,Curtains,centroid_negative_candidate_distance,75,0.92,0.7466666666666667,0.5024154589371981
replay,product,Curtains,centroid_negative_candidate_rank,75,0.92,0.7466666666666667,0.7681159420289855
replay,product,Curtains,centroid_source_class_agreement,75,0.92,0.7466666666666667,0.8816425120772947
replay,product,Curtains,source_weight_max_for_candidate,75,0.92,0.7466666666666667,0.8357487922705314
replay,product,Curtains,source_weight_negative_entropy_for_candidate,75,0.92,0.7466666666666667,0.8357487922705314
replay,product,Curtains,teacher_confidence,75,0.92,0.7466666666666667,0.8502415458937198
replay,product,Curtains,teacher_probability_margin,75,0.92,0.7466666666666667,0.8478260869565217
replay,product,Curtains,teacher_negative_entropy,75,0.92,0.7466666666666667,0.8429951690821256
replay,product,Desk_Lamp,centroid_class_margin,83,0.8313253012048193,0.6867469879518072,0.7049689440993789
replay,product,Desk_Lamp,centroid_relative_margin,83,0.8313253012048193,0.6867469879518072,0.7049689440993789
replay,product,Desk_Lamp,centroid_negative_candidate_distance,83,0.8313253012048193,0.6867469879518072,0.5683229813664596
replay,product,Desk_Lamp,centroid_negative_candidate_rank,83,0.8313253012048193,0.6867469879518072,0.6107660455486542
replay,product,Desk_Lamp,centroid_source_class_agreement,83,0.8313253012048193,0.6867469879518072,0.31780538302277433
replay,product,Desk_Lamp,source_weight_max_for_candidate,83,0.8313253012048193,0.6867469879518072,0.7898550724637681
replay,product,Desk_Lamp,source_weight_negative_entropy_for_candidate,83,0.8313253012048193,0.6867469879518072,0.7981366459627329
replay,product,Desk_Lamp,teacher_confidence,83,0.8313253012048193,0.6867469879518072,0.7256728778467909
replay,product,Desk_Lamp,teacher_probability_margin,83,0.8313253012048193,0.6867469879518072,0.7267080745341615
replay,product,Desk_Lamp,teacher_negative_entropy,83,0.8313253012048193,0.6867469879518072,0.6790890269151139
replay,product,Drill,centroid_class_margin,67,0.9850746268656716,0.9850746268656716,1.0
replay,product,Drill,centroid_relative_margin,67,0.9850746268656716,0.9850746268656716,1.0
replay,product,Drill,centroid_negative_candidate_distance,67,0.9850746268656716,0.9850746268656716,0.15151515151515152
replay,product,Drill,centroid_negative_candidate_rank,67,0.9850746268656716,0.9850746268656716,0.5
replay,product,Drill,centroid_source_class_agreement,67,0.9850746268656716,0.9850746268656716,0.9166666666666666
replay,product,Drill,source_weight_max_for_candidate,67,0.9850746268656716,0.9850746268656716,0.9848484848484849
replay,product,Drill,source_weight_negative_entropy_for_candidate,67,0.9850746268656716,0.9850746268656716,0.9848484848484849
replay,product,Drill,teacher_confidence,67,0.9850746268656716,0.9850746268656716,0.9848484848484849
replay,product,Drill,teacher_probability_margin,67,0.9850746268656716,0.9850746268656716,0.9848484848484849
replay,product,Drill,teacher_negative_entropy,67,0.9850746268656716,0.9850746268656716,0.9848484848484849
replay,product,Eraser,centroid_class_margin,41,0.7073170731707317,0.4146341463414634,0.646551724137931
replay,product,Eraser,centroid_relative_margin,41,0.7073170731707317,0.4146341463414634,0.6408045977011494
replay,product,Eraser,centroid_negative_candidate_distance,41,0.7073170731707317,0.4146341463414634,0.4454022988505747
replay,product,Eraser,centroid_negative_candidate_rank,41,0.7073170731707317,0.4146341463414634,0.6666666666666666
replay,product,Eraser,centroid_source_class_agreement,41,0.7073170731707317,0.4146341463414634,0.4353448275862069
replay,product,Eraser,source_weight_max_for_candidate,41,0.7073170731707317,0.4146341463414634,0.8448275862068966
replay,product,Eraser,source_weight_negative_entropy_for_candidate,41,0.7073170731707317,0.4146341463414634,0.8390804597701149
replay,product,Eraser,teacher_confidence,41,0.7073170731707317,0.4146341463414634,0.7988505747126436
replay,product,Eraser,teacher_probability_margin,41,0.7073170731707317,0.4146341463414634,0.7672413793103449
replay,product,Eraser,teacher_negative_entropy,41,0.7073170731707317,0.4146341463414634,0.7902298850574713
replay,product,Exit_Sign,centroid_class_margin,67,0.9701492537313433,0.7761194029850746,0.8692307692307693
replay,product,Exit_Sign,centroid_relative_margin,67,0.9701492537313433,0.7761194029850746,0.8846153846153846
replay,product,Exit_Sign,centroid_negative_candidate_distance,67,0.9701492537313433,0.7761194029850746,0.8923076923076924
replay,product,Exit_Sign,centroid_negative_candidate_rank,67,0.9701492537313433,0.7761194029850746,0.6923076923076923
replay,product,Exit_Sign,centroid_source_class_agreement,67,0.9701492537313433,0.7761194029850746,0.8692307692307693
replay,product,Exit_Sign,source_weight_max_for_candidate,67,0.9701492537313433,0.7761194029850746,0.2153846153846154
replay,product,Exit_Sign,source_weight_negative_entropy_for_candidate,67,0.9701492537313433,0.7761194029850746,0.2
replay,product,Exit_Sign,teacher_confidence,67,0.9701492537313433,0.7761194029850746,1.0
replay,product,Exit_Sign,teacher_probability_margin,67,0.9701492537313433,0.7761194029850746,1.0
replay,product,Exit_Sign,teacher_negative_entropy,67,0.9701492537313433,0.7761194029850746,1.0
replay,product,Fan,centroid_class_margin,58,0.8275862068965517,0.3793103448275862,0.5083333333333333
replay,product,Fan,centroid_relative_margin,58,0.8275862068965517,0.3793103448275862,0.47291666666666665
replay,product,Fan,centroid_negative_candidate_distance,58,0.8275862068965517,0.3793103448275862,0.38958333333333334
replay,product,Fan,centroid_negative_candidate_rank,58,0.8275862068965517,0.3793103448275862,0.5302083333333333
replay,product,Fan,centroid_source_class_agreement,58,0.8275862068965517,0.3793103448275862,0.4427083333333333
replay,product,Fan,source_weight_max_for_candidate,58,0.8275862068965517,0.3793103448275862,0.6791666666666667
replay,product,Fan,source_weight_negative_entropy_for_candidate,58,0.8275862068965517,0.3793103448275862,0.68125
replay,product,Fan,teacher_confidence,58,0.8275862068965517,0.3793103448275862,0.9125
replay,product,Fan,teacher_probability_margin,58,0.8275862068965517,0.3793103448275862,0.90625
replay,product,Fan,teacher_negative_entropy,58,0.8275862068965517,0.3793103448275862,0.9125
replay,product,File_Cabinet,centroid_class_margin,71,0.8591549295774648,0.7323943661971831,0.8114754098360656
replay,product,File_Cabinet,centroid_relative_margin,71,0.8591549295774648,0.7323943661971831,0.8032786885245902
replay,product,File_Cabinet,centroid_negative_candidate_distance,71,0.8591549295774648,0.7323943661971831,0.759016393442623
replay,product,File_Cabinet,centroid_negative_candidate_rank,71,0.8591549295774648,0.7323943661971831,0.8344262295081967
replay,product,File_Cabinet,centroid_source_class_agreement,71,0.8591549295774648,0.7323943661971831,0.8368852459016394
replay,product,File_Cabinet,source_weight_max_for_candidate,71,0.8591549295774648,0.7323943661971831,0.11639344262295082
replay,product,File_Cabinet,source_weight_negative_entropy_for_candidate,71,0.8591549295774648,0.7323943661971831,0.11967213114754098
replay,product,File_Cabinet,teacher_confidence,71,0.8591549295774648,0.7323943661971831,0.9
replay,product,File_Cabinet,teacher_probability_margin,71,0.8591549295774648,0.7323943661971831,0.9049180327868852
replay,product,File_Cabinet,teacher_negative_entropy,71,0.8591549295774648,0.7323943661971831,0.898360655737705
replay,product,Flipflops,centroid_class_margin,99,0.898989898989899,0.7171717171717171,0.9089887640449438
replay,product,Flipflops,centroid_relative_margin,99,0.898989898989899,0.7171717171717171,0.9123595505617977
replay,product,Flipflops,centroid_negative_candidate_distance,99,0.898989898989899,0.7171717171717171,0.46629213483146065
replay,product,Flipflops,centroid_negative_candidate_rank,99,0.898989898989899,0.7171717171717171,0.8589887640449438
replay,product,Flipflops,centroid_source_class_agreement,99,0.898989898989899,0.7171717171717171,0.7382022471910112
replay,product,Flipflops,source_weight_max_for_candidate,99,0.898989898989899,0.7171717171717171,0.9640449438202248
replay,product,Flipflops,source_weight_negative_entropy_for_candidate,99,0.898989898989899,0.7171717171717171,0.9651685393258427
replay,product,Flipflops,teacher_confidence,99,0.898989898989899,0.7171717171717171,0.9280898876404494
replay,product,Flipflops,teacher_probability_margin,99,0.898989898989899,0.7171717171717171,0.9337078651685393
replay,product,Flipflops,teacher_negative_entropy,99,0.898989898989899,0.7171717171717171,0.9258426966292135
replay,product,Flowers,centroid_class_margin,91,1.0,1.0,
replay,product,Flowers,centroid_relative_margin,91,1.0,1.0,
replay,product,Flowers,centroid_negative_candidate_distance,91,1.0,1.0,
replay,product,Flowers,centroid_negative_candidate_rank,91,1.0,1.0,
replay,product,Flowers,centroid_source_class_agreement,91,1.0,1.0,
replay,product,Flowers,source_weight_max_for_candidate,91,1.0,1.0,
replay,product,Flowers,source_weight_negative_entropy_for_candidate,91,1.0,1.0,
replay,product,Flowers,teacher_confidence,91,1.0,1.0,
replay,product,Flowers,teacher_probability_margin,91,1.0,1.0,
replay,product,Flowers,teacher_negative_entropy,91,1.0,1.0,
replay,product,Folder,centroid_class_margin,90,0.2111111111111111,0.4,0.6931060044477391
replay,product,Folder,centroid_relative_margin,90,0.2111111111111111,0.4,0.6931060044477391
replay,product,Folder,centroid_negative_candidate_distance,90,0.2111111111111111,0.4,0.46627131208302447
replay,product,Folder,centroid_negative_candidate_rank,90,0.2111111111111111,0.4,0.6289844329132691
replay,product,Folder,centroid_source_class_agreement,90,0.2111111111111111,0.4,0.4966641957005189
replay,product,Folder,source_weight_max_for_candidate,90,0.2111111111111111,0.4,0.6738324684951816
replay,product,Folder,source_weight_negative_entropy_for_candidate,90,0.2111111111111111,0.4,0.6486286137879911
replay,product,Folder,teacher_confidence,90,0.2111111111111111,0.4,0.49444032616753153
replay,product,Folder,teacher_probability_margin,90,0.2111111111111111,0.4,0.5129725722757599
replay,product,Folder,teacher_negative_entropy,90,0.2111111111111111,0.4,0.46627131208302447
replay,product,Fork,centroid_class_margin,41,0.8536585365853658,0.7804878048780488,0.8761904761904762
replay,product,Fork,centroid_relative_margin,41,0.8536585365853658,0.7804878048780488,0.8952380952380953
replay,product,Fork,centroid_negative_candidate_distance,41,0.8536585365853658,0.7804878048780488,0.8095238095238095
replay,product,Fork,centroid_negative_candidate_rank,41,0.8536585365853658,0.7804878048780488,0.7833333333333333
replay,product,Fork,centroid_source_class_agreement,41,0.8536585365853658,0.7804878048780488,0.5404761904761904
replay,product,Fork,source_weight_max_for_candidate,41,0.8536585365853658,0.7804878048780488,0.8476190476190476
replay,product,Fork,source_weight_negative_entropy_for_candidate,41,0.8536585365853658,0.7804878048780488,0.861904761904762
replay,product,Fork,teacher_confidence,41,0.8536585365853658,0.7804878048780488,0.9
replay,product,Fork,teacher_probability_margin,41,0.8536585365853658,0.7804878048780488,0.8761904761904762
replay,product,Fork,teacher_negative_entropy,41,0.8536585365853658,0.7804878048780488,0.9095238095238095
replay,product,Glasses,centroid_class_margin,67,0.9850746268656716,0.9253731343283582,0.9545454545454546
replay,product,Glasses,centroid_relative_margin,67,0.9850746268656716,0.9253731343283582,0.9545454545454546
replay,product,Glasses,centroid_negative_candidate_distance,67,0.9850746268656716,0.9253731343283582,0.2878787878787879
replay,product,Glasses,centroid_negative_candidate_rank,67,0.9850746268656716,0.9253731343283582,0.946969696969697
replay,product,Glasses,centroid_source_class_agreement,67,0.9850746268656716,0.9253731343283582,0.9545454545454546
replay,product,Glasses,source_weight_max_for_candidate,67,0.9850746268656716,0.9253731343283582,0.9090909090909091
replay,product,Glasses,source_weight_negative_entropy_for_candidate,67,0.9850746268656716,0.9253731343283582,0.9090909090909091
replay,product,Glasses,teacher_confidence,67,0.9850746268656716,0.9253731343283582,0.9848484848484849
replay,product,Glasses,teacher_probability_margin,67,0.9850746268656716,0.9253731343283582,1.0
replay,product,Glasses,teacher_negative_entropy,67,0.9850746268656716,0.9253731343283582,1.0
replay,product,Hammer,centroid_class_margin,57,0.47368421052631576,0.3157894736842105,0.5493827160493827
replay,product,Hammer,centroid_relative_margin,57,0.47368421052631576,0.3157894736842105,0.5864197530864198
replay,product,Hammer,centroid_negative_candidate_distance,57,0.47368421052631576,0.3157894736842105,0.5333333333333333
replay,product,Hammer,centroid_negative_candidate_rank,57,0.47368421052631576,0.3157894736842105,0.5802469135802469
replay,product,Hammer,centroid_source_class_agreement,57,0.47368421052631576,0.3157894736842105,0.2777777777777778
replay,product,Hammer,source_weight_max_for_candidate,57,0.47368421052631576,0.3157894736842105,0.7654320987654321
replay,product,Hammer,source_weight_negative_entropy_for_candidate,57,0.47368421052631576,0.3157894736842105,0.7654320987654321
replay,product,Hammer,teacher_confidence,57,0.47368421052631576,0.3157894736842105,0.6901234567901234
replay,product,Hammer,teacher_probability_margin,57,0.47368421052631576,0.3157894736842105,0.6765432098765433
replay,product,Hammer,teacher_negative_entropy,57,0.47368421052631576,0.3157894736842105,0.691358024691358
replay,product,Helmet,centroid_class_margin,90,0.9111111111111111,0.6222222222222222,0.7469512195121951
replay,product,Helmet,centroid_relative_margin,90,0.9111111111111111,0.6222222222222222,0.7637195121951219
replay,product,Helmet,centroid_negative_candidate_distance,90,0.9111111111111111,0.6222222222222222,0.5899390243902439
replay,product,Helmet,centroid_negative_candidate_rank,90,0.9111111111111111,0.6222222222222222,0.7644817073170732
replay,product,Helmet,centroid_source_class_agreement,90,0.9111111111111111,0.6222222222222222,0.6524390243902439
replay,product,Helmet,source_weight_max_for_candidate,90,0.9111111111111111,0.6222222222222222,0.864329268292683
replay,product,Helmet,source_weight_negative_entropy_for_candidate,90,0.9111111111111111,0.6222222222222222,0.8567073170731707
replay,product,Helmet,teacher_confidence,90,0.9111111111111111,0.6222222222222222,0.9740853658536586
replay,product,Helmet,teacher_probability_margin,90,0.9111111111111111,0.6222222222222222,0.961890243902439
replay,product,Helmet,teacher_negative_entropy,90,0.9111111111111111,0.6222222222222222,0.9862804878048781
replay,product,Kettle,centroid_class_margin,72,0.9583333333333334,0.8611111111111112,0.8985507246376812
replay,product,Kettle,centroid_relative_margin,72,0.9583333333333334,0.8611111111111112,0.8888888888888888
replay,product,Kettle,centroid_negative_candidate_distance,72,0.9583333333333334,0.8611111111111112,0.8405797101449275
replay,product,Kettle,centroid_negative_candidate_rank,72,0.9583333333333334,0.8611111111111112,0.6159420289855072
replay,product,Kettle,centroid_source_class_agreement,72,0.9583333333333334,0.8611111111111112,0.30193236714975846
replay,product,Kettle,source_weight_max_for_candidate,72,0.9583333333333334,0.8611111111111112,0.9468599033816425
replay,product,Kettle,source_weight_negative_entropy_for_candidate,72,0.9583333333333334,0.8611111111111112,0.9468599033816425
replay,product,Kettle,teacher_confidence,72,0.9583333333333334,0.8611111111111112,0.9227053140096618
replay,product,Kettle,teacher_probability_margin,72,0.9583333333333334,0.8611111111111112,0.927536231884058
replay,product,Kettle,teacher_negative_entropy,72,0.9583333333333334,0.8611111111111112,0.9082125603864735
replay,product,Keyboard,centroid_class_margin,99,0.9797979797979798,0.8585858585858586,0.8814432989690721
replay,product,Keyboard,centroid_relative_margin,99,0.9797979797979798,0.8585858585858586,0.865979381443299
replay,product,Keyboard,centroid_negative_candidate_distance,99,0.9797979797979798,0.8585858585858586,0.6752577319587629
replay,product,Keyboard,centroid_negative_candidate_rank,99,0.9797979797979798,0.8585858585858586,0.7061855670103093
replay,product,Keyboard,centroid_source_class_agreement,99,0.9797979797979798,0.8585858585858586,0.5051546391752577
replay,product,Keyboard,source_weight_max_for_candidate,99,0.9797979797979798,0.8585858585858586,0.8608247422680413
replay,product,Keyboard,source_weight_negative_entropy_for_candidate,99,0.9797979797979798,0.8585858585858586,0.865979381443299
replay,product,Keyboard,teacher_confidence,99,0.9797979797979798,0.8585858585858586,1.0
replay,product,Keyboard,teacher_probability_margin,99,0.9797979797979798,0.8585858585858586,1.0
replay,product,Keyboard,teacher_negative_entropy,99,0.9797979797979798,0.8585858585858586,0.9845360824742269
replay,product,Knives,centroid_class_margin,41,0.8536585365853658,0.5365853658536586,0.8571428571428571
replay,product,Knives,centroid_relative_margin,41,0.8536585365853658,0.5365853658536586,0.8714285714285714
replay,product,Knives,centroid_negative_candidate_distance,41,0.8536585365853658,0.5365853658536586,0.6857142857142857
replay,product,Knives,centroid_negative_candidate_rank,41,0.8536585365853658,0.5365853658536586,0.7714285714285715
replay,product,Knives,centroid_source_class_agreement,41,0.8536585365853658,0.5365853658536586,0.8666666666666667
replay,product,Knives,source_weight_max_for_candidate,41,0.8536585365853658,0.5365853658536586,0.3238095238095238
replay,product,Knives,source_weight_negative_entropy_for_candidate,41,0.8536585365853658,0.5365853658536586,0.3380952380952381
replay,product,Knives,teacher_confidence,41,0.8536585365853658,0.5365853658536586,1.0
replay,product,Knives,teacher_probability_margin,41,0.8536585365853658,0.5365853658536586,0.9952380952380953
replay,product,Knives,teacher_negative_entropy,41,0.8536585365853658,0.5365853658536586,0.9952380952380953
replay,product,Lamp_Shade,centroid_class_margin,54,0.5925925925925926,0.7592592592592593,0.9389204545454546
replay,product,Lamp_Shade,centroid_relative_margin,54,0.5925925925925926,0.7592592592592593,0.9190340909090909
replay,product,Lamp_Shade,centroid_negative_candidate_distance,54,0.5925925925925926,0.7592592592592593,0.7798295454545454
replay,product,Lamp_Shade,centroid_negative_candidate_rank,54,0.5925925925925926,0.7592592592592593,0.9403409090909091
replay,product,Lamp_Shade,centroid_source_class_agreement,54,0.5925925925925926,0.7592592592592593,0.8224431818181818
replay,product,Lamp_Shade,source_weight_max_for_candidate,54,0.5925925925925926,0.7592592592592593,0.8267045454545454
replay,product,Lamp_Shade,source_weight_negative_entropy_for_candidate,54,0.5925925925925926,0.7592592592592593,0.8210227272727273
replay,product,Lamp_Shade,teacher_confidence,54,0.5925925925925926,0.7592592592592593,0.78125
replay,product,Lamp_Shade,teacher_probability_margin,54,0.5925925925925926,0.7592592592592593,0.7855113636363636
replay,product,Lamp_Shade,teacher_negative_entropy,54,0.5925925925925926,0.7592592592592593,0.7727272727272727
replay,product,Laptop,centroid_class_margin,99,0.8585858585858586,0.898989898989899,0.8747899159663866
replay,product,Laptop,centroid_relative_margin,99,0.8585858585858586,0.898989898989899,0.8428571428571429
replay,product,Laptop,centroid_negative_candidate_distance,99,0.8585858585858586,0.898989898989899,0.25546218487394956
replay,product,Laptop,centroid_negative_candidate_rank,99,0.8585858585858586,0.898989898989899,0.8903361344537815
replay,product,Laptop,centroid_source_class_agreement,99,0.8585858585858586,0.898989898989899,0.9235294117647059
replay,product,Laptop,source_weight_max_for_candidate,99,0.8585858585858586,0.898989898989899,0.7705882352941177
replay,product,Laptop,source_weight_negative_entropy_for_candidate,99,0.8585858585858586,0.898989898989899,0.7563025210084033
replay,product,Laptop,teacher_confidence,99,0.8585858585858586,0.898989898989899,0.865546218487395
replay,product,Laptop,teacher_probability_margin,99,0.8585858585858586,0.898989898989899,0.8672268907563025
replay,product,Laptop,teacher_negative_entropy,99,0.8585858585858586,0.898989898989899,0.8218487394957983
replay,product,Marker,centroid_class_margin,56,0.6428571428571429,0.8928571428571429,0.975
replay,product,Marker,centroid_relative_margin,56,0.6428571428571429,0.8928571428571429,0.9583333333333334
replay,product,Marker,centroid_negative_candidate_distance,56,0.6428571428571429,0.8928571428571429,0.5027777777777778
replay,product,Marker,centroid_negative_candidate_rank,56,0.6428571428571429,0.8928571428571429,0.9173611111111111
replay,product,Marker,centroid_source_class_agreement,56,0.6428571428571429,0.8928571428571429,0.7048611111111112
replay,product,Marker,source_weight_max_for_candidate,56,0.6428571428571429,0.8928571428571429,0.8958333333333334
replay,product,Marker,source_weight_negative_entropy_for_candidate,56,0.6428571428571429,0.8928571428571429,0.8958333333333334
replay,product,Marker,teacher_confidence,56,0.6428571428571429,0.8928571428571429,0.5472222222222223
replay,product,Marker,teacher_probability_margin,56,0.6428571428571429,0.8928571428571429,0.5388888888888889
replay,product,Marker,teacher_negative_entropy,56,0.6428571428571429,0.8928571428571429,0.5680555555555555
replay,product,Monitor,centroid_class_margin,98,0.8571428571428571,0.8469387755102041,0.7168367346938775
replay,product,Monitor,centroid_relative_margin,98,0.8571428571428571,0.8469387755102041,0.6989795918367347
replay,product,Monitor,centroid_negative_candidate_distance,98,0.8571428571428571,0.8469387755102041,0.3826530612244898
replay,product,Monitor,centroid_negative_candidate_rank,98,0.8571428571428571,0.8469387755102041,0.6530612244897959
replay,product,Monitor,centroid_source_class_agreement,98,0.8571428571428571,0.8469387755102041,0.9221938775510204
replay,product,Monitor,source_weight_max_for_candidate,98,0.8571428571428571,0.8469387755102041,0.3643707482993197
replay,product,Monitor,source_weight_negative_entropy_for_candidate,98,0.8571428571428571,0.8469387755102041,0.3647959183673469
replay,product,Monitor,teacher_confidence,98,0.8571428571428571,0.8469387755102041,0.689625850340136
replay,product,Monitor,teacher_probability_margin,98,0.8571428571428571,0.8469387755102041,0.7142857142857143
replay,product,Monitor,teacher_negative_entropy,98,0.8571428571428571,0.8469387755102041,0.5739795918367347
replay,product,Mop,centroid_class_margin,72,0.8194444444444444,0.5972222222222222,0.5749674054758801
replay,product,Mop,centroid_relative_margin,72,0.8194444444444444,0.5972222222222222,0.5658409387222947
replay,product,Mop,centroid_negative_candidate_distance,72,0.8194444444444444,0.5972222222222222,0.46936114732724904
replay,product,Mop,centroid_negative_candidate_rank,72,0.8194444444444444,0.5972222222222222,0.5580182529335072
replay,product,Mop,centroid_source_class_agreement,72,0.8194444444444444,0.5972222222222222,0.27053455019556716
replay,product,Mop,source_weight_max_for_candidate,72,0.8194444444444444,0.5972222222222222,0.8891786179921773
replay,product,Mop,source_weight_negative_entropy_for_candidate,72,0.8194444444444444,0.5972222222222222,0.8996088657105606
replay,product,Mop,teacher_confidence,72,0.8194444444444444,0.5972222222222222,0.8539765319426337
replay,product,Mop,teacher_probability_margin,72,0.8194444444444444,0.5972222222222222,0.8604954367666232
replay,product,Mop,teacher_negative_entropy,72,0.8194444444444444,0.5972222222222222,0.8383311603650587
replay,product,Mouse,centroid_class_margin,96,0.9479166666666666,0.9583333333333334,1.0
replay,product,Mouse,centroid_relative_margin,96,0.9479166666666666,0.9583333333333334,0.9934065934065934
replay,product,Mouse,centroid_negative_candidate_distance,96,0.9479166666666666,0.9583333333333334,0.756043956043956
replay,product,Mouse,centroid_negative_candidate_rank,96,0.9479166666666666,0.9583333333333334,0.9934065934065934
replay,product,Mouse,centroid_source_class_agreement,96,0.9479166666666666,0.9583333333333334,1.0
replay,product,Mouse,source_weight_max_for_candidate,96,0.9479166666666666,0.9583333333333334,0.7142857142857143
replay,product,Mouse,source_weight_negative_entropy_for_candidate,96,0.9479166666666666,0.9583333333333334,0.7318681318681318
replay,product,Mouse,teacher_confidence,96,0.9479166666666666,0.9583333333333334,0.9560439560439561
replay,product,Mouse,teacher_probability_margin,96,0.9479166666666666,0.9583333333333334,0.9582417582417583
replay,product,Mouse,teacher_negative_entropy,96,0.9479166666666666,0.9583333333333334,0.9362637362637363
replay,product,Mug,centroid_class_margin,41,0.8536585365853658,0.8536585365853658,0.9380952380952381
replay,product,Mug,centroid_relative_margin,41,0.8536585365853658,0.8536585365853658,0.919047619047619
replay,product,Mug,centroid_negative_candidate_distance,41,0.8536585365853658,0.8536585365853658,0.5190476190476191
replay,product,Mug,centroid_negative_candidate_rank,41,0.8536585365853658,0.8536585365853658,0.8214285714285714
replay,product,Mug,centroid_source_class_agreement,41,0.8536585365853658,0.8536585365853658,0.9928571428571429
replay,product,Mug,source_weight_max_for_candidate,41,0.8536585365853658,0.8536585365853658,0.4
replay,product,Mug,source_weight_negative_entropy_for_candidate,41,0.8536585365853658,0.8536585365853658,0.42857142857142855
replay,product,Mug,teacher_confidence,41,0.8536585365853658,0.8536585365853658,0.9476190476190476
replay,product,Mug,teacher_probability_margin,41,0.8536585365853658,0.8536585365853658,0.9476190476190476
replay,product,Mug,teacher_negative_entropy,41,0.8536585365853658,0.8536585365853658,0.9476190476190476
replay,product,Notebook,centroid_class_margin,93,0.9032258064516129,0.7419354838709677,0.9417989417989417
replay,product,Notebook,centroid_relative_margin,93,0.9032258064516129,0.7419354838709677,0.9365079365079365
replay,product,Notebook,centroid_negative_candidate_distance,93,0.9032258064516129,0.7419354838709677,0.7711640211640212
replay,product,Notebook,centroid_negative_candidate_rank,93,0.9032258064516129,0.7419354838709677,0.8796296296296297
replay,product,Notebook,centroid_source_class_agreement,93,0.9032258064516129,0.7419354838709677,0.9325396825396826
replay,product,Notebook,source_weight_max_for_candidate,93,0.9032258064516129,0.7419354838709677,0.42063492063492064
replay,product,Notebook,source_weight_negative_entropy_for_candidate,93,0.9032258064516129,0.7419354838709677,0.42857142857142855
replay,product,Notebook,teacher_confidence,93,0.9032258064516129,0.7419354838709677,0.9074074074074074
replay,product,Notebook,teacher_probability_margin,93,0.9032258064516129,0.7419354838709677,0.8981481481481481
replay,product,Notebook,teacher_negative_entropy,93,0.9032258064516129,0.7419354838709677,0.9193121693121693
replay,product,Oven,centroid_class_margin,68,1.0,0.8823529411764706,
replay,product,Oven,centroid_relative_margin,68,1.0,0.8823529411764706,
replay,product,Oven,centroid_negative_candidate_distance,68,1.0,0.8823529411764706,
replay,product,Oven,centroid_negative_candidate_rank,68,1.0,0.8823529411764706,
replay,product,Oven,centroid_source_class_agreement,68,1.0,0.8823529411764706,
replay,product,Oven,source_weight_max_for_candidate,68,1.0,0.8823529411764706,
replay,product,Oven,source_weight_negative_entropy_for_candidate,68,1.0,0.8823529411764706,
replay,product,Oven,teacher_confidence,68,1.0,0.8823529411764706,
replay,product,Oven,teacher_probability_margin,68,1.0,0.8823529411764706,
replay,product,Oven,teacher_negative_entropy,68,1.0,0.8823529411764706,
replay,product,Pan,centroid_class_margin,70,0.8714285714285714,0.5714285714285714,0.7540983606557377
replay,product,Pan,centroid_relative_margin,70,0.8714285714285714,0.5714285714285714,0.7012750455373407
replay,product,Pan,centroid_negative_candidate_distance,70,0.8714285714285714,0.5714285714285714,0.5938069216757741
replay,product,Pan,centroid_negative_candidate_rank,70,0.8714285714285714,0.5714285714285714,0.6948998178506375
replay,product,Pan,centroid_source_class_agreement,70,0.8714285714285714,0.5714285714285714,0.8506375227686703
replay,product,Pan,source_weight_max_for_candidate,70,0.8714285714285714,0.5714285714285714,0.7285974499089253
replay,product,Pan,source_weight_negative_entropy_for_candidate,70,0.8714285714285714,0.5714285714285714,0.7085610200364298
replay,product,Pan,teacher_confidence,70,0.8714285714285714,0.5714285714285714,0.8761384335154827
replay,product,Pan,teacher_probability_margin,70,0.8714285714285714,0.5714285714285714,0.8797814207650273
replay,product,Pan,teacher_negative_entropy,70,0.8714285714285714,0.5714285714285714,0.8870673952641166
replay,product,Paper_Clip,centroid_class_margin,47,0.9574468085106383,0.723404255319149,0.9333333333333333
replay,product,Paper_Clip,centroid_relative_margin,47,0.9574468085106383,0.723404255319149,0.9222222222222223
replay,product,Paper_Clip,centroid_negative_candidate_distance,47,0.9574468085106383,0.723404255319149,0.7666666666666667
replay,product,Paper_Clip,centroid_negative_candidate_rank,47,0.9574468085106383,0.723404255319149,0.9666666666666667
replay,product,Paper_Clip,centroid_source_class_agreement,47,0.9574468085106383,0.723404255319149,0.8888888888888888
replay,product,Paper_Clip,source_weight_max_for_candidate,47,0.9574468085106383,0.723404255319149,0.5222222222222223
replay,product,Paper_Clip,source_weight_negative_entropy_for_candidate,47,0.9574468085106383,0.723404255319149,0.5333333333333333
replay,product,Paper_Clip,teacher_confidence,47,0.9574468085106383,0.723404255319149,0.9888888888888889
replay,product,Paper_Clip,teacher_probability_margin,47,0.9574468085106383,0.723404255319149,1.0
replay,product,Paper_Clip,teacher_negative_entropy,47,0.9574468085106383,0.723404255319149,0.9444444444444444
replay,product,Pen,centroid_class_margin,60,0.5833333333333334,0.4166666666666667,0.6742857142857143
replay,product,Pen,centroid_relative_margin,60,0.5833333333333334,0.4166666666666667,0.736
replay,product,Pen,centroid_negative_candidate_distance,60,0.5833333333333334,0.4166666666666667,0.7542857142857143
replay,product,Pen,centroid_negative_candidate_rank,60,0.5833333333333334,0.4166666666666667,0.5908571428571429
replay,product,Pen,centroid_source_class_agreement,60,0.5833333333333334,0.4166666666666667,0.656
replay,product,Pen,source_weight_max_for_candidate,60,0.5833333333333334,0.4166666666666667,0.47885714285714287
replay,product,Pen,source_weight_negative_entropy_for_candidate,60,0.5833333333333334,0.4166666666666667,0.49714285714285716
replay,product,Pen,teacher_confidence,60,0.5833333333333334,0.4166666666666667,0.8457142857142858
replay,product,Pen,teacher_probability_margin,60,0.5833333333333334,0.4166666666666667,0.8422857142857143
replay,product,Pen,teacher_negative_entropy,60,0.5833333333333334,0.4166666666666667,0.8491428571428571
replay,product,Pencil,centroid_class_margin,40,0.7,0.4,0.6547619047619048
replay,product,Pencil,centroid_relative_margin,40,0.7,0.4,0.6607142857142857
replay,product,Pencil,centroid_negative_candidate_distance,40,0.7,0.4,0.5327380952380952
replay,product,Pencil,centroid_negative_candidate_rank,40,0.7,0.4,0.7306547619047619
replay,product,Pencil,centroid_source_class_agreement,40,0.7,0.4,0.7276785714285714
replay,product,Pencil,source_weight_max_for_candidate,40,0.7,0.4,0.4226190476190476
replay,product,Pencil,source_weight_negative_entropy_for_candidate,40,0.7,0.4,0.42857142857142855
replay,product,Pencil,teacher_confidence,40,0.7,0.4,0.7797619047619048
replay,product,Pencil,teacher_probability_margin,40,0.7,0.4,0.7857142857142857
replay,product,Pencil,teacher_negative_entropy,40,0.7,0.4,0.7886904761904762
replay,product,Postit_Notes,centroid_class_margin,38,0.8421052631578947,0.2631578947368421,0.46875
replay,product,Postit_Notes,centroid_relative_margin,38,0.8421052631578947,0.2631578947368421,0.5052083333333334
replay,product,Postit_Notes,centroid_negative_candidate_distance,38,0.8421052631578947,0.2631578947368421,0.21354166666666666
replay,product,Postit_Notes,centroid_negative_candidate_rank,38,0.8421052631578947,0.2631578947368421,0.4791666666666667
replay,product,Postit_Notes,centroid_source_class_agreement,38,0.8421052631578947,0.2631578947368421,0.578125
replay,product,Postit_Notes,source_weight_max_for_candidate,38,0.8421052631578947,0.2631578947368421,0.609375
replay,product,Postit_Notes,source_weight_negative_entropy_for_candidate,38,0.8421052631578947,0.2631578947368421,0.625
replay,product,Postit_Notes,teacher_confidence,38,0.8421052631578947,0.2631578947368421,0.921875
replay,product,Postit_Notes,teacher_probability_margin,38,0.8421052631578947,0.2631578947368421,0.96875
replay,product,Postit_Notes,teacher_negative_entropy,38,0.8421052631578947,0.2631578947368421,0.828125
replay,product,Printer,centroid_class_margin,99,1.0,0.9595959595959596,
replay,product,Printer,centroid_relative_margin,99,1.0,0.9595959595959596,
replay,product,Printer,centroid_negative_candidate_distance,99,1.0,0.9595959595959596,
replay,product,Printer,centroid_negative_candidate_rank,99,1.0,0.9595959595959596,
replay,product,Printer,centroid_source_class_agreement,99,1.0,0.9595959595959596,
replay,product,Printer,source_weight_max_for_candidate,99,1.0,0.9595959595959596,
replay,product,Printer,source_weight_negative_entropy_for_candidate,99,1.0,0.9595959595959596,
replay,product,Printer,teacher_confidence,99,1.0,0.9595959595959596,
replay,product,Printer,teacher_probability_margin,99,1.0,0.9595959595959596,
replay,product,Printer,teacher_negative_entropy,99,1.0,0.9595959595959596,
replay,product,Push_Pin,centroid_class_margin,43,0.813953488372093,0.5348837209302325,0.6678571428571428
replay,product,Push_Pin,centroid_relative_margin,43,0.813953488372093,0.5348837209302325,0.6785714285714286
replay,product,Push_Pin,centroid_negative_candidate_distance,43,0.813953488372093,0.5348837209302325,0.5071428571428571
replay,product,Push_Pin,centroid_negative_candidate_rank,43,0.813953488372093,0.5348837209302325,0.675
replay,product,Push_Pin,centroid_source_class_agreement,43,0.813953488372093,0.5348837209302325,0.6875
replay,product,Push_Pin,source_weight_max_for_candidate,43,0.813953488372093,0.5348837209302325,0.42142857142857143
replay,product,Push_Pin,source_weight_negative_entropy_for_candidate,43,0.813953488372093,0.5348837209302325,0.48214285714285715
replay,product,Push_Pin,teacher_confidence,43,0.813953488372093,0.5348837209302325,0.7214285714285714
replay,product,Push_Pin,teacher_probability_margin,43,0.813953488372093,0.5348837209302325,0.725
replay,product,Push_Pin,teacher_negative_entropy,43,0.813953488372093,0.5348837209302325,0.7071428571428572
replay,product,Radio,centroid_class_margin,43,0.7441860465116279,0.5116279069767442,0.3721590909090909
replay,product,Radio,centroid_relative_margin,43,0.7441860465116279,0.5116279069767442,0.3465909090909091
replay,product,Radio,centroid_negative_candidate_distance,43,0.7441860465116279,0.5116279069767442,0.40625
replay,product,Radio,centroid_negative_candidate_rank,43,0.7441860465116279,0.5116279069767442,0.5127840909090909
replay,product,Radio,centroid_source_class_agreement,43,0.7441860465116279,0.5116279069767442,0.3536931818181818
replay,product,Radio,source_weight_max_for_candidate,43,0.7441860465116279,0.5116279069767442,0.4772727272727273
replay,product,Radio,source_weight_negative_entropy_for_candidate,43,0.7441860465116279,0.5116279069767442,0.4715909090909091
replay,product,Radio,teacher_confidence,43,0.7441860465116279,0.5116279069767442,0.7613636363636364
replay,product,Radio,teacher_probability_margin,43,0.7441860465116279,0.5116279069767442,0.7670454545454546
replay,product,Radio,teacher_negative_entropy,43,0.7441860465116279,0.5116279069767442,0.7698863636363636
replay,product,Refrigerator,centroid_class_margin,59,0.8983050847457628,0.7627118644067796,0.8333333333333334
replay,product,Refrigerator,centroid_relative_margin,59,0.8983050847457628,0.7627118644067796,0.8427672955974843
replay,product,Refrigerator,centroid_negative_candidate_distance,59,0.8983050847457628,0.7627118644067796,0.6257861635220126
replay,product,Refrigerator,centroid_negative_candidate_rank,59,0.8983050847457628,0.7627118644067796,0.690251572327044
replay,product,Refrigerator,centroid_source_class_agreement,59,0.8983050847457628,0.7627118644067796,0.6808176100628931
replay,product,Refrigerator,source_weight_max_for_candidate,59,0.8983050847457628,0.7627118644067796,0.839622641509434
replay,product,Refrigerator,source_weight_negative_entropy_for_candidate,59,0.8983050847457628,0.7627118644067796,0.8333333333333334
replay,product,Refrigerator,teacher_confidence,59,0.8983050847457628,0.7627118644067796,0.9654088050314465
replay,product,Refrigerator,teacher_probability_margin,59,0.8983050847457628,0.7627118644067796,0.9622641509433962
replay,product,Refrigerator,teacher_negative_entropy,59,0.8983050847457628,0.7627118644067796,0.9654088050314465
replay,product,Ruler,centroid_class_margin,58,0.896551724137931,0.8103448275862069,0.8141025641025641
replay,product,Ruler,centroid_relative_margin,58,0.896551724137931,0.8103448275862069,0.8076923076923077
replay,product,Ruler,centroid_negative_candidate_distance,58,0.896551724137931,0.8103448275862069,0.7051282051282052
replay,product,Ruler,centroid_negative_candidate_rank,58,0.896551724137931,0.8103448275862069,0.6217948717948718
replay,product,Ruler,centroid_source_class_agreement,58,0.896551724137931,0.8103448275862069,0.8589743589743589
replay,product,Ruler,source_weight_max_for_candidate,58,0.896551724137931,0.8103448275862069,0.4230769230769231
replay,product,Ruler,source_weight_negative_entropy_for_candidate,58,0.896551724137931,0.8103448275862069,0.40384615384615385
replay,product,Ruler,teacher_confidence,58,0.896551724137931,0.8103448275862069,0.9711538461538461
replay,product,Ruler,teacher_probability_margin,58,0.896551724137931,0.8103448275862069,0.9647435897435898
replay,product,Ruler,teacher_negative_entropy,58,0.896551724137931,0.8103448275862069,0.9615384615384616
replay,product,Scissors,centroid_class_margin,99,0.8787878787878788,0.8181818181818182,0.9616858237547893
replay,product,Scissors,centroid_relative_margin,99,0.8787878787878788,0.8181818181818182,0.9454022988505747
replay,product,Scissors,centroid_negative_candidate_distance,99,0.8787878787878788,0.8181818181818182,0.9128352490421456
replay,product,Scissors,centroid_negative_candidate_rank,99,0.8787878787878788,0.8181818181818182,0.9157088122605364
replay,product,Scissors,centroid_source_class_agreement,99,0.8787878787878788,0.8181818181818182,0.9090038314176245
replay,product,Scissors,source_weight_max_for_candidate,99,0.8787878787878788,0.8181818181818182,0.7758620689655172
replay,product,Scissors,source_weight_negative_entropy_for_candidate,99,0.8787878787878788,0.8181818181818182,0.7739463601532567
replay,product,Scissors,teacher_confidence,99,0.8787878787878788,0.8181818181818182,0.9875478927203065
replay,product,Scissors,teacher_probability_margin,99,0.8787878787878788,0.8181818181818182,0.9837164750957854
replay,product,Scissors,teacher_negative_entropy,99,0.8787878787878788,0.8181818181818182,0.9913793103448276
replay,product,Screwdriver,centroid_class_margin,40,0.925,0.55,0.6576576576576577
replay,product,Screwdriver,centroid_relative_margin,40,0.925,0.55,0.6666666666666666
replay,product,Screwdriver,centroid_negative_candidate_distance,40,0.925,0.55,0.5855855855855856
replay,product,Screwdriver,centroid_negative_candidate_rank,40,0.925,0.55,0.6801801801801802
replay,product,Screwdriver,centroid_source_class_agreement,40,0.925,0.55,0.8873873873873874
replay,product,Screwdriver,source_weight_max_for_candidate,40,0.925,0.55,0.4594594594594595
replay,product,Screwdriver,source_weight_negative_entropy_for_candidate,40,0.925,0.55,0.46846846846846846
replay,product,Screwdriver,teacher_confidence,40,0.925,0.55,0.954954954954955
replay,product,Screwdriver,teacher_probability_margin,40,0.925,0.55,0.954954954954955
replay,product,Screwdriver,teacher_negative_entropy,40,0.925,0.55,0.9369369369369369
replay,product,Shelf,centroid_class_margin,49,0.6326530612244898,0.20408163265306123,0.47491039426523296
replay,product,Shelf,centroid_relative_margin,49,0.6326530612244898,0.20408163265306123,0.4946236559139785
replay,product,Shelf,centroid_negative_candidate_distance,49,0.6326530612244898,0.20408163265306123,0.4211469534050179
replay,product,Shelf,centroid_negative_candidate_rank,49,0.6326530612244898,0.20408163265306123,0.4632616487455197
replay,product,Shelf,centroid_source_class_agreement,49,0.6326530612244898,0.20408163265306123,0.35663082437275984
replay,product,Shelf,source_weight_max_for_candidate,49,0.6326530612244898,0.20408163265306123,0.7795698924731183
replay,product,Shelf,source_weight_negative_entropy_for_candidate,49,0.6326530612244898,0.20408163265306123,0.7759856630824373
replay,product,Shelf,teacher_confidence,49,0.6326530612244898,0.20408163265306123,0.7544802867383512
replay,product,Shelf,teacher_probability_margin,49,0.6326530612244898,0.20408163265306123,0.7508960573476703
replay,product,Shelf,teacher_negative_entropy,49,0.6326530612244898,0.20408163265306123,0.7526881720430108
replay,product,Sink,centroid_class_margin,46,0.9782608695652174,0.8260869565217391,0.8444444444444444
replay,product,Sink,centroid_relative_margin,46,0.9782608695652174,0.8260869565217391,0.8444444444444444
replay,product,Sink,centroid_negative_candidate_distance,46,0.9782608695652174,0.8260869565217391,0.8888888888888888
replay,product,Sink,centroid_negative_candidate_rank,46,0.9782608695652174,0.8260869565217391,0.4222222222222222
replay,product,Sink,centroid_source_class_agreement,46,0.9782608695652174,0.8260869565217391,0.1111111111111111
replay,product,Sink,source_weight_max_for_candidate,46,0.9782608695652174,0.8260869565217391,0.8888888888888888
replay,product,Sink,source_weight_negative_entropy_for_candidate,46,0.9782608695652174,0.8260869565217391,0.8888888888888888
replay,product,Sink,teacher_confidence,46,0.9782608695652174,0.8260869565217391,0.9777777777777777
replay,product,Sink,teacher_probability_margin,46,0.9782608695652174,0.8260869565217391,0.9777777777777777
replay,product,Sink,teacher_negative_entropy,46,0.9782608695652174,0.8260869565217391,0.9333333333333333
replay,product,Sneakers,centroid_class_margin,99,0.8383838383838383,0.8383838383838383,0.9751506024096386
replay,product,Sneakers,centroid_relative_margin,99,0.8383838383838383,0.8383838383838383,0.9646084337349398
replay,product,Sneakers,centroid_negative_candidate_distance,99,0.8383838383838383,0.8383838383838383,0.6144578313253012
replay,product,Sneakers,centroid_negative_candidate_rank,99,0.8383838383838383,0.8383838383838383,0.8362198795180723
replay,product,Sneakers,centroid_source_class_agreement,99,0.8383838383838383,0.8383838383838383,0.9988704819277109
replay,product,Sneakers,source_weight_max_for_candidate,99,0.8383838383838383,0.8383838383838383,0.7115963855421686
replay,product,Sneakers,source_weight_negative_entropy_for_candidate,99,0.8383838383838383,0.8383838383838383,0.7123493975903614
replay,product,Sneakers,teacher_confidence,99,0.8383838383838383,0.8383838383838383,0.9728915662650602
replay,product,Sneakers,teacher_probability_margin,99,0.8383838383838383,0.8383838383838383,0.9653614457831325
replay,product,Sneakers,teacher_negative_entropy,99,0.8383838383838383,0.8383838383838383,0.9759036144578314
replay,product,Soda,centroid_class_margin,43,0.8604651162790697,0.9069767441860465,0.9954954954954955
replay,product,Soda,centroid_relative_margin,43,0.8604651162790697,0.9069767441860465,0.9774774774774775
replay,product,Soda,centroid_negative_candidate_distance,43,0.8604651162790697,0.9069767441860465,0.5405405405405406
replay,product,Soda,centroid_negative_candidate_rank,43,0.8604651162790697,0.9069767441860465,0.6666666666666666
replay,product,Soda,centroid_source_class_agreement,43,0.8604651162790697,0.9069767441860465,0.9954954954954955
replay,product,Soda,source_weight_max_for_candidate,43,0.8604651162790697,0.9069767441860465,0.25675675675675674
replay,product,Soda,source_weight_negative_entropy_for_candidate,43,0.8604651162790697,0.9069767441860465,0.25675675675675674
replay,product,Soda,teacher_confidence,43,0.8604651162790697,0.9069767441860465,0.8873873873873874
replay,product,Soda,teacher_probability_margin,43,0.8604651162790697,0.9069767441860465,0.8963963963963963
replay,product,Soda,teacher_negative_entropy,43,0.8604651162790697,0.9069767441860465,0.8603603603603603
replay,product,Speaker,centroid_class_margin,99,0.898989898989899,0.9696969696969697,0.998876404494382
replay,product,Speaker,centroid_relative_margin,99,0.898989898989899,0.9696969696969697,0.998876404494382
replay,product,Speaker,centroid_negative_candidate_distance,99,0.898989898989899,0.9696969696969697,0.7898876404494382
replay,product,Speaker,centroid_negative_candidate_rank,99,0.898989898989899,0.9696969696969697,0.996629213483146
replay,product,Speaker,centroid_source_class_agreement,99,0.898989898989899,0.9696969696969697,0.9241573033707865
replay,product,Speaker,source_weight_max_for_candidate,99,0.898989898989899,0.9696969696969697,0.8764044943820225
replay,product,Speaker,source_weight_negative_entropy_for_candidate,99,0.898989898989899,0.9696969696969697,0.8797752808988764
replay,product,Speaker,teacher_confidence,99,0.898989898989899,0.9696969696969697,0.8629213483146068
replay,product,Speaker,teacher_probability_margin,99,0.898989898989899,0.9696969696969697,0.8573033707865169
replay,product,Speaker,teacher_negative_entropy,99,0.898989898989899,0.9696969696969697,0.8426966292134831
replay,product,Spoon,centroid_class_margin,47,0.8297872340425532,0.10638297872340426,0.16666666666666666
replay,product,Spoon,centroid_relative_margin,47,0.8297872340425532,0.10638297872340426,0.1762820512820513
replay,product,Spoon,centroid_negative_candidate_distance,47,0.8297872340425532,0.10638297872340426,0.42948717948717946
replay,product,Spoon,centroid_negative_candidate_rank,47,0.8297872340425532,0.10638297872340426,0.25961538461538464
replay,product,Spoon,centroid_source_class_agreement,47,0.8297872340425532,0.10638297872340426,0.7948717948717948
replay,product,Spoon,source_weight_max_for_candidate,47,0.8297872340425532,0.10638297872340426,0.11858974358974358
replay,product,Spoon,source_weight_negative_entropy_for_candidate,47,0.8297872340425532,0.10638297872340426,0.13141025641025642
replay,product,Spoon,teacher_confidence,47,0.8297872340425532,0.10638297872340426,0.8301282051282052
replay,product,Spoon,teacher_probability_margin,47,0.8297872340425532,0.10638297872340426,0.8301282051282052
replay,product,Spoon,teacher_negative_entropy,47,0.8297872340425532,0.10638297872340426,0.8012820512820513
replay,product,TV,centroid_class_margin,76,0.8289473684210527,0.75,0.8351648351648352
replay,product,TV,centroid_relative_margin,76,0.8289473684210527,0.75,0.6935286935286935
replay,product,TV,centroid_negative_candidate_distance,76,0.8289473684210527,0.75,0.1221001221001221
replay,product,TV,centroid_negative_candidate_rank,76,0.8289473684210527,0.75,0.6367521367521367
replay,product,TV,centroid_source_class_agreement,76,0.8289473684210527,0.75,0.5280830280830281
replay,product,TV,source_weight_max_for_candidate,76,0.8289473684210527,0.75,0.8876678876678876
replay,product,TV,source_weight_negative_entropy_for_candidate,76,0.8289473684210527,0.75,0.8901098901098901
replay,product,TV,teacher_confidence,76,0.8289473684210527,0.75,0.9523809523809523
replay,product,TV,teacher_probability_margin,76,0.8289473684210527,0.75,0.9377289377289377
replay,product,TV,teacher_negative_entropy,76,0.8289473684210527,0.75,0.9523809523809523
replay,product,Table,centroid_class_margin,60,0.8166666666666667,0.7333333333333333,0.9684601113172542
replay,product,Table,centroid_relative_margin,60,0.8166666666666667,0.7333333333333333,0.9591836734693877
replay,product,Table,centroid_negative_candidate_distance,60,0.8166666666666667,0.7333333333333333,0.6827458256029685
replay,product,Table,centroid_negative_candidate_rank,60,0.8166666666666667,0.7333333333333333,0.937847866419295
replay,product,Table,centroid_source_class_agreement,60,0.8166666666666667,0.7333333333333333,1.0
replay,product,Table,source_weight_max_for_candidate,60,0.8166666666666667,0.7333333333333333,0.5714285714285714
replay,product,Table,source_weight_negative_entropy_for_candidate,60,0.8166666666666667,0.7333333333333333,0.5769944341372912
replay,product,Table,teacher_confidence,60,0.8166666666666667,0.7333333333333333,0.9628942486085343
replay,product,Table,teacher_probability_margin,60,0.8166666666666667,0.7333333333333333,0.9851576994434137
replay,product,Table,teacher_negative_entropy,60,0.8166666666666667,0.7333333333333333,0.922077922077922
replay,product,Telephone,centroid_class_margin,58,0.8448275862068966,0.39655172413793105,0.4444444444444444
replay,product,Telephone,centroid_relative_margin,58,0.8448275862068966,0.39655172413793105,0.42857142857142855
replay,product,Telephone,centroid_negative_candidate_distance,58,0.8448275862068966,0.39655172413793105,0.18820861678004536
replay,product,Telephone,centroid_negative_candidate_rank,58,0.8448275862068966,0.39655172413793105,0.48072562358276644
replay,product,Telephone,centroid_source_class_agreement,58,0.8448275862068966,0.39655172413793105,0.29705215419501135
replay,product,Telephone,source_weight_max_for_candidate,58,0.8448275862068966,0.39655172413793105,0.8866213151927438
replay,product,Telephone,source_weight_negative_entropy_for_candidate,58,0.8448275862068966,0.39655172413793105,0.8934240362811792
replay,product,Telephone,teacher_confidence,58,0.8448275862068966,0.39655172413793105,0.7619047619047619
replay,product,Telephone,teacher_probability_margin,58,0.8448275862068966,0.39655172413793105,0.7210884353741497
replay,product,Telephone,teacher_negative_entropy,58,0.8448275862068966,0.39655172413793105,0.7709750566893424
replay,product,ToothBrush,centroid_class_margin,42,0.9285714285714286,0.8095238095238095,0.7863247863247863
replay,product,ToothBrush,centroid_relative_margin,42,0.9285714285714286,0.8095238095238095,0.7692307692307693
replay,product,ToothBrush,centroid_negative_candidate_distance,42,0.9285714285714286,0.8095238095238095,0.5811965811965812
replay,product,ToothBrush,centroid_negative_candidate_rank,42,0.9285714285714286,0.8095238095238095,0.4358974358974359
replay,product,ToothBrush,centroid_source_class_agreement,42,0.9285714285714286,0.8095238095238095,0.5512820512820513
replay,product,ToothBrush,source_weight_max_for_candidate,42,0.9285714285714286,0.8095238095238095,0.48717948717948717
replay,product,ToothBrush,source_weight_negative_entropy_for_candidate,42,0.9285714285714286,0.8095238095238095,0.48717948717948717
replay,product,ToothBrush,teacher_confidence,42,0.9285714285714286,0.8095238095238095,0.8632478632478633
replay,product,ToothBrush,teacher_probability_margin,42,0.9285714285714286,0.8095238095238095,0.8974358974358975
replay,product,ToothBrush,teacher_negative_entropy,42,0.9285714285714286,0.8095238095238095,0.811965811965812
replay,product,Toys,centroid_class_margin,45,0.7777777777777778,0.7111111111111111,0.8314285714285714
replay,product,Toys,centroid_relative_margin,45,0.7777777777777778,0.7111111111111111,0.8257142857142857
replay,product,Toys,centroid_negative_candidate_distance,45,0.7777777777777778,0.7111111111111111,0.6657142857142857
replay,product,Toys,centroid_negative_candidate_rank,45,0.7777777777777778,0.7111111111111111,0.84
replay,product,Toys,centroid_source_class_agreement,45,0.7777777777777778,0.7111111111111111,0.7542857142857143
replay,product,Toys,source_weight_max_for_candidate,45,0.7777777777777778,0.7111111111111111,0.7142857142857143
replay,product,Toys,source_weight_negative_entropy_for_candidate,45,0.7777777777777778,0.7111111111111111,0.7114285714285714
replay,product,Toys,teacher_confidence,45,0.7777777777777778,0.7111111111111111,0.8514285714285714
replay,product,Toys,teacher_probability_margin,45,0.7777777777777778,0.7111111111111111,0.8485714285714285
replay,product,Toys,teacher_negative_entropy,45,0.7777777777777778,0.7111111111111111,0.7457142857142857
replay,product,Trash_Can,centroid_class_margin,93,0.8709677419354839,0.41935483870967744,0.2623456790123457
replay,product,Trash_Can,centroid_relative_margin,93,0.8709677419354839,0.41935483870967744,0.2674897119341564
replay,product,Trash_Can,centroid_negative_candidate_distance,93,0.8709677419354839,0.41935483870967744,0.338477366255144
replay,product,Trash_Can,centroid_negative_candidate_rank,93,0.8709677419354839,0.41935483870967744,0.37911522633744854
replay,product,Trash_Can,centroid_source_class_agreement,93,0.8709677419354839,0.41935483870967744,0.7109053497942387
replay,product,Trash_Can,source_weight_max_for_candidate,93,0.8709677419354839,0.41935483870967744,0.18930041152263374
replay,product,Trash_Can,source_weight_negative_entropy_for_candidate,93,0.8709677419354839,0.41935483870967744,0.2037037037037037
replay,product,Trash_Can,teacher_confidence,93,0.8709677419354839,0.41935483870967744,0.8045267489711934
replay,product,Trash_Can,teacher_probability_margin,93,0.8709677419354839,0.41935483870967744,0.8261316872427984
replay,product,Trash_Can,teacher_negative_entropy,93,0.8709677419354839,0.41935483870967744,0.7448559670781894
replay,product,Webcam,centroid_class_margin,98,0.9387755102040817,0.9183673469387755,0.9384057971014492
replay,product,Webcam,centroid_relative_margin,98,0.9387755102040817,0.9183673469387755,0.9166666666666666
replay,product,Webcam,centroid_negative_candidate_distance,98,0.9387755102040817,0.9183673469387755,0.6539855072463768
replay,product,Webcam,centroid_negative_candidate_rank,98,0.9387755102040817,0.9183673469387755,0.7427536231884058
replay,product,Webcam,centroid_source_class_agreement,98,0.9387755102040817,0.9183673469387755,0.9827898550724637
replay,product,Webcam,source_weight_max_for_candidate,98,0.9387755102040817,0.9183673469387755,0.9184782608695652
replay,product,Webcam,source_weight_negative_entropy_for_candidate,98,0.9387755102040817,0.9183673469387755,0.9166666666666666
replay,product,Webcam,teacher_confidence,98,0.9387755102040817,0.9183673469387755,0.9257246376811594
replay,product,Webcam,teacher_probability_margin,98,0.9387755102040817,0.9183673469387755,0.9329710144927537
replay,product,Webcam,teacher_negative_entropy,98,0.9387755102040817,0.9183673469387755,0.9057971014492754
full,product,Alarm_Clock,centroid_class_margin,79,0.9746835443037974,0.8607594936708861,0.8831168831168831
full,product,Alarm_Clock,centroid_relative_margin,79,0.9746835443037974,0.8607594936708861,0.7922077922077922
full,product,Alarm_Clock,centroid_negative_candidate_distance,79,0.9746835443037974,0.8607594936708861,0.5064935064935064
full,product,Alarm_Clock,centroid_negative_candidate_rank,79,0.9746835443037974,0.8607594936708861,0.7207792207792207
full,product,Alarm_Clock,centroid_source_class_agreement,79,0.9746835443037974,0.8607594936708861,0.788961038961039
full,product,Alarm_Clock,source_weight_max_for_candidate,79,0.9746835443037974,0.8607594936708861,0.8506493506493507
full,product,Alarm_Clock,source_weight_negative_entropy_for_candidate,79,0.9746835443037974,0.8607594936708861,0.8376623376623377
full,product,Alarm_Clock,teacher_confidence,79,0.9746835443037974,0.8607594936708861,1.0
full,product,Alarm_Clock,teacher_probability_margin,79,0.9746835443037974,0.8607594936708861,0.9935064935064936
full,product,Alarm_Clock,teacher_negative_entropy,79,0.9746835443037974,0.8607594936708861,1.0
full,product,Backpack,centroid_class_margin,99,0.9696969696969697,0.9191919191919192,1.0
full,product,Backpack,centroid_relative_margin,99,0.9696969696969697,0.9191919191919192,1.0
full,product,Backpack,centroid_negative_candidate_distance,99,0.9696969696969697,0.9191919191919192,0.8645833333333334
full,product,Backpack,centroid_negative_candidate_rank,99,0.9696969696969697,0.9191919191919192,1.0
full,product,Backpack,centroid_source_class_agreement,99,0.9696969696969697,0.9191919191919192,1.0
full,product,Backpack,source_weight_max_for_candidate,99,0.9696969696969697,0.9191919191919192,0.8888888888888888
full,product,Backpack,source_weight_negative_entropy_for_candidate,99,0.9696969696969697,0.9191919191919192,0.8958333333333334
full,product,Backpack,teacher_confidence,99,0.9696969696969697,0.9191919191919192,0.9930555555555556
full,product,Backpack,teacher_probability_margin,99,0.9696969696969697,0.9191919191919192,0.9756944444444444
full,product,Backpack,teacher_negative_entropy,99,0.9696969696969697,0.9191919191919192,0.9965277777777778
full,product,Batteries,centroid_class_margin,62,0.9032258064516129,0.8709677419354839,0.9880952380952381
full,product,Batteries,centroid_relative_margin,62,0.9032258064516129,0.8709677419354839,0.9940476190476191
full,product,Batteries,centroid_negative_candidate_distance,62,0.9032258064516129,0.8709677419354839,0.8839285714285714
full,product,Batteries,centroid_negative_candidate_rank,62,0.9032258064516129,0.8709677419354839,1.0
full,product,Batteries,centroid_source_class_agreement,62,0.9032258064516129,0.8709677419354839,1.0
full,product,Batteries,source_weight_max_for_candidate,62,0.9032258064516129,0.8709677419354839,0.6041666666666666
full,product,Batteries,source_weight_negative_entropy_for_candidate,62,0.9032258064516129,0.8709677419354839,0.6101190476190477
full,product,Batteries,teacher_confidence,62,0.9032258064516129,0.8709677419354839,0.9940476190476191
full,product,Batteries,teacher_probability_margin,62,0.9032258064516129,0.8709677419354839,0.9791666666666666
full,product,Batteries,teacher_negative_entropy,62,0.9032258064516129,0.8709677419354839,1.0
full,product,Bed,centroid_class_margin,43,0.9302325581395349,0.8372093023255814,0.9
full,product,Bed,centroid_relative_margin,43,0.9302325581395349,0.8372093023255814,0.8833333333333333
full,product,Bed,centroid_negative_candidate_distance,43,0.9302325581395349,0.8372093023255814,0.26666666666666666
full,product,Bed,centroid_negative_candidate_rank,43,0.9302325581395349,0.8372093023255814,0.6166666666666667
full,product,Bed,centroid_source_class_agreement,43,0.9302325581395349,0.8372093023255814,0.7125
full,product,Bed,source_weight_max_for_candidate,43,0.9302325581395349,0.8372093023255814,0.6166666666666667
full,product,Bed,source_weight_negative_entropy_for_candidate,43,0.9302325581395349,0.8372093023255814,0.6166666666666667
full,product,Bed,teacher_confidence,43,0.9302325581395349,0.8372093023255814,0.9083333333333333
full,product,Bed,teacher_probability_margin,43,0.9302325581395349,0.8372093023255814,0.9333333333333333
full,product,Bed,teacher_negative_entropy,43,0.9302325581395349,0.8372093023255814,0.875
full,product,Bike,centroid_class_margin,44,1.0,0.9772727272727273,
full,product,Bike,centroid_relative_margin,44,1.0,0.9772727272727273,
full,product,Bike,centroid_negative_candidate_distance,44,1.0,0.9772727272727273,
full,product,Bike,centroid_negative_candidate_rank,44,1.0,0.9772727272727273,
full,product,Bike,centroid_source_class_agreement,44,1.0,0.9772727272727273,
full,product,Bike,source_weight_max_for_candidate,44,1.0,0.9772727272727273,
full,product,Bike,source_weight_negative_entropy_for_candidate,44,1.0,0.9772727272727273,
full,product,Bike,teacher_confidence,44,1.0,0.9772727272727273,
full,product,Bike,teacher_probability_margin,44,1.0,0.9772727272727273,
full,product,Bike,teacher_negative_entropy,44,1.0,0.9772727272727273,
full,product,Bottle,centroid_class_margin,62,0.6451612903225806,0.3548387096774194,0.6931818181818182
full,product,Bottle,centroid_relative_margin,62,0.6451612903225806,0.3548387096774194,0.7113636363636363
full,product,Bottle,centroid_negative_candidate_distance,62,0.6451612903225806,0.3548387096774194,0.3125
full,product,Bottle,centroid_negative_candidate_rank,62,0.6451612903225806,0.3548387096774194,0.6545454545454545
full,product,Bottle,centroid_source_class_agreement,62,0.6451612903225806,0.3548387096774194,0.5971590909090909
full,product,Bottle,source_weight_max_for_candidate,62,0.6451612903225806,0.3548387096774194,0.5079545454545454
full,product,Bottle,source_weight_negative_entropy_for_candidate,62,0.6451612903225806,0.3548387096774194,0.5045454545454545
full,product,Bottle,teacher_confidence,62,0.6451612903225806,0.3548387096774194,0.9170454545454545
full,product,Bottle,teacher_probability_margin,62,0.6451612903225806,0.3548387096774194,0.9170454545454545
full,product,Bottle,teacher_negative_entropy,62,0.6451612903225806,0.3548387096774194,0.9159090909090909
full,product,Bucket,centroid_class_margin,47,0.8297872340425532,0.851063829787234,0.8685897435897436
full,product,Bucket,centroid_relative_margin,47,0.8297872340425532,0.851063829787234,0.8717948717948718
full,product,Bucket,centroid_negative_candidate_distance,47,0.8297872340425532,0.851063829787234,0.8141025641025641
full,product,Bucket,centroid_negative_candidate_rank,47,0.8297872340425532,0.851063829787234,0.8685897435897436
full,product,Bucket,centroid_source_class_agreement,47,0.8297872340425532,0.851063829787234,0.7259615384615384
full,product,Bucket,source_weight_max_for_candidate,47,0.8297872340425532,0.851063829787234,0.8589743589743589
full,product,Bucket,source_weight_negative_entropy_for_candidate,47,0.8297872340425532,0.851063829787234,0.8525641025641025
full,product,Bucket,teacher_confidence,47,0.8297872340425532,0.851063829787234,0.8589743589743589
full,product,Bucket,teacher_probability_margin,47,0.8297872340425532,0.851063829787234,0.8365384615384616
full,product,Bucket,teacher_negative_entropy,47,0.8297872340425532,0.851063829787234,0.8910256410256411
full,product,Calculator,centroid_class_margin,81,1.0,0.9629629629629629,
full,product,Calculator,centroid_relative_margin,81,1.0,0.9629629629629629,
full,product,Calculator,centroid_negative_candidate_distance,81,1.0,0.9629629629629629,
full,product,Calculator,centroid_negative_candidate_rank,81,1.0,0.9629629629629629,
full,product,Calculator,centroid_source_class_agreement,81,1.0,0.9629629629629629,
full,product,Calculator,source_weight_max_for_candidate,81,1.0,0.9629629629629629,
full,product,Calculator,source_weight_negative_entropy_for_candidate,81,1.0,0.9629629629629629,
full,product,Calculator,teacher_confidence,81,1.0,0.9629629629629629,
full,product,Calculator,teacher_probability_margin,81,1.0,0.9629629629629629,
full,product,Calculator,teacher_negative_entropy,81,1.0,0.9629629629629629,
full,product,Calendar,centroid_class_margin,81,0.8395061728395061,0.8395061728395061,0.9309954751131222
full,product,Calendar,centroid_relative_margin,81,0.8395061728395061,0.8395061728395061,0.9400452488687783
full,product,Calendar,centroid_negative_candidate_distance,81,0.8395061728395061,0.8395061728395061,0.666289592760181
full,product,Calendar,centroid_negative_candidate_rank,81,0.8395061728395061,0.8395061728395061,0.7437782805429864
full,product,Calendar,centroid_source_class_agreement,81,0.8395061728395061,0.8395061728395061,0.9287330316742082
full,product,Calendar,source_weight_max_for_candidate,81,0.8395061728395061,0.8395061728395061,0.583710407239819
full,product,Calendar,source_weight_negative_entropy_for_candidate,81,0.8395061728395061,0.8395061728395061,0.5282805429864253
full,product,Calendar,teacher_confidence,81,0.8395061728395061,0.8395061728395061,0.9457013574660633
full,product,Calendar,teacher_probability_margin,81,0.8395061728395061,0.8395061728395061,0.9445701357466063
full,product,Calendar,teacher_negative_entropy,81,0.8395061728395061,0.8395061728395061,0.9411764705882353
full,product,Candles,centroid_class_margin,56,0.9107142857142857,0.42857142857142855,0.48627450980392156
full,product,Candles,centroid_relative_margin,56,0.9107142857142857,0.42857142857142855,0.5372549019607843
full,product,Candles,centroid_negative_candidate_distance,56,0.9107142857142857,0.42857142857142855,0.21176470588235294
full,product,Candles,centroid_negative_candidate_rank,56,0.9107142857142857,0.42857142857142855,0.5392156862745098
full,product,Candles,centroid_source_class_agreement,56,0.9107142857142857,0.42857142857142855,0.5764705882352941
full,product,Candles,source_weight_max_for_candidate,56,0.9107142857142857,0.42857142857142855,0.3607843137254902
full,product,Candles,source_weight_negative_entropy_for_candidate,56,0.9107142857142857,0.42857142857142855,0.3568627450980392
full,product,Candles,teacher_confidence,56,0.9107142857142857,0.42857142857142855,0.9882352941176471
full,product,Candles,teacher_probability_margin,56,0.9107142857142857,0.42857142857142855,0.9764705882352941
full,product,Candles,teacher_negative_entropy,56,0.9107142857142857,0.42857142857142855,0.9803921568627451
full,product,Chair,centroid_class_margin,99,0.8888888888888888,0.6161616161616161,0.5599173553719008
full,product,Chair,centroid_relative_margin,99,0.8888888888888888,0.6161616161616161,0.5588842975206612
full,product,Chair,centroid_negative_candidate_distance,99,0.8888888888888888,0.6161616161616161,0.3243801652892562
full,product,Chair,centroid_negative_candidate_rank,99,0.8888888888888888,0.6161616161616161,0.5630165289256198
full,product,Chair,centroid_source_class_agreement,99,0.8888888888888888,0.6161616161616161,0.4359504132231405
full,product,Chair,source_weight_max_for_candidate,99,0.8888888888888888,0.6161616161616161,0.3822314049586777
full,product,Chair,source_weight_negative_entropy_for_candidate,99,0.8888888888888888,0.6161616161616161,0.3956611570247934
full,product,Chair,teacher_confidence,99,0.8888888888888888,0.6161616161616161,0.8409090909090909
full,product,Chair,teacher_probability_margin,99,0.8888888888888888,0.6161616161616161,0.862603305785124
full,product,Chair,teacher_negative_entropy,99,0.8888888888888888,0.6161616161616161,0.8161157024793388
full,product,Clipboards,centroid_class_margin,65,0.5384615384615384,0.3384615384615385,0.5780952380952381
full,product,Clipboards,centroid_relative_margin,65,0.5384615384615384,0.3384615384615385,0.5457142857142857
full,product,Clipboards,centroid_negative_candidate_distance,65,0.5384615384615384,0.3384615384615385,0.5038095238095238
full,product,Clipboards,centroid_negative_candidate_rank,65,0.5384615384615384,0.3384615384615385,0.6038095238095238
full,product,Clipboards,centroid_source_class_agreement,65,0.5384615384615384,0.3384615384615385,0.3761904761904762
full,product,Clipboards,source_weight_max_for_candidate,65,0.5384615384615384,0.3384615384615385,0.8142857142857143
full,product,Clipboards,source_weight_negative_entropy_for_candidate,65,0.5384615384615384,0.3384615384615385,0.8295238095238096
full,product,Clipboards,teacher_confidence,65,0.5384615384615384,0.3384615384615385,0.7438095238095238
full,product,Clipboards,teacher_probability_margin,65,0.5384615384615384,0.3384615384615385,0.7590476190476191
full,product,Clipboards,teacher_negative_entropy,65,0.5384615384615384,0.3384615384615385,0.7057142857142857
full,product,Computer,centroid_class_margin,96,0.625,0.0,0.05416666666666667
full,product,Computer,centroid_relative_margin,96,0.625,0.0,0.05416666666666667
full,product,Computer,centroid_negative_candidate_distance,96,0.625,0.0,0.25833333333333336
full,product,Computer,centroid_negative_candidate_rank,96,0.625,0.0,0.05740740740740741
full,product,Computer,centroid_source_class_agreement,96,0.625,0.0,0.1
full,product,Computer,source_weight_max_for_candidate,96,0.625,0.0,0.2273148148148148
full,product,Computer,source_weight_negative_entropy_for_candidate,96,0.625,0.0,0.23425925925925925
full,product,Computer,teacher_confidence,96,0.625,0.0,0.49907407407407406
full,product,Computer,teacher_probability_margin,96,0.625,0.0,0.4722222222222222
full,product,Computer,teacher_negative_entropy,96,0.625,0.0,0.5222222222222223
full,product,Couch,centroid_class_margin,88,0.8977272727272727,0.8977272727272727,0.909985935302391
full,product,Couch,centroid_relative_margin,88,0.8977272727272727,0.8977272727272727,0.8663853727144867
full,product,Couch,centroid_negative_candidate_distance,88,0.8977272727272727,0.8977272727272727,0.3108298171589311
full,product,Couch,centroid_negative_candidate_rank,88,0.8977272727272727,0.8977272727272727,0.7609001406469761
full,product,Couch,centroid_source_class_agreement,88,0.8977272727272727,0.8977272727272727,0.6772151898734177
full,product,Couch,source_weight_max_for_candidate,88,0.8977272727272727,0.8977272727272727,0.7348804500703235
full,product,Couch,source_weight_negative_entropy_for_candidate,88,0.8977272727272727,0.8977272727272727,0.7383966244725738
full,product,Couch,teacher_confidence,88,0.8977272727272727,0.8977272727272727,0.9817158931082982
full,product,Couch,teacher_probability_margin,88,0.8977272727272727,0.8977272727272727,0.9817158931082982
full,product,Couch,teacher_negative_entropy,88,0.8977272727272727,0.8977272727272727,0.9789029535864979
full,product,Curtains,centroid_class_margin,75,0.92,0.76,0.9202898550724637
full,product,Curtains,centroid_relative_margin,75,0.92,0.76,0.9323671497584541
full,product,Curtains,centroid_negative_candidate_distance,75,0.92,0.76,0.4782608695652174
full,product,Curtains,centroid_negative_candidate_rank,75,0.92,0.76,0.9432367149758454
full,product,Curtains,centroid_source_class_agreement,75,0.92,0.76,0.9565217391304348
full,product,Curtains,source_weight_max_for_candidate,75,0.92,0.76,0.8454106280193237
full,product,Curtains,source_weight_negative_entropy_for_candidate,75,0.92,0.76,0.8454106280193237
full,product,Curtains,teacher_confidence,75,0.92,0.76,0.8502415458937198
full,product,Curtains,teacher_probability_margin,75,0.92,0.76,0.8478260869565217
full,product,Curtains,teacher_negative_entropy,75,0.92,0.76,0.8405797101449275
full,product,Desk_Lamp,centroid_class_margin,83,0.8192771084337349,0.6746987951807228,0.6950980392156862
full,product,Desk_Lamp,centroid_relative_margin,83,0.8192771084337349,0.6746987951807228,0.696078431372549
full,product,Desk_Lamp,centroid_negative_candidate_distance,83,0.8192771084337349,0.6746987951807228,0.5892156862745098
full,product,Desk_Lamp,centroid_negative_candidate_rank,83,0.8192771084337349,0.6746987951807228,0.6303921568627451
full,product,Desk_Lamp,centroid_source_class_agreement,83,0.8192771084337349,0.6746987951807228,0.35490196078431374
full,product,Desk_Lamp,source_weight_max_for_candidate,83,0.8192771084337349,0.6746987951807228,0.7970588235294118
full,product,Desk_Lamp,source_weight_negative_entropy_for_candidate,83,0.8192771084337349,0.6746987951807228,0.7990196078431373
full,product,Desk_Lamp,teacher_confidence,83,0.8192771084337349,0.6746987951807228,0.753921568627451
full,product,Desk_Lamp,teacher_probability_margin,83,0.8192771084337349,0.6746987951807228,0.7519607843137255
full,product,Desk_Lamp,teacher_negative_entropy,83,0.8192771084337349,0.6746987951807228,0.7068627450980393
full,product,Drill,centroid_class_margin,67,0.9850746268656716,0.9850746268656716,1.0
full,product,Drill,centroid_relative_margin,67,0.9850746268656716,0.9850746268656716,1.0
full,product,Drill,centroid_negative_candidate_distance,67,0.9850746268656716,0.9850746268656716,0.16666666666666666
full,product,Drill,centroid_negative_candidate_rank,67,0.9850746268656716,0.9850746268656716,0.5
full,product,Drill,centroid_source_class_agreement,67,0.9850746268656716,0.9850746268656716,0.9242424242424242
full,product,Drill,source_weight_max_for_candidate,67,0.9850746268656716,0.9850746268656716,0.9848484848484849
full,product,Drill,source_weight_negative_entropy_for_candidate,67,0.9850746268656716,0.9850746268656716,0.9848484848484849
full,product,Drill,teacher_confidence,67,0.9850746268656716,0.9850746268656716,0.9848484848484849
full,product,Drill,teacher_probability_margin,67,0.9850746268656716,0.9850746268656716,0.9848484848484849
full,product,Drill,teacher_negative_entropy,67,0.9850746268656716,0.9850746268656716,0.9848484848484849
full,product,Eraser,centroid_class_margin,41,0.7073170731707317,0.4146341463414634,0.6637931034482759
full,product,Eraser,centroid_relative_margin,41,0.7073170731707317,0.4146341463414634,0.6724137931034483
full,product,Eraser,centroid_negative_candidate_distance,41,0.7073170731707317,0.4146341463414634,0.4540229885057471
full,product,Eraser,centroid_negative_candidate_rank,41,0.7073170731707317,0.4146341463414634,0.6709770114942529
full,product,Eraser,centroid_source_class_agreement,41,0.7073170731707317,0.4146341463414634,0.4109195402298851
full,product,Eraser,source_weight_max_for_candidate,41,0.7073170731707317,0.4146341463414634,0.867816091954023
full,product,Eraser,source_weight_negative_entropy_for_candidate,41,0.7073170731707317,0.4146341463414634,0.8505747126436781
full,product,Eraser,teacher_confidence,41,0.7073170731707317,0.4146341463414634,0.7988505747126436
full,product,Eraser,teacher_probability_margin,41,0.7073170731707317,0.4146341463414634,0.7672413793103449
full,product,Eraser,teacher_negative_entropy,41,0.7073170731707317,0.4146341463414634,0.7902298850574713
full,product,Exit_Sign,centroid_class_margin,67,0.9701492537313433,0.7761194029850746,0.9076923076923077
full,product,Exit_Sign,centroid_relative_margin,67,0.9701492537313433,0.7761194029850746,0.9076923076923077
full,product,Exit_Sign,centroid_negative_candidate_distance,67,0.9701492537313433,0.7761194029850746,0.9
full,product,Exit_Sign,centroid_negative_candidate_rank,67,0.9701492537313433,0.7761194029850746,0.8961538461538462
full,product,Exit_Sign,centroid_source_class_agreement,67,0.9701492537313433,0.7761194029850746,0.9230769230769231
full,product,Exit_Sign,source_weight_max_for_candidate,67,0.9701492537313433,0.7761194029850746,0.23076923076923078
full,product,Exit_Sign,source_weight_negative_entropy_for_candidate,67,0.9701492537313433,0.7761194029850746,0.23076923076923078
full,product,Exit_Sign,teacher_confidence,67,0.9701492537313433,0.7761194029850746,1.0
full,product,Exit_Sign,teacher_probability_margin,67,0.9701492537313433,0.7761194029850746,1.0
full,product,Exit_Sign,teacher_negative_entropy,67,0.9701492537313433,0.7761194029850746,1.0
full,product,Fan,centroid_class_margin,58,0.8275862068965517,0.46551724137931033,0.5354166666666667
full,product,Fan,centroid_relative_margin,58,0.8275862068965517,0.46551724137931033,0.49375
full,product,Fan,centroid_negative_candidate_distance,58,0.8275862068965517,0.46551724137931033,0.39166666666666666
full,product,Fan,centroid_negative_candidate_rank,58,0.8275862068965517,0.46551724137931033,0.5583333333333333
full,product,Fan,centroid_source_class_agreement,58,0.8275862068965517,0.46551724137931033,0.41354166666666664
full,product,Fan,source_weight_max_for_candidate,58,0.8275862068965517,0.46551724137931033,0.6979166666666666
full,product,Fan,source_weight_negative_entropy_for_candidate,58,0.8275862068965517,0.46551724137931033,0.6916666666666667
full,product,Fan,teacher_confidence,58,0.8275862068965517,0.46551724137931033,0.9104166666666667
full,product,Fan,teacher_probability_margin,58,0.8275862068965517,0.46551724137931033,0.9041666666666667
full,product,Fan,teacher_negative_entropy,58,0.8275862068965517,0.46551724137931033,0.9104166666666667
full,product,File_Cabinet,centroid_class_margin,71,0.8591549295774648,0.704225352112676,0.7639344262295082
full,product,File_Cabinet,centroid_relative_margin,71,0.8591549295774648,0.704225352112676,0.7639344262295082
full,product,File_Cabinet,centroid_negative_candidate_distance,71,0.8591549295774648,0.704225352112676,0.7311475409836066
full,product,File_Cabinet,centroid_negative_candidate_rank,71,0.8591549295774648,0.704225352112676,0.7827868852459017
full,product,File_Cabinet,centroid_source_class_agreement,71,0.8591549295774648,0.704225352112676,0.8680327868852459
full,product,File_Cabinet,source_weight_max_for_candidate,71,0.8591549295774648,0.704225352112676,0.10655737704918032
full,product,File_Cabinet,source_weight_negative_entropy_for_candidate,71,0.8591549295774648,0.704225352112676,0.10983606557377049
full,product,File_Cabinet,teacher_confidence,71,0.8591549295774648,0.704225352112676,0.9016393442622951
full,product,File_Cabinet,teacher_probability_margin,71,0.8591549295774648,0.704225352112676,0.9049180327868852
full,product,File_Cabinet,teacher_negative_entropy,71,0.8591549295774648,0.704225352112676,0.898360655737705
full,product,Flipflops,centroid_class_margin,99,0.898989898989899,0.7272727272727273,0.9134831460674158
full,product,Flipflops,centroid_relative_margin,99,0.898989898989899,0.7272727272727273,0.9157303370786517
full,product,Flipflops,centroid_negative_candidate_distance,99,0.898989898989899,0.7272727272727273,0.4606741573033708
full,product,Flipflops,centroid_negative_candidate_rank,99,0.898989898989899,0.7272727272727273,0.8589887640449438
full,product,Flipflops,centroid_source_class_agreement,99,0.898989898989899,0.7272727272727273,0.7039325842696629
full,product,Flipflops,source_weight_max_for_candidate,99,0.898989898989899,0.7272727272727273,0.9606741573033708
full,product,Flipflops,source_weight_negative_entropy_for_candidate,99,0.898989898989899,0.7272727272727273,0.9617977528089887
full,product,Flipflops,teacher_confidence,99,0.898989898989899,0.7272727272727273,0.9280898876404494
full,product,Flipflops,teacher_probability_margin,99,0.898989898989899,0.7272727272727273,0.9337078651685393
full,product,Flipflops,teacher_negative_entropy,99,0.898989898989899,0.7272727272727273,0.9247191011235955
full,product,Flowers,centroid_class_margin,91,1.0,1.0,
full,product,Flowers,centroid_relative_margin,91,1.0,1.0,
full,product,Flowers,centroid_negative_candidate_distance,91,1.0,1.0,
full,product,Flowers,centroid_negative_candidate_rank,91,1.0,1.0,
full,product,Flowers,centroid_source_class_agreement,91,1.0,1.0,
full,product,Flowers,source_weight_max_for_candidate,91,1.0,1.0,
full,product,Flowers,source_weight_negative_entropy_for_candidate,91,1.0,1.0,
full,product,Flowers,teacher_confidence,91,1.0,1.0,
full,product,Flowers,teacher_probability_margin,91,1.0,1.0,
full,product,Flowers,teacher_negative_entropy,91,1.0,1.0,
full,product,Folder,centroid_class_margin,90,0.2111111111111111,0.3888888888888889,0.6968124536693847
full,product,Folder,centroid_relative_margin,90,0.2111111111111111,0.3888888888888889,0.6886582653817642
full,product,Folder,centroid_negative_candidate_distance,90,0.2111111111111111,0.3888888888888889,0.46108228317272054
full,product,Folder,centroid_negative_candidate_rank,90,0.2111111111111111,0.3888888888888889,0.611934766493699
full,product,Folder,centroid_source_class_agreement,90,0.2111111111111111,0.3888888888888889,0.4903632320237213
full,product,Folder,source_weight_max_for_candidate,90,0.2111111111111111,0.3888888888888889,0.6389918458117124
full,product,Folder,source_weight_negative_entropy_for_candidate,90,0.2111111111111111,0.3888888888888889,0.6204595997034841
full,product,Folder,teacher_confidence,90,0.2111111111111111,0.3888888888888889,0.4936990363232024
full,product,Folder,teacher_probability_margin,90,0.2111111111111111,0.3888888888888889,0.508524833209785
full,product,Folder,teacher_negative_entropy,90,0.2111111111111111,0.3888888888888889,0.46553002223869533
full,product,Fork,centroid_class_margin,41,0.8536585365853658,0.7804878048780488,0.8714285714285714
full,product,Fork,centroid_relative_margin,41,0.8536585365853658,0.7804878048780488,0.8904761904761904
full,product,Fork,centroid_negative_candidate_distance,41,0.8536585365853658,0.7804878048780488,0.8047619047619048
full,product,Fork,centroid_negative_candidate_rank,41,0.8536585365853658,0.7804878048780488,0.7904761904761904
full,product,Fork,centroid_source_class_agreement,41,0.8536585365853658,0.7804878048780488,0.7595238095238095
full,product,Fork,source_weight_max_for_candidate,41,0.8536585365853658,0.7804878048780488,0.8142857142857143
full,product,Fork,source_weight_negative_entropy_for_candidate,41,0.8536585365853658,0.7804878048780488,0.8238095238095238
full,product,Fork,teacher_confidence,41,0.8536585365853658,0.7804878048780488,0.9
full,product,Fork,teacher_probability_margin,41,0.8536585365853658,0.7804878048780488,0.8761904761904762
full,product,Fork,teacher_negative_entropy,41,0.8536585365853658,0.7804878048780488,0.9095238095238095
full,product,Glasses,centroid_class_margin,67,0.9850746268656716,0.9253731343283582,0.9393939393939394
full,product,Glasses,centroid_relative_margin,67,0.9850746268656716,0.9253731343283582,0.9393939393939394
full,product,Glasses,centroid_negative_candidate_distance,67,0.9850746268656716,0.9253731343283582,0.19696969696969696
full,product,Glasses,centroid_negative_candidate_rank,67,0.9850746268656716,0.9253731343283582,0.4696969696969697
full,product,Glasses,centroid_source_class_agreement,67,0.9850746268656716,0.9253731343283582,0.946969696969697
full,product,Glasses,source_weight_max_for_candidate,67,0.9850746268656716,0.9253731343283582,0.8939393939393939
full,product,Glasses,source_weight_negative_entropy_for_candidate,67,0.9850746268656716,0.9253731343283582,0.8939393939393939
full,product,Glasses,teacher_confidence,67,0.9850746268656716,0.9253731343283582,0.9848484848484849
full,product,Glasses,teacher_probability_margin,67,0.9850746268656716,0.9253731343283582,1.0
full,product,Glasses,teacher_negative_entropy,67,0.9850746268656716,0.9253731343283582,1.0
full,product,Hammer,centroid_class_margin,57,0.47368421052631576,0.3333333333333333,0.6024691358024692
full,product,Hammer,centroid_relative_margin,57,0.47368421052631576,0.3333333333333333,0.6222222222222222
full,product,Hammer,centroid_negative_candidate_distance,57,0.47368421052631576,0.3333333333333333,0.5493827160493827
full,product,Hammer,centroid_negative_candidate_rank,57,0.47368421052631576,0.3333333333333333,0.6419753086419753
full,product,Hammer,centroid_source_class_agreement,57,0.47368421052631576,0.3333333333333333,0.2697530864197531
full,product,Hammer,source_weight_max_for_candidate,57,0.47368421052631576,0.3333333333333333,0.7925925925925926
full,product,Hammer,source_weight_negative_entropy_for_candidate,57,0.47368421052631576,0.3333333333333333,0.7938271604938272
full,product,Hammer,teacher_confidence,57,0.47368421052631576,0.3333333333333333,0.6876543209876543
full,product,Hammer,teacher_probability_margin,57,0.47368421052631576,0.3333333333333333,0.6839506172839506
full,product,Hammer,teacher_negative_entropy,57,0.47368421052631576,0.3333333333333333,0.6901234567901234
full,product,Helmet,centroid_class_margin,90,0.9111111111111111,0.6333333333333333,0.7820121951219512
full,product,Helmet,centroid_relative_margin,90,0.9111111111111111,0.6333333333333333,0.7865853658536586
full,product,Helmet,centroid_negative_candidate_distance,90,0.9111111111111111,0.6333333333333333,0.6173780487804879
full,product,Helmet,centroid_negative_candidate_rank,90,0.9111111111111111,0.6333333333333333,0.7789634146341463
full,product,Helmet,centroid_source_class_agreement,90,0.9111111111111111,0.6333333333333333,0.6448170731707317
full,product,Helmet,source_weight_max_for_candidate,90,0.9111111111111111,0.6333333333333333,0.8795731707317073
full,product,Helmet,source_weight_negative_entropy_for_candidate,90,0.9111111111111111,0.6333333333333333,0.8810975609756098
full,product,Helmet,teacher_confidence,90,0.9111111111111111,0.6333333333333333,0.9725609756097561
full,product,Helmet,teacher_probability_margin,90,0.9111111111111111,0.6333333333333333,0.9573170731707317
full,product,Helmet,teacher_negative_entropy,90,0.9111111111111111,0.6333333333333333,0.9862804878048781
full,product,Kettle,centroid_class_margin,72,0.9583333333333334,0.9027777777777778,0.9420289855072463
full,product,Kettle,centroid_relative_margin,72,0.9583333333333334,0.9027777777777778,0.9371980676328503
full,product,Kettle,centroid_negative_candidate_distance,72,0.9583333333333334,0.9027777777777778,0.8599033816425121
full,product,Kettle,centroid_negative_candidate_rank,72,0.9583333333333334,0.9027777777777778,0.8019323671497585
full,product,Kettle,centroid_source_class_agreement,72,0.9583333333333334,0.9027777777777778,0.34541062801932365
full,product,Kettle,source_weight_max_for_candidate,72,0.9583333333333334,0.9027777777777778,0.9806763285024155
full,product,Kettle,source_weight_negative_entropy_for_candidate,72,0.9583333333333334,0.9027777777777778,0.9806763285024155
full,product,Kettle,teacher_confidence,72,0.9583333333333334,0.9027777777777778,0.9227053140096618
full,product,Kettle,teacher_probability_margin,72,0.9583333333333334,0.9027777777777778,0.927536231884058
full,product,Kettle,teacher_negative_entropy,72,0.9583333333333334,0.9027777777777778,0.9082125603864735
full,product,Keyboard,centroid_class_margin,99,0.9797979797979798,0.8585858585858586,0.8608247422680413
full,product,Keyboard,centroid_relative_margin,99,0.9797979797979798,0.8585858585858586,0.845360824742268
full,product,Keyboard,centroid_negative_candidate_distance,99,0.9797979797979798,0.8585858585858586,0.6649484536082474
full,product,Keyboard,centroid_negative_candidate_rank,99,0.9797979797979798,0.8585858585858586,0.7061855670103093
full,product,Keyboard,centroid_source_class_agreement,99,0.9797979797979798,0.8585858585858586,0.4793814432989691
full,product,Keyboard,source_weight_max_for_candidate,99,0.9797979797979798,0.8585858585858586,0.8814432989690721
full,product,Keyboard,source_weight_negative_entropy_for_candidate,99,0.9797979797979798,0.8585858585858586,0.8865979381443299
full,product,Keyboard,teacher_confidence,99,0.9797979797979798,0.8585858585858586,1.0
full,product,Keyboard,teacher_probability_margin,99,0.9797979797979798,0.8585858585858586,1.0
full,product,Keyboard,teacher_negative_entropy,99,0.9797979797979798,0.8585858585858586,0.9845360824742269
full,product,Knives,centroid_class_margin,41,0.8536585365853658,0.5365853658536586,0.8380952380952381
full,product,Knives,centroid_relative_margin,41,0.8536585365853658,0.5365853658536586,0.8666666666666667
full,product,Knives,centroid_negative_candidate_distance,41,0.8536585365853658,0.5365853658536586,0.6904761904761905
full,product,Knives,centroid_negative_candidate_rank,41,0.8536585365853658,0.5365853658536586,0.8357142857142857
full,product,Knives,centroid_source_class_agreement,41,0.8536585365853658,0.5365853658536586,0.8904761904761904
full,product,Knives,source_weight_max_for_candidate,41,0.8536585365853658,0.5365853658536586,0.4095238095238095
full,product,Knives,source_weight_negative_entropy_for_candidate,41,0.8536585365853658,0.5365853658536586,0.44285714285714284
full,product,Knives,teacher_confidence,41,0.8536585365853658,0.5365853658536586,1.0
full,product,Knives,teacher_probability_margin,41,0.8536585365853658,0.5365853658536586,1.0
full,product,Knives,teacher_negative_entropy,41,0.8536585365853658,0.5365853658536586,0.9952380952380953
full,product,Lamp_Shade,centroid_class_margin,54,0.5925925925925926,0.7777777777777778,0.9346590909090909
full,product,Lamp_Shade,centroid_relative_margin,54,0.5925925925925926,0.7777777777777778,0.921875
full,product,Lamp_Shade,centroid_negative_candidate_distance,54,0.5925925925925926,0.7777777777777778,0.7982954545454546
full,product,Lamp_Shade,centroid_negative_candidate_rank,54,0.5925925925925926,0.7777777777777778,0.9460227272727273
full,product,Lamp_Shade,centroid_source_class_agreement,54,0.5925925925925926,0.7777777777777778,0.8345170454545454
full,product,Lamp_Shade,source_weight_max_for_candidate,54,0.5925925925925926,0.7777777777777778,0.8082386363636364
full,product,Lamp_Shade,source_weight_negative_entropy_for_candidate,54,0.5925925925925926,0.7777777777777778,0.8053977272727273
full,product,Lamp_Shade,teacher_confidence,54,0.5925925925925926,0.7777777777777778,0.7727272727272727
full,product,Lamp_Shade,teacher_probability_margin,54,0.5925925925925926,0.7777777777777778,0.7798295454545454
full,product,Lamp_Shade,teacher_negative_entropy,54,0.5925925925925926,0.7777777777777778,0.7698863636363636
full,product,Laptop,centroid_class_margin,99,0.8585858585858586,0.8888888888888888,0.8747899159663866
full,product,Laptop,centroid_relative_margin,99,0.8585858585858586,0.8888888888888888,0.8436974789915966
full,product,Laptop,centroid_negative_candidate_distance,99,0.8585858585858586,0.8888888888888888,0.2630252100840336
full,product,Laptop,centroid_negative_candidate_rank,99,0.8585858585858586,0.8888888888888888,0.8878151260504201
full,product,Laptop,centroid_source_class_agreement,99,0.8585858585858586,0.8888888888888888,0.9936974789915967
full,product,Laptop,source_weight_max_for_candidate,99,0.8585858585858586,0.8888888888888888,0.7747899159663866
full,product,Laptop,source_weight_negative_entropy_for_candidate,99,0.8585858585858586,0.8888888888888888,0.7563025210084033
full,product,Laptop,teacher_confidence,99,0.8585858585858586,0.8888888888888888,0.8647058823529412
full,product,Laptop,teacher_probability_margin,99,0.8585858585858586,0.8888888888888888,0.8605042016806723
full,product,Laptop,teacher_negative_entropy,99,0.8585858585858586,0.8888888888888888,0.8176470588235294
full,product,Marker,centroid_class_margin,56,0.6428571428571429,0.8928571428571429,0.9833333333333333
full,product,Marker,centroid_relative_margin,56,0.6428571428571429,0.8928571428571429,0.9819444444444444
full,product,Marker,centroid_negative_candidate_distance,56,0.6428571428571429,0.8928571428571429,0.5222222222222223
full,product,Marker,centroid_negative_candidate_rank,56,0.6428571428571429,0.8928571428571429,0.9347222222222222
full,product,Marker,centroid_source_class_agreement,56,0.6428571428571429,0.8928571428571429,0.8083333333333333
full,product,Marker,source_weight_max_for_candidate,56,0.6428571428571429,0.8928571428571429,0.9
full,product,Marker,source_weight_negative_entropy_for_candidate,56,0.6428571428571429,0.8928571428571429,0.8958333333333334
full,product,Marker,teacher_confidence,56,0.6428571428571429,0.8928571428571429,0.5472222222222223
full,product,Marker,teacher_probability_margin,56,0.6428571428571429,0.8928571428571429,0.5430555555555555
full,product,Marker,teacher_negative_entropy,56,0.6428571428571429,0.8928571428571429,0.5694444444444444
full,product,Monitor,centroid_class_margin,98,0.8571428571428571,0.9081632653061225,0.9651360544217688
full,product,Monitor,centroid_relative_margin,98,0.8571428571428571,0.9081632653061225,0.9294217687074829
full,product,Monitor,centroid_negative_candidate_distance,98,0.8571428571428571,0.9081632653061225,0.4013605442176871
full,product,Monitor,centroid_negative_candidate_rank,98,0.8571428571428571,0.9081632653061225,0.7142857142857143
full,product,Monitor,centroid_source_class_agreement,98,0.8571428571428571,0.9081632653061225,0.9438775510204082
full,product,Monitor,source_weight_max_for_candidate,98,0.8571428571428571,0.9081632653061225,0.4226190476190476
full,product,Monitor,source_weight_negative_entropy_for_candidate,98,0.8571428571428571,0.9081632653061225,0.4217687074829932
full,product,Monitor,teacher_confidence,98,0.8571428571428571,0.9081632653061225,0.6921768707482994
full,product,Monitor,teacher_probability_margin,98,0.8571428571428571,0.9081632653061225,0.7142857142857143
full,product,Monitor,teacher_negative_entropy,98,0.8571428571428571,0.9081632653061225,0.5748299319727891
full,product,Mop,centroid_class_margin,72,0.8194444444444444,0.5416666666666666,0.559322033898305
full,product,Mop,centroid_relative_margin,72,0.8194444444444444,0.5416666666666666,0.5475880052151239
full,product,Mop,centroid_negative_candidate_distance,72,0.8194444444444444,0.5416666666666666,0.46284224250325945
full,product,Mop,centroid_negative_candidate_rank,72,0.8194444444444444,0.5416666666666666,0.5345501955671447
full,product,Mop,centroid_source_class_agreement,72,0.8194444444444444,0.5416666666666666,0.22164276401564537
full,product,Mop,source_weight_max_for_candidate,72,0.8194444444444444,0.5416666666666666,0.9178617992177314
full,product,Mop,source_weight_negative_entropy_for_candidate,72,0.8194444444444444,0.5416666666666666,0.9230769230769231
full,product,Mop,teacher_confidence,72,0.8194444444444444,0.5416666666666666,0.8526727509778357
full,product,Mop,teacher_probability_margin,72,0.8194444444444444,0.5416666666666666,0.8617992177314211
full,product,Mop,teacher_negative_entropy,72,0.8194444444444444,0.5416666666666666,0.8383311603650587
full,product,Mouse,centroid_class_margin,96,0.9479166666666666,0.9583333333333334,1.0
full,product,Mouse,centroid_relative_margin,96,0.9479166666666666,0.9583333333333334,0.9934065934065934
full,product,Mouse,centroid_negative_candidate_distance,96,0.9479166666666666,0.9583333333333334,0.7076923076923077
full,product,Mouse,centroid_negative_candidate_rank,96,0.9479166666666666,0.9583333333333334,0.989010989010989
full,product,Mouse,centroid_source_class_agreement,96,0.9479166666666666,0.9583333333333334,1.0
full,product,Mouse,source_weight_max_for_candidate,96,0.9479166666666666,0.9583333333333334,0.6593406593406593
full,product,Mouse,source_weight_negative_entropy_for_candidate,96,0.9479166666666666,0.9583333333333334,0.6681318681318681
full,product,Mouse,teacher_confidence,96,0.9479166666666666,0.9583333333333334,0.9560439560439561
full,product,Mouse,teacher_probability_margin,96,0.9479166666666666,0.9583333333333334,0.9560439560439561
full,product,Mouse,teacher_negative_entropy,96,0.9479166666666666,0.9583333333333334,0.9362637362637363
full,product,Mug,centroid_class_margin,41,0.8536585365853658,0.8536585365853658,0.9380952380952381
full,product,Mug,centroid_relative_margin,41,0.8536585365853658,0.8536585365853658,0.919047619047619
full,product,Mug,centroid_negative_candidate_distance,41,0.8536585365853658,0.8536585365853658,0.5142857142857142
full,product,Mug,centroid_negative_candidate_rank,41,0.8536585365853658,0.8536585365853658,0.8261904761904761
full,product,Mug,centroid_source_class_agreement,41,0.8536585365853658,0.8536585365853658,0.9928571428571429
full,product,Mug,source_weight_max_for_candidate,41,0.8536585365853658,0.8536585365853658,0.40476190476190477
full,product,Mug,source_weight_negative_entropy_for_candidate,41,0.8536585365853658,0.8536585365853658,0.4095238095238095
full,product,Mug,teacher_confidence,41,0.8536585365853658,0.8536585365853658,0.9476190476190476
full,product,Mug,teacher_probability_margin,41,0.8536585365853658,0.8536585365853658,0.9476190476190476
full,product,Mug,teacher_negative_entropy,41,0.8536585365853658,0.8536585365853658,0.9476190476190476
full,product,Notebook,centroid_class_margin,93,0.9032258064516129,0.7311827956989247,0.9351851851851852
full,product,Notebook,centroid_relative_margin,93,0.9032258064516129,0.7311827956989247,0.9351851851851852
full,product,Notebook,centroid_negative_candidate_distance,93,0.9032258064516129,0.7311827956989247,0.7486772486772487
full,product,Notebook,centroid_negative_candidate_rank,93,0.9032258064516129,0.7311827956989247,0.9206349206349206
full,product,Notebook,centroid_source_class_agreement,93,0.9032258064516129,0.7311827956989247,0.9371693121693122
full,product,Notebook,source_weight_max_for_candidate,93,0.9032258064516129,0.7311827956989247,0.39814814814814814
full,product,Notebook,source_weight_negative_entropy_for_candidate,93,0.9032258064516129,0.7311827956989247,0.3968253968253968
full,product,Notebook,teacher_confidence,93,0.9032258064516129,0.7311827956989247,0.9087301587301587
full,product,Notebook,teacher_probability_margin,93,0.9032258064516129,0.7311827956989247,0.9034391534391535
full,product,Notebook,teacher_negative_entropy,93,0.9032258064516129,0.7311827956989247,0.917989417989418
full,product,Oven,centroid_class_margin,68,1.0,0.8823529411764706,
full,product,Oven,centroid_relative_margin,68,1.0,0.8823529411764706,
full,product,Oven,centroid_negative_candidate_distance,68,1.0,0.8823529411764706,
full,product,Oven,centroid_negative_candidate_rank,68,1.0,0.8823529411764706,
full,product,Oven,centroid_source_class_agreement,68,1.0,0.8823529411764706,
full,product,Oven,source_weight_max_for_candidate,68,1.0,0.8823529411764706,
full,product,Oven,source_weight_negative_entropy_for_candidate,68,1.0,0.8823529411764706,
full,product,Oven,teacher_confidence,68,1.0,0.8823529411764706,
full,product,Oven,teacher_probability_margin,68,1.0,0.8823529411764706,
full,product,Oven,teacher_negative_entropy,68,1.0,0.8823529411764706,
full,product,Pan,centroid_class_margin,70,0.8714285714285714,0.5428571428571428,0.7468123861566485
full,product,Pan,centroid_relative_margin,70,0.8714285714285714,0.5428571428571428,0.6848816029143898
full,product,Pan,centroid_negative_candidate_distance,70,0.8714285714285714,0.5428571428571428,0.5938069216757741
full,product,Pan,centroid_negative_candidate_rank,70,0.8714285714285714,0.5428571428571428,0.6438979963570127
full,product,Pan,centroid_source_class_agreement,70,0.8714285714285714,0.5428571428571428,0.825136612021858
full,product,Pan,source_weight_max_for_candidate,70,0.8714285714285714,0.5428571428571428,0.7340619307832422
full,product,Pan,source_weight_negative_entropy_for_candidate,70,0.8714285714285714,0.5428571428571428,0.697632058287796
full,product,Pan,teacher_confidence,70,0.8714285714285714,0.5428571428571428,0.8743169398907104
full,product,Pan,teacher_probability_margin,70,0.8714285714285714,0.5428571428571428,0.8761384335154827
full,product,Pan,teacher_negative_entropy,70,0.8714285714285714,0.5428571428571428,0.8852459016393442
full,product,Paper_Clip,centroid_class_margin,47,0.9574468085106383,0.7872340425531915,0.9222222222222223
full,product,Paper_Clip,centroid_relative_margin,47,0.9574468085106383,0.7872340425531915,0.9222222222222223
full,product,Paper_Clip,centroid_negative_candidate_distance,47,0.9574468085106383,0.7872340425531915,0.7777777777777778
full,product,Paper_Clip,centroid_negative_candidate_rank,47,0.9574468085106383,0.7872340425531915,0.9777777777777777
full,product,Paper_Clip,centroid_source_class_agreement,47,0.9574468085106383,0.7872340425531915,0.9111111111111111
full,product,Paper_Clip,source_weight_max_for_candidate,47,0.9574468085106383,0.7872340425531915,0.5444444444444444
full,product,Paper_Clip,source_weight_negative_entropy_for_candidate,47,0.9574468085106383,0.7872340425531915,0.5555555555555556
full,product,Paper_Clip,teacher_confidence,47,0.9574468085106383,0.7872340425531915,0.9777777777777777
full,product,Paper_Clip,teacher_probability_margin,47,0.9574468085106383,0.7872340425531915,1.0
full,product,Paper_Clip,teacher_negative_entropy,47,0.9574468085106383,0.7872340425531915,0.9444444444444444
full,product,Pen,centroid_class_margin,60,0.5833333333333334,0.4166666666666667,0.6217142857142857
full,product,Pen,centroid_relative_margin,60,0.5833333333333334,0.4166666666666667,0.6857142857142857
full,product,Pen,centroid_negative_candidate_distance,60,0.5833333333333334,0.4166666666666667,0.728
full,product,Pen,centroid_negative_candidate_rank,60,0.5833333333333334,0.4166666666666667,0.5862857142857143
full,product,Pen,centroid_source_class_agreement,60,0.5833333333333334,0.4166666666666667,0.632
full,product,Pen,source_weight_max_for_candidate,60,0.5833333333333334,0.4166666666666667,0.4605714285714286
full,product,Pen,source_weight_negative_entropy_for_candidate,60,0.5833333333333334,0.4166666666666667,0.48114285714285715
full,product,Pen,teacher_confidence,60,0.5833333333333334,0.4166666666666667,0.8491428571428571
full,product,Pen,teacher_probability_margin,60,0.5833333333333334,0.4166666666666667,0.8411428571428572
full,product,Pen,teacher_negative_entropy,60,0.5833333333333334,0.4166666666666667,0.8514285714285714
full,product,Pencil,centroid_class_margin,40,0.7,0.375,0.6755952380952381
full,product,Pencil,centroid_relative_margin,40,0.7,0.375,0.6934523809523809
full,product,Pencil,centroid_negative_candidate_distance,40,0.7,0.375,0.5416666666666666
full,product,Pencil,centroid_negative_candidate_rank,40,0.7,0.375,0.7202380952380952
full,product,Pencil,centroid_source_class_agreement,40,0.7,0.375,0.7291666666666666
full,product,Pencil,source_weight_max_for_candidate,40,0.7,0.375,0.44345238095238093
full,product,Pencil,source_weight_negative_entropy_for_candidate,40,0.7,0.375,0.44642857142857145
full,product,Pencil,teacher_confidence,40,0.7,0.375,0.7797619047619048
full,product,Pencil,teacher_probability_margin,40,0.7,0.375,0.7827380952380952
full,product,Pencil,teacher_negative_entropy,40,0.7,0.375,0.7857142857142857
full,product,Postit_Notes,centroid_class_margin,38,0.8947368421052632,0.23684210526315788,0.3602941176470588
full,product,Postit_Notes,centroid_relative_margin,38,0.8947368421052632,0.23684210526315788,0.3602941176470588
full,product,Postit_Notes,centroid_negative_candidate_distance,38,0.8947368421052632,0.23684210526315788,0.2426470588235294
full,product,Postit_Notes,centroid_negative_candidate_rank,38,0.8947368421052632,0.23684210526315788,0.3235294117647059
full,product,Postit_Notes,centroid_source_class_agreement,38,0.8947368421052632,0.23684210526315788,0.47794117647058826
full,product,Postit_Notes,source_weight_max_for_candidate,38,0.8947368421052632,0.23684210526315788,0.4117647058823529
full,product,Postit_Notes,source_weight_negative_entropy_for_candidate,38,0.8947368421052632,0.23684210526315788,0.41911764705882354
full,product,Postit_Notes,teacher_confidence,38,0.8947368421052632,0.23684210526315788,0.8970588235294118
full,product,Postit_Notes,teacher_probability_margin,38,0.8947368421052632,0.23684210526315788,0.8970588235294118
full,product,Postit_Notes,teacher_negative_entropy,38,0.8947368421052632,0.23684210526315788,0.8455882352941176
full,product,Printer,centroid_class_margin,99,1.0,0.9797979797979798,
full,product,Printer,centroid_relative_margin,99,1.0,0.9797979797979798,
full,product,Printer,centroid_negative_candidate_distance,99,1.0,0.9797979797979798,
full,product,Printer,centroid_negative_candidate_rank,99,1.0,0.9797979797979798,
full,product,Printer,centroid_source_class_agreement,99,1.0,0.9797979797979798,
full,product,Printer,source_weight_max_for_candidate,99,1.0,0.9797979797979798,
full,product,Printer,source_weight_negative_entropy_for_candidate,99,1.0,0.9797979797979798,
full,product,Printer,teacher_confidence,99,1.0,0.9797979797979798,
full,product,Printer,teacher_probability_margin,99,1.0,0.9797979797979798,
full,product,Printer,teacher_negative_entropy,99,1.0,0.9797979797979798,
full,product,Push_Pin,centroid_class_margin,43,0.813953488372093,0.5581395348837209,0.7214285714285714
full,product,Push_Pin,centroid_relative_margin,43,0.813953488372093,0.5581395348837209,0.7178571428571429
full,product,Push_Pin,centroid_negative_candidate_distance,43,0.813953488372093,0.5581395348837209,0.5214285714285715
full,product,Push_Pin,centroid_negative_candidate_rank,43,0.813953488372093,0.5581395348837209,0.7303571428571428
full,product,Push_Pin,centroid_source_class_agreement,43,0.813953488372093,0.5581395348837209,0.7446428571428572
full,product,Push_Pin,source_weight_max_for_candidate,43,0.813953488372093,0.5581395348837209,0.42857142857142855
full,product,Push_Pin,source_weight_negative_entropy_for_candidate,43,0.813953488372093,0.5581395348837209,0.475
full,product,Push_Pin,teacher_confidence,43,0.813953488372093,0.5581395348837209,0.7178571428571429
full,product,Push_Pin,teacher_probability_margin,43,0.813953488372093,0.5581395348837209,0.725
full,product,Push_Pin,teacher_negative_entropy,43,0.813953488372093,0.5581395348837209,0.7107142857142857
full,product,Radio,centroid_class_margin,43,0.7441860465116279,0.5116279069767442,0.38920454545454547
full,product,Radio,centroid_relative_margin,43,0.7441860465116279,0.5116279069767442,0.36363636363636365
full,product,Radio,centroid_negative_candidate_distance,43,0.7441860465116279,0.5116279069767442,0.39204545454545453
full,product,Radio,centroid_negative_candidate_rank,43,0.7441860465116279,0.5116279069767442,0.5142045454545454
full,product,Radio,centroid_source_class_agreement,43,0.7441860465116279,0.5116279069767442,0.4147727272727273
full,product,Radio,source_weight_max_for_candidate,43,0.7441860465116279,0.5116279069767442,0.4318181818181818
full,product,Radio,source_weight_negative_entropy_for_candidate,43,0.7441860465116279,0.5116279069767442,0.4375
full,product,Radio,teacher_confidence,43,0.7441860465116279,0.5116279069767442,0.7642045454545454
full,product,Radio,teacher_probability_margin,43,0.7441860465116279,0.5116279069767442,0.7642045454545454
full,product,Radio,teacher_negative_entropy,43,0.7441860465116279,0.5116279069767442,0.7670454545454546
full,product,Refrigerator,centroid_class_margin,59,0.8983050847457628,0.7966101694915254,0.8553459119496856
full,product,Refrigerator,centroid_relative_margin,59,0.8983050847457628,0.7966101694915254,0.8836477987421384
full,product,Refrigerator,centroid_negative_candidate_distance,59,0.8983050847457628,0.7966101694915254,0.660377358490566
full,product,Refrigerator,centroid_negative_candidate_rank,59,0.8983050847457628,0.7966101694915254,0.7075471698113207
full,product,Refrigerator,centroid_source_class_agreement,59,0.8983050847457628,0.7966101694915254,0.7672955974842768
full,product,Refrigerator,source_weight_max_for_candidate,59,0.8983050847457628,0.7966101694915254,0.839622641509434
full,product,Refrigerator,source_weight_negative_entropy_for_candidate,59,0.8983050847457628,0.7966101694915254,0.8333333333333334
full,product,Refrigerator,teacher_confidence,59,0.8983050847457628,0.7966101694915254,0.9685534591194969
full,product,Refrigerator,teacher_probability_margin,59,0.8983050847457628,0.7966101694915254,0.9654088050314465
full,product,Refrigerator,teacher_negative_entropy,59,0.8983050847457628,0.7966101694915254,0.9654088050314465
full,product,Ruler,centroid_class_margin,58,0.896551724137931,0.8103448275862069,0.7660256410256411
full,product,Ruler,centroid_relative_margin,58,0.896551724137931,0.8103448275862069,0.7980769230769231
full,product,Ruler,centroid_negative_candidate_distance,58,0.896551724137931,0.8103448275862069,0.7115384615384616
full,product,Ruler,centroid_negative_candidate_rank,58,0.896551724137931,0.8103448275862069,0.6185897435897436
full,product,Ruler,centroid_source_class_agreement,58,0.896551724137931,0.8103448275862069,0.8621794871794872
full,product,Ruler,source_weight_max_for_candidate,58,0.896551724137931,0.8103448275862069,0.41025641025641024
full,product,Ruler,source_weight_negative_entropy_for_candidate,58,0.896551724137931,0.8103448275862069,0.41346153846153844
full,product,Ruler,teacher_confidence,58,0.896551724137931,0.8103448275862069,0.9711538461538461
full,product,Ruler,teacher_probability_margin,58,0.896551724137931,0.8103448275862069,0.9615384615384616
full,product,Ruler,teacher_negative_entropy,58,0.896551724137931,0.8103448275862069,0.9583333333333334
full,product,Scissors,centroid_class_margin,99,0.8787878787878788,0.7878787878787878,0.9348659003831418
full,product,Scissors,centroid_relative_margin,99,0.8787878787878788,0.7878787878787878,0.9310344827586207
full,product,Scissors,centroid_negative_candidate_distance,99,0.8787878787878788,0.7878787878787878,0.9042145593869731
full,product,Scissors,centroid_negative_candidate_rank,99,0.8787878787878788,0.7878787878787878,0.8955938697318008
full,product,Scissors,centroid_source_class_agreement,99,0.8787878787878788,0.7878787878787878,0.8103448275862069
full,product,Scissors,source_weight_max_for_candidate,99,0.8787878787878788,0.7878787878787878,0.7480842911877394
full,product,Scissors,source_weight_negative_entropy_for_candidate,99,0.8787878787878788,0.7878787878787878,0.7423371647509579
full,product,Scissors,teacher_confidence,99,0.8787878787878788,0.7878787878787878,0.9875478927203065
full,product,Scissors,teacher_probability_margin,99,0.8787878787878788,0.7878787878787878,0.9827586206896551
full,product,Scissors,teacher_negative_entropy,99,0.8787878787878788,0.7878787878787878,0.9913793103448276
full,product,Screwdriver,centroid_class_margin,40,0.925,0.525,0.6306306306306306
full,product,Screwdriver,centroid_relative_margin,40,0.925,0.525,0.6396396396396397
full,product,Screwdriver,centroid_negative_candidate_distance,40,0.925,0.525,0.5495495495495496
full,product,Screwdriver,centroid_negative_candidate_rank,40,0.925,0.525,0.5135135135135135
full,product,Screwdriver,centroid_source_class_agreement,40,0.925,0.525,0.8513513513513513
full,product,Screwdriver,source_weight_max_for_candidate,40,0.925,0.525,0.5225225225225225
full,product,Screwdriver,source_weight_negative_entropy_for_candidate,40,0.925,0.525,0.5135135135135135
full,product,Screwdriver,teacher_confidence,40,0.925,0.525,0.954954954954955
full,product,Screwdriver,teacher_probability_margin,40,0.925,0.525,0.954954954954955
full,product,Screwdriver,teacher_negative_entropy,40,0.925,0.525,0.9369369369369369
full,product,Shelf,centroid_class_margin,49,0.6326530612244898,0.20408163265306123,0.489247311827957
full,product,Shelf,centroid_relative_margin,49,0.6326530612244898,0.20408163265306123,0.5268817204301075
full,product,Shelf,centroid_negative_candidate_distance,49,0.6326530612244898,0.20408163265306123,0.4265232974910394
full,product,Shelf,centroid_negative_candidate_rank,49,0.6326530612244898,0.20408163265306123,0.46415770609318996
full,product,Shelf,centroid_source_class_agreement,49,0.6326530612244898,0.20408163265306123,0.3602150537634409
full,product,Shelf,source_weight_max_for_candidate,49,0.6326530612244898,0.20408163265306123,0.7455197132616488
full,product,Shelf,source_weight_negative_entropy_for_candidate,49,0.6326530612244898,0.20408163265306123,0.7491039426523297
full,product,Shelf,teacher_confidence,49,0.6326530612244898,0.20408163265306123,0.7616487455197133
full,product,Shelf,teacher_probability_margin,49,0.6326530612244898,0.20408163265306123,0.7634408602150538
full,product,Shelf,teacher_negative_entropy,49,0.6326530612244898,0.20408163265306123,0.7544802867383512
full,product,Sink,centroid_class_margin,46,0.9782608695652174,0.8260869565217391,0.8444444444444444
full,product,Sink,centroid_relative_margin,46,0.9782608695652174,0.8260869565217391,0.8444444444444444
full,product,Sink,centroid_negative_candidate_distance,46,0.9782608695652174,0.8260869565217391,0.8888888888888888
full,product,Sink,centroid_negative_candidate_rank,46,0.9782608695652174,0.8260869565217391,0.8555555555555555
full,product,Sink,centroid_source_class_agreement,46,0.9782608695652174,0.8260869565217391,0.5666666666666667
full,product,Sink,source_weight_max_for_candidate,46,0.9782608695652174,0.8260869565217391,0.8666666666666667
full,product,Sink,source_weight_negative_entropy_for_candidate,46,0.9782608695652174,0.8260869565217391,0.8666666666666667
full,product,Sink,teacher_confidence,46,0.9782608695652174,0.8260869565217391,0.9777777777777777
full,product,Sink,teacher_probability_margin,46,0.9782608695652174,0.8260869565217391,0.9777777777777777
full,product,Sink,teacher_negative_entropy,46,0.9782608695652174,0.8260869565217391,0.9333333333333333
full,product,Sneakers,centroid_class_margin,99,0.8383838383838383,0.8383838383838383,0.9804216867469879
full,product,Sneakers,centroid_relative_margin,99,0.8383838383838383,0.8383838383838383,0.9653614457831325
full,product,Sneakers,centroid_negative_candidate_distance,99,0.8383838383838383,0.8383838383838383,0.6061746987951807
full,product,Sneakers,centroid_negative_candidate_rank,99,0.8383838383838383,0.8383838383838383,0.8362198795180723
full,product,Sneakers,centroid_source_class_agreement,99,0.8383838383838383,0.8383838383838383,0.9988704819277109
full,product,Sneakers,source_weight_max_for_candidate,99,0.8383838383838383,0.8383838383838383,0.7176204819277109
full,product,Sneakers,source_weight_negative_entropy_for_candidate,99,0.8383838383838383,0.8383838383838383,0.7191265060240963
full,product,Sneakers,teacher_confidence,99,0.8383838383838383,0.8383838383838383,0.9721385542168675
full,product,Sneakers,teacher_probability_margin,99,0.8383838383838383,0.8383838383838383,0.9653614457831325
full,product,Sneakers,teacher_negative_entropy,99,0.8383838383838383,0.8383838383838383,0.9759036144578314
full,product,Soda,centroid_class_margin,43,0.8604651162790697,0.9069767441860465,1.0
full,product,Soda,centroid_relative_margin,43,0.8604651162790697,0.9069767441860465,0.972972972972973
full,product,Soda,centroid_negative_candidate_distance,43,0.8604651162790697,0.9069767441860465,0.5315315315315315
full,product,Soda,centroid_negative_candidate_rank,43,0.8604651162790697,0.9069767441860465,0.6666666666666666
full,product,Soda,centroid_source_class_agreement,43,0.8604651162790697,0.9069767441860465,0.9864864864864865
full,product,Soda,source_weight_max_for_candidate,43,0.8604651162790697,0.9069767441860465,0.18018018018018017
full,product,Soda,source_weight_negative_entropy_for_candidate,43,0.8604651162790697,0.9069767441860465,0.17567567567567569
full,product,Soda,teacher_confidence,43,0.8604651162790697,0.9069767441860465,0.8918918918918919
full,product,Soda,teacher_probability_margin,43,0.8604651162790697,0.9069767441860465,0.8963963963963963
full,product,Soda,teacher_negative_entropy,43,0.8604651162790697,0.9069767441860465,0.8603603603603603
full,product,Speaker,centroid_class_margin,99,0.898989898989899,0.9797979797979798,0.998876404494382
full,product,Speaker,centroid_relative_margin,99,0.898989898989899,0.9797979797979798,0.998876404494382
full,product,Speaker,centroid_negative_candidate_distance,99,0.898989898989899,0.9797979797979798,0.7887640449438202
full,product,Speaker,centroid_negative_candidate_rank,99,0.898989898989899,0.9797979797979798,0.9977528089887641
full,product,Speaker,centroid_source_class_agreement,99,0.898989898989899,0.9797979797979798,0.9421348314606741
full,product,Speaker,source_weight_max_for_candidate,99,0.898989898989899,0.9797979797979798,0.8696629213483146
full,product,Speaker,source_weight_negative_entropy_for_candidate,99,0.898989898989899,0.9797979797979798,0.8820224719101124
full,product,Speaker,teacher_confidence,99,0.898989898989899,0.9797979797979798,0.8662921348314607
full,product,Speaker,teacher_probability_margin,99,0.898989898989899,0.9797979797979798,0.8595505617977528
full,product,Speaker,teacher_negative_entropy,99,0.898989898989899,0.9797979797979798,0.8449438202247191
full,product,Spoon,centroid_class_margin,47,0.8297872340425532,0.0851063829787234,0.18269230769230768
full,product,Spoon,centroid_relative_margin,47,0.8297872340425532,0.0851063829787234,0.19230769230769232
full,product,Spoon,centroid_negative_candidate_distance,47,0.8297872340425532,0.0851063829787234,0.4391025641025641
full,product,Spoon,centroid_negative_candidate_rank,47,0.8297872340425532,0.0851063829787234,0.266025641025641
full,product,Spoon,centroid_source_class_agreement,47,0.8297872340425532,0.0851063829787234,0.5833333333333334
full,product,Spoon,source_weight_max_for_candidate,47,0.8297872340425532,0.0851063829787234,0.15064102564102563
full,product,Spoon,source_weight_negative_entropy_for_candidate,47,0.8297872340425532,0.0851063829787234,0.14743589743589744
full,product,Spoon,teacher_confidence,47,0.8297872340425532,0.0851063829787234,0.8269230769230769
full,product,Spoon,teacher_probability_margin,47,0.8297872340425532,0.0851063829787234,0.8301282051282052
full,product,Spoon,teacher_negative_entropy,47,0.8297872340425532,0.0851063829787234,0.7948717948717948
full,product,TV,centroid_class_margin,76,0.8289473684210527,0.6842105263157895,0.7362637362637363
full,product,TV,centroid_relative_margin,76,0.8289473684210527,0.6842105263157895,0.4981684981684982
full,product,TV,centroid_negative_candidate_distance,76,0.8289473684210527,0.6842105263157895,0.1111111111111111
full,product,TV,centroid_negative_candidate_rank,76,0.8289473684210527,0.6842105263157895,0.5781440781440782
full,product,TV,centroid_source_class_agreement,76,0.8289473684210527,0.6842105263157895,0.47924297924297926
full,product,TV,source_weight_max_for_candidate,76,0.8289473684210527,0.6842105263157895,0.884004884004884
full,product,TV,source_weight_negative_entropy_for_candidate,76,0.8289473684210527,0.6842105263157895,0.884004884004884
full,product,TV,teacher_confidence,76,0.8289473684210527,0.6842105263157895,0.9523809523809523
full,product,TV,teacher_probability_margin,76,0.8289473684210527,0.6842105263157895,0.938949938949939
full,product,TV,teacher_negative_entropy,76,0.8289473684210527,0.6842105263157895,0.9523809523809523
full,product,Table,centroid_class_margin,60,0.8166666666666667,0.7333333333333333,0.961038961038961
full,product,Table,centroid_relative_margin,60,0.8166666666666667,0.7333333333333333,0.9517625231910947
full,product,Table,centroid_negative_candidate_distance,60,0.8166666666666667,0.7333333333333333,0.6883116883116883
full,product,Table,centroid_negative_candidate_rank,60,0.8166666666666667,0.7333333333333333,0.935064935064935
full,product,Table,centroid_source_class_agreement,60,0.8166666666666667,0.7333333333333333,1.0
full,product,Table,source_weight_max_for_candidate,60,0.8166666666666667,0.7333333333333333,0.5936920222634509
full,product,Table,source_weight_negative_entropy_for_candidate,60,0.8166666666666667,0.7333333333333333,0.5974025974025974
full,product,Table,teacher_confidence,60,0.8166666666666667,0.7333333333333333,0.9628942486085343
full,product,Table,teacher_probability_margin,60,0.8166666666666667,0.7333333333333333,0.9851576994434137
full,product,Table,teacher_negative_entropy,60,0.8166666666666667,0.7333333333333333,0.9239332096474954
full,product,Telephone,centroid_class_margin,58,0.8448275862068966,0.3793103448275862,0.43537414965986393
full,product,Telephone,centroid_relative_margin,58,0.8448275862068966,0.3793103448275862,0.4217687074829932
full,product,Telephone,centroid_negative_candidate_distance,58,0.8448275862068966,0.3793103448275862,0.18594104308390022
full,product,Telephone,centroid_negative_candidate_rank,58,0.8448275862068966,0.3793103448275862,0.445578231292517
full,product,Telephone,centroid_source_class_agreement,58,0.8448275862068966,0.3793103448275862,0.29705215419501135
full,product,Telephone,source_weight_max_for_candidate,58,0.8448275862068966,0.3793103448275862,0.8662131519274376
full,product,Telephone,source_weight_negative_entropy_for_candidate,58,0.8448275862068966,0.3793103448275862,0.873015873015873
full,product,Telephone,teacher_confidence,58,0.8448275862068966,0.3793103448275862,0.7596371882086168
full,product,Telephone,teacher_probability_margin,58,0.8448275862068966,0.3793103448275862,0.7210884353741497
full,product,Telephone,teacher_negative_entropy,58,0.8448275862068966,0.3793103448275862,0.7732426303854876
full,product,ToothBrush,centroid_class_margin,42,0.9285714285714286,0.7857142857142857,0.7777777777777778
full,product,ToothBrush,centroid_relative_margin,42,0.9285714285714286,0.7857142857142857,0.7692307692307693
full,product,ToothBrush,centroid_negative_candidate_distance,42,0.9285714285714286,0.7857142857142857,0.5982905982905983
full,product,ToothBrush,centroid_negative_candidate_rank,42,0.9285714285714286,0.7857142857142857,0.5683760683760684
full,product,ToothBrush,centroid_source_class_agreement,42,0.9285714285714286,0.7857142857142857,0.5811965811965812
full,product,ToothBrush,source_weight_max_for_candidate,42,0.9285714285714286,0.7857142857142857,0.49572649572649574
full,product,ToothBrush,source_weight_negative_entropy_for_candidate,42,0.9285714285714286,0.7857142857142857,0.5128205128205128
full,product,ToothBrush,teacher_confidence,42,0.9285714285714286,0.7857142857142857,0.8632478632478633
full,product,ToothBrush,teacher_probability_margin,42,0.9285714285714286,0.7857142857142857,0.8974358974358975
full,product,ToothBrush,teacher_negative_entropy,42,0.9285714285714286,0.7857142857142857,0.811965811965812
full,product,Toys,centroid_class_margin,45,0.7777777777777778,0.7111111111111111,0.8257142857142857
full,product,Toys,centroid_relative_margin,45,0.7777777777777778,0.7111111111111111,0.8142857142857143
full,product,Toys,centroid_negative_candidate_distance,45,0.7777777777777778,0.7111111111111111,0.64
full,product,Toys,centroid_negative_candidate_rank,45,0.7777777777777778,0.7111111111111111,0.7985714285714286
full,product,Toys,centroid_source_class_agreement,45,0.7777777777777778,0.7111111111111111,0.7014285714285714
full,product,Toys,source_weight_max_for_candidate,45,0.7777777777777778,0.7111111111111111,0.7114285714285714
full,product,Toys,source_weight_negative_entropy_for_candidate,45,0.7777777777777778,0.7111111111111111,0.72
full,product,Toys,teacher_confidence,45,0.7777777777777778,0.7111111111111111,0.8514285714285714
full,product,Toys,teacher_probability_margin,45,0.7777777777777778,0.7111111111111111,0.8428571428571429
full,product,Toys,teacher_negative_entropy,45,0.7777777777777778,0.7111111111111111,0.7457142857142857
full,product,Trash_Can,centroid_class_margin,93,0.8709677419354839,0.3010752688172043,0.24279835390946503
full,product,Trash_Can,centroid_relative_margin,93,0.8709677419354839,0.3010752688172043,0.24897119341563786
full,product,Trash_Can,centroid_negative_candidate_distance,93,0.8709677419354839,0.3010752688172043,0.29835390946502055
full,product,Trash_Can,centroid_negative_candidate_rank,93,0.8709677419354839,0.3010752688172043,0.3271604938271605
full,product,Trash_Can,centroid_source_class_agreement,93,0.8709677419354839,0.3010752688172043,0.6934156378600823
full,product,Trash_Can,source_weight_max_for_candidate,93,0.8709677419354839,0.3010752688172043,0.15637860082304528
full,product,Trash_Can,source_weight_negative_entropy_for_candidate,93,0.8709677419354839,0.3010752688172043,0.16769547325102882
full,product,Trash_Can,teacher_confidence,93,0.8709677419354839,0.3010752688172043,0.8076131687242798
full,product,Trash_Can,teacher_probability_margin,93,0.8709677419354839,0.3010752688172043,0.8323045267489712
full,product,Trash_Can,teacher_negative_entropy,93,0.8709677419354839,0.3010752688172043,0.742798353909465
full,product,Webcam,centroid_class_margin,98,0.9387755102040817,0.9285714285714286,0.9365942028985508
full,product,Webcam,centroid_relative_margin,98,0.9387755102040817,0.9285714285714286,0.9293478260869565
full,product,Webcam,centroid_negative_candidate_distance,98,0.9387755102040817,0.9285714285714286,0.6413043478260869
full,product,Webcam,centroid_negative_candidate_rank,98,0.9387755102040817,0.9285714285714286,0.7463768115942029
full,product,Webcam,centroid_source_class_agreement,98,0.9387755102040817,0.9285714285714286,0.9827898550724637
full,product,Webcam,source_weight_max_for_candidate,98,0.9387755102040817,0.9285714285714286,0.9221014492753623
full,product,Webcam,source_weight_negative_entropy_for_candidate,98,0.9387755102040817,0.9285714285714286,0.9239130434782609
full,product,Webcam,teacher_confidence,98,0.9387755102040817,0.9285714285714286,0.9293478260869565
full,product,Webcam,teacher_probability_margin,98,0.9387755102040817,0.9285714285714286,0.9329710144927537
full,product,Webcam,teacher_negative_entropy,98,0.9387755102040817,0.9285714285714286,0.907608695652174
replay,real_world,Alarm_Clock,centroid_class_margin,86,0.9418604651162791,0.9302325581395349,0.9382716049382716
replay,real_world,Alarm_Clock,centroid_relative_margin,86,0.9418604651162791,0.9302325581395349,0.9308641975308642
replay,real_world,Alarm_Clock,centroid_negative_candidate_distance,86,0.9418604651162791,0.9302325581395349,0.7382716049382716
replay,real_world,Alarm_Clock,centroid_negative_candidate_rank,86,0.9418604651162791,0.9302325581395349,0.8802469135802469
replay,real_world,Alarm_Clock,centroid_source_class_agreement,86,0.9418604651162791,0.9302325581395349,0.945679012345679
replay,real_world,Alarm_Clock,source_weight_max_for_candidate,86,0.9418604651162791,0.9302325581395349,0.6444444444444445
replay,real_world,Alarm_Clock,source_weight_negative_entropy_for_candidate,86,0.9418604651162791,0.9302325581395349,0.6419753086419753
replay,real_world,Alarm_Clock,teacher_confidence,86,0.9418604651162791,0.9302325581395349,0.9629629629629629
replay,real_world,Alarm_Clock,teacher_probability_margin,86,0.9418604651162791,0.9302325581395349,0.9728395061728395
replay,real_world,Alarm_Clock,teacher_negative_entropy,86,0.9418604651162791,0.9302325581395349,0.9580246913580247
replay,real_world,Backpack,centroid_class_margin,99,1.0,0.9595959595959596,
replay,real_world,Backpack,centroid_relative_margin,99,1.0,0.9595959595959596,
replay,real_world,Backpack,centroid_negative_candidate_distance,99,1.0,0.9595959595959596,
replay,real_world,Backpack,centroid_negative_candidate_rank,99,1.0,0.9595959595959596,
replay,real_world,Backpack,centroid_source_class_agreement,99,1.0,0.9595959595959596,
replay,real_world,Backpack,source_weight_max_for_candidate,99,1.0,0.9595959595959596,
replay,real_world,Backpack,source_weight_negative_entropy_for_candidate,99,1.0,0.9595959595959596,
replay,real_world,Backpack,teacher_confidence,99,1.0,0.9595959595959596,
replay,real_world,Backpack,teacher_probability_margin,99,1.0,0.9595959595959596,
replay,real_world,Backpack,teacher_negative_entropy,99,1.0,0.9595959595959596,
replay,real_world,Batteries,centroid_class_margin,64,1.0,0.875,
replay,real_world,Batteries,centroid_relative_margin,64,1.0,0.875,
replay,real_world,Batteries,centroid_negative_candidate_distance,64,1.0,0.875,
replay,real_world,Batteries,centroid_negative_candidate_rank,64,1.0,0.875,
replay,real_world,Batteries,centroid_source_class_agreement,64,1.0,0.875,
replay,real_world,Batteries,source_weight_max_for_candidate,64,1.0,0.875,
replay,real_world,Batteries,source_weight_negative_entropy_for_candidate,64,1.0,0.875,
replay,real_world,Batteries,teacher_confidence,64,1.0,0.875,
replay,real_world,Batteries,teacher_probability_margin,64,1.0,0.875,
replay,real_world,Batteries,teacher_negative_entropy,64,1.0,0.875,
replay,real_world,Bed,centroid_class_margin,83,0.927710843373494,0.7951807228915663,0.7467532467532467
replay,real_world,Bed,centroid_relative_margin,83,0.927710843373494,0.7951807228915663,0.7445887445887446
replay,real_world,Bed,centroid_negative_candidate_distance,83,0.927710843373494,0.7951807228915663,0.5844155844155844
replay,real_world,Bed,centroid_negative_candidate_rank,83,0.927710843373494,0.7951807228915663,0.5238095238095238
replay,real_world,Bed,centroid_source_class_agreement,83,0.927710843373494,0.7951807228915663,0.5367965367965368
replay,real_world,Bed,source_weight_max_for_candidate,83,0.927710843373494,0.7951807228915663,0.6753246753246753
replay,real_world,Bed,source_weight_negative_entropy_for_candidate,83,0.927710843373494,0.7951807228915663,0.6774891774891775
replay,real_world,Bed,teacher_confidence,83,0.927710843373494,0.7951807228915663,0.9199134199134199
replay,real_world,Bed,teacher_probability_margin,83,0.927710843373494,0.7951807228915663,0.9134199134199135
replay,real_world,Bed,teacher_negative_entropy,83,0.927710843373494,0.7951807228915663,0.9004329004329005
replay,real_world,Bike,centroid_class_margin,99,1.0,0.98989898989899,
replay,real_world,Bike,centroid_relative_margin,99,1.0,0.98989898989899,
replay,real_world,Bike,centroid_negative_candidate_distance,99,1.0,0.98989898989899,
replay,real_world,Bike,centroid_negative_candidate_rank,99,1.0,0.98989898989899,
replay,real_world,Bike,centroid_source_class_agreement,99,1.0,0.98989898989899,
replay,real_world,Bike,source_weight_max_for_candidate,99,1.0,0.98989898989899,
replay,real_world,Bike,source_weight_negative_entropy_for_candidate,99,1.0,0.98989898989899,
replay,real_world,Bike,teacher_confidence,99,1.0,0.98989898989899,
replay,real_world,Bike,teacher_probability_margin,99,1.0,0.98989898989899,
replay,real_world,Bike,teacher_negative_entropy,99,1.0,0.98989898989899,
replay,real_world,Bottle,centroid_class_margin,78,0.717948717948718,0.41025641025641024,0.15422077922077923
replay,real_world,Bottle,centroid_relative_margin,78,0.717948717948718,0.41025641025641024,0.17857142857142858
replay,real_world,Bottle,centroid_negative_candidate_distance,78,0.717948717948718,0.41025641025641024,0.4099025974025974
replay,real_world,Bottle,centroid_negative_candidate_rank,78,0.717948717948718,0.41025641025641024,0.3425324675324675
replay,real_world,Bottle,centroid_source_class_agreement,78,0.717948717948718,0.41025641025641024,0.35267857142857145
replay,real_world,Bottle,source_weight_max_for_candidate,78,0.717948717948718,0.41025641025641024,0.3871753246753247
replay,real_world,Bottle,source_weight_negative_entropy_for_candidate,78,0.717948717948718,0.41025641025641024,0.32954545454545453
replay,real_world,Bottle,teacher_confidence,78,0.717948717948718,0.41025641025641024,0.8068181818181818
replay,real_world,Bottle,teacher_probability_margin,78,0.717948717948718,0.41025641025641024,0.8222402597402597
replay,real_world,Bottle,teacher_negative_entropy,78,0.717948717948718,0.41025641025641024,0.7816558441558441
replay,real_world,Bucket,centroid_class_margin,80,0.875,0.6125,0.5814285714285714
replay,real_world,Bucket,centroid_relative_margin,80,0.875,0.6125,0.6128571428571429
replay,real_world,Bucket,centroid_negative_candidate_distance,80,0.875,0.6125,0.5457142857142857
replay,real_world,Bucket,centroid_negative_candidate_rank,80,0.875,0.6125,0.595
replay,real_world,Bucket,centroid_source_class_agreement,80,0.875,0.6125,0.5828571428571429
replay,real_world,Bucket,source_weight_max_for_candidate,80,0.875,0.6125,0.5242857142857142
replay,real_world,Bucket,source_weight_negative_entropy_for_candidate,80,0.875,0.6125,0.5171428571428571
replay,real_world,Bucket,teacher_confidence,80,0.875,0.6125,0.9157142857142857
replay,real_world,Bucket,teacher_probability_margin,80,0.875,0.6125,0.93
replay,real_world,Bucket,teacher_negative_entropy,80,0.875,0.6125,0.8628571428571429
replay,real_world,Calculator,centroid_class_margin,73,1.0,0.958904109589041,
replay,real_world,Calculator,centroid_relative_margin,73,1.0,0.958904109589041,
replay,real_world,Calculator,centroid_negative_candidate_distance,73,1.0,0.958904109589041,
replay,real_world,Calculator,centroid_negative_candidate_rank,73,1.0,0.958904109589041,
replay,real_world,Calculator,centroid_source_class_agreement,73,1.0,0.958904109589041,
replay,real_world,Calculator,source_weight_max_for_candidate,73,1.0,0.958904109589041,
replay,real_world,Calculator,source_weight_negative_entropy_for_candidate,73,1.0,0.958904109589041,
replay,real_world,Calculator,teacher_confidence,73,1.0,0.958904109589041,
replay,real_world,Calculator,teacher_probability_margin,73,1.0,0.958904109589041,
replay,real_world,Calculator,teacher_negative_entropy,73,1.0,0.958904109589041,
replay,real_world,Calendar,centroid_class_margin,68,1.0,1.0,
replay,real_world,Calendar,centroid_relative_margin,68,1.0,1.0,
replay,real_world,Calendar,centroid_negative_candidate_distance,68,1.0,1.0,
replay,real_world,Calendar,centroid_negative_candidate_rank,68,1.0,1.0,
replay,real_world,Calendar,centroid_source_class_agreement,68,1.0,1.0,
replay,real_world,Calendar,source_weight_max_for_candidate,68,1.0,1.0,
replay,real_world,Calendar,source_weight_negative_entropy_for_candidate,68,1.0,1.0,
replay,real_world,Calendar,teacher_confidence,68,1.0,1.0,
replay,real_world,Calendar,teacher_probability_margin,68,1.0,1.0,
replay,real_world,Calendar,teacher_negative_entropy,68,1.0,1.0,
replay,real_world,Candles,centroid_class_margin,99,0.9797979797979798,0.9090909090909091,0.9175257731958762
replay,real_world,Candles,centroid_relative_margin,99,0.9797979797979798,0.9090909090909091,0.9072164948453608
replay,real_world,Candles,centroid_negative_candidate_distance,99,0.9797979797979798,0.9090909090909091,0.7010309278350515
replay,real_world,Candles,centroid_negative_candidate_rank,99,0.9797979797979798,0.9090909090909091,0.4639175257731959
replay,real_world,Candles,centroid_source_class_agreement,99,0.9797979797979798,0.9090909090909091,0.9097938144329897
replay,real_world,Candles,source_weight_max_for_candidate,99,0.9797979797979798,0.9090909090909091,0.6134020618556701
replay,real_world,Candles,source_weight_negative_entropy_for_candidate,99,0.9797979797979798,0.9090909090909091,0.6134020618556701
replay,real_world,Candles,teacher_confidence,99,0.9797979797979798,0.9090909090909091,1.0
replay,real_world,Candles,teacher_probability_margin,99,0.9797979797979798,0.9090909090909091,1.0
replay,real_world,Candles,teacher_negative_entropy,99,0.9797979797979798,0.9090909090909091,1.0
replay,real_world,Chair,centroid_class_margin,96,0.8958333333333334,0.5,0.3174418604651163
replay,real_world,Chair,centroid_relative_margin,96,0.8958333333333334,0.5,0.32906976744186045
replay,real_world,Chair,centroid_negative_candidate_distance,96,0.8958333333333334,0.5,0.413953488372093
replay,real_world,Chair,centroid_negative_candidate_rank,96,0.8958333333333334,0.5,0.33895348837209305
replay,real_world,Chair,centroid_source_class_agreement,96,0.8958333333333334,0.5,0.35930232558139535
replay,real_world,Chair,source_weight_max_for_candidate,96,0.8958333333333334,0.5,0.44476744186046513
replay,real_world,Chair,source_weight_negative_entropy_for_candidate,96,0.8958333333333334,0.5,0.45465116279069767
replay,real_world,Chair,teacher_confidence,96,0.8958333333333334,0.5,0.8569767441860465
replay,real_world,Chair,teacher_probability_margin,96,0.8958333333333334,0.5,0.8430232558139535
replay,real_world,Chair,teacher_negative_entropy,96,0.8958333333333334,0.5,0.8825581395348837
replay,real_world,Clipboards,centroid_class_margin,65,0.5384615384615384,0.3076923076923077,0.6390476190476191
replay,real_world,Clipboards,centroid_relative_margin,65,0.5384615384615384,0.3076923076923077,0.6209523809523809
replay,real_world,Clipboards,centroid_negative_candidate_distance,65,0.5384615384615384,0.3076923076923077,0.7266666666666667
replay,real_world,Clipboards,centroid_negative_candidate_rank,65,0.5384615384615384,0.3076923076923077,0.6523809523809524
replay,real_world,Clipboards,centroid_source_class_agreement,65,0.5384615384615384,0.3076923076923077,0.599047619047619
replay,real_world,Clipboards,source_weight_max_for_candidate,65,0.5384615384615384,0.3076923076923077,0.5123809523809524
replay,real_world,Clipboards,source_weight_negative_entropy_for_candidate,65,0.5384615384615384,0.3076923076923077,0.5171428571428571
replay,real_world,Clipboards,teacher_confidence,65,0.5384615384615384,0.3076923076923077,0.7390476190476191
replay,real_world,Clipboards,teacher_probability_margin,65,0.5384615384615384,0.3076923076923077,0.741904761904762
replay,real_world,Clipboards,teacher_negative_entropy,65,0.5384615384615384,0.3076923076923077,0.7523809523809524
replay,real_world,Computer,centroid_class_margin,64,0.5,0.390625,0.5263671875
replay,real_world,Computer,centroid_relative_margin,64,0.5,0.390625,0.4560546875
replay,real_world,Computer,centroid_negative_candidate_distance,64,0.5,0.390625,0.3251953125
replay,real_world,Computer,centroid_negative_candidate_rank,64,0.5,0.390625,0.5751953125
replay,real_world,Computer,centroid_source_class_agreement,64,0.5,0.390625,0.5849609375
replay,real_world,Computer,source_weight_max_for_candidate,64,0.5,0.390625,0.4345703125
replay,real_world,Computer,source_weight_negative_entropy_for_candidate,64,0.5,0.390625,0.4453125
replay,real_world,Computer,teacher_confidence,64,0.5,0.390625,0.5322265625
replay,real_world,Computer,teacher_probability_margin,64,0.5,0.390625,0.5341796875
replay,real_world,Computer,teacher_negative_entropy,64,0.5,0.390625,0.5458984375
replay,real_world,Couch,centroid_class_margin,76,0.8289473684210527,0.6578947368421053,0.6568986568986569
replay,real_world,Couch,centroid_relative_margin,76,0.8289473684210527,0.6578947368421053,0.6764346764346765
replay,real_world,Couch,centroid_negative_candidate_distance,76,0.8289473684210527,0.6578947368421053,0.6007326007326007
replay,real_world,Couch,centroid_negative_candidate_rank,76,0.8289473684210527,0.6578947368421053,0.684981684981685
replay,real_world,Couch,centroid_source_class_agreement,76,0.8289473684210527,0.6578947368421053,0.7246642246642246
replay,real_world,Couch,source_weight_max_for_candidate,76,0.8289473684210527,0.6578947368421053,0.5164835164835165
replay,real_world,Couch,source_weight_negative_entropy_for_candidate,76,0.8289473684210527,0.6578947368421053,0.5177045177045178
replay,real_world,Couch,teacher_confidence,76,0.8289473684210527,0.6578947368421053,0.7851037851037851
replay,real_world,Couch,teacher_probability_margin,76,0.8289473684210527,0.6578947368421053,0.7741147741147741
replay,real_world,Couch,teacher_negative_entropy,76,0.8289473684210527,0.6578947368421053,0.811965811965812
replay,real_world,Curtains,centroid_class_margin,73,0.9863013698630136,0.7534246575342466,0.375
replay,real_world,Curtains,centroid_relative_margin,73,0.9863013698630136,0.7534246575342466,0.2916666666666667
replay,real_world,Curtains,centroid_negative_candidate_distance,73,0.9863013698630136,0.7534246575342466,0.19444444444444445
replay,real_world,Curtains,centroid_negative_candidate_rank,73,0.9863013698630136,0.7534246575342466,0.3819444444444444
replay,real_world,Curtains,centroid_source_class_agreement,73,0.9863013698630136,0.7534246575342466,0.8541666666666666
replay,real_world,Curtains,source_weight_max_for_candidate,73,0.9863013698630136,0.7534246575342466,0.2777777777777778
replay,real_world,Curtains,source_weight_negative_entropy_for_candidate,73,0.9863013698630136,0.7534246575342466,0.2777777777777778
replay,real_world,Curtains,teacher_confidence,73,0.9863013698630136,0.7534246575342466,0.9444444444444444
replay,real_world,Curtains,teacher_probability_margin,73,0.9863013698630136,0.7534246575342466,0.9583333333333334
replay,real_world,Curtains,teacher_negative_entropy,73,0.9863013698630136,0.7534246575342466,0.8611111111111112
replay,real_world,Desk_Lamp,centroid_class_margin,62,0.7258064516129032,0.5967741935483871,0.7098039215686275
replay,real_world,Desk_Lamp,centroid_relative_margin,62,0.7258064516129032,0.5967741935483871,0.7607843137254902
replay,real_world,Desk_Lamp,centroid_negative_candidate_distance,62,0.7258064516129032,0.5967741935483871,0.722875816993464
replay,real_world,Desk_Lamp,centroid_negative_candidate_rank,62,0.7258064516129032,0.5967741935483871,0.681045751633987
replay,real_world,Desk_Lamp,centroid_source_class_agreement,62,0.7258064516129032,0.5967741935483871,0.5980392156862745
replay,real_world,Desk_Lamp,source_weight_max_for_candidate,62,0.7258064516129032,0.5967741935483871,0.6509803921568628
replay,real_world,Desk_Lamp,source_weight_negative_entropy_for_candidate,62,0.7258064516129032,0.5967741935483871,0.6666666666666666
replay,real_world,Desk_Lamp,teacher_confidence,62,0.7258064516129032,0.5967741935483871,0.665359477124183
replay,real_world,Desk_Lamp,teacher_probability_margin,62,0.7258064516129032,0.5967741935483871,0.6627450980392157
replay,real_world,Desk_Lamp,teacher_negative_entropy,62,0.7258064516129032,0.5967741935483871,0.677124183006536
replay,real_world,Drill,centroid_class_margin,51,0.6666666666666666,0.5294117647058824,0.856401384083045
replay,real_world,Drill,centroid_relative_margin,51,0.6666666666666666,0.5294117647058824,0.8529411764705882
replay,real_world,Drill,centroid_negative_candidate_distance,51,0.6666666666666666,0.5294117647058824,0.6228373702422145
replay,real_world,Drill,centroid_negative_candidate_rank,51,0.6666666666666666,0.5294117647058824,0.7698961937716263
replay,real_world,Drill,centroid_source_class_agreement,51,0.6666666666666666,0.5294117647058824,0.8771626297577855
replay,real_world,Drill,source_weight_max_for_candidate,51,0.6666666666666666,0.5294117647058824,0.7422145328719724
replay,real_world,Drill,source_weight_negative_entropy_for_candidate,51,0.6666666666666666,0.5294117647058824,0.7439446366782007
replay,real_world,Drill,teacher_confidence,51,0.6666666666666666,0.5294117647058824,0.8996539792387543
replay,real_world,Drill,teacher_probability_margin,51,0.6666666666666666,0.5294117647058824,0.8650519031141869
replay,real_world,Drill,teacher_negative_entropy,51,0.6666666666666666,0.5294117647058824,0.8979238754325259
replay,real_world,Eraser,centroid_class_margin,43,0.5813953488372093,0.3953488372093023,0.6822222222222222
replay,real_world,Eraser,centroid_relative_margin,43,0.5813953488372093,0.3953488372093023,0.6755555555555556
replay,real_world,Eraser,centroid_negative_candidate_distance,43,0.5813953488372093,0.3953488372093023,0.3688888888888889
replay,real_world,Eraser,centroid_negative_candidate_rank,43,0.5813953488372093,0.3953488372093023,0.69
replay,real_world,Eraser,centroid_source_class_agreement,43,0.5813953488372093,0.3953488372093023,0.7466666666666667
replay,real_world,Eraser,source_weight_max_for_candidate,43,0.5813953488372093,0.3953488372093023,0.4955555555555556
replay,real_world,Eraser,source_weight_negative_entropy_for_candidate,43,0.5813953488372093,0.3953488372093023,0.5
replay,real_world,Eraser,teacher_confidence,43,0.5813953488372093,0.3953488372093023,0.8866666666666667
replay,real_world,Eraser,teacher_probability_margin,43,0.5813953488372093,0.3953488372093023,0.86
replay,real_world,Eraser,teacher_negative_entropy,43,0.5813953488372093,0.3953488372093023,0.8777777777777778
replay,real_world,Exit_Sign,centroid_class_margin,81,1.0,0.9629629629629629,
replay,real_world,Exit_Sign,centroid_relative_margin,81,1.0,0.9629629629629629,
replay,real_world,Exit_Sign,centroid_negative_candidate_distance,81,1.0,0.9629629629629629,
replay,real_world,Exit_Sign,centroid_negative_candidate_rank,81,1.0,0.9629629629629629,
replay,real_world,Exit_Sign,centroid_source_class_agreement,81,1.0,0.9629629629629629,
replay,real_world,Exit_Sign,source_weight_max_for_candidate,81,1.0,0.9629629629629629,
replay,real_world,Exit_Sign,source_weight_negative_entropy_for_candidate,81,1.0,0.9629629629629629,
replay,real_world,Exit_Sign,teacher_confidence,81,1.0,0.9629629629629629,
replay,real_world,Exit_Sign,teacher_probability_margin,81,1.0,0.9629629629629629,
replay,real_world,Exit_Sign,teacher_negative_entropy,81,1.0,0.9629629629629629,
replay,real_world,Fan,centroid_class_margin,60,0.8833333333333333,0.5166666666666667,0.816711590296496
replay,real_world,Fan,centroid_relative_margin,60,0.8833333333333333,0.5166666666666667,0.816711590296496
replay,real_world,Fan,centroid_negative_candidate_distance,60,0.8833333333333333,0.5166666666666667,0.6442048517520216
replay,real_world,Fan,centroid_negative_candidate_rank,60,0.8833333333333333,0.5166666666666667,0.8032345013477089
replay,real_world,Fan,centroid_source_class_agreement,60,0.8833333333333333,0.5166666666666667,0.6509433962264151
replay,real_world,Fan,source_weight_max_for_candidate,60,0.8833333333333333,0.5166666666666667,0.7142857142857143
replay,real_world,Fan,source_weight_negative_entropy_for_candidate,60,0.8833333333333333,0.5166666666666667,0.706199460916442
replay,real_world,Fan,teacher_confidence,60,0.8833333333333333,0.5166666666666667,0.8975741239892183
replay,real_world,Fan,teacher_probability_margin,60,0.8833333333333333,0.5166666666666667,0.8733153638814016
replay,real_world,Fan,teacher_negative_entropy,60,0.8833333333333333,0.5166666666666667,0.9191374663072777
replay,real_world,File_Cabinet,centroid_class_margin,58,0.8275862068965517,0.8275862068965517,0.9375
replay,real_world,File_Cabinet,centroid_relative_margin,58,0.8275862068965517,0.8275862068965517,0.9520833333333333
replay,real_world,File_Cabinet,centroid_negative_candidate_distance,58,0.8275862068965517,0.8275862068965517,0.7645833333333333
replay,real_world,File_Cabinet,centroid_negative_candidate_rank,58,0.8275862068965517,0.8275862068965517,0.871875
replay,real_world,File_Cabinet,centroid_source_class_agreement,58,0.8275862068965517,0.8275862068965517,0.90625
replay,real_world,File_Cabinet,source_weight_max_for_candidate,58,0.8275862068965517,0.8275862068965517,0.6291666666666667
replay,real_world,File_Cabinet,source_weight_negative_entropy_for_candidate,58,0.8275862068965517,0.8275862068965517,0.6333333333333333
replay,real_world,File_Cabinet,teacher_confidence,58,0.8275862068965517,0.8275862068965517,0.8958333333333334
replay,real_world,File_Cabinet,teacher_probability_margin,58,0.8275862068965517,0.8275862068965517,0.8791666666666667
replay,real_world,File_Cabinet,teacher_negative_entropy,58,0.8275862068965517,0.8275862068965517,0.90625
replay,real_world,Flipflops,centroid_class_margin,85,0.9764705882352941,0.7058823529411765,0.6385542168674698
replay,real_world,Flipflops,centroid_relative_margin,85,0.9764705882352941,0.7058823529411765,0.5963855421686747
replay,real_world,Flipflops,centroid_negative_candidate_distance,85,0.9764705882352941,0.7058823529411765,0.7048192771084337
replay,real_world,Flipflops,centroid_negative_candidate_rank,85,0.9764705882352941,0.7058823529411765,0.6506024096385542
replay,real_world,Flipflops,centroid_source_class_agreement,85,0.9764705882352941,0.7058823529411765,0.4819277108433735
replay,real_world,Flipflops,source_weight_max_for_candidate,85,0.9764705882352941,0.7058823529411765,0.6746987951807228
replay,real_world,Flipflops,source_weight_negative_entropy_for_candidate,85,0.9764705882352941,0.7058823529411765,0.6626506024096386
replay,real_world,Flipflops,teacher_confidence,85,0.9764705882352941,0.7058823529411765,0.9759036144578314
replay,real_world,Flipflops,teacher_probability_margin,85,0.9764705882352941,0.7058823529411765,0.9698795180722891
replay,real_world,Flipflops,teacher_negative_entropy,85,0.9764705882352941,0.7058823529411765,0.9578313253012049
replay,real_world,Flowers,centroid_class_margin,75,1.0,1.0,
replay,real_world,Flowers,centroid_relative_margin,75,1.0,1.0,
replay,real_world,Flowers,centroid_negative_candidate_distance,75,1.0,1.0,
replay,real_world,Flowers,centroid_negative_candidate_rank,75,1.0,1.0,
replay,real_world,Flowers,centroid_source_class_agreement,75,1.0,1.0,
replay,real_world,Flowers,source_weight_max_for_candidate,75,1.0,1.0,
replay,real_world,Flowers,source_weight_negative_entropy_for_candidate,75,1.0,1.0,
replay,real_world,Flowers,teacher_confidence,75,1.0,1.0,
replay,real_world,Flowers,teacher_probability_margin,75,1.0,1.0,
replay,real_world,Flowers,teacher_negative_entropy,75,1.0,1.0,
replay,real_world,Folder,centroid_class_margin,57,0.631578947368421,0.5614035087719298,0.8042328042328042
replay,real_world,Folder,centroid_relative_margin,57,0.631578947368421,0.5614035087719298,0.8042328042328042
replay,real_world,Folder,centroid_negative_candidate_distance,57,0.631578947368421,0.5614035087719298,0.7513227513227513
replay,real_world,Folder,centroid_negative_candidate_rank,57,0.631578947368421,0.5614035087719298,0.8148148148148148
replay,real_world,Folder,centroid_source_class_agreement,57,0.631578947368421,0.5614035087719298,0.8492063492063492
replay,real_world,Folder,source_weight_max_for_candidate,57,0.631578947368421,0.5614035087719298,0.5912698412698413
replay,real_world,Folder,source_weight_negative_entropy_for_candidate,57,0.631578947368421,0.5614035087719298,0.5925925925925926
replay,real_world,Folder,teacher_confidence,57,0.631578947368421,0.5614035087719298,0.8240740740740741
replay,real_world,Folder,teacher_probability_margin,57,0.631578947368421,0.5614035087719298,0.8425925925925926
replay,real_world,Folder,teacher_negative_entropy,57,0.631578947368421,0.5614035087719298,0.7235449735449735
replay,real_world,Fork,centroid_class_margin,36,0.75,0.6666666666666666,0.6707818930041153
replay,real_world,Fork,centroid_relative_margin,36,0.75,0.6666666666666666,0.7283950617283951
replay,real_world,Fork,centroid_negative_candidate_distance,36,0.75,0.6666666666666666,0.5720164609053497
replay,real_world,Fork,centroid_negative_candidate_rank,36,0.75,0.6666666666666666,0.7057613168724279
replay,real_world,Fork,centroid_source_class_agreement,36,0.75,0.6666666666666666,0.6234567901234568
replay,real_world,Fork,source_weight_max_for_candidate,36,0.75,0.6666666666666666,0.6213991769547325
replay,real_world,Fork,source_weight_negative_entropy_for_candidate,36,0.75,0.6666666666666666,0.6255144032921811
replay,real_world,Fork,teacher_confidence,36,0.75,0.6666666666666666,0.8683127572016461
replay,real_world,Fork,teacher_probability_margin,36,0.75,0.6666666666666666,0.8641975308641975
replay,real_world,Fork,teacher_negative_entropy,36,0.75,0.6666666666666666,0.8724279835390947
replay,real_world,Glasses,centroid_class_margin,60,1.0,0.8833333333333333,
replay,real_world,Glasses,centroid_relative_margin,60,1.0,0.8833333333333333,
replay,real_world,Glasses,centroid_negative_candidate_distance,60,1.0,0.8833333333333333,
replay,real_world,Glasses,centroid_negative_candidate_rank,60,1.0,0.8833333333333333,
replay,real_world,Glasses,centroid_source_class_agreement,60,1.0,0.8833333333333333,
replay,real_world,Glasses,source_weight_max_for_candidate,60,1.0,0.8833333333333333,
replay,real_world,Glasses,source_weight_negative_entropy_for_candidate,60,1.0,0.8833333333333333,
replay,real_world,Glasses,teacher_confidence,60,1.0,0.8833333333333333,
replay,real_world,Glasses,teacher_probability_margin,60,1.0,0.8833333333333333,
replay,real_world,Glasses,teacher_negative_entropy,60,1.0,0.8833333333333333,
replay,real_world,Hammer,centroid_class_margin,52,0.7692307692307693,0.40384615384615385,0.5958333333333333
replay,real_world,Hammer,centroid_relative_margin,52,0.7692307692307693,0.40384615384615385,0.5833333333333334
replay,real_world,Hammer,centroid_negative_candidate_distance,52,0.7692307692307693,0.40384615384615385,0.5458333333333333
replay,real_world,Hammer,centroid_negative_candidate_rank,52,0.7692307692307693,0.40384615384615385,0.596875
replay,real_world,Hammer,centroid_source_class_agreement,52,0.7692307692307693,0.40384615384615385,0.7125
replay,real_world,Hammer,source_weight_max_for_candidate,52,0.7692307692307693,0.40384615384615385,0.4
replay,real_world,Hammer,source_weight_negative_entropy_for_candidate,52,0.7692307692307693,0.40384615384615385,0.36666666666666664
replay,real_world,Hammer,teacher_confidence,52,0.7692307692307693,0.40384615384615385,0.9291666666666667
replay,real_world,Hammer,teacher_probability_margin,52,0.7692307692307693,0.40384615384615385,0.91875
replay,real_world,Hammer,teacher_negative_entropy,52,0.7692307692307693,0.40384615384615385,0.90625
replay,real_world,Helmet,centroid_class_margin,60,0.95,0.8166666666666667,0.8538011695906432
replay,real_world,Helmet,centroid_relative_margin,60,0.95,0.8166666666666667,0.8187134502923976
replay,real_world,Helmet,centroid_negative_candidate_distance,60,0.95,0.8166666666666667,0.5789473684210527
replay,real_world,Helmet,centroid_negative_candidate_rank,60,0.95,0.8166666666666667,0.6140350877192983
replay,real_world,Helmet,centroid_source_class_agreement,60,0.95,0.8166666666666667,0.6198830409356725
replay,real_world,Helmet,source_weight_max_for_candidate,60,0.95,0.8166666666666667,0.8538011695906432
replay,real_world,Helmet,source_weight_negative_entropy_for_candidate,60,0.95,0.8166666666666667,0.8362573099415205
replay,real_world,Helmet,teacher_confidence,60,0.95,0.8166666666666667,0.9941520467836257
replay,real_world,Helmet,teacher_probability_margin,60,0.95,0.8166666666666667,1.0
replay,real_world,Helmet,teacher_negative_entropy,60,0.95,0.8166666666666667,0.9883040935672515
replay,real_world,Kettle,centroid_class_margin,72,0.8611111111111112,0.7361111111111112,0.9387096774193548
replay,real_world,Kettle,centroid_relative_margin,72,0.8611111111111112,0.7361111111111112,0.9403225806451613
replay,real_world,Kettle,centroid_negative_candidate_distance,72,0.8611111111111112,0.7361111111111112,0.5741935483870968
replay,real_world,Kettle,centroid_negative_candidate_rank,72,0.8611111111111112,0.7361111111111112,0.8717741935483871
replay,real_world,Kettle,centroid_source_class_agreement,72,0.8611111111111112,0.7361111111111112,0.7419354838709677
replay,real_world,Kettle,source_weight_max_for_candidate,72,0.8611111111111112,0.7361111111111112,0.7435483870967742
replay,real_world,Kettle,source_weight_negative_entropy_for_candidate,72,0.8611111111111112,0.7361111111111112,0.7435483870967742
replay,real_world,Kettle,teacher_confidence,72,0.8611111111111112,0.7361111111111112,0.8790322580645161
replay,real_world,Kettle,teacher_probability_margin,72,0.8611111111111112,0.7361111111111112,0.8774193548387097
replay,real_world,Kettle,teacher_negative_entropy,72,0.8611111111111112,0.7361111111111112,0.8774193548387097
replay,real_world,Keyboard,centroid_class_margin,75,0.96,0.8,0.6666666666666666
replay,real_world,Keyboard,centroid_relative_margin,75,0.96,0.8,0.6111111111111112
replay,real_world,Keyboard,centroid_negative_candidate_distance,75,0.96,0.8,0.3148148148148148
replay,real_world,Keyboard,centroid_negative_candidate_rank,75,0.96,0.8,0.5833333333333334
replay,real_world,Keyboard,centroid_source_class_agreement,75,0.96,0.8,0.9375
replay,real_world,Keyboard,source_weight_max_for_candidate,75,0.96,0.8,0.46296296296296297
replay,real_world,Keyboard,source_weight_negative_entropy_for_candidate,75,0.96,0.8,0.4583333333333333
replay,real_world,Keyboard,teacher_confidence,75,0.96,0.8,0.9861111111111112
replay,real_world,Keyboard,teacher_probability_margin,75,0.96,0.8,0.9861111111111112
replay,real_world,Keyboard,teacher_negative_entropy,75,0.96,0.8,0.9398148148148148
replay,real_world,Knives,centroid_class_margin,83,0.9036144578313253,0.9156626506024096,0.9716666666666667
replay,real_world,Knives,centroid_relative_margin,83,0.9036144578313253,0.9156626506024096,0.9633333333333334
replay,real_world,Knives,centroid_negative_candidate_distance,83,0.9036144578313253,0.9156626506024096,0.46
replay,real_world,Knives,centroid_negative_candidate_rank,83,0.9036144578313253,0.9156626506024096,0.8508333333333333
replay,real_world,Knives,centroid_source_class_agreement,83,0.9036144578313253,0.9156626506024096,0.9766666666666667
replay,real_world,Knives,source_weight_max_for_candidate,83,0.9036144578313253,0.9156626506024096,0.7633333333333333
replay,real_world,Knives,source_weight_negative_entropy_for_candidate,83,0.9036144578313253,0.9156626506024096,0.7783333333333333
replay,real_world,Knives,teacher_confidence,83,0.9036144578313253,0.9156626506024096,0.9066666666666666
replay,real_world,Knives,teacher_probability_margin,83,0.9036144578313253,0.9156626506024096,0.89
replay,real_world,Knives,teacher_negative_entropy,83,0.9036144578313253,0.9156626506024096,0.9283333333333333
replay,real_world,Lamp_Shade,centroid_class_margin,78,0.8717948717948718,0.5769230769230769,0.5617647058823529
replay,real_world,Lamp_Shade,centroid_relative_margin,78,0.8717948717948718,0.5769230769230769,0.5970588235294118
replay,real_world,Lamp_Shade,centroid_negative_candidate_distance,78,0.8717948717948718,0.5769230769230769,0.5602941176470588
replay,real_world,Lamp_Shade,centroid_negative_candidate_rank,78,0.8717948717948718,0.5769230769230769,0.6183823529411765
replay,real_world,Lamp_Shade,centroid_source_class_agreement,78,0.8717948717948718,0.5769230769230769,0.5852941176470589
replay,real_world,Lamp_Shade,source_weight_max_for_candidate,78,0.8717948717948718,0.5769230769230769,0.43676470588235294
replay,real_world,Lamp_Shade,source_weight_negative_entropy_for_candidate,78,0.8717948717948718,0.5769230769230769,0.4455882352941177
replay,real_world,Lamp_Shade,teacher_confidence,78,0.8717948717948718,0.5769230769230769,0.8338235294117647
replay,real_world,Lamp_Shade,teacher_probability_margin,78,0.8717948717948718,0.5769230769230769,0.8294117647058824
replay,real_world,Lamp_Shade,teacher_negative_entropy,78,0.8717948717948718,0.5769230769230769,0.8455882352941176
replay,real_world,Laptop,centroid_class_margin,67,0.9253731343283582,0.9104477611940298,0.867741935483871
replay,real_world,Laptop,centroid_relative_margin,67,0.9253731343283582,0.9104477611940298,0.7967741935483871
replay,real_world,Laptop,centroid_negative_candidate_distance,67,0.9253731343283582,0.9104477611940298,0.6387096774193548
replay,real_world,Laptop,centroid_negative_candidate_rank,67,0.9253731343283582,0.9104477611940298,0.7741935483870968
replay,real_world,Laptop,centroid_source_class_agreement,67,0.9253731343283582,0.9104477611940298,0.9274193548387096
replay,real_world,Laptop,source_weight_max_for_candidate,67,0.9253731343283582,0.9104477611940298,0.5064516129032258
replay,real_world,Laptop,source_weight_negative_entropy_for_candidate,67,0.9253731343283582,0.9104477611940298,0.5032258064516129
replay,real_world,Laptop,teacher_confidence,67,0.9253731343283582,0.9104477611940298,0.9483870967741935
replay,real_world,Laptop,teacher_probability_margin,67,0.9253731343283582,0.9104477611940298,0.9419354838709677
replay,real_world,Laptop,teacher_negative_entropy,67,0.9253731343283582,0.9104477611940298,0.9290322580645162
replay,real_world,Marker,centroid_class_margin,23,0.17391304347826086,0.21739130434782608,0.3815789473684211
replay,real_world,Marker,centroid_relative_margin,23,0.17391304347826086,0.21739130434782608,0.40789473684210525
replay,real_world,Marker,centroid_negative_candidate_distance,23,0.17391304347826086,0.21739130434782608,0.3815789473684211
replay,real_world,Marker,centroid_negative_candidate_rank,23,0.17391304347826086,0.21739130434782608,0.3881578947368421
replay,real_world,Marker,centroid_source_class_agreement,23,0.17391304347826086,0.21739130434782608,0.631578947368421
replay,real_world,Marker,source_weight_max_for_candidate,23,0.17391304347826086,0.21739130434782608,0.14473684210526316
replay,real_world,Marker,source_weight_negative_entropy_for_candidate,23,0.17391304347826086,0.21739130434782608,0.17105263157894737
replay,real_world,Marker,teacher_confidence,23,0.17391304347826086,0.21739130434782608,0.27631578947368424
replay,real_world,Marker,teacher_probability_margin,23,0.17391304347826086,0.21739130434782608,0.3157894736842105
replay,real_world,Marker,teacher_negative_entropy,23,0.17391304347826086,0.21739130434782608,0.2631578947368421
replay,real_world,Monitor,centroid_class_margin,71,0.6338028169014085,0.23943661971830985,0.38461538461538464
replay,real_world,Monitor,centroid_relative_margin,71,0.6338028169014085,0.23943661971830985,0.4153846153846154
replay,real_world,Monitor,centroid_negative_candidate_distance,71,0.6338028169014085,0.23943661971830985,0.564957264957265
replay,real_world,Monitor,centroid_negative_candidate_rank,71,0.6338028169014085,0.23943661971830985,0.4012820512820513
replay,real_world,Monitor,centroid_source_class_agreement,71,0.6338028169014085,0.23943661971830985,0.40384615384615385
replay,real_world,Monitor,source_weight_max_for_candidate,71,0.6338028169014085,0.23943661971830985,0.6222222222222222
replay,real_world,Monitor,source_weight_negative_entropy_for_candidate,71,0.6338028169014085,0.23943661971830985,0.6324786324786325
replay,real_world,Monitor,teacher_confidence,71,0.6338028169014085,0.23943661971830985,0.7700854700854701
replay,real_world,Monitor,teacher_probability_margin,71,0.6338028169014085,0.23943661971830985,0.7829059829059829
replay,real_world,Monitor,teacher_negative_entropy,71,0.6338028169014085,0.23943661971830985,0.7495726495726496
replay,real_world,Mop,centroid_class_margin,46,0.7391304347826086,0.3695652173913043,0.4681372549019608
replay,real_world,Mop,centroid_relative_margin,46,0.7391304347826086,0.3695652173913043,0.5098039215686274
replay,real_world,Mop,centroid_negative_candidate_distance,46,0.7391304347826086,0.3695652173913043,0.4681372549019608
replay,real_world,Mop,centroid_negative_candidate_rank,46,0.7391304347826086,0.3695652173913043,0.42769607843137253
replay,real_world,Mop,centroid_source_class_agreement,46,0.7391304347826086,0.3695652173913043,0.38235294117647056
replay,real_world,Mop,source_weight_max_for_candidate,46,0.7391304347826086,0.3695652173913043,0.4362745098039216
replay,real_world,Mop,source_weight_negative_entropy_for_candidate,46,0.7391304347826086,0.3695652173913043,0.44362745098039214
replay,real_world,Mop,teacher_confidence,46,0.7391304347826086,0.3695652173913043,0.8357843137254902
replay,real_world,Mop,teacher_probability_margin,46,0.7391304347826086,0.3695652173913043,0.8431372549019608
replay,real_world,Mop,teacher_negative_entropy,46,0.7391304347826086,0.3695652173913043,0.8161764705882353
replay,real_world,Mouse,centroid_class_margin,60,0.9,0.7833333333333333,0.9444444444444444
replay,real_world,Mouse,centroid_relative_margin,60,0.9,0.7833333333333333,0.941358024691358
replay,real_world,Mouse,centroid_negative_candidate_distance,60,0.9,0.7833333333333333,0.6574074074074074
replay,real_world,Mouse,centroid_negative_candidate_rank,60,0.9,0.7833333333333333,0.8719135802469136
replay,real_world,Mouse,centroid_source_class_agreement,60,0.9,0.7833333333333333,0.8441358024691358
replay,real_world,Mouse,source_weight_max_for_candidate,60,0.9,0.7833333333333333,0.7623456790123457
replay,real_world,Mouse,source_weight_negative_entropy_for_candidate,60,0.9,0.7833333333333333,0.7746913580246914
replay,real_world,Mouse,teacher_confidence,60,0.9,0.7833333333333333,0.8641975308641975
replay,real_world,Mouse,teacher_probability_margin,60,0.9,0.7833333333333333,0.845679012345679
replay,real_world,Mouse,teacher_negative_entropy,60,0.9,0.7833333333333333,0.8580246913580247
replay,real_world,Mug,centroid_class_margin,58,0.8620689655172413,0.8448275862068966,0.8825
replay,real_world,Mug,centroid_relative_margin,58,0.8620689655172413,0.8448275862068966,0.8925
replay,real_world,Mug,centroid_negative_candidate_distance,58,0.8620689655172413,0.8448275862068966,0.6725
replay,real_world,Mug,centroid_negative_candidate_rank,58,0.8620689655172413,0.8448275862068966,0.785
replay,real_world,Mug,centroid_source_class_agreement,58,0.8620689655172413,0.8448275862068966,0.88625
replay,real_world,Mug,source_weight_max_for_candidate,58,0.8620689655172413,0.8448275862068966,0.4875
replay,real_world,Mug,source_weight_negative_entropy_for_candidate,58,0.8620689655172413,0.8448275862068966,0.4825
replay,real_world,Mug,teacher_confidence,58,0.8620689655172413,0.8448275862068966,0.905
replay,real_world,Mug,teacher_probability_margin,58,0.8620689655172413,0.8448275862068966,0.905
replay,real_world,Mug,teacher_negative_entropy,58,0.8620689655172413,0.8448275862068966,0.9125
replay,real_world,Notebook,centroid_class_margin,68,0.6911764705882353,0.4852941176470588,0.5957446808510638
replay,real_world,Notebook,centroid_relative_margin,68,0.6911764705882353,0.4852941176470588,0.585612968591692
replay,real_world,Notebook,centroid_negative_candidate_distance,68,0.6911764705882353,0.4852941176470588,0.43566362715298884
replay,real_world,Notebook,centroid_negative_candidate_rank,68,0.6911764705882353,0.4852941176470588,0.5835866261398176
replay,real_world,Notebook,centroid_source_class_agreement,68,0.6911764705882353,0.4852941176470588,0.8789260385005065
replay,real_world,Notebook,source_weight_max_for_candidate,68,0.6911764705882353,0.4852941176470588,0.3617021276595745
replay,real_world,Notebook,source_weight_negative_entropy_for_candidate,68,0.6911764705882353,0.4852941176470588,0.36271529888551163
replay,real_world,Notebook,teacher_confidence,68,0.6911764705882353,0.4852941176470588,0.8733535967578521
replay,real_world,Notebook,teacher_probability_margin,68,0.6911764705882353,0.4852941176470588,0.8733535967578521
replay,real_world,Notebook,teacher_negative_entropy,68,0.6911764705882353,0.4852941176470588,0.8247213779128673
replay,real_world,Oven,centroid_class_margin,64,0.84375,0.5625,0.6574074074074074
replay,real_world,Oven,centroid_relative_margin,64,0.84375,0.5625,0.6351851851851852
replay,real_world,Oven,centroid_negative_candidate_distance,64,0.84375,0.5625,0.6055555555555555
replay,real_world,Oven,centroid_negative_candidate_rank,64,0.84375,0.5625,0.5537037037037037
replay,real_world,Oven,centroid_source_class_agreement,64,0.84375,0.5625,0.6481481481481481
replay,real_world,Oven,source_weight_max_for_candidate,64,0.84375,0.5625,0.5314814814814814
replay,real_world,Oven,source_weight_negative_entropy_for_candidate,64,0.84375,0.5625,0.512962962962963
replay,real_world,Oven,teacher_confidence,64,0.84375,0.5625,0.8518518518518519
replay,real_world,Oven,teacher_probability_margin,64,0.84375,0.5625,0.8685185185185185
replay,real_world,Oven,teacher_negative_entropy,64,0.84375,0.5625,0.8462962962962963
replay,real_world,Pan,centroid_class_margin,30,0.6666666666666666,0.8,0.91
replay,real_world,Pan,centroid_relative_margin,30,0.6666666666666666,0.8,0.89
replay,real_world,Pan,centroid_negative_candidate_distance,30,0.6666666666666666,0.8,0.695
replay,real_world,Pan,centroid_negative_candidate_rank,30,0.6666666666666666,0.8,0.9175
replay,real_world,Pan,centroid_source_class_agreement,30,0.6666666666666666,0.8,0.965
replay,real_world,Pan,source_weight_max_for_candidate,30,0.6666666666666666,0.8,0.69
replay,real_world,Pan,source_weight_negative_entropy_for_candidate,30,0.6666666666666666,0.8,0.72
replay,real_world,Pan,teacher_confidence,30,0.6666666666666666,0.8,1.0
replay,real_world,Pan,teacher_probability_margin,30,0.6666666666666666,0.8,0.98
replay,real_world,Pan,teacher_negative_entropy,30,0.6666666666666666,0.8,0.975
replay,real_world,Paper_Clip,centroid_class_margin,68,0.6764705882352942,0.5882352941176471,0.8409090909090909
replay,real_world,Paper_Clip,centroid_relative_margin,68,0.6764705882352942,0.5882352941176471,0.8330039525691699
replay,real_world,Paper_Clip,centroid_negative_candidate_distance,68,0.6764705882352942,0.5882352941176471,0.6669960474308301
replay,real_world,Paper_Clip,centroid_negative_candidate_rank,68,0.6764705882352942,0.5882352941176471,0.7766798418972332
replay,real_world,Paper_Clip,centroid_source_class_agreement,68,0.6764705882352942,0.5882352941176471,0.8522727272727273
replay,real_world,Paper_Clip,source_weight_max_for_candidate,68,0.6764705882352942,0.5882352941176471,0.5820158102766798
replay,real_world,Paper_Clip,source_weight_negative_entropy_for_candidate,68,0.6764705882352942,0.5882352941176471,0.5652173913043478
replay,real_world,Paper_Clip,teacher_confidence,68,0.6764705882352942,0.5882352941176471,0.8853754940711462
replay,real_world,Paper_Clip,teacher_probability_margin,68,0.6764705882352942,0.5882352941176471,0.8873517786561265
replay,real_world,Paper_Clip,teacher_negative_entropy,68,0.6764705882352942,0.5882352941176471,0.8754940711462451
replay,real_world,Pen,centroid_class_margin,65,0.8923076923076924,0.7384615384615385,0.5935960591133005
replay,real_world,Pen,centroid_relative_margin,65,0.8923076923076924,0.7384615384615385,0.6083743842364532
replay,real_world,Pen,centroid_negative_candidate_distance,65,0.8923076923076924,0.7384615384615385,0.6157635467980296
replay,real_world,Pen,centroid_negative_candidate_rank,65,0.8923076923076924,0.7384615384615385,0.5603448275862069
replay,real_world,Pen,centroid_source_class_agreement,65,0.8923076923076924,0.7384615384615385,0.8165024630541872
replay,real_world,Pen,source_weight_max_for_candidate,65,0.8923076923076924,0.7384615384615385,0.6970443349753694
replay,real_world,Pen,source_weight_negative_entropy_for_candidate,65,0.8923076923076924,0.7384615384615385,0.6724137931034483
replay,real_world,Pen,teacher_confidence,65,0.8923076923076924,0.7384615384615385,0.9285714285714286
replay,real_world,Pen,teacher_probability_margin,65,0.8923076923076924,0.7384615384615385,0.9064039408866995
replay,real_world,Pen,teacher_negative_entropy,65,0.8923076923076924,0.7384615384615385,0.9211822660098522
replay,real_world,Pencil,centroid_class_margin,59,0.6610169491525424,0.4915254237288136,0.7141025641025641
replay,real_world,Pencil,centroid_relative_margin,59,0.6610169491525424,0.4915254237288136,0.6730769230769231
replay,real_world,Pencil,centroid_negative_candidate_distance,59,0.6610169491525424,0.4915254237288136,0.5025641025641026
replay,real_world,Pencil,centroid_negative_candidate_rank,59,0.6610169491525424,0.4915254237288136,0.6737179487179488
replay,real_world,Pencil,centroid_source_class_agreement,59,0.6610169491525424,0.4915254237288136,0.7493589743589744
replay,real_world,Pencil,source_weight_max_for_candidate,59,0.6610169491525424,0.4915254237288136,0.2858974358974359
replay,real_world,Pencil,source_weight_negative_entropy_for_candidate,59,0.6610169491525424,0.4915254237288136,0.30128205128205127
replay,real_world,Pencil,teacher_confidence,59,0.6610169491525424,0.4915254237288136,0.6141025641025641
replay,real_world,Pencil,teacher_probability_margin,59,0.6610169491525424,0.4915254237288136,0.6141025641025641
replay,real_world,Pencil,teacher_negative_entropy,59,0.6610169491525424,0.4915254237288136,0.6089743589743589
replay,real_world,Postit_Notes,centroid_class_margin,67,0.8656716417910447,0.6417910447761194,0.7796934865900383
replay,real_world,Postit_Notes,centroid_relative_margin,67,0.8656716417910447,0.6417910447761194,0.7777777777777778
replay,real_world,Postit_Notes,centroid_negative_candidate_distance,67,0.8656716417910447,0.6417910447761194,0.3065134099616858
replay,real_world,Postit_Notes,centroid_negative_candidate_rank,67,0.8656716417910447,0.6417910447761194,0.710727969348659
replay,real_world,Postit_Notes,centroid_source_class_agreement,67,0.8656716417910447,0.6417910447761194,0.6417624521072797
replay,real_world,Postit_Notes,source_weight_max_for_candidate,67,0.8656716417910447,0.6417910447761194,0.7298850574712644
replay,real_world,Postit_Notes,source_weight_negative_entropy_for_candidate,67,0.8656716417910447,0.6417910447761194,0.7375478927203065
replay,real_world,Postit_Notes,teacher_confidence,67,0.8656716417910447,0.6417910447761194,0.9501915708812261
replay,real_world,Postit_Notes,teacher_probability_margin,67,0.8656716417910447,0.6417910447761194,0.9425287356321839
replay,real_world,Postit_Notes,teacher_negative_entropy,67,0.8656716417910447,0.6417910447761194,0.9367816091954023
replay,real_world,Printer,centroid_class_margin,52,0.9423076923076923,0.9615384615384616,0.9931972789115646
replay,real_world,Printer,centroid_relative_margin,52,0.9423076923076923,0.9615384615384616,0.9931972789115646
replay,real_world,Printer,centroid_negative_candidate_distance,52,0.9423076923076923,0.9615384615384616,0.6666666666666666
replay,real_world,Printer,centroid_negative_candidate_rank,52,0.9423076923076923,0.9615384615384616,1.0
replay,real_world,Printer,centroid_source_class_agreement,52,0.9423076923076923,0.9615384615384616,0.8163265306122449
replay,real_world,Printer,source_weight_max_for_candidate,52,0.9423076923076923,0.9615384615384616,0.6598639455782312
replay,real_world,Printer,source_weight_negative_entropy_for_candidate,52,0.9423076923076923,0.9615384615384616,0.6598639455782312
replay,real_world,Printer,teacher_confidence,52,0.9423076923076923,0.9615384615384616,0.9591836734693877
replay,real_world,Printer,teacher_probability_margin,52,0.9423076923076923,0.9615384615384616,0.9387755102040817
replay,real_world,Printer,teacher_negative_entropy,52,0.9423076923076923,0.9615384615384616,0.9455782312925171
replay,real_world,Push_Pin,centroid_class_margin,53,0.9056603773584906,0.7169811320754716,0.8791666666666667
replay,real_world,Push_Pin,centroid_relative_margin,53,0.9056603773584906,0.7169811320754716,0.8583333333333333
replay,real_world,Push_Pin,centroid_negative_candidate_distance,53,0.9056603773584906,0.7169811320754716,0.8083333333333333
replay,real_world,Push_Pin,centroid_negative_candidate_rank,53,0.9056603773584906,0.7169811320754716,0.8395833333333333
replay,real_world,Push_Pin,centroid_source_class_agreement,53,0.9056603773584906,0.7169811320754716,0.8604166666666667
replay,real_world,Push_Pin,source_weight_max_for_candidate,53,0.9056603773584906,0.7169811320754716,0.5916666666666667
replay,real_world,Push_Pin,source_weight_negative_entropy_for_candidate,53,0.9056603773584906,0.7169811320754716,0.6083333333333333
replay,real_world,Push_Pin,teacher_confidence,53,0.9056603773584906,0.7169811320754716,0.9083333333333333
replay,real_world,Push_Pin,teacher_probability_margin,53,0.9056603773584906,0.7169811320754716,0.8666666666666667
replay,real_world,Push_Pin,teacher_negative_entropy,53,0.9056603773584906,0.7169811320754716,0.9
replay,real_world,Radio,centroid_class_margin,66,0.8484848484848485,0.7424242424242424,0.7946428571428571
replay,real_world,Radio,centroid_relative_margin,66,0.8484848484848485,0.7424242424242424,0.7678571428571429
replay,real_world,Radio,centroid_negative_candidate_distance,66,0.8484848484848485,0.7424242424242424,0.5357142857142857
replay,real_world,Radio,centroid_negative_candidate_rank,66,0.8484848484848485,0.7424242424242424,0.8080357142857143
replay,real_world,Radio,centroid_source_class_agreement,66,0.8484848484848485,0.7424242424242424,0.8053571428571429
replay,real_world,Radio,source_weight_max_for_candidate,66,0.8484848484848485,0.7424242424242424,0.525
replay,real_world,Radio,source_weight_negative_entropy_for_candidate,66,0.8484848484848485,0.7424242424242424,0.5178571428571429
replay,real_world,Radio,teacher_confidence,66,0.8484848484848485,0.7424242424242424,0.8107142857142857
replay,real_world,Radio,teacher_probability_margin,66,0.8484848484848485,0.7424242424242424,0.8089285714285714
replay,real_world,Radio,teacher_negative_entropy,66,0.8484848484848485,0.7424242424242424,0.7785714285714286
replay,real_world,Refrigerator,centroid_class_margin,75,0.8933333333333333,0.7066666666666667,0.710820895522388
replay,real_world,Refrigerator,centroid_relative_margin,75,0.8933333333333333,0.7066666666666667,0.6753731343283582
replay,real_world,Refrigerator,centroid_negative_candidate_distance,75,0.8933333333333333,0.7066666666666667,0.44402985074626866
replay,real_world,Refrigerator,centroid_negative_candidate_rank,75,0.8933333333333333,0.7066666666666667,0.6576492537313433
replay,real_world,Refrigerator,centroid_source_class_agreement,75,0.8933333333333333,0.7066666666666667,0.582089552238806
replay,real_world,Refrigerator,source_weight_max_for_candidate,75,0.8933333333333333,0.7066666666666667,0.48880597014925375
replay,real_world,Refrigerator,source_weight_negative_entropy_for_candidate,75,0.8933333333333333,0.7066666666666667,0.5
replay,real_world,Refrigerator,teacher_confidence,75,0.8933333333333333,0.7066666666666667,0.9104477611940298
replay,real_world,Refrigerator,teacher_probability_margin,75,0.8933333333333333,0.7066666666666667,0.9123134328358209
replay,real_world,Refrigerator,teacher_negative_entropy,75,0.8933333333333333,0.7066666666666667,0.8861940298507462
replay,real_world,Ruler,centroid_class_margin,41,0.926829268292683,0.926829268292683,0.9649122807017544
replay,real_world,Ruler,centroid_relative_margin,41,0.926829268292683,0.926829268292683,0.9736842105263158
replay,real_world,Ruler,centroid_negative_candidate_distance,41,0.926829268292683,0.926829268292683,0.6929824561403509
replay,real_world,Ruler,centroid_negative_candidate_rank,41,0.926829268292683,0.926829268292683,0.9692982456140351
replay,real_world,Ruler,centroid_source_class_agreement,41,0.926829268292683,0.926829268292683,0.9385964912280702
replay,real_world,Ruler,source_weight_max_for_candidate,41,0.926829268292683,0.926829268292683,0.543859649122807
replay,real_world,Ruler,source_weight_negative_entropy_for_candidate,41,0.926829268292683,0.926829268292683,0.5789473684210527
replay,real_world,Ruler,teacher_confidence,41,0.926829268292683,0.926829268292683,1.0
replay,real_world,Ruler,teacher_probability_margin,41,0.926829268292683,0.926829268292683,1.0
replay,real_world,Ruler,teacher_negative_entropy,41,0.926829268292683,0.926829268292683,0.9736842105263158
replay,real_world,Scissors,centroid_class_margin,77,0.935064935064935,0.6883116883116883,0.5888888888888889
replay,real_world,Scissors,centroid_relative_margin,77,0.935064935064935,0.6883116883116883,0.5944444444444444
replay,real_world,Scissors,centroid_negative_candidate_distance,77,0.935064935064935,0.6883116883116883,0.6111111111111112
replay,real_world,Scissors,centroid_negative_candidate_rank,77,0.935064935064935,0.6883116883116883,0.49444444444444446
replay,real_world,Scissors,centroid_source_class_agreement,77,0.935064935064935,0.6883116883116883,0.5902777777777778
replay,real_world,Scissors,source_weight_max_for_candidate,77,0.935064935064935,0.6883116883116883,0.46111111111111114
replay,real_world,Scissors,source_weight_negative_entropy_for_candidate,77,0.935064935064935,0.6883116883116883,0.45555555555555555
replay,real_world,Scissors,teacher_confidence,77,0.935064935064935,0.6883116883116883,0.9388888888888889
replay,real_world,Scissors,teacher_probability_margin,77,0.935064935064935,0.6883116883116883,0.9611111111111111
replay,real_world,Scissors,teacher_negative_entropy,77,0.935064935064935,0.6883116883116883,0.9305555555555556
replay,real_world,Screwdriver,centroid_class_margin,51,0.7058823529411765,0.8823529411764706,0.924074074074074
replay,real_world,Screwdriver,centroid_relative_margin,51,0.7058823529411765,0.8823529411764706,0.9185185185185185
replay,real_world,Screwdriver,centroid_negative_candidate_distance,51,0.7058823529411765,0.8823529411764706,0.5666666666666667
replay,real_world,Screwdriver,centroid_negative_candidate_rank,51,0.7058823529411765,0.8823529411764706,0.9083333333333333
replay,real_world,Screwdriver,centroid_source_class_agreement,51,0.7058823529411765,0.8823529411764706,0.8861111111111111
replay,real_world,Screwdriver,source_weight_max_for_candidate,51,0.7058823529411765,0.8823529411764706,0.6388888888888888
replay,real_world,Screwdriver,source_weight_negative_entropy_for_candidate,51,0.7058823529411765,0.8823529411764706,0.6518518518518519
replay,real_world,Screwdriver,teacher_confidence,51,0.7058823529411765,0.8823529411764706,0.9092592592592592
replay,real_world,Screwdriver,teacher_probability_margin,51,0.7058823529411765,0.8823529411764706,0.9
replay,real_world,Screwdriver,teacher_negative_entropy,51,0.7058823529411765,0.8823529411764706,0.8870370370370371
replay,real_world,Shelf,centroid_class_margin,66,0.696969696969697,0.36363636363636365,0.6510869565217391
replay,real_world,Shelf,centroid_relative_margin,66,0.696969696969697,0.36363636363636365,0.6478260869565218
replay,real_world,Shelf,centroid_negative_candidate_distance,66,0.696969696969697,0.36363636363636365,0.46304347826086956
replay,real_world,Shelf,centroid_negative_candidate_rank,66,0.696969696969697,0.36363636363636365,0.575
replay,real_world,Shelf,centroid_source_class_agreement,66,0.696969696969697,0.36363636363636365,0.5983695652173913
replay,real_world,Shelf,source_weight_max_for_candidate,66,0.696969696969697,0.36363636363636365,0.5826086956521739
replay,real_world,Shelf,source_weight_negative_entropy_for_candidate,66,0.696969696969697,0.36363636363636365,0.575
replay,real_world,Shelf,teacher_confidence,66,0.696969696969697,0.36363636363636365,0.8217391304347826
replay,real_world,Shelf,teacher_probability_margin,66,0.696969696969697,0.36363636363636365,0.8097826086956522
replay,real_world,Shelf,teacher_negative_entropy,66,0.696969696969697,0.36363636363636365,0.7923913043478261
replay,real_world,Sink,centroid_class_margin,77,0.8701298701298701,0.7532467532467533,0.9029850746268657
replay,real_world,Sink,centroid_relative_margin,77,0.8701298701298701,0.7532467532467533,0.8985074626865671
replay,real_world,Sink,centroid_negative_candidate_distance,77,0.8701298701298701,0.7532467532467533,0.6164179104477612
replay,real_world,Sink,centroid_negative_candidate_rank,77,0.8701298701298701,0.7532467532467533,0.8470149253731343
replay,real_world,Sink,centroid_source_class_agreement,77,0.8701298701298701,0.7532467532467533,0.7373134328358208
replay,real_world,Sink,source_weight_max_for_candidate,77,0.8701298701298701,0.7532467532467533,0.6582089552238806
replay,real_world,Sink,source_weight_negative_entropy_for_candidate,77,0.8701298701298701,0.7532467532467533,0.6582089552238806
replay,real_world,Sink,teacher_confidence,77,0.8701298701298701,0.7532467532467533,0.9507462686567164
replay,real_world,Sink,teacher_probability_margin,77,0.8701298701298701,0.7532467532467533,0.9462686567164179
replay,real_world,Sink,teacher_negative_entropy,77,0.8701298701298701,0.7532467532467533,0.9432835820895522
replay,real_world,Sneakers,centroid_class_margin,88,1.0,0.9772727272727273,
replay,real_world,Sneakers,centroid_relative_margin,88,1.0,0.9772727272727273,
replay,real_world,Sneakers,centroid_negative_candidate_distance,88,1.0,0.9772727272727273,
replay,real_world,Sneakers,centroid_negative_candidate_rank,88,1.0,0.9772727272727273,
replay,real_world,Sneakers,centroid_source_class_agreement,88,1.0,0.9772727272727273,
replay,real_world,Sneakers,source_weight_max_for_candidate,88,1.0,0.9772727272727273,
replay,real_world,Sneakers,source_weight_negative_entropy_for_candidate,88,1.0,0.9772727272727273,
replay,real_world,Sneakers,teacher_confidence,88,1.0,0.9772727272727273,
replay,real_world,Sneakers,teacher_probability_margin,88,1.0,0.9772727272727273,
replay,real_world,Sneakers,teacher_negative_entropy,88,1.0,0.9772727272727273,
replay,real_world,Soda,centroid_class_margin,63,0.8888888888888888,0.9682539682539683,0.9974489795918368
replay,real_world,Soda,centroid_relative_margin,63,0.8888888888888888,0.9682539682539683,0.9974489795918368
replay,real_world,Soda,centroid_negative_candidate_distance,63,0.8888888888888888,0.9682539682539683,0.7168367346938775
replay,real_world,Soda,centroid_negative_candidate_rank,63,0.8888888888888888,0.9682539682539683,0.9221938775510204
replay,real_world,Soda,centroid_source_class_agreement,63,0.8888888888888888,0.9682539682539683,0.9566326530612245
replay,real_world,Soda,source_weight_max_for_candidate,63,0.8888888888888888,0.9682539682539683,0.6122448979591837
replay,real_world,Soda,source_weight_negative_entropy_for_candidate,63,0.8888888888888888,0.9682539682539683,0.6403061224489796
replay,real_world,Soda,teacher_confidence,63,0.8888888888888888,0.9682539682539683,0.75
replay,real_world,Soda,teacher_probability_margin,63,0.8888888888888888,0.9682539682539683,0.7653061224489796
replay,real_world,Soda,teacher_negative_entropy,63,0.8888888888888888,0.9682539682539683,0.7295918367346939
replay,real_world,Speaker,centroid_class_margin,81,0.7777777777777778,0.8148148148148148,0.890652557319224
replay,real_world,Speaker,centroid_relative_margin,81,0.7777777777777778,0.8148148148148148,0.8941798941798942
replay,real_world,Speaker,centroid_negative_candidate_distance,81,0.7777777777777778,0.8148148148148148,0.5793650793650794
replay,real_world,Speaker,centroid_negative_candidate_rank,81,0.7777777777777778,0.8148148148148148,0.7235449735449735
replay,real_world,Speaker,centroid_source_class_agreement,81,0.7777777777777778,0.8148148148148148,0.7760141093474426
replay,real_world,Speaker,source_weight_max_for_candidate,81,0.7777777777777778,0.8148148148148148,0.5873015873015873
replay,real_world,Speaker,source_weight_negative_entropy_for_candidate,81,0.7777777777777778,0.8148148148148148,0.5881834215167548
replay,real_world,Speaker,teacher_confidence,81,0.7777777777777778,0.8148148148148148,0.8315696649029982
replay,real_world,Speaker,teacher_probability_margin,81,0.7777777777777778,0.8148148148148148,0.8544973544973545
replay,real_world,Speaker,teacher_negative_entropy,81,0.7777777777777778,0.8148148148148148,0.783068783068783
replay,real_world,Spoon,centroid_class_margin,54,0.7777777777777778,0.6111111111111112,0.6865079365079365
replay,real_world,Spoon,centroid_relative_margin,54,0.7777777777777778,0.6111111111111112,0.7083333333333334
replay,real_world,Spoon,centroid_negative_candidate_distance,54,0.7777777777777778,0.6111111111111112,0.47619047619047616
replay,real_world,Spoon,centroid_negative_candidate_rank,54,0.7777777777777778,0.6111111111111112,0.6964285714285714
replay,real_world,Spoon,centroid_source_class_agreement,54,0.7777777777777778,0.6111111111111112,0.8234126984126984
replay,real_world,Spoon,source_weight_max_for_candidate,54,0.7777777777777778,0.6111111111111112,0.47023809523809523
replay,real_world,Spoon,source_weight_negative_entropy_for_candidate,54,0.7777777777777778,0.6111111111111112,0.4722222222222222
replay,real_world,Spoon,teacher_confidence,54,0.7777777777777778,0.6111111111111112,0.873015873015873
replay,real_world,Spoon,teacher_probability_margin,54,0.7777777777777778,0.6111111111111112,0.8412698412698413
replay,real_world,Spoon,teacher_negative_entropy,54,0.7777777777777778,0.6111111111111112,0.8630952380952381
replay,real_world,TV,centroid_class_margin,53,0.6226415094339622,0.5660377358490566,0.7924242424242425
replay,real_world,TV,centroid_relative_margin,53,0.6226415094339622,0.5660377358490566,0.7909090909090909
replay,real_world,TV,centroid_negative_candidate_distance,53,0.6226415094339622,0.5660377358490566,0.4696969696969697
replay,real_world,TV,centroid_negative_candidate_rank,53,0.6226415094339622,0.5660377358490566,0.7007575757575758
replay,real_world,TV,centroid_source_class_agreement,53,0.6226415094339622,0.5660377358490566,0.7174242424242424
replay,real_world,TV,source_weight_max_for_candidate,53,0.6226415094339622,0.5660377358490566,0.5863636363636363
replay,real_world,TV,source_weight_negative_entropy_for_candidate,53,0.6226415094339622,0.5660377358490566,0.5818181818181818
replay,real_world,TV,teacher_confidence,53,0.6226415094339622,0.5660377358490566,0.8181818181818182
replay,real_world,TV,teacher_probability_margin,53,0.6226415094339622,0.5660377358490566,0.796969696969697
replay,real_world,TV,teacher_negative_entropy,53,0.6226415094339622,0.5660377358490566,0.7954545454545454
replay,real_world,Table,centroid_class_margin,59,0.9491525423728814,0.7627118644067796,0.9821428571428571
replay,real_world,Table,centroid_relative_margin,59,0.9491525423728814,0.7627118644067796,0.9761904761904762
replay,real_world,Table,centroid_negative_candidate_distance,59,0.9491525423728814,0.7627118644067796,0.6964285714285714
replay,real_world,Table,centroid_negative_candidate_rank,59,0.9491525423728814,0.7627118644067796,0.9375
replay,real_world,Table,centroid_source_class_agreement,59,0.9491525423728814,0.7627118644067796,0.9761904761904762
replay,real_world,Table,source_weight_max_for_candidate,59,0.9491525423728814,0.7627118644067796,0.38095238095238093
replay,real_world,Table,source_weight_negative_entropy_for_candidate,59,0.9491525423728814,0.7627118644067796,0.3869047619047619
replay,real_world,Table,teacher_confidence,59,0.9491525423728814,0.7627118644067796,0.9583333333333334
replay,real_world,Table,teacher_probability_margin,59,0.9491525423728814,0.7627118644067796,0.9583333333333334
replay,real_world,Table,teacher_negative_entropy,59,0.9491525423728814,0.7627118644067796,0.9523809523809523
replay,real_world,Telephone,centroid_class_margin,82,0.926829268292683,0.8414634146341463,0.7390350877192983
replay,real_world,Telephone,centroid_relative_margin,82,0.926829268292683,0.8414634146341463,0.6557017543859649
replay,real_world,Telephone,centroid_negative_candidate_distance,82,0.926829268292683,0.8414634146341463,0.1600877192982456
replay,real_world,Telephone,centroid_negative_candidate_rank,82,0.926829268292683,0.8414634146341463,0.631578947368421
replay,real_world,Telephone,centroid_source_class_agreement,82,0.926829268292683,0.8414634146341463,0.5372807017543859
replay,real_world,Telephone,source_weight_max_for_candidate,82,0.926829268292683,0.8414634146341463,0.7324561403508771
replay,real_world,Telephone,source_weight_negative_entropy_for_candidate,82,0.926829268292683,0.8414634146341463,0.7478070175438597
replay,real_world,Telephone,teacher_confidence,82,0.926829268292683,0.8414634146341463,0.9122807017543859
replay,real_world,Telephone,teacher_probability_margin,82,0.926829268292683,0.8414634146341463,0.9013157894736842
replay,real_world,Telephone,teacher_negative_entropy,82,0.926829268292683,0.8414634146341463,0.9057017543859649
replay,real_world,ToothBrush,centroid_class_margin,85,0.8235294117647058,0.6941176470588235,0.8504761904761905
replay,real_world,ToothBrush,centroid_relative_margin,85,0.8235294117647058,0.6941176470588235,0.8438095238095238
replay,real_world,ToothBrush,centroid_negative_candidate_distance,85,0.8235294117647058,0.6941176470588235,0.7095238095238096
replay,real_world,ToothBrush,centroid_negative_candidate_rank,85,0.8235294117647058,0.6941176470588235,0.7738095238095238
replay,real_world,ToothBrush,centroid_source_class_agreement,85,0.8235294117647058,0.6941176470588235,0.7019047619047619
replay,real_world,ToothBrush,source_weight_max_for_candidate,85,0.8235294117647058,0.6941176470588235,0.6076190476190476
replay,real_world,ToothBrush,source_weight_negative_entropy_for_candidate,85,0.8235294117647058,0.6941176470588235,0.6104761904761905
replay,real_world,ToothBrush,teacher_confidence,85,0.8235294117647058,0.6941176470588235,0.9133333333333333
replay,real_world,ToothBrush,teacher_probability_margin,85,0.8235294117647058,0.6941176470588235,0.9066666666666666
replay,real_world,ToothBrush,teacher_negative_entropy,85,0.8235294117647058,0.6941176470588235,0.9123809523809524
replay,real_world,Toys,centroid_class_margin,67,0.746268656716418,0.5522388059701493,0.6129411764705882
replay,real_world,Toys,centroid_relative_margin,67,0.746268656716418,0.5522388059701493,0.6129411764705882
replay,real_world,Toys,centroid_negative_candidate_distance,67,0.746268656716418,0.5522388059701493,0.33176470588235296
replay,real_world,Toys,centroid_negative_candidate_rank,67,0.746268656716418,0.5522388059701493,0.5252941176470588
replay,real_world,Toys,centroid_source_class_agreement,67,0.746268656716418,0.5522388059701493,0.7511764705882353
replay,real_world,Toys,source_weight_max_for_candidate,67,0.746268656716418,0.5522388059701493,0.42470588235294116
replay,real_world,Toys,source_weight_negative_entropy_for_candidate,67,0.746268656716418,0.5522388059701493,0.40941176470588236
replay,real_world,Toys,teacher_confidence,67,0.746268656716418,0.5522388059701493,0.7764705882352941
replay,real_world,Toys,teacher_probability_margin,67,0.746268656716418,0.5522388059701493,0.8023529411764706
replay,real_world,Toys,teacher_negative_entropy,67,0.746268656716418,0.5522388059701493,0.7023529411764706
replay,real_world,Trash_Can,centroid_class_margin,81,0.7407407407407407,0.4567901234567901,0.4452380952380952
replay,real_world,Trash_Can,centroid_relative_margin,81,0.7407407407407407,0.4567901234567901,0.4103174603174603
replay,real_world,Trash_Can,centroid_negative_candidate_distance,81,0.7407407407407407,0.4567901234567901,0.32936507936507936
replay,real_world,Trash_Can,centroid_negative_candidate_rank,81,0.7407407407407407,0.4567901234567901,0.42857142857142855
replay,real_world,Trash_Can,centroid_source_class_agreement,81,0.7407407407407407,0.4567901234567901,0.7261904761904762
replay,real_world,Trash_Can,source_weight_max_for_candidate,81,0.7407407407407407,0.4567901234567901,0.3253968253968254
replay,real_world,Trash_Can,source_weight_negative_entropy_for_candidate,81,0.7407407407407407,0.4567901234567901,0.3119047619047619
replay,real_world,Trash_Can,teacher_confidence,81,0.7407407407407407,0.4567901234567901,0.6833333333333333
replay,real_world,Trash_Can,teacher_probability_margin,81,0.7407407407407407,0.4567901234567901,0.6984126984126984
replay,real_world,Trash_Can,teacher_negative_entropy,81,0.7407407407407407,0.4567901234567901,0.6182539682539683
replay,real_world,Webcam,centroid_class_margin,49,0.8979591836734694,0.8571428571428571,0.9454545454545454
replay,real_world,Webcam,centroid_relative_margin,49,0.8979591836734694,0.8571428571428571,0.95
replay,real_world,Webcam,centroid_negative_candidate_distance,49,0.8979591836734694,0.8571428571428571,0.6272727272727273
replay,real_world,Webcam,centroid_negative_candidate_rank,49,0.8979591836734694,0.8571428571428571,0.7704545454545455
replay,real_world,Webcam,centroid_source_class_agreement,49,0.8979591836734694,0.8571428571428571,0.9409090909090909
replay,real_world,Webcam,source_weight_max_for_candidate,49,0.8979591836734694,0.8571428571428571,0.7681818181818182
replay,real_world,Webcam,source_weight_negative_entropy_for_candidate,49,0.8979591836734694,0.8571428571428571,0.7772727272727272
replay,real_world,Webcam,teacher_confidence,49,0.8979591836734694,0.8571428571428571,0.9772727272727273
replay,real_world,Webcam,teacher_probability_margin,49,0.8979591836734694,0.8571428571428571,0.9681818181818181
replay,real_world,Webcam,teacher_negative_entropy,49,0.8979591836734694,0.8571428571428571,0.9818181818181818
full,real_world,Alarm_Clock,centroid_class_margin,86,0.9418604651162791,0.9186046511627907,0.9407407407407408
full,real_world,Alarm_Clock,centroid_relative_margin,86,0.9418604651162791,0.9186046511627907,0.9358024691358025
full,real_world,Alarm_Clock,centroid_negative_candidate_distance,86,0.9418604651162791,0.9186046511627907,0.7358024691358025
full,real_world,Alarm_Clock,centroid_negative_candidate_rank,86,0.9418604651162791,0.9186046511627907,0.782716049382716
full,real_world,Alarm_Clock,centroid_source_class_agreement,86,0.9418604651162791,0.9186046511627907,0.8864197530864197
full,real_world,Alarm_Clock,source_weight_max_for_candidate,86,0.9418604651162791,0.9186046511627907,0.6444444444444445
full,real_world,Alarm_Clock,source_weight_negative_entropy_for_candidate,86,0.9418604651162791,0.9186046511627907,0.6469135802469136
full,real_world,Alarm_Clock,teacher_confidence,86,0.9418604651162791,0.9186046511627907,0.9629629629629629
full,real_world,Alarm_Clock,teacher_probability_margin,86,0.9418604651162791,0.9186046511627907,0.9703703703703703
full,real_world,Alarm_Clock,teacher_negative_entropy,86,0.9418604651162791,0.9186046511627907,0.9580246913580247
full,real_world,Backpack,centroid_class_margin,99,1.0,0.9595959595959596,
full,real_world,Backpack,centroid_relative_margin,99,1.0,0.9595959595959596,
full,real_world,Backpack,centroid_negative_candidate_distance,99,1.0,0.9595959595959596,
full,real_world,Backpack,centroid_negative_candidate_rank,99,1.0,0.9595959595959596,
full,real_world,Backpack,centroid_source_class_agreement,99,1.0,0.9595959595959596,
full,real_world,Backpack,source_weight_max_for_candidate,99,1.0,0.9595959595959596,
full,real_world,Backpack,source_weight_negative_entropy_for_candidate,99,1.0,0.9595959595959596,
full,real_world,Backpack,teacher_confidence,99,1.0,0.9595959595959596,
full,real_world,Backpack,teacher_probability_margin,99,1.0,0.9595959595959596,
full,real_world,Backpack,teacher_negative_entropy,99,1.0,0.9595959595959596,
full,real_world,Batteries,centroid_class_margin,64,1.0,0.875,
full,real_world,Batteries,centroid_relative_margin,64,1.0,0.875,
full,real_world,Batteries,centroid_negative_candidate_distance,64,1.0,0.875,
full,real_world,Batteries,centroid_negative_candidate_rank,64,1.0,0.875,
full,real_world,Batteries,centroid_source_class_agreement,64,1.0,0.875,
full,real_world,Batteries,source_weight_max_for_candidate,64,1.0,0.875,
full,real_world,Batteries,source_weight_negative_entropy_for_candidate,64,1.0,0.875,
full,real_world,Batteries,teacher_confidence,64,1.0,0.875,
full,real_world,Batteries,teacher_probability_margin,64,1.0,0.875,
full,real_world,Batteries,teacher_negative_entropy,64,1.0,0.875,
full,real_world,Bed,centroid_class_margin,83,0.927710843373494,0.8072289156626506,0.7662337662337663
full,real_world,Bed,centroid_relative_margin,83,0.927710843373494,0.8072289156626506,0.7878787878787878
full,real_world,Bed,centroid_negative_candidate_distance,83,0.927710843373494,0.8072289156626506,0.5887445887445888
full,real_world,Bed,centroid_negative_candidate_rank,83,0.927710843373494,0.8072289156626506,0.5292207792207793
full,real_world,Bed,centroid_source_class_agreement,83,0.927710843373494,0.8072289156626506,0.5833333333333334
full,real_world,Bed,source_weight_max_for_candidate,83,0.927710843373494,0.8072289156626506,0.6753246753246753
full,real_world,Bed,source_weight_negative_entropy_for_candidate,83,0.927710843373494,0.8072289156626506,0.6753246753246753
full,real_world,Bed,teacher_confidence,83,0.927710843373494,0.8072289156626506,0.9134199134199135
full,real_world,Bed,teacher_probability_margin,83,0.927710843373494,0.8072289156626506,0.9134199134199135
full,real_world,Bed,teacher_negative_entropy,83,0.927710843373494,0.8072289156626506,0.9004329004329005
full,real_world,Bike,centroid_class_margin,99,1.0,0.98989898989899,
full,real_world,Bike,centroid_relative_margin,99,1.0,0.98989898989899,
full,real_world,Bike,centroid_negative_candidate_distance,99,1.0,0.98989898989899,
full,real_world,Bike,centroid_negative_candidate_rank,99,1.0,0.98989898989899,
full,real_world,Bike,centroid_source_class_agreement,99,1.0,0.98989898989899,
full,real_world,Bike,source_weight_max_for_candidate,99,1.0,0.98989898989899,
full,real_world,Bike,source_weight_negative_entropy_for_candidate,99,1.0,0.98989898989899,
full,real_world,Bike,teacher_confidence,99,1.0,0.98989898989899,
full,real_world,Bike,teacher_probability_margin,99,1.0,0.98989898989899,
full,real_world,Bike,teacher_negative_entropy,99,1.0,0.98989898989899,
full,real_world,Bottle,centroid_class_margin,78,0.717948717948718,0.41025641025641024,0.15503246753246752
full,real_world,Bottle,centroid_relative_margin,78,0.717948717948718,0.41025641025641024,0.17857142857142858
full,real_world,Bottle,centroid_negative_candidate_distance,78,0.717948717948718,0.41025641025641024,0.4090909090909091
full,real_world,Bottle,centroid_negative_candidate_rank,78,0.717948717948718,0.41025641025641024,0.3425324675324675
full,real_world,Bottle,centroid_source_class_agreement,78,0.717948717948718,0.41025641025641024,0.3887987012987013
full,real_world,Bottle,source_weight_max_for_candidate,78,0.717948717948718,0.41025641025641024,0.37987012987012986
full,real_world,Bottle,source_weight_negative_entropy_for_candidate,78,0.717948717948718,0.41025641025641024,0.32305194805194803
full,real_world,Bottle,teacher_confidence,78,0.717948717948718,0.41025641025641024,0.8068181818181818
full,real_world,Bottle,teacher_probability_margin,78,0.717948717948718,0.41025641025641024,0.823051948051948
full,real_world,Bottle,teacher_negative_entropy,78,0.717948717948718,0.41025641025641024,0.7824675324675324
full,real_world,Bucket,centroid_class_margin,80,0.875,0.6125,0.5742857142857143
full,real_world,Bucket,centroid_relative_margin,80,0.875,0.6125,0.6114285714285714
full,real_world,Bucket,centroid_negative_candidate_distance,80,0.875,0.6125,0.5442857142857143
full,real_world,Bucket,centroid_negative_candidate_rank,80,0.875,0.6125,0.555
full,real_world,Bucket,centroid_source_class_agreement,80,0.875,0.6125,0.5757142857142857
full,real_world,Bucket,source_weight_max_for_candidate,80,0.875,0.6125,0.5114285714285715
full,real_world,Bucket,source_weight_negative_entropy_for_candidate,80,0.875,0.6125,0.5071428571428571
full,real_world,Bucket,teacher_confidence,80,0.875,0.6125,0.9142857142857143
full,real_world,Bucket,teacher_probability_margin,80,0.875,0.6125,0.9257142857142857
full,real_world,Bucket,teacher_negative_entropy,80,0.875,0.6125,0.8571428571428571
full,real_world,Calculator,centroid_class_margin,73,1.0,0.9452054794520548,
full,real_world,Calculator,centroid_relative_margin,73,1.0,0.9452054794520548,
full,real_world,Calculator,centroid_negative_candidate_distance,73,1.0,0.9452054794520548,
full,real_world,Calculator,centroid_negative_candidate_rank,73,1.0,0.9452054794520548,
full,real_world,Calculator,centroid_source_class_agreement,73,1.0,0.9452054794520548,
full,real_world,Calculator,source_weight_max_for_candidate,73,1.0,0.9452054794520548,
full,real_world,Calculator,source_weight_negative_entropy_for_candidate,73,1.0,0.9452054794520548,
full,real_world,Calculator,teacher_confidence,73,1.0,0.9452054794520548,
full,real_world,Calculator,teacher_probability_margin,73,1.0,0.9452054794520548,
full,real_world,Calculator,teacher_negative_entropy,73,1.0,0.9452054794520548,
full,real_world,Calendar,centroid_class_margin,68,1.0,0.9852941176470589,
full,real_world,Calendar,centroid_relative_margin,68,1.0,0.9852941176470589,
full,real_world,Calendar,centroid_negative_candidate_distance,68,1.0,0.9852941176470589,
full,real_world,Calendar,centroid_negative_candidate_rank,68,1.0,0.9852941176470589,
full,real_world,Calendar,centroid_source_class_agreement,68,1.0,0.9852941176470589,
full,real_world,Calendar,source_weight_max_for_candidate,68,1.0,0.9852941176470589,
full,real_world,Calendar,source_weight_negative_entropy_for_candidate,68,1.0,0.9852941176470589,
full,real_world,Calendar,teacher_confidence,68,1.0,0.9852941176470589,
full,real_world,Calendar,teacher_probability_margin,68,1.0,0.9852941176470589,
full,real_world,Calendar,teacher_negative_entropy,68,1.0,0.9852941176470589,
full,real_world,Candles,centroid_class_margin,99,0.9797979797979798,0.9090909090909091,0.9175257731958762
full,real_world,Candles,centroid_relative_margin,99,0.9797979797979798,0.9090909090909091,0.9072164948453608
full,real_world,Candles,centroid_negative_candidate_distance,99,0.9797979797979798,0.9090909090909091,0.7010309278350515
full,real_world,Candles,centroid_negative_candidate_rank,99,0.9797979797979798,0.9090909090909091,0.4639175257731959
full,real_world,Candles,centroid_source_class_agreement,99,0.9797979797979798,0.9090909090909091,0.9097938144329897
full,real_world,Candles,source_weight_max_for_candidate,99,0.9797979797979798,0.9090909090909091,0.6082474226804123
full,real_world,Candles,source_weight_negative_entropy_for_candidate,99,0.9797979797979798,0.9090909090909091,0.6082474226804123
full,real_world,Candles,teacher_confidence,99,0.9797979797979798,0.9090909090909091,1.0
full,real_world,Candles,teacher_probability_margin,99,0.9797979797979798,0.9090909090909091,1.0
full,real_world,Candles,teacher_negative_entropy,99,0.9797979797979798,0.9090909090909091,1.0
full,real_world,Chair,centroid_class_margin,96,0.8854166666666666,0.5104166666666666,0.32941176470588235
full,real_world,Chair,centroid_relative_margin,96,0.8854166666666666,0.5104166666666666,0.3518716577540107
full,real_world,Chair,centroid_negative_candidate_distance,96,0.8854166666666666,0.5104166666666666,0.4385026737967914
full,real_world,Chair,centroid_negative_candidate_rank,96,0.8854166666666666,0.5104166666666666,0.3427807486631016
full,real_world,Chair,centroid_source_class_agreement,96,0.8854166666666666,0.5104166666666666,0.31871657754010696
full,real_world,Chair,source_weight_max_for_candidate,96,0.8854166666666666,0.5104166666666666,0.4663101604278075
full,real_world,Chair,source_weight_negative_entropy_for_candidate,96,0.8854166666666666,0.5104166666666666,0.4663101604278075
full,real_world,Chair,teacher_confidence,96,0.8854166666666666,0.5104166666666666,0.8727272727272727
full,real_world,Chair,teacher_probability_margin,96,0.8854166666666666,0.5104166666666666,0.8577540106951872
full,real_world,Chair,teacher_negative_entropy,96,0.8854166666666666,0.5104166666666666,0.8887700534759359
full,real_world,Clipboards,centroid_class_margin,65,0.5384615384615384,0.3384615384615385,0.6371428571428571
full,real_world,Clipboards,centroid_relative_margin,65,0.5384615384615384,0.3384615384615385,0.621904761904762
full,real_world,Clipboards,centroid_negative_candidate_distance,65,0.5384615384615384,0.3384615384615385,0.7247619047619047
full,real_world,Clipboards,centroid_negative_candidate_rank,65,0.5384615384615384,0.3384615384615385,0.6561904761904762
full,real_world,Clipboards,centroid_source_class_agreement,65,0.5384615384615384,0.3384615384615385,0.6038095238095238
full,real_world,Clipboards,source_weight_max_for_candidate,65,0.5384615384615384,0.3384615384615385,0.5085714285714286
full,real_world,Clipboards,source_weight_negative_entropy_for_candidate,65,0.5384615384615384,0.3384615384615385,0.518095238095238
full,real_world,Clipboards,teacher_confidence,65,0.5384615384615384,0.3384615384615385,0.7438095238095238
full,real_world,Clipboards,teacher_probability_margin,65,0.5384615384615384,0.3384615384615385,0.7438095238095238
full,real_world,Clipboards,teacher_negative_entropy,65,0.5384615384615384,0.3384615384615385,0.7561904761904762
full,real_world,Computer,centroid_class_margin,64,0.5,0.375,0.52734375
full,real_world,Computer,centroid_relative_margin,64,0.5,0.375,0.4638671875
full,real_world,Computer,centroid_negative_candidate_distance,64,0.5,0.375,0.32421875
full,real_world,Computer,centroid_negative_candidate_rank,64,0.5,0.375,0.568359375
full,real_world,Computer,centroid_source_class_agreement,64,0.5,0.375,0.57666015625
full,real_world,Computer,source_weight_max_for_candidate,64,0.5,0.375,0.4453125
full,real_world,Computer,source_weight_negative_entropy_for_candidate,64,0.5,0.375,0.4521484375
full,real_world,Computer,teacher_confidence,64,0.5,0.375,0.537109375
full,real_world,Computer,teacher_probability_margin,64,0.5,0.375,0.5380859375
full,real_world,Computer,teacher_negative_entropy,64,0.5,0.375,0.5498046875
full,real_world,Couch,centroid_class_margin,76,0.8289473684210527,0.6578947368421053,0.6398046398046398
full,real_world,Couch,centroid_relative_margin,76,0.8289473684210527,0.6578947368421053,0.6568986568986569
full,real_world,Couch,centroid_negative_candidate_distance,76,0.8289473684210527,0.6578947368421053,0.6068376068376068
full,real_world,Couch,centroid_negative_candidate_rank,76,0.8289473684210527,0.6578947368421053,0.6666666666666666
full,real_world,Couch,centroid_source_class_agreement,76,0.8289473684210527,0.6578947368421053,0.6611721611721612
full,real_world,Couch,source_weight_max_for_candidate,76,0.8289473684210527,0.6578947368421053,0.5433455433455433
full,real_world,Couch,source_weight_negative_entropy_for_candidate,76,0.8289473684210527,0.6578947368421053,0.5384615384615384
full,real_world,Couch,teacher_confidence,76,0.8289473684210527,0.6578947368421053,0.7838827838827839
full,real_world,Couch,teacher_probability_margin,76,0.8289473684210527,0.6578947368421053,0.7643467643467643
full,real_world,Couch,teacher_negative_entropy,76,0.8289473684210527,0.6578947368421053,0.8083028083028083
full,real_world,Curtains,centroid_class_margin,73,0.9863013698630136,0.7397260273972602,0.3472222222222222
full,real_world,Curtains,centroid_relative_margin,73,0.9863013698630136,0.7397260273972602,0.2916666666666667
full,real_world,Curtains,centroid_negative_candidate_distance,73,0.9863013698630136,0.7397260273972602,0.20833333333333334
full,real_world,Curtains,centroid_negative_candidate_rank,73,0.9863013698630136,0.7397260273972602,0.375
full,real_world,Curtains,centroid_source_class_agreement,73,0.9863013698630136,0.7397260273972602,0.875
full,real_world,Curtains,source_weight_max_for_candidate,73,0.9863013698630136,0.7397260273972602,0.2638888888888889
full,real_world,Curtains,source_weight_negative_entropy_for_candidate,73,0.9863013698630136,0.7397260273972602,0.2638888888888889
full,real_world,Curtains,teacher_confidence,73,0.9863013698630136,0.7397260273972602,0.9444444444444444
full,real_world,Curtains,teacher_probability_margin,73,0.9863013698630136,0.7397260273972602,0.9583333333333334
full,real_world,Curtains,teacher_negative_entropy,73,0.9863013698630136,0.7397260273972602,0.8611111111111112
full,real_world,Desk_Lamp,centroid_class_margin,62,0.7258064516129032,0.5967741935483871,0.7084967320261438
full,real_world,Desk_Lamp,centroid_relative_margin,62,0.7258064516129032,0.5967741935483871,0.7607843137254902
full,real_world,Desk_Lamp,centroid_negative_candidate_distance,62,0.7258064516129032,0.5967741935483871,0.722875816993464
full,real_world,Desk_Lamp,centroid_negative_candidate_rank,62,0.7258064516129032,0.5967741935483871,0.6836601307189543
full,real_world,Desk_Lamp,centroid_source_class_agreement,62,0.7258064516129032,0.5967741935483871,0.5777777777777777
full,real_world,Desk_Lamp,source_weight_max_for_candidate,62,0.7258064516129032,0.5967741935483871,0.673202614379085
full,real_world,Desk_Lamp,source_weight_negative_entropy_for_candidate,62,0.7258064516129032,0.5967741935483871,0.6797385620915033
full,real_world,Desk_Lamp,teacher_confidence,62,0.7258064516129032,0.5967741935483871,0.6666666666666666
full,real_world,Desk_Lamp,teacher_probability_margin,62,0.7258064516129032,0.5967741935483871,0.665359477124183
full,real_world,Desk_Lamp,teacher_negative_entropy,62,0.7258064516129032,0.5967741935483871,0.681045751633987
full,real_world,Drill,centroid_class_margin,51,0.6666666666666666,0.5294117647058824,0.8581314878892734
full,real_world,Drill,centroid_relative_margin,51,0.6666666666666666,0.5294117647058824,0.8494809688581315
full,real_world,Drill,centroid_negative_candidate_distance,51,0.6666666666666666,0.5294117647058824,0.6228373702422145
full,real_world,Drill,centroid_negative_candidate_rank,51,0.6666666666666666,0.5294117647058824,0.7474048442906575
full,real_world,Drill,centroid_source_class_agreement,51,0.6666666666666666,0.5294117647058824,0.8901384083044983
full,real_world,Drill,source_weight_max_for_candidate,51,0.6666666666666666,0.5294117647058824,0.7491349480968859
full,real_world,Drill,source_weight_negative_entropy_for_candidate,51,0.6666666666666666,0.5294117647058824,0.7474048442906575
full,real_world,Drill,teacher_confidence,51,0.6666666666666666,0.5294117647058824,0.8979238754325259
full,real_world,Drill,teacher_probability_margin,51,0.6666666666666666,0.5294117647058824,0.856401384083045
full,real_world,Drill,teacher_negative_entropy,51,0.6666666666666666,0.5294117647058824,0.8979238754325259
full,real_world,Eraser,centroid_class_margin,43,0.5813953488372093,0.37209302325581395,0.7088888888888889
full,real_world,Eraser,centroid_relative_margin,43,0.5813953488372093,0.37209302325581395,0.6888888888888889
full,real_world,Eraser,centroid_negative_candidate_distance,43,0.5813953488372093,0.37209302325581395,0.38
full,real_world,Eraser,centroid_negative_candidate_rank,43,0.5813953488372093,0.37209302325581395,0.6922222222222222
full,real_world,Eraser,centroid_source_class_agreement,43,0.5813953488372093,0.37209302325581395,0.74
full,real_world,Eraser,source_weight_max_for_candidate,43,0.5813953488372093,0.37209302325581395,0.5111111111111111
full,real_world,Eraser,source_weight_negative_entropy_for_candidate,43,0.5813953488372093,0.37209302325581395,0.5111111111111111
full,real_world,Eraser,teacher_confidence,43,0.5813953488372093,0.37209302325581395,0.8866666666666667
full,real_world,Eraser,teacher_probability_margin,43,0.5813953488372093,0.37209302325581395,0.8666666666666667
full,real_world,Eraser,teacher_negative_entropy,43,0.5813953488372093,0.37209302325581395,0.8711111111111111
full,real_world,Exit_Sign,centroid_class_margin,81,1.0,0.9629629629629629,
full,real_world,Exit_Sign,centroid_relative_margin,81,1.0,0.9629629629629629,
full,real_world,Exit_Sign,centroid_negative_candidate_distance,81,1.0,0.9629629629629629,
full,real_world,Exit_Sign,centroid_negative_candidate_rank,81,1.0,0.9629629629629629,
full,real_world,Exit_Sign,centroid_source_class_agreement,81,1.0,0.9629629629629629,
full,real_world,Exit_Sign,source_weight_max_for_candidate,81,1.0,0.9629629629629629,
full,real_world,Exit_Sign,source_weight_negative_entropy_for_candidate,81,1.0,0.9629629629629629,
full,real_world,Exit_Sign,teacher_confidence,81,1.0,0.9629629629629629,
full,real_world,Exit_Sign,teacher_probability_margin,81,1.0,0.9629629629629629,
full,real_world,Exit_Sign,teacher_negative_entropy,81,1.0,0.9629629629629629,
full,real_world,Fan,centroid_class_margin,60,0.8666666666666667,0.5166666666666667,0.8028846153846154
full,real_world,Fan,centroid_relative_margin,60,0.8666666666666667,0.5166666666666667,0.7956730769230769
full,real_world,Fan,centroid_negative_candidate_distance,60,0.8666666666666667,0.5166666666666667,0.65625
full,real_world,Fan,centroid_negative_candidate_rank,60,0.8666666666666667,0.5166666666666667,0.7944711538461539
full,real_world,Fan,centroid_source_class_agreement,60,0.8666666666666667,0.5166666666666667,0.6814903846153846
full,real_world,Fan,source_weight_max_for_candidate,60,0.8666666666666667,0.5166666666666667,0.7283653846153846
full,real_world,Fan,source_weight_negative_entropy_for_candidate,60,0.8666666666666667,0.5166666666666667,0.7235576923076923
full,real_world,Fan,teacher_confidence,60,0.8666666666666667,0.5166666666666667,0.9182692307692307
full,real_world,Fan,teacher_probability_margin,60,0.8666666666666667,0.5166666666666667,0.90625
full,real_world,Fan,teacher_negative_entropy,60,0.8666666666666667,0.5166666666666667,0.9086538461538461
full,real_world,File_Cabinet,centroid_class_margin,58,0.8448275862068966,0.8275862068965517,0.9160997732426304
full,real_world,File_Cabinet,centroid_relative_margin,58,0.8448275862068966,0.8275862068965517,0.9410430839002267
full,real_world,File_Cabinet,centroid_negative_candidate_distance,58,0.8448275862068966,0.8275862068965517,0.7505668934240363
full,real_world,File_Cabinet,centroid_negative_candidate_rank,58,0.8448275862068966,0.8275862068965517,0.8061224489795918
full,real_world,File_Cabinet,centroid_source_class_agreement,58,0.8448275862068966,0.8275862068965517,0.8367346938775511
full,real_world,File_Cabinet,source_weight_max_for_candidate,58,0.8448275862068966,0.8275862068965517,0.5918367346938775
full,real_world,File_Cabinet,source_weight_negative_entropy_for_candidate,58,0.8448275862068966,0.8275862068965517,0.5895691609977324
full,real_world,File_Cabinet,teacher_confidence,58,0.8448275862068966,0.8275862068965517,0.8684807256235828
full,real_world,File_Cabinet,teacher_probability_margin,58,0.8448275862068966,0.8275862068965517,0.8503401360544217
full,real_world,File_Cabinet,teacher_negative_entropy,58,0.8448275862068966,0.8275862068965517,0.8888888888888888
full,real_world,Flipflops,centroid_class_margin,85,0.9764705882352941,0.7058823529411765,0.6385542168674698
full,real_world,Flipflops,centroid_relative_margin,85,0.9764705882352941,0.7058823529411765,0.5903614457831325
full,real_world,Flipflops,centroid_negative_candidate_distance,85,0.9764705882352941,0.7058823529411765,0.7048192771084337
full,real_world,Flipflops,centroid_negative_candidate_rank,85,0.9764705882352941,0.7058823529411765,0.6506024096385542
full,real_world,Flipflops,centroid_source_class_agreement,85,0.9764705882352941,0.7058823529411765,0.49096385542168675
full,real_world,Flipflops,source_weight_max_for_candidate,85,0.9764705882352941,0.7058823529411765,0.6867469879518072
full,real_world,Flipflops,source_weight_negative_entropy_for_candidate,85,0.9764705882352941,0.7058823529411765,0.6686746987951807
full,real_world,Flipflops,teacher_confidence,85,0.9764705882352941,0.7058823529411765,0.9759036144578314
full,real_world,Flipflops,teacher_probability_margin,85,0.9764705882352941,0.7058823529411765,0.9698795180722891
full,real_world,Flipflops,teacher_negative_entropy,85,0.9764705882352941,0.7058823529411765,0.9578313253012049
full,real_world,Flowers,centroid_class_margin,75,1.0,1.0,
full,real_world,Flowers,centroid_relative_margin,75,1.0,1.0,
full,real_world,Flowers,centroid_negative_candidate_distance,75,1.0,1.0,
full,real_world,Flowers,centroid_negative_candidate_rank,75,1.0,1.0,
full,real_world,Flowers,centroid_source_class_agreement,75,1.0,1.0,
full,real_world,Flowers,source_weight_max_for_candidate,75,1.0,1.0,
full,real_world,Flowers,source_weight_negative_entropy_for_candidate,75,1.0,1.0,
full,real_world,Flowers,teacher_confidence,75,1.0,1.0,
full,real_world,Flowers,teacher_probability_margin,75,1.0,1.0,
full,real_world,Flowers,teacher_negative_entropy,75,1.0,1.0,
full,real_world,Folder,centroid_class_margin,57,0.631578947368421,0.5614035087719298,0.7896825396825397
full,real_world,Folder,centroid_relative_margin,57,0.631578947368421,0.5614035087719298,0.7976190476190477
full,real_world,Folder,centroid_negative_candidate_distance,57,0.631578947368421,0.5614035087719298,0.7513227513227513
full,real_world,Folder,centroid_negative_candidate_rank,57,0.631578947368421,0.5614035087719298,0.7870370370370371
full,real_world,Folder,centroid_source_class_agreement,57,0.631578947368421,0.5614035087719298,0.8591269841269841
full,real_world,Folder,source_weight_max_for_candidate,57,0.631578947368421,0.5614035087719298,0.5912698412698413
full,real_world,Folder,source_weight_negative_entropy_for_candidate,57,0.631578947368421,0.5614035087719298,0.5873015873015873
full,real_world,Folder,teacher_confidence,57,0.631578947368421,0.5614035087719298,0.8267195767195767
full,real_world,Folder,teacher_probability_margin,57,0.631578947368421,0.5614035087719298,0.843915343915344
full,real_world,Folder,teacher_negative_entropy,57,0.631578947368421,0.5614035087719298,0.7195767195767195
full,real_world,Fork,centroid_class_margin,36,0.75,0.6111111111111112,0.6584362139917695
full,real_world,Fork,centroid_relative_margin,36,0.75,0.6111111111111112,0.7078189300411523
full,real_world,Fork,centroid_negative_candidate_distance,36,0.75,0.6111111111111112,0.5596707818930041
full,real_world,Fork,centroid_negative_candidate_rank,36,0.75,0.6111111111111112,0.6378600823045267
full,real_world,Fork,centroid_source_class_agreement,36,0.75,0.6111111111111112,0.5802469135802469
full,real_world,Fork,source_weight_max_for_candidate,36,0.75,0.6111111111111112,0.588477366255144
full,real_world,Fork,source_weight_negative_entropy_for_candidate,36,0.75,0.6111111111111112,0.5843621399176955
full,real_world,Fork,teacher_confidence,36,0.75,0.6111111111111112,0.8683127572016461
full,real_world,Fork,teacher_probability_margin,36,0.75,0.6111111111111112,0.8477366255144033
full,real_world,Fork,teacher_negative_entropy,36,0.75,0.6111111111111112,0.8724279835390947
full,real_world,Glasses,centroid_class_margin,60,1.0,0.8833333333333333,
full,real_world,Glasses,centroid_relative_margin,60,1.0,0.8833333333333333,
full,real_world,Glasses,centroid_negative_candidate_distance,60,1.0,0.8833333333333333,
full,real_world,Glasses,centroid_negative_candidate_rank,60,1.0,0.8833333333333333,
full,real_world,Glasses,centroid_source_class_agreement,60,1.0,0.8833333333333333,
full,real_world,Glasses,source_weight_max_for_candidate,60,1.0,0.8833333333333333,
full,real_world,Glasses,source_weight_negative_entropy_for_candidate,60,1.0,0.8833333333333333,
full,real_world,Glasses,teacher_confidence,60,1.0,0.8833333333333333,
full,real_world,Glasses,teacher_probability_margin,60,1.0,0.8833333333333333,
full,real_world,Glasses,teacher_negative_entropy,60,1.0,0.8833333333333333,
full,real_world,Hammer,centroid_class_margin,52,0.7692307692307693,0.4230769230769231,0.575
full,real_world,Hammer,centroid_relative_margin,52,0.7692307692307693,0.4230769230769231,0.55625
full,real_world,Hammer,centroid_negative_candidate_distance,52,0.7692307692307693,0.4230769230769231,0.5375
full,real_world,Hammer,centroid_negative_candidate_rank,52,0.7692307692307693,0.4230769230769231,0.5927083333333333
full,real_world,Hammer,centroid_source_class_agreement,52,0.7692307692307693,0.4230769230769231,0.7
full,real_world,Hammer,source_weight_max_for_candidate,52,0.7692307692307693,0.4230769230769231,0.4041666666666667
full,real_world,Hammer,source_weight_negative_entropy_for_candidate,52,0.7692307692307693,0.4230769230769231,0.375
full,real_world,Hammer,teacher_confidence,52,0.7692307692307693,0.4230769230769231,0.9291666666666667
full,real_world,Hammer,teacher_probability_margin,52,0.7692307692307693,0.4230769230769231,0.9229166666666667
full,real_world,Hammer,teacher_negative_entropy,52,0.7692307692307693,0.4230769230769231,0.9083333333333333
full,real_world,Helmet,centroid_class_margin,60,0.95,0.8166666666666667,0.8538011695906432
full,real_world,Helmet,centroid_relative_margin,60,0.95,0.8166666666666667,0.8362573099415205
full,real_world,Helmet,centroid_negative_candidate_distance,60,0.95,0.8166666666666667,0.5847953216374269
full,real_world,Helmet,centroid_negative_candidate_rank,60,0.95,0.8166666666666667,0.6052631578947368
full,real_world,Helmet,centroid_source_class_agreement,60,0.95,0.8166666666666667,0.6286549707602339
full,real_world,Helmet,source_weight_max_for_candidate,60,0.95,0.8166666666666667,0.8596491228070176
full,real_world,Helmet,source_weight_negative_entropy_for_candidate,60,0.95,0.8166666666666667,0.8538011695906432
full,real_world,Helmet,teacher_confidence,60,0.95,0.8166666666666667,0.9941520467836257
full,real_world,Helmet,teacher_probability_margin,60,0.95,0.8166666666666667,1.0
full,real_world,Helmet,teacher_negative_entropy,60,0.95,0.8166666666666667,0.9883040935672515
full,real_world,Kettle,centroid_class_margin,72,0.875,0.7361111111111112,0.9223985890652557
full,real_world,Kettle,centroid_relative_margin,72,0.875,0.7361111111111112,0.9241622574955908
full,real_world,Kettle,centroid_negative_candidate_distance,72,0.875,0.7361111111111112,0.6049382716049383
full,real_world,Kettle,centroid_negative_candidate_rank,72,0.875,0.7361111111111112,0.8527336860670194
full,real_world,Kettle,centroid_source_class_agreement,72,0.875,0.7361111111111112,0.7857142857142857
full,real_world,Kettle,source_weight_max_for_candidate,72,0.875,0.7361111111111112,0.7054673721340388
full,real_world,Kettle,source_weight_negative_entropy_for_candidate,72,0.875,0.7361111111111112,0.7195767195767195
full,real_world,Kettle,teacher_confidence,72,0.875,0.7361111111111112,0.8589065255731922
full,real_world,Kettle,teacher_probability_margin,72,0.875,0.7361111111111112,0.8571428571428571
full,real_world,Kettle,teacher_negative_entropy,72,0.875,0.7361111111111112,0.8659611992945326
full,real_world,Keyboard,centroid_class_margin,75,0.96,0.8266666666666667,0.6805555555555556
full,real_world,Keyboard,centroid_relative_margin,75,0.96,0.8266666666666667,0.6203703703703703
full,real_world,Keyboard,centroid_negative_candidate_distance,75,0.96,0.8266666666666667,0.3148148148148148
full,real_world,Keyboard,centroid_negative_candidate_rank,75,0.96,0.8266666666666667,0.5949074074074074
full,real_world,Keyboard,centroid_source_class_agreement,75,0.96,0.8266666666666667,0.9375
full,real_world,Keyboard,source_weight_max_for_candidate,75,0.96,0.8266666666666667,0.5138888888888888
full,real_world,Keyboard,source_weight_negative_entropy_for_candidate,75,0.96,0.8266666666666667,0.5185185185185185
full,real_world,Keyboard,teacher_confidence,75,0.96,0.8266666666666667,0.9861111111111112
full,real_world,Keyboard,teacher_probability_margin,75,0.96,0.8266666666666667,0.9861111111111112
full,real_world,Keyboard,teacher_negative_entropy,75,0.96,0.8266666666666667,0.9398148148148148
full,real_world,Knives,centroid_class_margin,83,0.9036144578313253,0.9156626506024096,0.9766666666666667
full,real_world,Knives,centroid_relative_margin,83,0.9036144578313253,0.9156626506024096,0.9666666666666667
full,real_world,Knives,centroid_negative_candidate_distance,83,0.9036144578313253,0.9156626506024096,0.46
full,real_world,Knives,centroid_negative_candidate_rank,83,0.9036144578313253,0.9156626506024096,0.8516666666666667
full,real_world,Knives,centroid_source_class_agreement,83,0.9036144578313253,0.9156626506024096,0.9741666666666666
full,real_world,Knives,source_weight_max_for_candidate,83,0.9036144578313253,0.9156626506024096,0.7466666666666667
full,real_world,Knives,source_weight_negative_entropy_for_candidate,83,0.9036144578313253,0.9156626506024096,0.7616666666666667
full,real_world,Knives,teacher_confidence,83,0.9036144578313253,0.9156626506024096,0.9066666666666666
full,real_world,Knives,teacher_probability_margin,83,0.9036144578313253,0.9156626506024096,0.89
full,real_world,Knives,teacher_negative_entropy,83,0.9036144578313253,0.9156626506024096,0.9283333333333333
full,real_world,Lamp_Shade,centroid_class_margin,78,0.8717948717948718,0.5769230769230769,0.5808823529411765
full,real_world,Lamp_Shade,centroid_relative_margin,78,0.8717948717948718,0.5769230769230769,0.6073529411764705
full,real_world,Lamp_Shade,centroid_negative_candidate_distance,78,0.8717948717948718,0.5769230769230769,0.5676470588235294
full,real_world,Lamp_Shade,centroid_negative_candidate_rank,78,0.8717948717948718,0.5769230769230769,0.5801470588235295
full,real_world,Lamp_Shade,centroid_source_class_agreement,78,0.8717948717948718,0.5769230769230769,0.5676470588235294
full,real_world,Lamp_Shade,source_weight_max_for_candidate,78,0.8717948717948718,0.5769230769230769,0.4426470588235294
full,real_world,Lamp_Shade,source_weight_negative_entropy_for_candidate,78,0.8717948717948718,0.5769230769230769,0.45
full,real_world,Lamp_Shade,teacher_confidence,78,0.8717948717948718,0.5769230769230769,0.8382352941176471
full,real_world,Lamp_Shade,teacher_probability_margin,78,0.8717948717948718,0.5769230769230769,0.8308823529411765
full,real_world,Lamp_Shade,teacher_negative_entropy,78,0.8717948717948718,0.5769230769230769,0.8470588235294118
full,real_world,Laptop,centroid_class_margin,67,0.9253731343283582,0.9104477611940298,0.8580645161290322
full,real_world,Laptop,centroid_relative_margin,67,0.9253731343283582,0.9104477611940298,0.7870967741935484
full,real_world,Laptop,centroid_negative_candidate_distance,67,0.9253731343283582,0.9104477611940298,0.635483870967742
full,real_world,Laptop,centroid_negative_candidate_rank,67,0.9253731343283582,0.9104477611940298,0.7741935483870968
full,real_world,Laptop,centroid_source_class_agreement,67,0.9253731343283582,0.9104477611940298,0.9258064516129032
full,real_world,Laptop,source_weight_max_for_candidate,67,0.9253731343283582,0.9104477611940298,0.5129032258064516
full,real_world,Laptop,source_weight_negative_entropy_for_candidate,67,0.9253731343283582,0.9104477611940298,0.5032258064516129
full,real_world,Laptop,teacher_confidence,67,0.9253731343283582,0.9104477611940298,0.9483870967741935
full,real_world,Laptop,teacher_probability_margin,67,0.9253731343283582,0.9104477611940298,0.9419354838709677
full,real_world,Laptop,teacher_negative_entropy,67,0.9253731343283582,0.9104477611940298,0.9258064516129032
full,real_world,Marker,centroid_class_margin,23,0.17391304347826086,0.21739130434782608,0.4342105263157895
full,real_world,Marker,centroid_relative_margin,23,0.17391304347826086,0.21739130434782608,0.4605263157894737
full,real_world,Marker,centroid_negative_candidate_distance,23,0.17391304347826086,0.21739130434782608,0.39473684210526316
full,real_world,Marker,centroid_negative_candidate_rank,23,0.17391304347826086,0.21739130434782608,0.4276315789473684
full,real_world,Marker,centroid_source_class_agreement,23,0.17391304347826086,0.21739130434782608,0.6052631578947368
full,real_world,Marker,source_weight_max_for_candidate,23,0.17391304347826086,0.21739130434782608,0.15789473684210525
full,real_world,Marker,source_weight_negative_entropy_for_candidate,23,0.17391304347826086,0.21739130434782608,0.17105263157894737
full,real_world,Marker,teacher_confidence,23,0.17391304347826086,0.21739130434782608,0.27631578947368424
full,real_world,Marker,teacher_probability_margin,23,0.17391304347826086,0.21739130434782608,0.3157894736842105
full,real_world,Marker,teacher_negative_entropy,23,0.17391304347826086,0.21739130434782608,0.2631578947368421
full,real_world,Monitor,centroid_class_margin,71,0.6338028169014085,0.23943661971830985,0.37777777777777777
full,real_world,Monitor,centroid_relative_margin,71,0.6338028169014085,0.23943661971830985,0.41452991452991456
full,real_world,Monitor,centroid_negative_candidate_distance,71,0.6338028169014085,0.23943661971830985,0.5615384615384615
full,real_world,Monitor,centroid_negative_candidate_rank,71,0.6338028169014085,0.23943661971830985,0.37905982905982905
full,real_world,Monitor,centroid_source_class_agreement,71,0.6338028169014085,0.23943661971830985,0.382051282051282
full,real_world,Monitor,source_weight_max_for_candidate,71,0.6338028169014085,0.23943661971830985,0.6247863247863248
full,real_world,Monitor,source_weight_negative_entropy_for_candidate,71,0.6338028169014085,0.23943661971830985,0.6333333333333333
full,real_world,Monitor,teacher_confidence,71,0.6338028169014085,0.23943661971830985,0.7692307692307693
full,real_world,Monitor,teacher_probability_margin,71,0.6338028169014085,0.23943661971830985,0.7803418803418803
full,real_world,Monitor,teacher_negative_entropy,71,0.6338028169014085,0.23943661971830985,0.7444444444444445
full,real_world,Mop,centroid_class_margin,46,0.7391304347826086,0.3695652173913043,0.4632352941176471
full,real_world,Mop,centroid_relative_margin,46,0.7391304347826086,0.3695652173913043,0.49754901960784315
full,real_world,Mop,centroid_negative_candidate_distance,46,0.7391304347826086,0.3695652173913043,0.4681372549019608
full,real_world,Mop,centroid_negative_candidate_rank,46,0.7391304347826086,0.3695652173913043,0.41911764705882354
full,real_world,Mop,centroid_source_class_agreement,46,0.7391304347826086,0.3695652173913043,0.38235294117647056
full,real_world,Mop,source_weight_max_for_candidate,46,0.7391304347826086,0.3695652173913043,0.44362745098039214
full,real_world,Mop,source_weight_negative_entropy_for_candidate,46,0.7391304347826086,0.3695652173913043,0.44362745098039214
full,real_world,Mop,teacher_confidence,46,0.7391304347826086,0.3695652173913043,0.8308823529411765
full,real_world,Mop,teacher_probability_margin,46,0.7391304347826086,0.3695652173913043,0.8406862745098039
full,real_world,Mop,teacher_negative_entropy,46,0.7391304347826086,0.3695652173913043,0.8112745098039216
full,real_world,Mouse,centroid_class_margin,60,0.9,0.7833333333333333,0.9351851851851852
full,real_world,Mouse,centroid_relative_margin,60,0.9,0.7833333333333333,0.9351851851851852
full,real_world,Mouse,centroid_negative_candidate_distance,60,0.9,0.7833333333333333,0.6574074074074074
full,real_world,Mouse,centroid_negative_candidate_rank,60,0.9,0.7833333333333333,0.8734567901234568
full,real_world,Mouse,centroid_source_class_agreement,60,0.9,0.7833333333333333,0.8441358024691358
full,real_world,Mouse,source_weight_max_for_candidate,60,0.9,0.7833333333333333,0.7962962962962963
full,real_world,Mouse,source_weight_negative_entropy_for_candidate,60,0.9,0.7833333333333333,0.7993827160493827
full,real_world,Mouse,teacher_confidence,60,0.9,0.7833333333333333,0.8672839506172839
full,real_world,Mouse,teacher_probability_margin,60,0.9,0.7833333333333333,0.8487654320987654
full,real_world,Mouse,teacher_negative_entropy,60,0.9,0.7833333333333333,0.8580246913580247
full,real_world,Mug,centroid_class_margin,58,0.8620689655172413,0.8275862068965517,0.8675
full,real_world,Mug,centroid_relative_margin,58,0.8620689655172413,0.8275862068965517,0.88
full,real_world,Mug,centroid_negative_candidate_distance,58,0.8620689655172413,0.8275862068965517,0.665
full,real_world,Mug,centroid_negative_candidate_rank,58,0.8620689655172413,0.8275862068965517,0.78125
full,real_world,Mug,centroid_source_class_agreement,58,0.8620689655172413,0.8275862068965517,0.8825
full,real_world,Mug,source_weight_max_for_candidate,58,0.8620689655172413,0.8275862068965517,0.4875
full,real_world,Mug,source_weight_negative_entropy_for_candidate,58,0.8620689655172413,0.8275862068965517,0.49
full,real_world,Mug,teacher_confidence,58,0.8620689655172413,0.8275862068965517,0.91
full,real_world,Mug,teacher_probability_margin,58,0.8620689655172413,0.8275862068965517,0.905
full,real_world,Mug,teacher_negative_entropy,58,0.8620689655172413,0.8275862068965517,0.9125
full,real_world,Notebook,centroid_class_margin,68,0.6911764705882353,0.4852941176470588,0.6139817629179332
full,real_world,Notebook,centroid_relative_margin,68,0.6911764705882353,0.4852941176470588,0.6119554204660588
full,real_world,Notebook,centroid_negative_candidate_distance,68,0.6911764705882353,0.4852941176470588,0.4457953394123607
full,real_world,Notebook,centroid_negative_candidate_rank,68,0.6911764705882353,0.4852941176470588,0.6504559270516718
full,real_world,Notebook,centroid_source_class_agreement,68,0.6911764705882353,0.4852941176470588,0.9118541033434651
full,real_world,Notebook,source_weight_max_for_candidate,68,0.6911764705882353,0.4852941176470588,0.3829787234042553
full,real_world,Notebook,source_weight_negative_entropy_for_candidate,68,0.6911764705882353,0.4852941176470588,0.3860182370820669
full,real_world,Notebook,teacher_confidence,68,0.6911764705882353,0.4852941176470588,0.8743667679837892
full,real_world,Notebook,teacher_probability_margin,68,0.6911764705882353,0.4852941176470588,0.8763931104356636
full,real_world,Notebook,teacher_negative_entropy,68,0.6911764705882353,0.4852941176470588,0.8257345491388045
full,real_world,Oven,centroid_class_margin,64,0.84375,0.546875,0.6481481481481481
full,real_world,Oven,centroid_relative_margin,64,0.84375,0.546875,0.6296296296296297
full,real_world,Oven,centroid_negative_candidate_distance,64,0.84375,0.546875,0.6
full,real_world,Oven,centroid_negative_candidate_rank,64,0.84375,0.546875,0.5453703703703704
full,real_world,Oven,centroid_source_class_agreement,64,0.84375,0.546875,0.6638888888888889
full,real_world,Oven,source_weight_max_for_candidate,64,0.84375,0.546875,0.5259259259259259
full,real_world,Oven,source_weight_negative_entropy_for_candidate,64,0.84375,0.546875,0.5092592592592593
full,real_world,Oven,teacher_confidence,64,0.84375,0.546875,0.8518518518518519
full,real_world,Oven,teacher_probability_margin,64,0.84375,0.546875,0.8648148148148148
full,real_world,Oven,teacher_negative_entropy,64,0.84375,0.546875,0.8444444444444444
full,real_world,Pan,centroid_class_margin,30,0.6666666666666666,0.8,0.91
full,real_world,Pan,centroid_relative_margin,30,0.6666666666666666,0.8,0.89
full,real_world,Pan,centroid_negative_candidate_distance,30,0.6666666666666666,0.8,0.695
full,real_world,Pan,centroid_negative_candidate_rank,30,0.6666666666666666,0.8,0.92
full,real_world,Pan,centroid_source_class_agreement,30,0.6666666666666666,0.8,0.965
full,real_world,Pan,source_weight_max_for_candidate,30,0.6666666666666666,0.8,0.71
full,real_world,Pan,source_weight_negative_entropy_for_candidate,30,0.6666666666666666,0.8,0.725
full,real_world,Pan,teacher_confidence,30,0.6666666666666666,0.8,1.0
full,real_world,Pan,teacher_probability_margin,30,0.6666666666666666,0.8,0.985
full,real_world,Pan,teacher_negative_entropy,30,0.6666666666666666,0.8,0.975
full,real_world,Paper_Clip,centroid_class_margin,68,0.6617647058823529,0.6323529411764706,0.885024154589372
full,real_world,Paper_Clip,centroid_relative_margin,68,0.6617647058823529,0.6323529411764706,0.8657004830917875
full,real_world,Paper_Clip,centroid_negative_candidate_distance,68,0.6617647058823529,0.6323529411764706,0.6734299516908212
full,real_world,Paper_Clip,centroid_negative_candidate_rank,68,0.6617647058823529,0.6323529411764706,0.8376811594202899
full,real_world,Paper_Clip,centroid_source_class_agreement,68,0.6617647058823529,0.6323529411764706,0.8946859903381642
full,real_world,Paper_Clip,source_weight_max_for_candidate,68,0.6617647058823529,0.6323529411764706,0.5594202898550724
full,real_world,Paper_Clip,source_weight_negative_entropy_for_candidate,68,0.6617647058823529,0.6323529411764706,0.5371980676328503
full,real_world,Paper_Clip,teacher_confidence,68,0.6617647058823529,0.6323529411764706,0.9091787439613527
full,real_world,Paper_Clip,teacher_probability_margin,68,0.6617647058823529,0.6323529411764706,0.9111111111111111
full,real_world,Paper_Clip,teacher_negative_entropy,68,0.6617647058823529,0.6323529411764706,0.8908212560386474
full,real_world,Pen,centroid_class_margin,65,0.8923076923076924,0.8,0.6600985221674877
full,real_world,Pen,centroid_relative_margin,65,0.8923076923076924,0.8,0.6625615763546798
full,real_world,Pen,centroid_negative_candidate_distance,65,0.8923076923076924,0.8,0.645320197044335
full,real_world,Pen,centroid_negative_candidate_rank,65,0.8923076923076924,0.8,0.5886699507389163
full,real_world,Pen,centroid_source_class_agreement,65,0.8923076923076924,0.8,0.8189655172413793
full,real_world,Pen,source_weight_max_for_candidate,65,0.8923076923076924,0.8,0.7019704433497537
full,real_world,Pen,source_weight_negative_entropy_for_candidate,65,0.8923076923076924,0.8,0.687192118226601
full,real_world,Pen,teacher_confidence,65,0.8923076923076924,0.8,0.9187192118226601
full,real_world,Pen,teacher_probability_margin,65,0.8923076923076924,0.8,0.8916256157635468
full,real_world,Pen,teacher_negative_entropy,65,0.8923076923076924,0.8,0.9187192118226601
full,real_world,Pencil,centroid_class_margin,59,0.6440677966101694,0.4576271186440678,0.6904761904761905
full,real_world,Pencil,centroid_relative_margin,59,0.6440677966101694,0.4576271186440678,0.6591478696741855
full,real_world,Pencil,centroid_negative_candidate_distance,59,0.6440677966101694,0.4576271186440678,0.4974937343358396
full,real_world,Pencil,centroid_negative_candidate_rank,59,0.6440677966101694,0.4576271186440678,0.649749373433584
full,real_world,Pencil,centroid_source_class_agreement,59,0.6440677966101694,0.4576271186440678,0.7111528822055138
full,real_world,Pencil,source_weight_max_for_candidate,59,0.6440677966101694,0.4576271186440678,0.3157894736842105
full,real_world,Pencil,source_weight_negative_entropy_for_candidate,59,0.6440677966101694,0.4576271186440678,0.3333333333333333
full,real_world,Pencil,teacher_confidence,59,0.6440677966101694,0.4576271186440678,0.6466165413533834
full,real_world,Pencil,teacher_probability_margin,59,0.6440677966101694,0.4576271186440678,0.6553884711779449
full,real_world,Pencil,teacher_negative_entropy,59,0.6440677966101694,0.4576271186440678,0.6265664160401002
full,real_world,Postit_Notes,centroid_class_margin,67,0.8507462686567164,0.6567164179104478,0.8035087719298246
full,real_world,Postit_Notes,centroid_relative_margin,67,0.8507462686567164,0.6567164179104478,0.8
full,real_world,Postit_Notes,centroid_negative_candidate_distance,67,0.8507462686567164,0.6567164179104478,0.3157894736842105
full,real_world,Postit_Notes,centroid_negative_candidate_rank,67,0.8507462686567164,0.6567164179104478,0.7421052631578947
full,real_world,Postit_Notes,centroid_source_class_agreement,67,0.8507462686567164,0.6567164179104478,0.6789473684210526
full,real_world,Postit_Notes,source_weight_max_for_candidate,67,0.8507462686567164,0.6567164179104478,0.7771929824561403
full,real_world,Postit_Notes,source_weight_negative_entropy_for_candidate,67,0.8507462686567164,0.6567164179104478,0.787719298245614
full,real_world,Postit_Notes,teacher_confidence,67,0.8507462686567164,0.6567164179104478,0.9754385964912281
full,real_world,Postit_Notes,teacher_probability_margin,67,0.8507462686567164,0.6567164179104478,0.9631578947368421
full,real_world,Postit_Notes,teacher_negative_entropy,67,0.8507462686567164,0.6567164179104478,0.9578947368421052
full,real_world,Printer,centroid_class_margin,52,0.9423076923076923,0.9615384615384616,0.9931972789115646
full,real_world,Printer,centroid_relative_margin,52,0.9423076923076923,0.9615384615384616,0.9931972789115646
full,real_world,Printer,centroid_negative_candidate_distance,52,0.9423076923076923,0.9615384615384616,0.6598639455782312
full,real_world,Printer,centroid_negative_candidate_rank,52,0.9423076923076923,0.9615384615384616,0.9965986394557823
full,real_world,Printer,centroid_source_class_agreement,52,0.9423076923076923,0.9615384615384616,0.8231292517006803
full,real_world,Printer,source_weight_max_for_candidate,52,0.9423076923076923,0.9615384615384616,0.6326530612244898
full,real_world,Printer,source_weight_negative_entropy_for_candidate,52,0.9423076923076923,0.9615384615384616,0.6326530612244898
full,real_world,Printer,teacher_confidence,52,0.9423076923076923,0.9615384615384616,0.9591836734693877
full,real_world,Printer,teacher_probability_margin,52,0.9423076923076923,0.9615384615384616,0.9387755102040817
full,real_world,Printer,teacher_negative_entropy,52,0.9423076923076923,0.9615384615384616,0.9455782312925171
full,real_world,Push_Pin,centroid_class_margin,53,0.9056603773584906,0.7358490566037735,0.825
full,real_world,Push_Pin,centroid_relative_margin,53,0.9056603773584906,0.7358490566037735,0.8083333333333333
full,real_world,Push_Pin,centroid_negative_candidate_distance,53,0.9056603773584906,0.7358490566037735,0.8041666666666667
full,real_world,Push_Pin,centroid_negative_candidate_rank,53,0.9056603773584906,0.7358490566037735,0.825
full,real_world,Push_Pin,centroid_source_class_agreement,53,0.9056603773584906,0.7358490566037735,0.89375
full,real_world,Push_Pin,source_weight_max_for_candidate,53,0.9056603773584906,0.7358490566037735,0.5666666666666667
full,real_world,Push_Pin,source_weight_negative_entropy_for_candidate,53,0.9056603773584906,0.7358490566037735,0.5833333333333334
full,real_world,Push_Pin,teacher_confidence,53,0.9056603773584906,0.7358490566037735,0.9041666666666667
full,real_world,Push_Pin,teacher_probability_margin,53,0.9056603773584906,0.7358490566037735,0.8583333333333333
full,real_world,Push_Pin,teacher_negative_entropy,53,0.9056603773584906,0.7358490566037735,0.9
full,real_world,Radio,centroid_class_margin,66,0.8333333333333334,0.7424242424242424,0.7818181818181819
full,real_world,Radio,centroid_relative_margin,66,0.8333333333333334,0.7424242424242424,0.7586776859504132
full,real_world,Radio,centroid_negative_candidate_distance,66,0.8333333333333334,0.7424242424242424,0.4909090909090909
full,real_world,Radio,centroid_negative_candidate_rank,66,0.8333333333333334,0.7424242424242424,0.7743801652892562
full,real_world,Radio,centroid_source_class_agreement,66,0.8333333333333334,0.7424242424242424,0.8256198347107438
full,real_world,Radio,source_weight_max_for_candidate,66,0.8333333333333334,0.7424242424242424,0.5421487603305785
full,real_world,Radio,source_weight_negative_entropy_for_candidate,66,0.8333333333333334,0.7424242424242424,0.5371900826446281
full,real_world,Radio,teacher_confidence,66,0.8333333333333334,0.7424242424242424,0.8363636363636363
full,real_world,Radio,teacher_probability_margin,66,0.8333333333333334,0.7424242424242424,0.8380165289256198
full,real_world,Radio,teacher_negative_entropy,66,0.8333333333333334,0.7424242424242424,0.7950413223140496
full,real_world,Refrigerator,centroid_class_margin,75,0.8933333333333333,0.7066666666666667,0.7201492537313433
full,real_world,Refrigerator,centroid_relative_margin,75,0.8933333333333333,0.7066666666666667,0.6996268656716418
full,real_world,Refrigerator,centroid_negative_candidate_distance,75,0.8933333333333333,0.7066666666666667,0.4458955223880597
full,real_world,Refrigerator,centroid_negative_candidate_rank,75,0.8933333333333333,0.7066666666666667,0.6576492537313433
full,real_world,Refrigerator,centroid_source_class_agreement,75,0.8933333333333333,0.7066666666666667,0.5625
full,real_world,Refrigerator,source_weight_max_for_candidate,75,0.8933333333333333,0.7066666666666667,0.4925373134328358
full,real_world,Refrigerator,source_weight_negative_entropy_for_candidate,75,0.8933333333333333,0.7066666666666667,0.498134328358209
full,real_world,Refrigerator,teacher_confidence,75,0.8933333333333333,0.7066666666666667,0.9123134328358209
full,real_world,Refrigerator,teacher_probability_margin,75,0.8933333333333333,0.7066666666666667,0.9160447761194029
full,real_world,Refrigerator,teacher_negative_entropy,75,0.8933333333333333,0.7066666666666667,0.8899253731343284
full,real_world,Ruler,centroid_class_margin,41,0.926829268292683,0.926829268292683,0.956140350877193
full,real_world,Ruler,centroid_relative_margin,41,0.926829268292683,0.926829268292683,0.9649122807017544
full,real_world,Ruler,centroid_negative_candidate_distance,41,0.926829268292683,0.926829268292683,0.6491228070175439
full,real_world,Ruler,centroid_negative_candidate_rank,41,0.926829268292683,0.926829268292683,0.9605263157894737
full,real_world,Ruler,centroid_source_class_agreement,41,0.926829268292683,0.926829268292683,0.9385964912280702
full,real_world,Ruler,source_weight_max_for_candidate,41,0.926829268292683,0.926829268292683,0.5087719298245614
full,real_world,Ruler,source_weight_negative_entropy_for_candidate,41,0.926829268292683,0.926829268292683,0.5350877192982456
full,real_world,Ruler,teacher_confidence,41,0.926829268292683,0.926829268292683,1.0
full,real_world,Ruler,teacher_probability_margin,41,0.926829268292683,0.926829268292683,1.0
full,real_world,Ruler,teacher_negative_entropy,41,0.926829268292683,0.926829268292683,0.9736842105263158
full,real_world,Scissors,centroid_class_margin,77,0.935064935064935,0.7272727272727273,0.6
full,real_world,Scissors,centroid_relative_margin,77,0.935064935064935,0.7272727272727273,0.6027777777777777
full,real_world,Scissors,centroid_negative_candidate_distance,77,0.935064935064935,0.7272727272727273,0.6222222222222222
full,real_world,Scissors,centroid_negative_candidate_rank,77,0.935064935064935,0.7272727272727273,0.5111111111111111
full,real_world,Scissors,centroid_source_class_agreement,77,0.935064935064935,0.7272727272727273,0.5375
full,real_world,Scissors,source_weight_max_for_candidate,77,0.935064935064935,0.7272727272727273,0.45
full,real_world,Scissors,source_weight_negative_entropy_for_candidate,77,0.935064935064935,0.7272727272727273,0.45
full,real_world,Scissors,teacher_confidence,77,0.935064935064935,0.7272727272727273,0.9388888888888889
full,real_world,Scissors,teacher_probability_margin,77,0.935064935064935,0.7272727272727273,0.9555555555555556
full,real_world,Scissors,teacher_negative_entropy,77,0.935064935064935,0.7272727272727273,0.9305555555555556
full,real_world,Screwdriver,centroid_class_margin,51,0.7058823529411765,0.8627450980392157,0.9092592592592592
full,real_world,Screwdriver,centroid_relative_margin,51,0.7058823529411765,0.8627450980392157,0.9018518518518519
full,real_world,Screwdriver,centroid_negative_candidate_distance,51,0.7058823529411765,0.8627450980392157,0.5611111111111111
full,real_world,Screwdriver,centroid_negative_candidate_rank,51,0.7058823529411765,0.8627450980392157,0.8722222222222222
full,real_world,Screwdriver,centroid_source_class_agreement,51,0.7058823529411765,0.8627450980392157,0.8703703703703703
full,real_world,Screwdriver,source_weight_max_for_candidate,51,0.7058823529411765,0.8627450980392157,0.6259259259259259
full,real_world,Screwdriver,source_weight_negative_entropy_for_candidate,51,0.7058823529411765,0.8627450980392157,0.6296296296296297
full,real_world,Screwdriver,teacher_confidence,51,0.7058823529411765,0.8627450980392157,0.912962962962963
full,real_world,Screwdriver,teacher_probability_margin,51,0.7058823529411765,0.8627450980392157,0.9037037037037037
full,real_world,Screwdriver,teacher_negative_entropy,51,0.7058823529411765,0.8627450980392157,0.8851851851851852
full,real_world,Shelf,centroid_class_margin,66,0.696969696969697,0.3787878787878788,0.6510869565217391
full,real_world,Shelf,centroid_relative_margin,66,0.696969696969697,0.3787878787878788,0.6391304347826087
full,real_world,Shelf,centroid_negative_candidate_distance,66,0.696969696969697,0.3787878787878788,0.45760869565217394
full,real_world,Shelf,centroid_negative_candidate_rank,66,0.696969696969697,0.3787878787878788,0.595108695652174
full,real_world,Shelf,centroid_source_class_agreement,66,0.696969696969697,0.3787878787878788,0.6179347826086956
full,real_world,Shelf,source_weight_max_for_candidate,66,0.696969696969697,0.3787878787878788,0.575
full,real_world,Shelf,source_weight_negative_entropy_for_candidate,66,0.696969696969697,0.3787878787878788,0.5717391304347826
full,real_world,Shelf,teacher_confidence,66,0.696969696969697,0.3787878787878788,0.8293478260869566
full,real_world,Shelf,teacher_probability_margin,66,0.696969696969697,0.3787878787878788,0.8173913043478261
full,real_world,Shelf,teacher_negative_entropy,66,0.696969696969697,0.3787878787878788,0.7967391304347826
full,real_world,Sink,centroid_class_margin,77,0.8701298701298701,0.7532467532467533,0.8865671641791045
full,real_world,Sink,centroid_relative_margin,77,0.8701298701298701,0.7532467532467533,0.8791044776119403
full,real_world,Sink,centroid_negative_candidate_distance,77,0.8701298701298701,0.7532467532467533,0.6059701492537314
full,real_world,Sink,centroid_negative_candidate_rank,77,0.8701298701298701,0.7532467532467533,0.7932835820895522
full,real_world,Sink,centroid_source_class_agreement,77,0.8701298701298701,0.7532467532467533,0.7671641791044777
full,real_world,Sink,source_weight_max_for_candidate,77,0.8701298701298701,0.7532467532467533,0.6522388059701493
full,real_world,Sink,source_weight_negative_entropy_for_candidate,77,0.8701298701298701,0.7532467532467533,0.6522388059701493
full,real_world,Sink,teacher_confidence,77,0.8701298701298701,0.7532467532467533,0.9507462686567164
full,real_world,Sink,teacher_probability_margin,77,0.8701298701298701,0.7532467532467533,0.9492537313432836
full,real_world,Sink,teacher_negative_entropy,77,0.8701298701298701,0.7532467532467533,0.9447761194029851
full,real_world,Sneakers,centroid_class_margin,88,1.0,0.9772727272727273,
full,real_world,Sneakers,centroid_relative_margin,88,1.0,0.9772727272727273,
full,real_world,Sneakers,centroid_negative_candidate_distance,88,1.0,0.9772727272727273,
full,real_world,Sneakers,centroid_negative_candidate_rank,88,1.0,0.9772727272727273,
full,real_world,Sneakers,centroid_source_class_agreement,88,1.0,0.9772727272727273,
full,real_world,Sneakers,source_weight_max_for_candidate,88,1.0,0.9772727272727273,
full,real_world,Sneakers,source_weight_negative_entropy_for_candidate,88,1.0,0.9772727272727273,
full,real_world,Sneakers,teacher_confidence,88,1.0,0.9772727272727273,
full,real_world,Sneakers,teacher_probability_margin,88,1.0,0.9772727272727273,
full,real_world,Sneakers,teacher_negative_entropy,88,1.0,0.9772727272727273,
full,real_world,Soda,centroid_class_margin,63,0.8888888888888888,0.9682539682539683,0.9974489795918368
full,real_world,Soda,centroid_relative_margin,63,0.8888888888888888,0.9682539682539683,0.9974489795918368
full,real_world,Soda,centroid_negative_candidate_distance,63,0.8888888888888888,0.9682539682539683,0.7142857142857143
full,real_world,Soda,centroid_negative_candidate_rank,63,0.8888888888888888,0.9682539682539683,0.9221938775510204
full,real_world,Soda,centroid_source_class_agreement,63,0.8888888888888888,0.9682539682539683,0.9681122448979592
full,real_world,Soda,source_weight_max_for_candidate,63,0.8888888888888888,0.9682539682539683,0.6173469387755102
full,real_world,Soda,source_weight_negative_entropy_for_candidate,63,0.8888888888888888,0.9682539682539683,0.6428571428571429
full,real_world,Soda,teacher_confidence,63,0.8888888888888888,0.9682539682539683,0.7576530612244898
full,real_world,Soda,teacher_probability_margin,63,0.8888888888888888,0.9682539682539683,0.7627551020408163
full,real_world,Soda,teacher_negative_entropy,63,0.8888888888888888,0.9682539682539683,0.7346938775510204
full,real_world,Speaker,centroid_class_margin,81,0.7777777777777778,0.8271604938271605,0.8835978835978836
full,real_world,Speaker,centroid_relative_margin,81,0.7777777777777778,0.8271604938271605,0.8880070546737213
full,real_world,Speaker,centroid_negative_candidate_distance,81,0.7777777777777778,0.8271604938271605,0.5740740740740741
full,real_world,Speaker,centroid_negative_candidate_rank,81,0.7777777777777778,0.8271604938271605,0.7464726631393298
full,real_world,Speaker,centroid_source_class_agreement,81,0.7777777777777778,0.8271604938271605,0.7751322751322751
full,real_world,Speaker,source_weight_max_for_candidate,81,0.7777777777777778,0.8271604938271605,0.582010582010582
full,real_world,Speaker,source_weight_negative_entropy_for_candidate,81,0.7777777777777778,0.8271604938271605,0.582010582010582
full,real_world,Speaker,teacher_confidence,81,0.7777777777777778,0.8271604938271605,0.8324514991181657
full,real_world,Speaker,teacher_probability_margin,81,0.7777777777777778,0.8271604938271605,0.8562610229276896
full,real_world,Speaker,teacher_negative_entropy,81,0.7777777777777778,0.8271604938271605,0.7848324514991182
full,real_world,Spoon,centroid_class_margin,54,0.7777777777777778,0.6111111111111112,0.7063492063492064
full,real_world,Spoon,centroid_relative_margin,54,0.7777777777777778,0.6111111111111112,0.7182539682539683
full,real_world,Spoon,centroid_negative_candidate_distance,54,0.7777777777777778,0.6111111111111112,0.4742063492063492
full,real_world,Spoon,centroid_negative_candidate_rank,54,0.7777777777777778,0.6111111111111112,0.7033730158730159
full,real_world,Spoon,centroid_source_class_agreement,54,0.7777777777777778,0.6111111111111112,0.8541666666666666
full,real_world,Spoon,source_weight_max_for_candidate,54,0.7777777777777778,0.6111111111111112,0.4742063492063492
full,real_world,Spoon,source_weight_negative_entropy_for_candidate,54,0.7777777777777778,0.6111111111111112,0.4880952380952381
full,real_world,Spoon,teacher_confidence,54,0.7777777777777778,0.6111111111111112,0.8670634920634921
full,real_world,Spoon,teacher_probability_margin,54,0.7777777777777778,0.6111111111111112,0.8353174603174603
full,real_world,Spoon,teacher_negative_entropy,54,0.7777777777777778,0.6111111111111112,0.8630952380952381
full,real_world,TV,centroid_class_margin,53,0.6226415094339622,0.5660377358490566,0.8
full,real_world,TV,centroid_relative_margin,53,0.6226415094339622,0.5660377358490566,0.8045454545454546
full,real_world,TV,centroid_negative_candidate_distance,53,0.6226415094339622,0.5660377358490566,0.4712121212121212
full,real_world,TV,centroid_negative_candidate_rank,53,0.6226415094339622,0.5660377358490566,0.7045454545454546
full,real_world,TV,centroid_source_class_agreement,53,0.6226415094339622,0.5660377358490566,0.7113636363636363
full,real_world,TV,source_weight_max_for_candidate,53,0.6226415094339622,0.5660377358490566,0.5803030303030303
full,real_world,TV,source_weight_negative_entropy_for_candidate,53,0.6226415094339622,0.5660377358490566,0.5803030303030303
full,real_world,TV,teacher_confidence,53,0.6226415094339622,0.5660377358490566,0.8075757575757576
full,real_world,TV,teacher_probability_margin,53,0.6226415094339622,0.5660377358490566,0.8
full,real_world,TV,teacher_negative_entropy,53,0.6226415094339622,0.5660377358490566,0.796969696969697
full,real_world,Table,centroid_class_margin,59,0.9491525423728814,0.7627118644067796,0.9821428571428571
full,real_world,Table,centroid_relative_margin,59,0.9491525423728814,0.7627118644067796,0.9821428571428571
full,real_world,Table,centroid_negative_candidate_distance,59,0.9491525423728814,0.7627118644067796,0.6845238095238095
full,real_world,Table,centroid_negative_candidate_rank,59,0.9491525423728814,0.7627118644067796,0.9464285714285714
full,real_world,Table,centroid_source_class_agreement,59,0.9491525423728814,0.7627118644067796,0.9732142857142857
full,real_world,Table,source_weight_max_for_candidate,59,0.9491525423728814,0.7627118644067796,0.38095238095238093
full,real_world,Table,source_weight_negative_entropy_for_candidate,59,0.9491525423728814,0.7627118644067796,0.40476190476190477
full,real_world,Table,teacher_confidence,59,0.9491525423728814,0.7627118644067796,0.9583333333333334
full,real_world,Table,teacher_probability_margin,59,0.9491525423728814,0.7627118644067796,0.9583333333333334
full,real_world,Table,teacher_negative_entropy,59,0.9491525423728814,0.7627118644067796,0.9523809523809523
full,real_world,Telephone,centroid_class_margin,82,0.926829268292683,0.8170731707317073,0.7543859649122807
full,real_world,Telephone,centroid_relative_margin,82,0.926829268292683,0.8170731707317073,0.6666666666666666
full,real_world,Telephone,centroid_negative_candidate_distance,82,0.926829268292683,0.8170731707317073,0.1600877192982456
full,real_world,Telephone,centroid_negative_candidate_rank,82,0.926829268292683,0.8170731707317073,0.6228070175438597
full,real_world,Telephone,centroid_source_class_agreement,82,0.926829268292683,0.8170731707317073,0.5285087719298246
full,real_world,Telephone,source_weight_max_for_candidate,82,0.926829268292683,0.8170731707317073,0.756578947368421
full,real_world,Telephone,source_weight_negative_entropy_for_candidate,82,0.926829268292683,0.8170731707317073,0.7521929824561403
full,real_world,Telephone,teacher_confidence,82,0.926829268292683,0.8170731707317073,0.9122807017543859
full,real_world,Telephone,teacher_probability_margin,82,0.926829268292683,0.8170731707317073,0.9013157894736842
full,real_world,Telephone,teacher_negative_entropy,82,0.926829268292683,0.8170731707317073,0.8969298245614035
full,real_world,ToothBrush,centroid_class_margin,85,0.8235294117647058,0.7176470588235294,0.8542857142857143
full,real_world,ToothBrush,centroid_relative_margin,85,0.8235294117647058,0.7176470588235294,0.8485714285714285
full,real_world,ToothBrush,centroid_negative_candidate_distance,85,0.8235294117647058,0.7176470588235294,0.719047619047619
full,real_world,ToothBrush,centroid_negative_candidate_rank,85,0.8235294117647058,0.7176470588235294,0.7747619047619048
full,real_world,ToothBrush,centroid_source_class_agreement,85,0.8235294117647058,0.7176470588235294,0.7409523809523809
full,real_world,ToothBrush,source_weight_max_for_candidate,85,0.8235294117647058,0.7176470588235294,0.5847619047619048
full,real_world,ToothBrush,source_weight_negative_entropy_for_candidate,85,0.8235294117647058,0.7176470588235294,0.5885714285714285
full,real_world,ToothBrush,teacher_confidence,85,0.8235294117647058,0.7176470588235294,0.9123809523809524
full,real_world,ToothBrush,teacher_probability_margin,85,0.8235294117647058,0.7176470588235294,0.9047619047619048
full,real_world,ToothBrush,teacher_negative_entropy,85,0.8235294117647058,0.7176470588235294,0.9123809523809524
full,real_world,Toys,centroid_class_margin,67,0.7611940298507462,0.5373134328358209,0.5955882352941176
full,real_world,Toys,centroid_relative_margin,67,0.7611940298507462,0.5373134328358209,0.5894607843137255
full,real_world,Toys,centroid_negative_candidate_distance,67,0.7611940298507462,0.5373134328358209,0.33088235294117646
full,real_world,Toys,centroid_negative_candidate_rank,67,0.7611940298507462,0.5373134328358209,0.5122549019607843
full,real_world,Toys,centroid_source_class_agreement,67,0.7611940298507462,0.5373134328358209,0.7371323529411765
full,real_world,Toys,source_weight_max_for_candidate,67,0.7611940298507462,0.5373134328358209,0.40318627450980393
full,real_world,Toys,source_weight_negative_entropy_for_candidate,67,0.7611940298507462,0.5373134328358209,0.38480392156862747
full,real_world,Toys,teacher_confidence,67,0.7611940298507462,0.5373134328358209,0.7438725490196079
full,real_world,Toys,teacher_probability_margin,67,0.7611940298507462,0.5373134328358209,0.7745098039215687
full,real_world,Toys,teacher_negative_entropy,67,0.7611940298507462,0.5373134328358209,0.6776960784313726
full,real_world,Trash_Can,centroid_class_margin,81,0.7407407407407407,0.4074074074074074,0.4119047619047619
full,real_world,Trash_Can,centroid_relative_margin,81,0.7407407407407407,0.4074074074074074,0.38571428571428573
full,real_world,Trash_Can,centroid_negative_candidate_distance,81,0.7407407407407407,0.4074074074074074,0.3261904761904762
full,real_world,Trash_Can,centroid_negative_candidate_rank,81,0.7407407407407407,0.4074074074074074,0.39444444444444443
full,real_world,Trash_Can,centroid_source_class_agreement,81,0.7407407407407407,0.4074074074074074,0.6325396825396825
full,real_world,Trash_Can,source_weight_max_for_candidate,81,0.7407407407407407,0.4074074074074074,0.3261904761904762
full,real_world,Trash_Can,source_weight_negative_entropy_for_candidate,81,0.7407407407407407,0.4074074074074074,0.31587301587301586
full,real_world,Trash_Can,teacher_confidence,81,0.7407407407407407,0.4074074074074074,0.6865079365079365
full,real_world,Trash_Can,teacher_probability_margin,81,0.7407407407407407,0.4074074074074074,0.7031746031746032
full,real_world,Trash_Can,teacher_negative_entropy,81,0.7407407407407407,0.4074074074074074,0.6253968253968254
full,real_world,Webcam,centroid_class_margin,49,0.8979591836734694,0.8571428571428571,0.9454545454545454
full,real_world,Webcam,centroid_relative_margin,49,0.8979591836734694,0.8571428571428571,0.95
full,real_world,Webcam,centroid_negative_candidate_distance,49,0.8979591836734694,0.8571428571428571,0.6272727272727273
full,real_world,Webcam,centroid_negative_candidate_rank,49,0.8979591836734694,0.8571428571428571,0.775
full,real_world,Webcam,centroid_source_class_agreement,49,0.8979591836734694,0.8571428571428571,0.9613636363636363
full,real_world,Webcam,source_weight_max_for_candidate,49,0.8979591836734694,0.8571428571428571,0.7545454545454545
full,real_world,Webcam,source_weight_negative_entropy_for_candidate,49,0.8979591836734694,0.8571428571428571,0.7636363636363637
full,real_world,Webcam,teacher_confidence,49,0.8979591836734694,0.8571428571428571,0.9772727272727273
full,real_world,Webcam,teacher_probability_margin,49,0.8979591836734694,0.8571428571428571,0.9636363636363636
full,real_world,Webcam,teacher_negative_entropy,49,0.8979591836734694,0.8571428571428571,0.9818181818181818
