arm,target,step,recipient,donor,text_same_class_cosine,scaled_logits_delta_rms,centered_scaled_logits_delta_rms,prediction_flip_rate,kl_altered_to_original,descriptor_used
r4_real,art,0,clipart,product,0.9964324831962585,0.3231998085975647,0.2527649998664856,0.15615986287593842,0.0211359653621912,True
r4_real,art,0,clipart,real_world,0.9952311515808105,0.36530375480651855,0.2677379846572876,0.18417799472808838,0.028843605890870094,True
r4_real,art,0,clipart,pooled,0.9981907606124878,0.23234666883945465,0.17536196112632751,0.11701688915491104,0.011238539591431618,True
r4_real,art,0,clipart,art,0.9945704340934753,0.35993441939353943,0.2622087299823761,0.19406674802303314,0.030395658686757088,True
r4_real,art,0,product,clipart,0.9964324831962585,0.3231998085975647,0.2527649998664856,0.15615986287593842,0.021660763770341873,True
r4_real,art,0,product,real_world,0.9984121322631836,0.20627953112125397,0.14814837276935577,0.09682735800743103,0.008607529103755951,True
r4_real,art,0,product,pooled,0.9993600845336914,0.12882661819458008,0.1020020917057991,0.059744540601968765,0.003263941965997219,True
r4_real,art,0,product,art,0.9968792200088501,0.270623117685318,0.2006729394197464,0.13885454833507538,0.015564781613647938,True
r4_real,art,0,real_world,clipart,0.9952311515808105,0.36530375480651855,0.2677379846572876,0.18417799472808838,0.02946619503200054,True
r4_real,art,0,real_world,product,0.9984121322631836,0.20627953112125397,0.14814837276935577,0.09682735800743103,0.008588193915784359,True
r4_real,art,0,real_world,pooled,0.9989758133888245,0.16270802915096283,0.11727733910083771,0.07993407547473907,0.006172230467200279,True
r4_real,art,0,real_world,art,0.9992201328277588,0.12307817488908768,0.09716981649398804,0.0725175142288208,0.0034660478122532368,True
r4_real,art,0,pooled,clipart,1.0,0.0,0.0,0.0,1.7463386292604355e-09,False
r4_real,art,0,pooled,product,1.0,0.0,0.0,0.0,1.7463386292604355e-09,False
r4_real,art,0,pooled,real_world,1.0,0.0,0.0,0.0,1.7463386292604355e-09,False
r4_real,art,0,pooled,art,1.0,0.0,0.0,0.0,1.7463386292604355e-09,False
r4_real,art,0,art,clipart,0.9945704340934753,0.35993441939353943,0.2622087299823761,0.19406674802303314,0.03103424608707428,True
r4_real,art,0,art,product,0.9968792200088501,0.270623117685318,0.2006729394197464,0.13885454833507538,0.015359592624008656,True
r4_real,art,0,art,real_world,0.9992201328277588,0.12307817488908768,0.09716981649398804,0.0725175142288208,0.003427134593948722,True
r4_real,art,0,art,pooled,0.9979899525642395,0.20527873933315277,0.15141449868679047,0.11248454451560974,0.010256323963403702,True
r4_real,art,200,clipart,product,0.9999950528144836,0.01422962173819542,0.006275523453950882,0.0012360939290374517,5.666337074217154e-06,True
r4_real,art,200,clipart,real_world,0.9999805092811584,0.028098663315176964,0.012208538129925728,0.0016481252387166023,2.1696652765967883e-05,True
r4_real,art,200,clipart,pooled,0.9999950528144836,0.01417146809399128,0.006191568449139595,0.0012360939290374517,5.5572368182765786e-06,True
r4_real,art,200,clipart,art,0.9999657273292542,0.03596697002649307,0.016183778643608093,0.0024721878580749035,3.8848495023557916e-05,True
r4_real,art,200,product,clipart,0.9999950528144836,0.01422962173819542,0.006275523453950882,0.0012360939290374517,5.666615379595896e-06,True
r4_real,art,200,product,real_world,0.9999950528144836,0.014074412174522877,0.006101810373365879,0.0004120313096791506,5.486994723469252e-06,True
r4_real,art,200,product,pooled,1.0,0.0011111204512417316,0.0006630682037211955,0.0,6.161987897712606e-08,True
r4_real,art,200,product,art,0.9999861717224121,0.022046178579330444,0.010217070579528809,0.0012360939290374517,1.5733772670500912e-05,True
r4_real,art,200,real_world,clipart,0.9999805092811584,0.028098663315176964,0.012208538129925728,0.0016481252387166023,2.1712468878831714e-05,True
r4_real,art,200,real_world,product,0.9999950528144836,0.014074412174522877,0.006101810373365879,0.0004120313096791506,5.489788236445747e-06,True
r4_real,art,200,real_world,pooled,0.9999951720237732,0.01395466085523367,0.006040137726813555,0.0004120313096791506,5.333475201041438e-06,True
r4_real,art,200,real_world,art,0.9999975562095642,0.008447612635791302,0.004426122177392244,0.0008240626193583012,3.0139599402900785e-06,True
r4_real,art,200,pooled,clipart,1.0,0.0,0.0,0.0,2.5926782942775617e-10,False
r4_real,art,200,pooled,product,1.0,0.0,0.0,0.0,2.5926782942775617e-10,False
r4_real,art,200,pooled,real_world,1.0,0.0,0.0,0.0,2.5926782942775617e-10,False
r4_real,art,200,pooled,art,1.0,0.0,0.0,0.0,2.5926782942775617e-10,False
r4_real,art,200,art,clipart,0.9999910593032837,0.014046365395188332,0.011153841391205788,0.0012360939290374517,1.9583620087360032e-05,True
r4_real,art,200,art,product,0.9999948143959045,0.010707818903028965,0.008602703921496868,0.0008240626193583012,1.1702522897394374e-05,True
r4_real,art,200,art,real_world,0.9999985694885254,0.005365523509681225,0.004307612776756287,0.0004120313096791506,2.957817514470662e-06,True
r4_real,art,200,art,pooled,0.9999954104423523,0.009975050576031208,0.007977670058608055,0.0004120313096791506,1.007352602755418e-05,True
r4_real,art,400,clipart,product,0.9999962449073792,0.009223289787769318,0.005902274511754513,0.0004120313096791506,4.562869435176253e-06,True
r4_real,art,400,clipart,real_world,0.9999880194664001,0.016069993376731873,0.010141672566533089,0.0008240626193583012,1.3573386240750551e-05,True
r4_real,art,400,clipart,pooled,0.9999967217445374,0.008485769852995872,0.005429142154753208,0.0004120313096791506,3.896918769896729e-06,True
r4_real,art,400,clipart,art,0.9999826550483704,0.020082099363207817,0.012176080606877804,0.0016481252387166023,1.9321001673233695e-05,True
r4_real,art,400,product,clipart,0.9999962449073792,0.009223289787769318,0.005902274511754513,0.0004120313096791506,4.56347834187909e-06,True
r4_real,art,400,product,real_world,0.9999975562095642,0.007161272224038839,0.004466582089662552,0.0004120313096791506,2.6510870156926103e-06,True
r4_real,art,400,product,pooled,1.0,0.0012073348043486476,0.0007749880314804614,0.0,7.695878423419344e-08,True
r4_real,art,400,product,art,0.9999944567680359,0.011435979045927525,0.006815516855567694,0.0012360939290374517,6.0111519815109205e-06,True
r4_real,art,400,real_world,clipart,0.9999880194664001,0.016069993376731873,0.010141672566533089,0.0008240626193583012,1.3584658518084325e-05,True
r4_real,art,400,real_world,product,0.9999975562095642,0.007161272224038839,0.004466582089662552,0.0004120313096791506,2.6521956897340715e-06,True
r4_real,art,400,real_world,pooled,0.9999974370002747,0.007631991989910603,0.0047479658387601376,0.0004120313096791506,2.973603159261984e-06,True
r4_real,art,400,real_world,art,0.9999990463256836,0.004839298315346241,0.0028260729741305113,0.0008240626193583012,1.0444646250107326e-06,True
r4_real,art,400,pooled,clipart,1.0,0.0,0.0,0.0,4.299609557278927e-10,False
r4_real,art,400,pooled,product,1.0,0.0,0.0,0.0,4.299609557278927e-10,False
r4_real,art,400,pooled,real_world,1.0,0.0,0.0,0.0,4.299609557278927e-10,False
r4_real,art,400,pooled,art,1.0,0.0,0.0,0.0,4.299609557278927e-10,False
r4_real,art,400,art,clipart,0.9999892115592957,0.01418354269117117,0.011321472004055977,0.0012360939290374517,1.9628638256108388e-05,True
r4_real,art,400,art,product,0.9999936819076538,0.010845053941011429,0.008734012022614479,0.0012360939290374517,1.1702491974574514e-05,True
r4_real,art,400,art,real_world,0.9999983310699463,0.0054536438547074795,0.0043809665367007256,0.0004120313096791506,2.9678842565772356e-06,True
r4_real,art,400,art,pooled,0.9999945759773254,0.010090654715895653,0.008107771165668964,0.0012360939290374517,1.0102311534865294e-05,True
r4_real,art,600,clipart,product,0.9999849796295166,0.015448939986526966,0.01225757785141468,0.0016481252387166023,2.322415639355313e-05,True
r4_real,art,600,clipart,real_world,0.9999664425849915,0.02313409000635147,0.017880059778690338,0.002884219167754054,4.9181689973920584e-05,True
r4_real,art,600,clipart,pooled,0.9999892115592957,0.013114195317029953,0.010253103449940681,0.0008240626193583012,1.624289870960638e-05,True
r4_real,art,600,clipart,art,0.9999637603759766,0.024241967126727104,0.018217286095023155,0.002884219167754054,5.0577968067955226e-05,True
r4_real,art,600,product,clipart,0.9999849796295166,0.015448939986526966,0.01225757785141468,0.0016481252387166023,2.324712841073051e-05,True
r4_real,art,600,product,real_world,0.9999958872795105,0.008115560747683048,0.005895158741623163,0.0012360939290374517,5.2329505706438795e-06,True
r4_real,art,600,product,pooled,0.9999995231628418,0.002610755618661642,0.0021483548916876316,0.0008240626193583012,7.013620688667288e-07,True
r4_real,art,600,product,art,0.999994158744812,0.010156855918467045,0.006991193164139986,0.0012360939290374517,7.114976597222267e-06,True
r4_real,art,600,real_world,clipart,0.9999664425849915,0.02313409000635147,0.017880059778690338,0.002884219167754054,4.925773828290403e-05,True
r4_real,art,600,real_world,product,0.9999958872795105,0.008115560747683048,0.005895158741623163,0.0012360939290374517,5.234035143075744e-06,True
r4_real,art,600,real_world,pooled,0.9999936819076538,0.01007163431495428,0.007660568691790104,0.002060156548395753,8.98077996680513e-06,True
r4_real,art,600,real_world,art,0.9999992847442627,0.0036636206787079573,0.0025346768088638783,0.0,9.212465670316305e-07,True
r4_real,art,600,pooled,clipart,1.0,0.0,0.0,0.0,-3.633864320562452e-10,False
r4_real,art,600,pooled,product,1.0,0.0,0.0,0.0,-3.633864320562452e-10,False
r4_real,art,600,pooled,real_world,1.0,0.0,0.0,0.0,-3.633864320562452e-10,False
r4_real,art,600,pooled,art,1.0,0.0,0.0,0.0,-3.633864320562452e-10,False
r4_real,art,600,art,clipart,0.9999939203262329,0.011383331380784512,0.008574252016842365,0.0024721878580749035,1.1124818229291122e-05,True
r4_real,art,600,art,product,0.9999962449073792,0.008948393166065216,0.006654215045273304,0.0024721878580749035,6.7310515987628605e-06,True
r4_real,art,600,art,real_world,0.999998927116394,0.0047395299188792706,0.0033917385153472424,0.0004120313096791506,1.7574018329469254e-06,True
r4_real,art,600,art,pooled,0.9999967217445374,0.008283820003271103,0.006168317515403032,0.0024721878580749035,5.7875508900906425e-06,True
r4_real,art,800,clipart,product,0.9999138712882996,0.04170062765479088,0.029374433681368828,0.004120313096791506,0.00012676081678364426,True
r4_real,art,800,clipart,real_world,0.9998471736907959,0.05507447198033333,0.03884270414710045,0.005356406792998314,0.00022061911295168102,True
r4_real,art,800,clipart,pooled,0.999945878982544,0.03296846151351929,0.0231939684599638,0.0037082817871123552,7.912388537079096e-05,True
r4_real,art,800,clipart,art,0.9998800158500671,0.049447961151599884,0.03463050723075867,0.0045323446393013,0.00017331444541923702,True
r4_real,art,800,product,clipart,0.9999138712882996,0.04170062765479088,0.029374433681368828,0.004120313096791506,0.00012728272122330964,True
r4_real,art,800,product,real_world,0.9999901652336121,0.013664845377206802,0.009643862955272198,0.0012360939290374517,1.335225078946678e-05,True
r4_real,art,800,product,pooled,0.9999962449073792,0.008814601227641106,0.006232712883502245,0.0004120313096791506,5.683827566826949e-06,True
r4_real,art,800,product,art,0.9999955296516418,0.009555178694427013,0.006579801440238953,0.0004120313096791506,5.37391542820842e-06,True
r4_real,art,800,real_world,clipart,0.9998471736907959,0.05507447198033333,0.03884270414710045,0.005356406792998314,0.0002218878798885271,True
r4_real,art,800,real_world,product,0.9999901652336121,0.013664845377206802,0.009643862955272198,0.0012360939290374517,1.3376358765526675e-05,True
r4_real,art,800,real_world,pooled,0.9999749064445496,0.02213956229388714,0.01566850207746029,0.0016481252387166023,3.5771579860011116e-05,True
r4_real,art,800,real_world,art,0.9999971985816956,0.006880205124616623,0.005096394568681717,0.0008240626193583012,3.7915765460638795e-06,True
r4_real,art,800,pooled,clipart,1.0,0.0,0.0,0.0,2.1430553512336026e-11,False
r4_real,art,800,pooled,product,1.0,0.0,0.0,0.0,2.1430553512336026e-11,False
r4_real,art,800,pooled,real_world,1.0,0.0,0.0,0.0,2.1430553512336026e-11,False
r4_real,art,800,pooled,art,1.0,0.0,0.0,0.0,2.1430553512336026e-11,False
r4_real,art,800,art,clipart,0.9999908208847046,0.012490799650549889,0.010027292184531689,0.0012360939290374517,1.4446834939008113e-05,True
r4_real,art,800,art,product,0.9999948143959045,0.009511103853583336,0.007736760191619396,0.0012360939290374517,8.610079021309502e-06,True
r4_real,art,800,art,real_world,0.9999985694885254,0.004955045413225889,0.00391016760841012,0.0004120313096791506,2.201549023084226e-06,True
r4_real,art,800,art,pooled,0.9999954104423523,0.00890227872878313,0.0071843573823571205,0.0012360939290374517,7.430818186549004e-06,True
r4_real,art,1000,clipart,product,0.9996340274810791,0.09651114791631699,0.06339037418365479,0.012772970832884312,0.0006416819524019957,True
r4_real,art,1000,clipart,real_world,0.9993894100189209,0.1231146827340126,0.08170212060213089,0.019365470856428146,0.0010621686233207583,True
r4_real,art,1000,clipart,pooled,0.9997897744178772,0.07317740470170975,0.04808992147445679,0.011536876671016216,0.00037097418680787086,True
r4_real,art,1000,clipart,art,0.9995571374893188,0.10527905076742172,0.06986560672521591,0.014421096071600914,0.0007794791599735618,True
r4_real,art,1000,product,clipart,0.9996340274810791,0.09651114791631699,0.06339037418365479,0.012772970832884312,0.0006470137159340084,True
r4_real,art,1000,product,real_world,0.9999682903289795,0.026825277134776115,0.01842309907078743,0.006592500954866409,5.3648269386030734e-05,True
r4_real,art,1000,product,pooled,0.9999784231185913,0.023384951055049896,0.015338188968598843,0.0012360939290374517,3.732496406883001e-05,True
r4_real,art,1000,product,art,0.9999943375587463,0.010592298582196236,0.007534480653703213,0.0016481252387166023,8.692487426742446e-06,True
r4_real,art,1000,real_world,clipart,0.9993894100189209,0.1231146827340126,0.08170212060213089,0.019365470856428146,0.0010737074771896005,True
r4_real,art,1000,real_world,product,0.9999682903289795,0.026825277134776115,0.01842309907078743,0.006592500954866409,5.378589776228182e-05,True
r4_real,art,1000,real_world,pooled,0.9998955130577087,0.049995578825473785,0.03365495428442955,0.007828595116734505,0.0001799537130864337,True
r4_real,art,1000,real_world,art,0.9999855756759644,0.018284130841493607,0.012193270027637482,0.004944375716149807,2.3196242182166316e-05,True
r4_real,art,1000,pooled,clipart,1.0,0.0,0.0,0.0,5.956887205726957e-10,False
r4_real,art,1000,pooled,product,1.0,0.0,0.0,0.0,5.956887205726957e-10,False
r4_real,art,1000,pooled,real_world,1.0,0.0,0.0,0.0,5.956887205726957e-10,False
r4_real,art,1000,pooled,art,1.0,0.0,0.0,0.0,5.956887205726957e-10,False
r4_real,art,1000,art,clipart,0.9999890923500061,0.013427500613033772,0.011552204377949238,0.0012360939290374517,1.8960030502057634e-05,True
r4_real,art,1000,art,product,0.9999935626983643,0.010427397675812244,0.008984214626252651,0.0012360939290374517,1.1388563507352956e-05,True
r4_real,art,1000,art,real_world,0.9999983310699463,0.005208632443100214,0.004452879074960947,0.0008240626193583012,2.8436734282877296e-06,True
r4_real,art,1000,art,pooled,0.9999944567680359,0.009628976695239544,0.008292527869343758,0.0012360939290374517,9.769325515662786e-06,True
r4_real,clipart,0,art,product,0.99692702293396,0.23178941011428833,0.18613389134407043,0.1282932460308075,0.012661384418606758,True
r4_real,clipart,0,art,real_world,0.9992061853408813,0.11896471679210663,0.09855609387159348,0.07445590198040009,0.003362374845892191,True
r4_real,clipart,0,art,pooled,0.9991061687469482,0.11023204773664474,0.08817300200462341,0.0746849924325943,0.003760287771001458,True
r4_real,clipart,0,art,clipart,0.9945959448814392,0.3642424941062927,0.2560502886772156,0.18900343775749207,0.028657350689172745,True
r4_real,clipart,0,product,art,0.99692702293396,0.23178941011428833,0.18613389134407043,0.1282932460308075,0.012644587084650993,True
r4_real,clipart,0,product,real_world,0.9980584979057312,0.2355959713459015,0.19604751467704773,0.10882016271352768,0.009097044356167316,True
r4_real,clipart,0,product,pooled,0.9991498589515686,0.14272747933864594,0.11664846539497375,0.06849943101406097,0.003671692917123437,True
r4_real,clipart,0,product,clipart,0.996429443359375,0.32836973667144775,0.24515588581562042,0.1436426192522049,0.018737804144620895,True
r4_real,clipart,0,real_world,art,0.9992061853408813,0.11896471679210663,0.09855609387159348,0.07445590198040009,0.003322713542729616,True
r4_real,clipart,0,real_world,product,0.9980584979057312,0.2355959713459015,0.19604751467704773,0.10882016271352768,0.008884243667125702,True
r4_real,clipart,0,real_world,pooled,0.9996938705444336,0.1006520539522171,0.08563084155321121,0.04536082595586777,0.0015011210925877094,True
r4_real,clipart,0,real_world,clipart,0.9950648546218872,0.3890756070613861,0.2595381736755371,0.18694157898426056,0.028178226202726364,True
r4_real,clipart,0,pooled,art,1.0,0.0,0.0,0.0,2.4824513555898875e-09,False
r4_real,clipart,0,pooled,product,1.0,0.0,0.0,0.0,2.4824513555898875e-09,False
r4_real,clipart,0,pooled,real_world,1.0,0.0,0.0,0.0,2.4824513555898875e-09,False
r4_real,clipart,0,pooled,clipart,1.0,0.0,0.0,0.0,2.4824513555898875e-09,False
r4_real,clipart,0,clipart,art,0.9945959448814392,0.3642424941062927,0.2560502886772156,0.18900343775749207,0.02871979959309101,True
r4_real,clipart,0,clipart,product,0.996429443359375,0.32836973667144775,0.24515588581562042,0.1436426192522049,0.01908828131854534,True
r4_real,clipart,0,clipart,real_world,0.9950648546218872,0.3890756070613861,0.2595381736755371,0.18694157898426056,0.028613781556487083,True
r4_real,clipart,0,clipart,pooled,0.9961463212966919,0.339680939912796,0.23118643462657928,0.16357389092445374,0.02210085093975067,True
r4_real,clipart,200,art,product,0.9999939203262329,0.011008194647729397,0.007371006533503532,0.0025200459640473127,1.3000096259929705e-05,True
r4_real,clipart,200,art,real_world,0.9999976754188538,0.007003505248576403,0.004541886039078236,0.001603665528818965,4.572760190058034e-06,True
r4_real,clipart,200,art,pooled,0.9999971985816956,0.007341084070503712,0.004991720896214247,0.001832760637626052,5.629421593766892e-06,True
r4_real,clipart,200,art,clipart,0.9999889731407166,0.015255484730005264,0.01020629983395338,0.003436426166445017,2.366390617680736e-05,True
r4_real,clipart,200,product,art,0.9999939203262329,0.011008194647729397,0.007371006533503532,0.0025200459640473127,1.3007438610657118e-05,True
r4_real,clipart,200,product,real_world,0.9999988079071045,0.0045242649503052235,0.0032191125210374594,0.000916380318813026,2.661258349689888e-06,True
r4_real,clipart,200,product,pooled,0.9999991655349731,0.00408695824444294,0.002633475000038743,0.000687285210005939,1.7994292420553393e-06,True
r4_real,clipart,200,product,clipart,0.9999985694885254,0.005289317108690739,0.0036478163674473763,0.000916380318813026,2.4877936084521934e-06,True
r4_real,clipart,200,real_world,art,0.9999976754188538,0.007003505248576403,0.004541886039078236,0.001603665528818965,4.573534170049243e-06,True
r4_real,clipart,200,real_world,product,0.9999988079071045,0.0045242649503052235,0.0032191125210374594,0.000916380318813026,2.660812697286019e-06,True
r4_real,clipart,200,real_world,pooled,1.0,0.0009325759019702673,0.0006507840589620173,0.0002290950797032565,1.0010646889213604e-07,True
r4_real,clipart,200,real_world,clipart,0.9999960064888,0.00889090821146965,0.006058244965970516,0.001832760637626052,8.317711944982875e-06,True
r4_real,clipart,200,pooled,art,1.0,0.0,0.0,0.0,1.1228221685755102e-09,False
r4_real,clipart,200,pooled,product,1.0,0.0,0.0,0.0,1.1228221685755102e-09,False
r4_real,clipart,200,pooled,real_world,1.0,0.0,0.0,0.0,1.1228221685755102e-09,False
r4_real,clipart,200,pooled,clipart,1.0,0.0,0.0,0.0,1.1228221685755102e-09,False
r4_real,clipart,200,clipart,art,0.9999915361404419,0.012916979379951954,0.009325711987912655,0.004123711492866278,1.9994495232822374e-05,True
r4_real,clipart,200,clipart,product,0.9999990463256836,0.004800295922905207,0.0028324073646217585,0.001374570420011878,1.8201405964646256e-06,True
r4_real,clipart,200,clipart,real_world,0.9999967217445374,0.008646836504340172,0.0054113916121423244,0.002978235948830843,6.791885425627697e-06,True
r4_real,clipart,200,clipart,pooled,0.9999971985816956,0.008016550913453102,0.0052244276739656925,0.002978235948830843,6.265535375860054e-06,True
r4_real,clipart,400,art,product,0.9999860525131226,0.013907822780311108,0.010251118801534176,0.0038946163840591908,1.962326859938912e-05,True
r4_real,clipart,400,art,real_world,0.9999962449073792,0.007382771000266075,0.005253443960100412,0.002978235948830843,5.151933237357298e-06,True
r4_real,clipart,400,art,pooled,0.999994695186615,0.008562292903661728,0.006230626255273819,0.00320733105763793,7.229901711980347e-06,True
r4_real,clipart,400,art,clipart,0.9999805092811584,0.018775679171085358,0.012501695193350315,0.004123711492866278,2.934105577878654e-05,True
r4_real,clipart,400,product,art,0.9999860525131226,0.013907822780311108,0.010251118801534176,0.0038946163840591908,1.9636645447462797e-05,True
r4_real,clipart,400,product,real_world,0.9999966025352478,0.006842736154794693,0.005107904318720102,0.000916380318813026,4.8850247367226984e-06,True
r4_real,clipart,400,product,pooled,0.9999979138374329,0.005413709208369255,0.00406663678586483,0.000687285210005939,3.1118045171751874e-06,True
r4_real,clipart,400,product,clipart,0.999997079372406,0.010474185459315777,0.004959652666002512,0.0002290950797032565,4.2234860302414745e-06,True
r4_real,clipart,400,real_world,art,0.9999962449073792,0.007382771000266075,0.005253443960100412,0.002978235948830843,5.153743586561177e-06,True
r4_real,clipart,400,real_world,product,0.9999966025352478,0.006842736154794693,0.005107904318720102,0.000916380318813026,4.883470865024719e-06,True
r4_real,clipart,400,real_world,pooled,0.9999997615814209,0.0017810966819524765,0.0010828577214851975,0.0002290950797032565,2.177999505192929e-07,True
r4_real,clipart,400,real_world,clipart,0.9999922513961792,0.01285272091627121,0.008038208819925785,0.001145475427620113,1.2078064173692837e-05,True
r4_real,clipart,400,pooled,art,1.0,0.0,0.0,0.0,5.525932489369723e-10,False
r4_real,clipart,400,pooled,product,1.0,0.0,0.0,0.0,5.525932489369723e-10,False
r4_real,clipart,400,pooled,real_world,1.0,0.0,0.0,0.0,5.525932489369723e-10,False
r4_real,clipart,400,pooled,clipart,1.0,0.0,0.0,0.0,5.525932489369723e-10,False
r4_real,clipart,400,clipart,art,0.9999929666519165,0.012260730378329754,0.008292659185826778,0.004123711492866278,1.4481143807643093e-05,True
r4_real,clipart,400,clipart,product,0.9999991655349731,0.003914776723831892,0.002677149372175336,0.001374570420011878,1.4618284467360354e-06,True
r4_real,clipart,400,clipart,real_world,0.9999974370002747,0.007362326607108116,0.004876389633864164,0.00320733105763793,4.9075661081587896e-06,True
r4_real,clipart,400,clipart,pooled,0.9999976754188538,0.007055692840367556,0.0047299121506512165,0.002749140840023756,4.621280368155567e-06,True
r4_real,clipart,600,art,product,0.9999759197235107,0.019904546439647675,0.010691212490200996,0.001832760637626052,2.0218538338667713e-05,True
r4_real,clipart,600,art,real_world,0.9999944567680359,0.008904595859348774,0.005251284223049879,0.001145475427620113,5.00570649819565e-06,True
r4_real,clipart,600,art,pooled,0.9999922513961792,0.010930548422038555,0.006087989080697298,0.001374570420011878,6.6331458583590575e-06,True
r4_real,clipart,600,art,clipart,0.9999870657920837,0.012657294049859047,0.008783855475485325,0.001832760637626052,1.3952174413134344e-05,True
r4_real,clipart,600,product,art,0.9999759197235107,0.019904546439647675,0.010691212490200996,0.001832760637626052,2.0211238734191284e-05,True
r4_real,clipart,600,product,real_world,0.9999933242797852,0.011310216039419174,0.005533211398869753,0.000687285210005939,5.2575392146536615e-06,True
r4_real,clipart,600,product,pooled,0.9999954104423523,0.009029878303408623,0.0046221488155424595,0.000458190159406513,3.7127715586393606e-06,True
r4_real,clipart,600,product,clipart,0.9999949336051941,0.01163850910961628,0.004952993243932724,0.000916380318813026,4.232728315400891e-06,True
r4_real,clipart,600,real_world,art,0.9999944567680359,0.008904595859348774,0.005251284223049879,0.001145475427620113,5.007707841286901e-06,True
r4_real,clipart,600,real_world,product,0.9999933242797852,0.011310216039419174,0.005533211398869753,0.000687285210005939,5.263065304461634e-06,True
r4_real,clipart,600,real_world,pooled,0.9999997615814209,0.002404965925961733,0.0009695329354144633,0.0002290950797032565,1.5289394639239617e-07,True
r4_real,clipart,600,real_world,clipart,0.9999969601631165,0.006356897298246622,0.00469751562923193,0.000687285210005939,4.0018117033469025e-06,True
r4_real,clipart,600,pooled,art,1.0,0.0,0.0,0.0,1.006885130827584e-09,False
r4_real,clipart,600,pooled,product,1.0,0.0,0.0,0.0,1.006885130827584e-09,False
r4_real,clipart,600,pooled,real_world,1.0,0.0,0.0,0.0,1.006885130827584e-09,False
r4_real,clipart,600,pooled,clipart,1.0,0.0,0.0,0.0,1.006885130827584e-09,False
r4_real,clipart,600,clipart,art,0.9999922513961792,0.011357267387211323,0.008332745172083378,0.002290950855240226,1.3506570212484803e-05,True
r4_real,clipart,600,clipart,product,0.9999992847442627,0.003549129469320178,0.0024692448787391186,0.001374570420011878,1.1957765764236683e-06,True
r4_real,clipart,600,clipart,real_world,0.9999971985816956,0.006909231189638376,0.004917607177048922,0.001603665528818965,4.7520557018287946e-06,True
r4_real,clipart,600,clipart,pooled,0.9999974370002747,0.006555501371622086,0.004695313051342964,0.001603665528818965,4.3060999814770184e-06,True
r4_real,clipart,800,art,product,0.9998853206634521,0.04344327747821808,0.021685035899281502,0.005269187036901712,9.56253643380478e-05,True
r4_real,clipart,800,art,real_world,0.9999728798866272,0.020969323813915253,0.010595381259918213,0.002061855746433139,2.307965769432485e-05,True
r4_real,clipart,800,art,pooled,0.9999624490737915,0.024833615869283676,0.012441894970834255,0.002749140840023756,3.1630799639970064e-05,True
r4_real,clipart,800,art,clipart,0.999949038028717,0.027062172070145607,0.016561690717935562,0.003436426166445017,5.288792453939095e-05,True
r4_real,clipart,800,product,art,0.9998853206634521,0.04344327747821808,0.021685035899281502,0.005269187036901712,9.579660400049761e-05,True
r4_real,clipart,800,product,real_world,0.999969482421875,0.022545598447322845,0.01115123089402914,0.00320733105763793,2.5038158128154464e-05,True
r4_real,clipart,800,product,pooled,0.9999790191650391,0.018622608855366707,0.009256048128008842,0.0025200459640473127,1.732878081384115e-05,True
r4_real,clipart,800,product,clipart,0.9999781847000122,0.02046443708240986,0.00940851029008627,0.002749140840023756,1.8925436961581e-05,True
r4_real,clipart,800,real_world,art,0.9999728798866272,0.020969323813915253,0.010595381259918213,0.002061855746433139,2.310300260432996e-05,True
r4_real,clipart,800,real_world,product,0.999969482421875,0.022545598447322845,0.01115123089402914,0.00320733105763793,2.501695416867733e-05,True
r4_real,clipart,800,real_world,pooled,0.9999990463256836,0.003974964376538992,0.0019358702702447772,0.000687285210005939,7.375825248345791e-07,True
r4_real,clipart,800,real_world,clipart,0.9999914169311523,0.01065077818930149,0.008418276906013489,0.002290950855240226,1.3329557987162843e-05,True
r4_real,clipart,800,pooled,art,1.0,0.0,0.0,0.0,1.333235966072266e-09,False
r4_real,clipart,800,pooled,product,1.0,0.0,0.0,0.0,1.333235966072266e-09,False
r4_real,clipart,800,pooled,real_world,1.0,0.0,0.0,0.0,1.333235966072266e-09,False
r4_real,clipart,800,pooled,clipart,1.0,0.0,0.0,0.0,1.333235966072266e-09,False
r4_real,clipart,800,clipart,art,0.9999932050704956,0.009600792080163956,0.007834387011826038,0.0025200459640473127,1.2666430848184973e-05,True
r4_real,clipart,800,clipart,product,0.9999992847442627,0.002965482184663415,0.002269409131258726,0.001603665528818965,1.1223536375837284e-06,True
r4_real,clipart,800,clipart,real_world,0.9999976754188538,0.0055764904245734215,0.004420756362378597,0.002290950855240226,4.120502126170322e-06,True
r4_real,clipart,800,clipart,pooled,0.9999977946281433,0.005388399586081505,0.00429113395512104,0.002290950855240226,3.875475158565678e-06,True
r4_real,clipart,1000,art,product,0.999809741973877,0.04630532115697861,0.025978755205869675,0.007101947441697121,0.00012750945461448282,True
r4_real,clipart,1000,art,real_world,0.9999514222145081,0.023214727640151978,0.013167551718652248,0.003436426166445017,3.3116681152023375e-05,True
r4_real,clipart,1000,art,pooled,0.9999366402626038,0.026726601645350456,0.015004054643213749,0.004581901710480452,4.291919321985915e-05,True
r4_real,clipart,1000,art,clipart,0.9999310970306396,0.027907727286219597,0.016720067709684372,0.0048109968192875385,5.5024283938109875e-05,True
r4_real,clipart,1000,product,art,0.999809741973877,0.04630532115697861,0.025978755205869675,0.007101947441697121,0.0001277387491427362,True
r4_real,clipart,1000,product,real_world,0.9999532699584961,0.02316279709339142,0.012863699346780777,0.003665521275252104,3.0948507628636435e-05,True
r4_real,clipart,1000,product,pooled,0.9999659657478333,0.01959356851875782,0.010987409390509129,0.0025200459640473127,2.256176230730489e-05,True
r4_real,clipart,1000,product,clipart,0.9999638199806213,0.020657869055867195,0.011528712697327137,0.002749140840023756,2.484660581103526e-05,True
r4_real,clipart,1000,real_world,art,0.9999514222145081,0.023214727640151978,0.013167551718652248,0.003436426166445017,3.315284266136587e-05,True
r4_real,clipart,1000,real_world,product,0.9999532699584961,0.02316279709339142,0.012863699346780777,0.003665521275252104,3.0927592888474464e-05,True
r4_real,clipart,1000,real_world,pooled,0.999998927116394,0.003647688077762723,0.0019203558331355453,0.001145475427620113,6.968854222577647e-07,True
r4_real,clipart,1000,real_world,clipart,0.9999944567680359,0.008729317225515842,0.006419378332793713,0.001832760637626052,8.700691068952437e-06,True
r4_real,clipart,1000,pooled,art,1.0,0.0,0.0,0.0,1.2314802511070866e-09,False
r4_real,clipart,1000,pooled,product,1.0,0.0,0.0,0.0,1.2314802511070866e-09,False
r4_real,clipart,1000,pooled,real_world,1.0,0.0,0.0,0.0,1.2314802511070866e-09,False
r4_real,clipart,1000,pooled,clipart,1.0,0.0,0.0,0.0,1.2314802511070866e-09,False
r4_real,clipart,1000,clipart,art,0.9999934434890747,0.008680842816829681,0.007142277434468269,0.001603665528818965,1.1073773748648819e-05,True
r4_real,clipart,1000,clipart,product,0.9999992847442627,0.0027317458298057318,0.0021826408337801695,0.0002290950797032565,1.0618948635965353e-06,True
r4_real,clipart,1000,clipart,real_world,0.9999975562095642,0.005261753685772419,0.004312829580157995,0.000687285210005939,4.09914537158329e-06,True
r4_real,clipart,1000,clipart,pooled,0.9999979138374329,0.004944731015712023,0.004071169998496771,0.0002290950797032565,3.652150098787388e-06,True
r4_real,product,0,art,clipart,0.9936396479606628,0.50865238904953,0.39097291231155396,0.21243523061275482,0.05816527083516121,True
r4_real,product,0,art,real_world,0.9992077350616455,0.16343499720096588,0.12098121643066406,0.09056093543767929,0.005976221989840269,True
r4_real,product,0,art,pooled,0.9985786080360413,0.2263122797012329,0.20087020099163055,0.09574228525161743,0.012058427557349205,True
r4_real,product,0,art,product,0.9969191551208496,0.280261754989624,0.2224450558423996,0.20635278522968292,0.030150387436151505,True
r4_real,product,0,clipart,art,0.9936396479606628,0.50865238904953,0.39097291231155396,0.21243523061275482,0.048712629824876785,True
r4_real,product,0,clipart,real_world,0.9944765567779541,0.5384728908538818,0.35956209897994995,0.20792971551418304,0.04430488124489784,True
r4_real,product,0,clipart,pooled,0.9978236556053162,0.3178023099899292,0.214298814535141,0.13516557216644287,0.017961302772164345,True
r4_real,product,0,clipart,product,0.9958949089050293,0.4526383578777313,0.2973325848579407,0.19599008560180664,0.033960163593292236,True
r4_real,product,0,real_world,art,0.9992077350616455,0.16343499720096588,0.12098121643066406,0.09056093543767929,0.005829263012856245,True
r4_real,product,0,real_world,clipart,0.9944765567779541,0.5384728908538818,0.35956209897994995,0.20792971551418304,0.04918774217367172,True
r4_real,product,0,real_world,pooled,0.9990434050559998,0.22919848561286926,0.1556684970855713,0.09709393978118896,0.008802566677331924,True
r4_real,product,0,real_world,product,0.9983416199684143,0.22751352190971375,0.1730177253484726,0.14552827179431915,0.016138624399900436,True
r4_real,product,0,pooled,art,1.0,0.0,0.0,0.0,1.5551545606840023e-09,False
r4_real,product,0,pooled,clipart,1.0,0.0,0.0,0.0,1.5551545606840023e-09,False
r4_real,product,0,pooled,real_world,1.0,0.0,0.0,0.0,1.5551545606840023e-09,False
r4_real,product,0,pooled,product,1.0,0.0,0.0,0.0,1.5551545606840023e-09,False
r4_real,product,0,product,art,0.9969191551208496,0.280261754989624,0.2224450558423996,0.20635278522968292,0.029237503185868263,True
r4_real,product,0,product,clipart,0.9958949089050293,0.4526383578777313,0.2973325848579407,0.19599008560180664,0.0370519757270813,True
r4_real,product,0,product,real_world,0.9983416199684143,0.22751352190971375,0.1730177253484726,0.14552827179431915,0.015854964032769203,True
r4_real,product,0,product,pooled,0.9984787106513977,0.22014403343200684,0.15883417427539825,0.1567920744419098,0.01560397632420063,True
r4_real,product,200,art,clipart,0.9999099969863892,0.07346071302890778,0.03627222031354904,0.003604415338486433,0.00012638416956178844,True
r4_real,product,200,art,real_world,0.999994158744812,0.013204095885157585,0.00823457445949316,0.0009011038346216083,6.439627668441972e-06,True
r4_real,product,200,art,pooled,0.9999812245368958,0.031744033098220825,0.015542685985565186,0.0013516556937247515,2.3432708985637873e-05,True
r4_real,product,200,art,product,0.999976396560669,0.03390193358063698,0.016969405114650726,0.0013516556937247515,2.8501661290647462e-05,True
r4_real,product,200,clipart,art,0.9999099969863892,0.07346071302890778,0.03627222031354904,0.003604415338486433,0.00012491788947954774,True
r4_real,product,200,clipart,real_world,0.9999406337738037,0.06291239708662033,0.030777672305703163,0.002703311387449503,8.86533161974512e-05,True
r4_real,product,200,clipart,pooled,0.9999713897705078,0.04231969639658928,0.02130725234746933,0.0022527596447616816,4.294716927688569e-05,True
r4_real,product,200,clipart,product,0.9999746680259705,0.04078224301338196,0.020542379468679428,0.0022527596447616816,3.909161750925705e-05,True
r4_real,product,200,real_world,art,0.999994158744812,0.013204095885157585,0.00823457445949316,0.0009011038346216083,6.432934242184274e-06,True
r4_real,product,200,real_world,clipart,0.9999406337738037,0.06291239708662033,0.030777672305703163,0.002703311387449503,8.955644443631172e-05,True
r4_real,product,200,real_world,pooled,0.9999936819076538,0.0210909191519022,0.01005187164992094,0.00045055191731080413,9.283995495934505e-06,True
r4_real,product,200,real_world,product,0.9999921321868896,0.022490423172712326,0.010528086684644222,0.00045055191731080413,1.0782687240862288e-05,True
r4_real,product,200,pooled,art,1.0,0.0,0.0,0.0,-7.056825124251986e-10,False
r4_real,product,200,pooled,clipart,1.0,0.0,0.0,0.0,-7.056825124251986e-10,False
r4_real,product,200,pooled,real_world,1.0,0.0,0.0,0.0,-7.056825124251986e-10,False
r4_real,product,200,pooled,product,1.0,0.0,0.0,0.0,-7.056825124251986e-10,False
r4_real,product,200,product,art,0.999992847442627,0.01126771979033947,0.008688447065651417,0.00045055191731080413,6.170040705910651e-06,True
r4_real,product,200,product,clipart,0.999998152256012,0.005587172228842974,0.004351531155407429,0.00045055191731080413,1.5588217365802848e-06,True
r4_real,product,200,product,real_world,0.9999982118606567,0.005343081429600716,0.004215240012854338,0.00022527595865540206,1.4036337461220683e-06,True
r4_real,product,200,product,pooled,0.9999995231628418,0.0027543930336833,0.0021512163802981377,0.00022527595865540206,3.683748559524247e-07,True
r4_real,product,400,art,clipart,0.9999272227287292,0.0638420432806015,0.032361142337322235,0.0033791393507272005,6.834442319814116e-05,True
r4_real,product,400,art,real_world,0.9999933242797852,0.02039252780377865,0.010042806155979633,0.00045055191731080413,7.3366236392757855e-06,True
r4_real,product,400,art,pooled,0.9999842643737793,0.03220401331782341,0.01577487587928772,0.001576931681483984,1.6373676771763712e-05,True
r4_real,product,400,art,product,0.9999799132347107,0.03721645101904869,0.01763143017888069,0.0022527596447616816,2.076967757602688e-05,True
r4_real,product,400,clipart,art,0.9999272227287292,0.0638420432806015,0.032361142337322235,0.0033791393507272005,6.791308987885714e-05,True
r4_real,product,400,clipart,real_world,0.9999485611915588,0.04618864879012108,0.024609722197055817,0.0029285873752087355,3.966715667047538e-05,True
r4_real,product,400,clipart,pooled,0.9999773502349854,0.03213105350732803,0.016956111416220665,0.0018022076692432165,1.875590896815993e-05,True
r4_real,product,400,clipart,product,0.9999749064445496,0.02913154661655426,0.016460027545690536,0.0011263798223808408,1.8107170035364106e-05,True
r4_real,product,400,real_world,art,0.9999933242797852,0.02039252780377865,0.010042806155979633,0.00045055191731080413,7.315761649806518e-06,True
r4_real,product,400,real_world,clipart,0.9999485611915588,0.04618864879012108,0.024609722197055817,0.0029285873752087355,3.9833743358030915e-05,True
r4_real,product,400,real_world,pooled,0.9999939203262329,0.014286629855632782,0.007840791717171669,0.0011263798223808408,4.145152161072474e-06,True
r4_real,product,400,real_world,product,0.9999943375587463,0.017770620062947273,0.008534960448741913,0.0018022076692432165,4.698395059676841e-06,True
r4_real,product,400,pooled,art,1.0,0.0,0.0,0.0,3.921021840547212e-10,False
r4_real,product,400,pooled,clipart,1.0,0.0,0.0,0.0,3.921021840547212e-10,False
r4_real,product,400,pooled,real_world,1.0,0.0,0.0,0.0,3.921021840547212e-10,False
r4_real,product,400,pooled,product,1.0,0.0,0.0,0.0,3.921021840547212e-10,False
r4_real,product,400,product,art,0.9999932050704956,0.010631089098751545,0.00806357804685831,0.00045055191731080413,5.4489009926328436e-06,True
r4_real,product,400,product,clipart,0.9999983310699463,0.0052971369586884975,0.003992370795458555,0.00022527595865540206,1.3384636758928536e-06,True
r4_real,product,400,product,real_world,0.9999984502792358,0.005106671247631311,0.003911715466529131,0.00022527595865540206,1.2818472896469757e-06,True
r4_real,product,400,product,pooled,0.9999995231628418,0.002617120975628495,0.002004879992455244,0.00022527595865540206,3.4033729434668203e-07,True
r4_real,product,600,art,clipart,0.9999246597290039,0.047292694449424744,0.02780698798596859,0.0013516556937247515,5.047515514888801e-05,True
r4_real,product,600,art,real_world,0.9999979138374329,0.009549319744110107,0.0038059211801737547,0.00022527595865540206,1.1853929891003645e-06,True
r4_real,product,600,art,pooled,0.9999905228614807,0.01965595781803131,0.010149341076612473,0.00045055191731080413,6.349133855110267e-06,True
r4_real,product,600,art,product,0.9999924898147583,0.02140175923705101,0.008777916431427002,0.00045055191731080413,4.5210053940536454e-06,True
r4_real,product,600,clipart,art,0.9999246597290039,0.047292694449424744,0.02780698798596859,0.0013516556937247515,5.0279515562579036e-05,True
r4_real,product,600,clipart,real_world,0.9999169111251831,0.04429741948843002,0.02836153842508793,0.0011263798223808408,5.50291697436478e-05,True
r4_real,product,600,clipart,pooled,0.9999672770500183,0.028443338349461555,0.01791505515575409,0.0009011038346216083,2.1703815946239047e-05,True
r4_real,product,600,clipart,product,0.9999515414237976,0.03131387010216713,0.021002642810344696,0.0009011038346216083,3.112365084234625e-05,True
r4_real,product,600,real_world,art,0.9999979138374329,0.009549319744110107,0.0038059211801737547,0.00022527595865540206,1.1839534863611334e-06,True
r4_real,product,600,real_world,clipart,0.9999169111251831,0.04429741948843002,0.02836153842508793,0.0011263798223808408,5.525235610548407e-05,True
r4_real,product,600,real_world,pooled,0.9999883770942688,0.015946049243211746,0.010477225296199322,0.00022527595865540206,7.694708983763121e-06,True
r4_real,product,600,real_world,product,0.9999943375587463,0.014549766667187214,0.007769464980810881,0.00022527595865540206,3.830170498986263e-06,True
r4_real,product,600,pooled,art,1.0,0.0,0.0,0.0,6.567077992514214e-10,False
r4_real,product,600,pooled,clipart,1.0,0.0,0.0,0.0,6.567077992514214e-10,False
r4_real,product,600,pooled,real_world,1.0,0.0,0.0,0.0,6.567077992514214e-10,False
r4_real,product,600,pooled,product,1.0,0.0,0.0,0.0,6.567077992514214e-10,False
r4_real,product,600,product,art,0.9999948143959045,0.010166139341890812,0.007006710395216942,0.0009011038346216083,4.069896021974273e-06,True
r4_real,product,600,product,clipart,0.9999985694885254,0.004858753178268671,0.003403241978958249,0.00045055191731080413,9.911017286867718e-07,True
r4_real,product,600,product,real_world,0.9999988079071045,0.004897137638181448,0.0034242465626448393,0.00022527595865540206,9.413444104211521e-07,True
r4_real,product,600,product,pooled,0.9999996423721313,0.0025942723732441664,0.0017937467200681567,0.00022527595865540206,2.5848433438113716e-07,True
r4_real,product,800,art,clipart,0.9997860193252563,0.06627793610095978,0.04350993409752846,0.0038296913262456656,0.00014870602171868086,True
r4_real,product,800,art,real_world,0.9999944567680359,0.010416080243885517,0.007070189341902733,0.00045055191731080413,3.6108510812482564e-06,True
r4_real,product,800,art,pooled,0.9999733567237854,0.02536124177277088,0.016223503276705742,0.0018022076692432165,1.997625076910481e-05,True
r4_real,product,800,art,product,0.9999821782112122,0.02262701280415058,0.014189592562615871,0.0013516556937247515,1.4250648746383376e-05,True
r4_real,product,800,clipart,art,0.9997860193252563,0.06627793610095978,0.04350993409752846,0.0038296913262456656,0.0001475116441724822,True
r4_real,product,800,clipart,real_world,0.999765157699585,0.06543530523777008,0.04373221471905708,0.0033791393507272005,0.0001514167815912515,True
r4_real,product,800,clipart,pooled,0.9999070167541504,0.0417667031288147,0.027811236679553986,0.002027483657002449,6.129177199909464e-05,True
r4_real,product,800,clipart,product,0.9998618364334106,0.04885251447558403,0.03276357054710388,0.002478035632520914,8.638450526632369e-05,True
r4_real,product,800,real_world,art,0.9999944567680359,0.010416080243885517,0.007070189341902733,0.00045055191731080413,3.609290843087365e-06,True
r4_real,product,800,real_world,clipart,0.999765157699585,0.06543530523777008,0.04373221471905708,0.0033791393507272005,0.00015263599925674498,True
r4_real,product,800,real_world,pooled,0.9999673962593079,0.023766620084643364,0.016011996194720268,0.0013516556937247515,2.042084997810889e-05,True
r4_real,product,800,real_world,product,0.9999856948852539,0.017562828958034515,0.011506188660860062,0.0009011038346216083,9.961970135918818e-06,True
r4_real,product,800,pooled,art,1.0,0.0,0.0,0.0,1.2248162553629705e-12,False
r4_real,product,800,pooled,clipart,1.0,0.0,0.0,0.0,1.2248162553629705e-12,False
r4_real,product,800,pooled,real_world,1.0,0.0,0.0,0.0,1.2248162553629705e-12,False
r4_real,product,800,pooled,product,1.0,0.0,0.0,0.0,1.2248162553629705e-12,False
r4_real,product,800,product,art,0.9999939203262329,0.01092277467250824,0.00852776225656271,0.00022527595865540206,5.0818775889638346e-06,True
r4_real,product,800,product,clipart,0.9999988079071045,0.0047743250615894794,0.0035701317247003317,0.0,9.027339729072992e-07,True
r4_real,product,800,product,real_world,0.9999985694885254,0.005355821922421455,0.004243248607963324,0.0,1.2366718920020503e-06,True
r4_real,product,800,product,pooled,0.9999995231628418,0.002990652108564973,0.0024004781153053045,0.0,3.9479800761910155e-07,True
r4_real,product,1000,art,clipart,0.998977780342102,0.17392487823963165,0.1023850068449974,0.008785762824118137,0.000916235672775656,True
r4_real,product,1000,art,real_world,0.999983549118042,0.01775413379073143,0.011897364631295204,0.0006758278468623757,1.2556371075334027e-05,True
r4_real,product,1000,art,pooled,0.9998969435691833,0.061973024159669876,0.03311435133218765,0.0029285873752087355,9.066185157280415e-05,True
r4_real,product,1000,art,product,0.9999686479568481,0.04781312122941017,0.01957119069993496,0.0011263798223808408,2.599398976599332e-05,True
r4_real,product,1000,clipart,art,0.998977780342102,0.17392487823963165,0.1023850068449974,0.008785762824118137,0.0009003119776025414,True
r4_real,product,1000,clipart,real_world,0.9987637996673584,0.17853645980358124,0.11074210703372955,0.009461590088903904,0.001074342057108879,True
r4_real,product,1000,clipart,pooled,0.9995179176330566,0.11317446827888489,0.06970933079719543,0.005857174750417471,0.00042739667696878314,True
r4_real,product,1000,clipart,product,0.9992267489433289,0.13488072156906128,0.08701768517494202,0.007659382652491331,0.0006774947396479547,True
r4_real,product,1000,real_world,art,0.999983549118042,0.01775413379073143,0.011897364631295204,0.0006758278468623757,1.2574435459100641e-05,True
r4_real,product,1000,real_world,clipart,0.9987637996673584,0.17853645980358124,0.11074210703372955,0.009461590088903904,0.001095093204639852,True
r4_real,product,1000,real_world,pooled,0.9998246431350708,0.06550168991088867,0.04117726534605026,0.003604415338486433,0.00015010734205134213,True
r4_real,product,1000,real_world,product,0.99994295835495,0.04561743885278702,0.02429981157183647,0.0018022076692432165,4.8378871724708006e-05,True
r4_real,product,1000,pooled,art,1.0,0.0,0.0,0.0,1.5019246957237442e-10,False
r4_real,product,1000,pooled,clipart,1.0,0.0,0.0,0.0,1.5019246957237442e-10,False
r4_real,product,1000,pooled,real_world,1.0,0.0,0.0,0.0,1.5019246957237442e-10,False
r4_real,product,1000,pooled,product,1.0,0.0,0.0,0.0,1.5019246957237442e-10,False
r4_real,product,1000,product,art,0.9999932050704956,0.011098988354206085,0.008934395387768745,0.0009011038346216083,7.13380995875923e-06,True
r4_real,product,1000,product,clipart,0.9999985694885254,0.004818278830498457,0.0037456476129591465,0.0006758278468623757,1.2853552107117139e-06,True
r4_real,product,1000,product,real_world,0.9999983310699463,0.005453407298773527,0.004479990340769291,0.0006758278468623757,1.7498849729236099e-06,True
r4_real,product,1000,product,pooled,0.9999995231628418,0.003010881133377552,0.002497697714716196,0.00022527595865540206,5.331347665560315e-07,True
r4_real,real_world,0,art,clipart,0.994584321975708,0.4004852771759033,0.3088521361351013,0.20403946936130524,0.03137592971324921,True
r4_real,real_world,0,art,product,0.9969150424003601,0.26243141293525696,0.18568283319473267,0.15079182386398315,0.017530417069792747,True
r4_real,real_world,0,art,pooled,0.9977964162826538,0.2287348210811615,0.17874108254909515,0.12003672122955322,0.012090436182916164,True
r4_real,real_world,0,art,real_world,0.9992008805274963,0.12415026128292084,0.08674480020999908,0.06587100774049759,0.003584383288398385,True
r4_real,real_world,0,clipart,art,0.994584321975708,0.4004852771759033,0.3088521361351013,0.20403946936130524,0.031328439712524414,True
r4_real,real_world,0,clipart,product,0.9965388178825378,0.36819756031036377,0.2600726783275604,0.17397291958332062,0.022464139387011528,True
r4_real,real_world,0,clipart,pooled,0.9986616969108582,0.22299835085868835,0.16019971668720245,0.12279091030359268,0.009269865229725838,True
r4_real,real_world,0,clipart,real_world,0.9952300786972046,0.4181187152862549,0.30414652824401855,0.20725269615650177,0.03134848177433014,True
r4_real,real_world,0,product,art,0.9969150424003601,0.26243141293525696,0.18568283319473267,0.15079182386398315,0.017804063856601715,True
r4_real,real_world,0,product,clipart,0.9965388178825378,0.36819756031036377,0.2600726783275604,0.17397291958332062,0.022360743954777718,True
r4_real,real_world,0,product,pooled,0.9991485476493835,0.16917617619037628,0.1208532303571701,0.08698645979166031,0.005387194454669952,True
r4_real,real_world,0,product,real_world,0.9984311461448669,0.20279599726200104,0.1450749933719635,0.12256139516830444,0.010718571953475475,True
r4_real,real_world,0,pooled,art,1.0,0.0,0.0,0.0,2.1851780385162556e-09,False
r4_real,real_world,0,pooled,clipart,1.0,0.0,0.0,0.0,2.1851780385162556e-09,False
r4_real,real_world,0,pooled,product,1.0,0.0,0.0,0.0,2.1851780385162556e-09,False
r4_real,real_world,0,pooled,real_world,1.0,0.0,0.0,0.0,2.1851780385162556e-09,False
r4_real,real_world,0,real_world,art,0.9992008805274963,0.12415026128292084,0.08674480020999908,0.06587100774049759,0.0035980420652776957,True
r4_real,real_world,0,real_world,clipart,0.9952300786972046,0.4181187152862549,0.30414652824401855,0.20725269615650177,0.03145308792591095,True
r4_real,real_world,0,real_world,product,0.9984311461448669,0.20279599726200104,0.1450749933719635,0.12256139516830444,0.010581186972558498,True
r4_real,real_world,0,real_world,pooled,0.9984985589981079,0.22059248387813568,0.16322298347949982,0.11383979767560959,0.009878206066787243,True
r4_real,real_world,200,art,clipart,0.9999895691871643,0.014444582164287567,0.010111567564308643,0.0,1.047053410729859e-05,True
r4_real,real_world,200,art,product,0.9999952912330627,0.009768740274012089,0.006798749789595604,0.0,4.912024905934231e-06,True
r4_real,real_world,200,art,pooled,0.9999958872795105,0.00900392048060894,0.006386231165379286,0.0,4.3331037886673585e-06,True
r4_real,real_world,200,art,real_world,0.9999988079071045,0.004921862855553627,0.003385803196579218,0.0,1.2541059959403356e-06,True
r4_real,real_world,200,clipart,art,0.9999895691871643,0.014444582164287567,0.010111567564308643,0.0,1.0481800018169452e-05,True
r4_real,real_world,200,clipart,product,0.9999983310699463,0.005928630940616131,0.004026864189654589,0.0,1.3910542975281714e-06,True
r4_real,real_world,200,clipart,pooled,0.9999983310699463,0.0058388239704072475,0.0039291586726903915,0.0,1.4426440202441881e-06,True
r4_real,real_world,200,clipart,real_world,0.9999943375587463,0.010668030008673668,0.007344296667724848,0.0,5.2039681577298325e-06,True
r4_real,real_world,200,product,art,0.9999952912330627,0.009768740274012089,0.006798749789595604,0.0,4.911535143037327e-06,True
r4_real,real_world,200,product,clipart,0.9999983310699463,0.005928630940616131,0.004026864189654589,0.0,1.3873608395442716e-06,True
r4_real,real_world,200,product,pooled,0.9999997615814209,0.0019597187638282776,0.0011900380486622453,0.0,1.1216361883725767e-07,True
r4_real,real_world,200,product,real_world,0.9999983310699463,0.005698980297893286,0.0039208619855344296,0.0,1.5701715483373846e-06,True
r4_real,real_world,200,pooled,art,1.0,0.0,0.0,0.0,6.885433889713966e-10,False
r4_real,real_world,200,pooled,clipart,1.0,0.0,0.0,0.0,6.885433889713966e-10,False
r4_real,real_world,200,pooled,product,1.0,0.0,0.0,0.0,6.885433889713966e-10,False
r4_real,real_world,200,pooled,real_world,1.0,0.0,0.0,0.0,6.885433889713966e-10,False
r4_real,real_world,200,real_world,art,0.9999969601631165,0.008225052617490292,0.005145779345184565,0.0009180628694593906,2.6399623038741993e-06,True
r4_real,real_world,200,real_world,clipart,0.9999853372573853,0.017867431044578552,0.011132437735795975,0.0016066100215539336,1.1909916793229058e-05,True
r4_real,real_world,200,real_world,product,0.9999962449073792,0.009698270820081234,0.00581818912178278,0.001377094304189086,3.176332938892301e-06,True
r4_real,real_world,200,real_world,pooled,0.9999966025352478,0.008784557692706585,0.005410827696323395,0.0011475785868242383,2.768982767520356e-06,True
r4_real,real_world,400,art,clipart,0.999984860420227,0.01987505331635475,0.01107335090637207,0.000688547152094543,9.49653531279182e-06,True
r4_real,real_world,400,art,product,0.9999936819076538,0.012471234425902367,0.0070624505169689655,0.0009180628694593906,3.877818471664796e-06,True
r4_real,real_world,400,art,pooled,0.999994158744812,0.012210663408041,0.006883812136948109,0.000688547152094543,3.6620244827645365e-06,True
r4_real,real_world,400,art,real_world,0.9999985694885254,0.005501636303961277,0.00330624938942492,0.0004590314347296953,7.799347372383636e-07,True
r4_real,real_world,400,clipart,art,0.999984860420227,0.01987505331635475,0.01107335090637207,0.000688547152094543,9.495156518823933e-06,True
r4_real,real_world,400,clipart,product,0.9999974370002747,0.008390350267291069,0.004680206999182701,0.00022951571736484766,1.6571990499869571e-06,True
r4_real,real_world,400,clipart,pooled,0.9999979138374329,0.007828706875443459,0.004304203670471907,0.0,1.436988782188564e-06,True
r4_real,real_world,400,clipart,real_world,0.9999912977218628,0.015198723413050175,0.008409779518842697,0.00022951571736484766,5.638472430291586e-06,True
r4_real,real_world,400,product,art,0.9999936819076538,0.012471234425902367,0.0070624505169689655,0.0009180628694593906,3.880752956320066e-06,True
r4_real,real_world,400,product,clipart,0.9999974370002747,0.008390350267291069,0.004680206999182701,0.00022951571736484766,1.6592853171459865e-06,True
r4_real,real_world,400,product,pooled,0.9999998807907104,0.0018896119436249137,0.001155479927547276,0.00022951571736484766,9.791472876941043e-08,True
r4_real,real_world,400,product,real_world,0.9999979138374329,0.007401416078209877,0.004137837793678045,0.0004590314347296953,1.437649984836753e-06,True
r4_real,real_world,400,pooled,art,1.0,0.0,0.0,0.0,-4.966017597141104e-10,False
r4_real,real_world,400,pooled,clipart,1.0,0.0,0.0,0.0,-4.966017597141104e-10,False
r4_real,real_world,400,pooled,product,1.0,0.0,0.0,0.0,-4.966017597141104e-10,False
r4_real,real_world,400,pooled,real_world,1.0,0.0,0.0,0.0,-4.966017597141104e-10,False
r4_real,real_world,400,real_world,art,0.9999967217445374,0.008595924824476242,0.005525858141481876,0.00022951571736484766,2.5807064503169386e-06,True
r4_real,real_world,400,real_world,clipart,0.9999858140945435,0.01689891517162323,0.011059455573558807,0.0004590314347296953,1.0097550330101512e-05,True
r4_real,real_world,400,real_world,product,0.9999960064888,0.009588268585503101,0.006064160261303186,0.00022951571736484766,3.0378494102478726e-06,True
r4_real,real_world,400,real_world,pooled,0.9999967217445374,0.008326125331223011,0.0054075284861028194,0.00022951571736484766,2.403118742222432e-06,True
r4_real,real_world,600,art,clipart,0.9999783039093018,0.02162954770028591,0.014556920155882835,0.0018361257389187813,1.405127659381833e-05,True
r4_real,real_world,600,art,product,0.9999945759773254,0.011836809106171131,0.00768080772832036,0.0011475785868242383,3.935533641197253e-06,True
r4_real,real_world,600,art,pooled,0.9999944567680359,0.011605484411120415,0.007555046584457159,0.001377094304189086,3.7883071399846813e-06,True
r4_real,real_world,600,art,real_world,0.9999988079071045,0.005640133749693632,0.00387340085580945,0.00022951571736484766,1.108269998439937e-06,True
r4_real,real_world,600,clipart,art,0.9999783039093018,0.02162954770028591,0.014556920155882835,0.0018361257389187813,1.4042039765627123e-05,True
r4_real,real_world,600,clipart,product,0.9999924898147583,0.011724581941962242,0.0081948172301054,0.000688547152094543,4.6316563384607434e-06,True
r4_real,real_world,600,clipart,pooled,0.9999939203262329,0.010812235996127129,0.007482923101633787,0.0004590314347296953,3.776073754124809e-06,True
r4_real,real_world,600,clipart,real_world,0.9999818205833435,0.018953273072838783,0.012985876761376858,0.0016066100215539336,1.1356291906849947e-05,True
r4_real,real_world,600,product,art,0.9999945759773254,0.011836809106171131,0.00768080772832036,0.0011475785868242383,3.934184405807173e-06,True
r4_real,real_world,600,product,clipart,0.9999924898147583,0.011724581941962242,0.0081948172301054,0.000688547152094543,4.633958724298282e-06,True
r4_real,real_world,600,product,pooled,0.9999997615814209,0.0019520214991644025,0.0014253014232963324,0.00022951571736484766,1.5870486436142528e-07,True
r4_real,real_world,600,product,real_world,0.9999973177909851,0.007758171763271093,0.005094198044389486,0.0009180628694593906,1.7069004343284178e-06,True
r4_real,real_world,600,pooled,art,1.0,0.0,0.0,0.0,-2.2160392965098197e-10,False
r4_real,real_world,600,pooled,clipart,1.0,0.0,0.0,0.0,-2.2160392965098197e-10,False
r4_real,real_world,600,pooled,product,1.0,0.0,0.0,0.0,-2.2160392965098197e-10,False
r4_real,real_world,600,pooled,real_world,1.0,0.0,0.0,0.0,-2.2160392965098197e-10,False
r4_real,real_world,600,real_world,art,0.9999962449073792,0.008726169355213642,0.005586910992860794,0.0004590314347296953,3.0688820515933912e-06,True
r4_real,real_world,600,real_world,clipart,0.9999830722808838,0.017567066475749016,0.01160481944680214,0.000688547152094543,1.3290025890455581e-05,True
r4_real,real_world,600,real_world,product,0.9999955296516418,0.009430309757590294,0.006154513917863369,0.0,3.6068304325453937e-06,True
r4_real,real_world,600,real_world,pooled,0.9999961256980896,0.008512081578373909,0.00564315402880311,0.0,3.1008933092380175e-06,True
r4_real,real_world,800,art,clipart,0.9999407529830933,0.037935882806777954,0.023835569620132446,0.0016066100215539336,4.7718371206428856e-05,True
r4_real,real_world,800,art,product,0.9999809861183167,0.020224321633577347,0.012979204766452312,0.0009180628694593906,1.5191384591162205e-05,True
r4_real,real_world,800,art,pooled,0.9999788999557495,0.02205073833465576,0.014011701568961143,0.000688547152094543,1.690700628387276e-05,True
r4_real,real_world,800,art,real_world,0.9999971985816956,0.0074033960700035095,0.004872714169323444,0.0004590314347296953,2.300502728758147e-06,True
r4_real,real_world,800,clipart,art,0.9999407529830933,0.037935882806777954,0.023835569620132446,0.0016066100215539336,4.7610908950446174e-05,True
r4_real,real_world,800,clipart,product,0.9999870657920837,0.01912166178226471,0.011655734851956367,0.000688547152094543,1.0512871995160822e-05,True
r4_real,real_world,800,clipart,pooled,0.9999901652336121,0.016144806519150734,0.009965863078832626,0.0009180628694593906,8.038189662329387e-06,True
r4_real,real_world,800,clipart,real_world,0.9999608993530273,0.032022394239902496,0.01983102411031723,0.0011475785868242383,3.163691144436598e-05,True
r4_real,real_world,800,product,art,0.9999809861183167,0.020224321633577347,0.012979204766452312,0.0009180628694593906,1.5181596609181724e-05,True
r4_real,real_world,800,product,clipart,0.9999870657920837,0.01912166178226471,0.011655734851956367,0.000688547152094543,1.0523475793888792e-05,True
r4_real,real_world,800,product,pooled,0.9999995231628418,0.0038766649086028337,0.0022850404493510723,0.00022951571736484766,3.8605807617386745e-07,True
r4_real,real_world,800,product,real_world,0.9999922513961792,0.013463462702929974,0.0085020512342453,0.0004590314347296953,6.1702148741460405e-06,True
r4_real,real_world,800,pooled,art,1.0,0.0,0.0,0.0,-4.032490660832444e-11,False
r4_real,real_world,800,pooled,clipart,1.0,0.0,0.0,0.0,-4.032490660832444e-11,False
r4_real,real_world,800,pooled,product,1.0,0.0,0.0,0.0,-4.032490660832444e-11,False
r4_real,real_world,800,pooled,real_world,1.0,0.0,0.0,0.0,-4.032490660832444e-11,False
r4_real,real_world,800,real_world,art,0.9999967217445374,0.008250528946518898,0.005537770688533783,0.0004590314347296953,2.829643335644505e-06,True
r4_real,real_world,800,real_world,clipart,0.999985933303833,0.01546229887753725,0.010792520828545094,0.0016066100215539336,1.0723215382313356e-05,True
r4_real,real_world,800,real_world,product,0.9999961256980896,0.008652343414723873,0.006009035278111696,0.0009180628694593906,3.2705170269764494e-06,True
r4_real,real_world,800,real_world,pooled,0.9999967217445374,0.007520518731325865,0.005287630949169397,0.00022951571736484766,2.554736056481488e-06,True
r4_real,real_world,1000,art,clipart,0.9999009370803833,0.05411743372678757,0.03202835097908974,0.0018361257389187813,8.55744510772638e-05,True
r4_real,real_world,1000,art,product,0.9999814629554749,0.022679684683680534,0.01394005585461855,0.0004590314347296953,1.517508462711703e-05,True
r4_real,real_world,1000,art,pooled,0.9999704360961914,0.029371367767453194,0.017595725134015083,0.000688547152094543,2.5085380912059918e-05,True
r4_real,real_world,1000,art,real_world,0.9999982118606567,0.006488558370620012,0.004293489269912243,0.0,1.4190126194080221e-06,True
r4_real,real_world,1000,clipart,art,0.9999009370803833,0.05411743372678757,0.03202835097908974,0.0018361257389187813,8.515758236171678e-05,True
r4_real,real_world,1000,clipart,product,0.9999650120735168,0.03262469545006752,0.019075682386755943,0.001377094304189086,3.184868910466321e-05,True
r4_real,real_world,1000,clipart,pooled,0.9999793171882629,0.024944962933659554,0.014603164047002792,0.0011475785868242383,1.8341821487410925e-05,True
r4_real,real_world,1000,clipart,real_world,0.9999209046363831,0.048765022307634354,0.02871518023312092,0.0018361257389187813,6.976986333029345e-05,True
r4_real,real_world,1000,product,art,0.9999814629554749,0.022679684683680534,0.01394005585461855,0.0004590314347296953,1.5153570529946592e-05,True
r4_real,real_world,1000,product,clipart,0.9999650120735168,0.03262469545006752,0.019075682386755943,0.001377094304189086,3.1959560146788135e-05,True
r4_real,real_world,1000,product,pooled,0.9999979138374329,0.008047696202993393,0.0047836946323513985,0.00022951571736484766,2.106381543853786e-06,True
r4_real,real_world,1000,product,real_world,0.9999904036521912,0.016678720712661743,0.010068144649267197,0.0004590314347296953,8.068183888099156e-06,True
r4_real,real_world,1000,pooled,art,1.0,0.0,0.0,0.0,-6.156175014204734e-10,False
r4_real,real_world,1000,pooled,clipart,1.0,0.0,0.0,0.0,-6.156175014204734e-10,False
r4_real,real_world,1000,pooled,product,1.0,0.0,0.0,0.0,-6.156175014204734e-10,False
r4_real,real_world,1000,pooled,real_world,1.0,0.0,0.0,0.0,-6.156175014204734e-10,False
r4_real,real_world,1000,real_world,art,0.9999979138374329,0.006907179020345211,0.0046303910203278065,0.0,1.984971277124714e-06,True
r4_real,real_world,1000,real_world,clipart,0.999990701675415,0.01284547708928585,0.008976652286946774,0.0016066100215539336,7.769771400489844e-06,True
r4_real,real_world,1000,real_world,product,0.9999976754188538,0.007015819661319256,0.004930474329739809,0.000688547152094543,2.239187551822397e-06,True
r4_real,real_world,1000,real_world,pooled,0.9999979138374329,0.006161571480333805,0.004357784520834684,0.000688547152094543,1.817267047954374e-06,True
r4_shuffled,art,0,clipart,product,0.9945704340934753,0.35993441939353943,0.2622087299823761,0.19406674802303314,0.03103424608707428,True
r4_shuffled,art,0,clipart,real_world,0.9968792200088501,0.270623117685318,0.2006729394197464,0.13885454833507538,0.015359592624008656,True
r4_shuffled,art,0,clipart,pooled,0.9979899525642395,0.20527873933315277,0.15141449868679047,0.11248454451560974,0.010256323963403702,True
r4_shuffled,art,0,clipart,art,0.9992201328277588,0.12307817488908768,0.09716981649398804,0.0725175142288208,0.003427134593948722,True
r4_shuffled,art,0,product,clipart,0.9945704340934753,0.35993441939353943,0.2622087299823761,0.19406674802303314,0.030395658686757088,True
r4_shuffled,art,0,product,real_world,0.9964324831962585,0.3231998085975647,0.2527649998664856,0.15615986287593842,0.0211359653621912,True
r4_shuffled,art,0,product,pooled,0.9981907606124878,0.23234666883945465,0.17536196112632751,0.11701688915491104,0.011238539591431618,True
r4_shuffled,art,0,product,art,0.9952311515808105,0.36530375480651855,0.2677379846572876,0.18417799472808838,0.028843605890870094,True
r4_shuffled,art,0,real_world,clipart,0.9968792200088501,0.270623117685318,0.2006729394197464,0.13885454833507538,0.015564781613647938,True
r4_shuffled,art,0,real_world,product,0.9964324831962585,0.3231998085975647,0.2527649998664856,0.15615986287593842,0.021660763770341873,True
r4_shuffled,art,0,real_world,pooled,0.9993600845336914,0.12882661819458008,0.1020020917057991,0.059744540601968765,0.003263941965997219,True
r4_shuffled,art,0,real_world,art,0.9984121322631836,0.20627953112125397,0.14814837276935577,0.09682735800743103,0.008607529103755951,True
r4_shuffled,art,0,pooled,clipart,1.0,0.0,0.0,0.0,1.7463386292604355e-09,False
r4_shuffled,art,0,pooled,product,1.0,0.0,0.0,0.0,1.7463386292604355e-09,False
r4_shuffled,art,0,pooled,real_world,1.0,0.0,0.0,0.0,1.7463386292604355e-09,False
r4_shuffled,art,0,pooled,art,1.0,0.0,0.0,0.0,1.7463386292604355e-09,False
r4_shuffled,art,0,art,clipart,0.9992201328277588,0.12307817488908768,0.09716981649398804,0.0725175142288208,0.0034660478122532368,True
r4_shuffled,art,0,art,product,0.9952311515808105,0.36530375480651855,0.2677379846572876,0.18417799472808838,0.02946619503200054,True
r4_shuffled,art,0,art,real_world,0.9984121322631836,0.20627953112125397,0.14814837276935577,0.09682735800743103,0.008588193915784359,True
r4_shuffled,art,0,art,pooled,0.9989758133888245,0.16270802915096283,0.11727733910083771,0.07993407547473907,0.006172230467200279,True
r4_shuffled,art,200,clipart,product,0.9999896883964539,0.015761202201247215,0.01125403679907322,0.0045323446393013,1.8313159671379253e-05,True
r4_shuffled,art,200,clipart,real_world,0.9999971985816956,0.008624212816357613,0.005628274288028479,0.0012360939290374517,4.793304015038302e-06,True
r4_shuffled,art,200,clipart,pooled,0.9999964833259583,0.009644572623074055,0.006565798539668322,0.002060156548395753,6.400856818800094e-06,True
r4_shuffled,art,200,clipart,art,0.9999996423721313,0.003139232285320759,0.0021917158737778664,0.0008240626193583012,6.977901989557722e-07,True
r4_shuffled,art,200,product,clipart,0.9999896883964539,0.015761202201247215,0.01125403679907322,0.0045323446393013,1.8298844224773347e-05,True
r4_shuffled,art,200,product,real_world,0.9999969601631165,0.008308462798595428,0.006156756542623043,0.0032962504774332047,5.145851901033893e-06,True
r4_shuffled,art,200,product,pooled,0.9999979138374329,0.007143786177039146,0.0051429253071546555,0.0024721878580749035,3.6323499443824403e-06,True
r4_shuffled,art,200,product,art,0.999992847442627,0.013129927217960358,0.009433617815375328,0.0037082817871123552,1.2693604730884545e-05,True
r4_shuffled,art,200,real_world,clipart,0.9999971985816956,0.008624212816357613,0.005628274288028479,0.0012360939290374517,4.793299012817442e-06,True
r4_shuffled,art,200,real_world,product,0.9999969601631165,0.008308462798595428,0.006156756542623043,0.0032962504774332047,5.151248842594214e-06,True
r4_shuffled,art,200,real_world,pooled,0.9999997615814209,0.0019406506326049566,0.0015134544810280204,0.0008240626193583012,2.90326511276362e-07,True
r4_shuffled,art,200,real_world,art,0.9999988079071045,0.00580693269148469,0.0036720046773552895,0.0004120313096791506,2.0552013211272424e-06,True
r4_shuffled,art,200,pooled,clipart,1.0,0.0,0.0,0.0,1.4555384675318805e-09,False
r4_shuffled,art,200,pooled,product,1.0,0.0,0.0,0.0,1.4555384675318805e-09,False
r4_shuffled,art,200,pooled,real_world,1.0,0.0,0.0,0.0,1.4555384675318805e-09,False
r4_shuffled,art,200,pooled,art,1.0,0.0,0.0,0.0,1.4555384675318805e-09,False
r4_shuffled,art,200,art,clipart,0.9999990463256836,0.005105845630168915,0.00371233350597322,0.0004120313096791506,1.8514399471314391e-06,True
r4_shuffled,art,200,art,product,0.9999976754188538,0.00791383720934391,0.005904962308704853,0.0016481252387166023,4.525964413915062e-06,True
r4_shuffled,art,200,art,real_world,0.9999990463256836,0.0050904592499136925,0.0037384522147476673,0.0008240626193583012,1.8684501128518605e-06,True
r4_shuffled,art,200,art,pooled,0.9999992847442627,0.0042599900625646114,0.003165014088153839,0.0008240626193583012,1.3148687685315963e-06,True
r4_shuffled,art,400,clipart,product,0.9999880194664001,0.018437229096889496,0.012516996823251247,0.0032962504774332047,2.064395994239021e-05,True
r4_shuffled,art,400,clipart,real_world,0.9999971985816956,0.008315515704452991,0.0060179345309734344,0.0012360939290374517,4.948052719555562e-06,True
r4_shuffled,art,400,clipart,pooled,0.9999967217445374,0.009410915896296501,0.0066756210289895535,0.0012360939290374517,5.988638804410584e-06,True
r4_shuffled,art,400,clipart,art,0.9999995231628418,0.003137892344966531,0.002317217644304037,0.0012360939290374517,7.347042583205621e-07,True
r4_shuffled,art,400,product,clipart,0.9999880194664001,0.018437229096889496,0.012516996823251247,0.0032962504774332047,2.063250940409489e-05,True
r4_shuffled,art,400,product,real_world,0.9999962449073792,0.011026015505194664,0.006964492611587048,0.002060156548395753,6.205536919878796e-06,True
r4_shuffled,art,400,product,pooled,0.9999971985816956,0.009361597709357738,0.0060360305942595005,0.002060156548395753,4.697019448940409e-06,True
r4_shuffled,art,400,product,art,0.9999915361404419,0.015708019956946373,0.010501230135560036,0.002060156548395753,1.4394850040844176e-05,True
r4_shuffled,art,400,real_world,clipart,0.9999971985816956,0.008315515704452991,0.0060179345309734344,0.0012360939290374517,4.947830348100979e-06,True
r4_shuffled,art,400,real_world,product,0.9999962449073792,0.011026015505194664,0.006964492611587048,0.002060156548395753,6.210457740962738e-06,True
r4_shuffled,art,400,real_world,pooled,0.9999997615814209,0.0019434904679656029,0.001126638613641262,0.0,1.5766123340199556e-07,True
r4_shuffled,art,400,real_world,art,0.9999988079071045,0.005386992823332548,0.003844659775495529,0.0,1.999474989133887e-06,True
r4_shuffled,art,400,pooled,clipart,1.0,0.0,0.0,0.0,5.921835244393492e-10,False
r4_shuffled,art,400,pooled,product,1.0,0.0,0.0,0.0,5.921835244393492e-10,False
r4_shuffled,art,400,pooled,real_world,1.0,0.0,0.0,0.0,5.921835244393492e-10,False
r4_shuffled,art,400,pooled,art,1.0,0.0,0.0,0.0,5.921835244393492e-10,False
r4_shuffled,art,400,art,clipart,0.9999992847442627,0.0042782980017364025,0.003138568950816989,0.0,1.28070939808822e-06,True
r4_shuffled,art,400,art,product,0.9999977946281433,0.007728812284767628,0.005632821004837751,0.0004120313096791506,4.0929176066129e-06,True
r4_shuffled,art,400,art,real_world,0.9999992847442627,0.004408554174005985,0.0033320870716124773,0.0,1.4773937664358527e-06,True
r4_shuffled,art,400,art,pooled,0.9999994039535522,0.003992016892880201,0.0029626660980284214,0.0,1.1460294899734436e-06,True
r4_shuffled,art,600,clipart,product,0.999972403049469,0.0331476666033268,0.017958655953407288,0.002060156548395753,4.700770659837872e-05,True
r4_shuffled,art,600,clipart,real_world,0.9999910593032837,0.01743628829717636,0.010325442999601364,0.0012360939290374517,1.591380532772746e-05,True
r4_shuffled,art,600,clipart,pooled,0.9999908208847046,0.018439874053001404,0.010395231656730175,0.0012360939290374517,1.6000458344933577e-05,True
r4_shuffled,art,600,clipart,art,0.9999988079071045,0.006514932494610548,0.003850551787763834,0.0008240626193583012,2.2465219444711693e-06,True
r4_shuffled,art,600,product,clipart,0.999972403049469,0.0331476666033268,0.017958655953407288,0.002060156548395753,4.708373307948932e-05,True
r4_shuffled,art,600,product,real_world,0.999994158744812,0.016288824379444122,0.00810109544545412,0.0008240626193583012,9.130098987952806e-06,True
r4_shuffled,art,600,product,pooled,0.9999948143959045,0.014866955578327179,0.007695179898291826,0.0008240626193583012,8.42249755805824e-06,True
r4_shuffled,art,600,product,art,0.9999821782112122,0.02690577320754528,0.014321324415504932,0.0012360939290374517,2.953786497528199e-05,True
r4_shuffled,art,600,real_world,clipart,0.9999910593032837,0.01743628829717636,0.010325442999601364,0.0012360939290374517,1.5935183910187334e-05,True
r4_shuffled,art,600,real_world,product,0.999994158744812,0.016288824379444122,0.00810109544545412,0.0008240626193583012,9.12513496587053e-06,True
r4_shuffled,art,600,real_world,pooled,0.9999997615814209,0.001971596386283636,0.0010326517513021827,0.0,1.2649272207454487e-07,True
r4_shuffled,art,600,real_world,art,0.9999963641166687,0.011024465784430504,0.006538591347634792,0.0004120313096791506,6.333608780551003e-06,True
r4_shuffled,art,600,pooled,clipart,1.0,0.0,0.0,0.0,2.0893101138064196e-10,False
r4_shuffled,art,600,pooled,product,1.0,0.0,0.0,0.0,2.0893101138064196e-10,False
r4_shuffled,art,600,pooled,real_world,1.0,0.0,0.0,0.0,2.0893101138064196e-10,False
r4_shuffled,art,600,pooled,art,1.0,0.0,0.0,0.0,2.0893101138064196e-10,False
r4_shuffled,art,600,art,clipart,0.9999992847442627,0.004338324069976807,0.0029678759165108204,0.0008240626193583012,1.1168704077135772e-06,True
r4_shuffled,art,600,art,product,0.9999974370002747,0.008136165328323841,0.005656600464135408,0.0,3.990362529293634e-06,True
r4_shuffled,art,600,art,real_world,0.9999991655349731,0.004534455947577953,0.0032606173772364855,0.0,1.3431140359898563e-06,True
r4_shuffled,art,600,art,pooled,0.9999992847442627,0.004189300816506147,0.0029582595452666283,0.0,1.0966251693389495e-06,True
r4_shuffled,art,800,clipart,product,0.9998952746391296,0.06096656620502472,0.034540075808763504,0.008240626193583012,0.00017887134163174778,True
r4_shuffled,art,800,clipart,real_world,0.9999556541442871,0.03879646211862564,0.022595642134547234,0.006180469878017902,7.72329731262289e-05,True
r4_shuffled,art,800,clipart,pooled,0.9999607801437378,0.03708852827548981,0.021218402311205864,0.006180469878017902,6.79343575029634e-05,True
r4_shuffled,art,800,clipart,art,0.9999940395355225,0.014409125782549381,0.008294393308460712,0.0024721878580749035,1.0425759683130309e-05,True
r4_shuffled,art,800,product,clipart,0.9998952746391296,0.06096656620502472,0.034540075808763504,0.008240626193583012,0.00017946393927559257,True
r4_shuffled,art,800,product,real_world,0.9999866485595703,0.02245594747364521,0.0121498703956604,0.002060156548395753,2.1704177925130352e-05,True
r4_shuffled,art,800,product,pooled,0.9999840259552002,0.023959295824170113,0.013381180353462696,0.002060156548395753,2.6625299142324366e-05,True
r4_shuffled,art,800,product,art,0.99993896484375,0.04667111113667488,0.026322415098547935,0.005768438335508108,0.00010380434832768515,True
r4_shuffled,art,800,real_world,clipart,0.9999556541442871,0.03879646211862564,0.022595642134547234,0.006180469878017902,7.73973879404366e-05,True
r4_shuffled,art,800,real_world,product,0.9999866485595703,0.02245594747364521,0.0121498703956604,0.002060156548395753,2.167948696296662e-05,True
r4_shuffled,art,800,real_world,pooled,0.9999997615814209,0.0022002877667546272,0.001599548733793199,0.0,3.8134797364364204e-07,True
r4_shuffled,art,800,real_world,art,0.9999821782112122,0.024440204724669456,0.014330541715025902,0.0037082817871123552,3.1089559342944995e-05,True
r4_shuffled,art,800,pooled,clipart,1.0,0.0,0.0,0.0,7.5523988105064e-12,False
r4_shuffled,art,800,pooled,product,1.0,0.0,0.0,0.0,7.5523988105064e-12,False
r4_shuffled,art,800,pooled,real_world,1.0,0.0,0.0,0.0,7.5523988105064e-12,False
r4_shuffled,art,800,pooled,art,1.0,0.0,0.0,0.0,7.5523988105064e-12,False
r4_shuffled,art,800,art,clipart,0.9999988079071045,0.005264025181531906,0.004168495070189238,0.0012360939290374517,2.3750444597681053e-06,True
r4_shuffled,art,800,art,product,0.9999955296516418,0.01002330332994461,0.007906811311841011,0.0008240626193583012,8.513706234225538e-06,True
r4_shuffled,art,800,art,real_world,0.9999985694885254,0.005725095048546791,0.004605332855135202,0.0008240626193583012,2.934202029791777e-06,True
r4_shuffled,art,800,art,pooled,0.9999988079071045,0.005244408268481493,0.00418034428730607,0.0008240626193583012,2.397108573859441e-06,True
r4_shuffled,art,1000,clipart,product,0.9996110200881958,0.10112987458705902,0.06668996810913086,0.008652657270431519,0.0006536192377097905,True
r4_shuffled,art,1000,clipart,real_world,0.9997599720954895,0.07905995100736618,0.05240042507648468,0.0074165635742247105,0.00040283467387780547,True
r4_shuffled,art,1000,clipart,pooled,0.9998218417167664,0.0686890184879303,0.04517558589577675,0.005768438335508108,0.0003001588338520378,True
r4_shuffled,art,1000,clipart,art,0.9999662041664124,0.0302329882979393,0.01968478038907051,0.0024721878580749035,5.693131242878735e-05,True
r4_shuffled,art,1000,product,clipart,0.9996110200881958,0.10112987458705902,0.06668996810913086,0.008652657270431519,0.000656738004181534,True
r4_shuffled,art,1000,product,real_world,0.9999809861183167,0.022503048181533813,0.014600402675569057,0.0012360939290374517,3.1478575692744926e-05,True
r4_shuffled,art,1000,product,pooled,0.9999589323997498,0.032551005482673645,0.021585414186120033,0.002884219167754054,6.861129077151418e-05,True
r4_shuffled,art,1000,product,art,0.9998053908348083,0.07105570286512375,0.047095462679862976,0.006180469878017902,0.0003273629117757082,True
r4_shuffled,art,1000,real_world,clipart,0.9997599720954895,0.07905995100736618,0.05240042507648468,0.0074165635742247105,0.00040434947004541755,True
r4_shuffled,art,1000,real_world,product,0.9999809861183167,0.022503048181533813,0.014600402675569057,0.0012360939290374517,3.144731090287678e-05,True
r4_shuffled,art,1000,real_world,pooled,0.9999950528144836,0.010583803057670593,0.007364532444626093,0.0016481252387166023,7.810693205101416e-06,True
r4_shuffled,art,1000,real_world,art,0.9999060034751892,0.048896461725234985,0.032747529447078705,0.004944375716149807,0.00015771870675962418,True
r4_shuffled,art,1000,pooled,clipart,1.0,0.0,0.0,0.0,-3.2810162919894026e-10,False
r4_shuffled,art,1000,pooled,product,1.0,0.0,0.0,0.0,-3.2810162919894026e-10,False
r4_shuffled,art,1000,pooled,real_world,1.0,0.0,0.0,0.0,-3.2810162919894026e-10,False
r4_shuffled,art,1000,pooled,art,1.0,0.0,0.0,0.0,-3.2810162919894026e-10,False
r4_shuffled,art,1000,art,clipart,0.9999983310699463,0.005839709658175707,0.004647263325750828,0.0,3.0391158816200914e-06,True
r4_shuffled,art,1000,art,product,0.9999943375587463,0.010790040716528893,0.008603126741945744,0.0,1.0688659131119493e-05,True
r4_shuffled,art,1000,art,real_world,0.999998152256012,0.006268573924899101,0.005104608368128538,0.0,3.7779238937218906e-06,True
r4_shuffled,art,1000,art,pooled,0.9999983310699463,0.005702948197722435,0.004605288151651621,0.0,3.062950781895779e-06,True
r4_shuffled,clipart,0,art,product,0.9950648546218872,0.3890756070613861,0.2595381736755371,0.18694157898426056,0.028178226202726364,True
r4_shuffled,clipart,0,art,real_world,0.9980584979057312,0.2355959713459015,0.19604751467704773,0.10882016271352768,0.008884243667125702,True
r4_shuffled,clipart,0,art,pooled,0.9996938705444336,0.1006520539522171,0.08563084155321121,0.04536082595586777,0.0015011210925877094,True
r4_shuffled,clipart,0,art,clipart,0.9992061853408813,0.11896471679210663,0.09855609387159348,0.07445590198040009,0.003322713542729616,True
r4_shuffled,clipart,0,product,art,0.9950648546218872,0.3890756070613861,0.2595381736755371,0.18694157898426056,0.028613781556487083,True
r4_shuffled,clipart,0,product,real_world,0.996429443359375,0.32836973667144775,0.24515588581562042,0.1436426192522049,0.01908828131854534,True
r4_shuffled,clipart,0,product,pooled,0.9961463212966919,0.339680939912796,0.23118643462657928,0.16357389092445374,0.02210085093975067,True
r4_shuffled,clipart,0,product,clipart,0.9945959448814392,0.3642424941062927,0.2560502886772156,0.18900343775749207,0.02871979959309101,True
r4_shuffled,clipart,0,real_world,art,0.9980584979057312,0.2355959713459015,0.19604751467704773,0.10882016271352768,0.009097044356167316,True
r4_shuffled,clipart,0,real_world,product,0.996429443359375,0.32836973667144775,0.24515588581562042,0.1436426192522049,0.018737804144620895,True
r4_shuffled,clipart,0,real_world,pooled,0.9991498589515686,0.14272747933864594,0.11664846539497375,0.06849943101406097,0.003671692917123437,True
r4_shuffled,clipart,0,real_world,clipart,0.99692702293396,0.23178941011428833,0.18613389134407043,0.1282932460308075,0.012644587084650993,True
r4_shuffled,clipart,0,pooled,art,1.0,0.0,0.0,0.0,2.4824513555898875e-09,False
r4_shuffled,clipart,0,pooled,product,1.0,0.0,0.0,0.0,2.4824513555898875e-09,False
r4_shuffled,clipart,0,pooled,real_world,1.0,0.0,0.0,0.0,2.4824513555898875e-09,False
r4_shuffled,clipart,0,pooled,clipart,1.0,0.0,0.0,0.0,2.4824513555898875e-09,False
r4_shuffled,clipart,0,clipart,art,0.9992061853408813,0.11896471679210663,0.09855609387159348,0.07445590198040009,0.003362374845892191,True
r4_shuffled,clipart,0,clipart,product,0.9945959448814392,0.3642424941062927,0.2560502886772156,0.18900343775749207,0.028657350689172745,True
r4_shuffled,clipart,0,clipart,real_world,0.99692702293396,0.23178941011428833,0.18613389134407043,0.1282932460308075,0.012661384418606758,True
r4_shuffled,clipart,0,clipart,pooled,0.9991061687469482,0.11023204773664474,0.08817300200462341,0.0746849924325943,0.003760287771001458,True
r4_shuffled,clipart,200,art,product,0.9999926090240479,0.010389775037765503,0.0061747063882648945,0.000687285210005939,1.008642720989883e-05,True
r4_shuffled,clipart,200,art,real_world,0.9999976754188538,0.00577725563198328,0.003620175179094076,0.0002290950797032565,2.566826651673182e-06,True
r4_shuffled,clipart,200,art,pooled,0.9999997615814209,0.0016248923493549228,0.0010269054910168052,0.0002290950797032565,2.2195871451913263e-07,True
r4_shuffled,clipart,200,art,clipart,0.9999983310699463,0.005909511353820562,0.002987776417285204,0.000687285210005939,1.8035195807897253e-06,True
r4_shuffled,clipart,200,product,art,0.9999926090240479,0.010389775037765503,0.0061747063882648945,0.000687285210005939,1.0086307156598195e-05,True
r4_shuffled,clipart,200,product,real_world,0.9999934434890747,0.009487506933510303,0.005789394956082106,0.000458190159406513,7.360644758591661e-06,True
r4_shuffled,clipart,200,product,pooled,0.9999939203262329,0.009497498162090778,0.005611435044556856,0.000458190159406513,8.179669748642482e-06,True
r4_shuffled,clipart,200,product,clipart,0.9999924898147583,0.011898902244865894,0.006656534504145384,0.000916380318813026,1.1803237612184603e-05,True
r4_shuffled,clipart,200,real_world,art,0.9999976754188538,0.00577725563198328,0.003620175179094076,0.0002290950797032565,2.5662056941655464e-06,True
r4_shuffled,clipart,200,real_world,product,0.9999934434890747,0.009487506933510303,0.005789394956082106,0.000458190159406513,7.3586611506470945e-06,True
r4_shuffled,clipart,200,real_world,pooled,0.9999986886978149,0.004587954841554165,0.0027483077719807625,0.0,1.46062268413516e-06,True
r4_shuffled,clipart,200,real_world,clipart,0.9999933242797852,0.010768339037895203,0.006150655914098024,0.000916380318813026,7.361662937910296e-06,True
r4_shuffled,clipart,200,pooled,art,1.0,0.0,0.0,0.0,7.120122824666453e-10,False
r4_shuffled,clipart,200,pooled,product,1.0,0.0,0.0,0.0,7.120122824666453e-10,False
r4_shuffled,clipart,200,pooled,real_world,1.0,0.0,0.0,0.0,7.120122824666453e-10,False
r4_shuffled,clipart,200,pooled,clipart,1.0,0.0,0.0,0.0,7.120122824666453e-10,False
r4_shuffled,clipart,200,clipart,art,0.9999985694885254,0.0049268826842308044,0.0036034774966537952,0.000687285210005939,2.929619995484245e-06,True
r4_shuffled,clipart,200,clipart,product,0.9999855756759644,0.016557032242417336,0.011428238824009895,0.002290950855240226,2.9960627216496505e-05,True
r4_shuffled,clipart,200,clipart,real_world,0.999994158744812,0.010187061503529549,0.007349803112447262,0.001603665528818965,1.2152424460509792e-05,True
r4_shuffled,clipart,200,clipart,pooled,0.999998152256012,0.005899403244256973,0.004270648583769798,0.000916380318813026,4.109065230295528e-06,True
r4_shuffled,clipart,400,art,product,0.9999591708183289,0.024739133194088936,0.009837514720857143,0.003436426166445017,2.392680835328065e-05,True
r4_shuffled,clipart,400,art,real_world,0.9999974370002747,0.005750988144427538,0.003507989924401045,0.000458190159406513,2.2812500901636668e-06,True
r4_shuffled,clipart,400,art,pooled,0.9999997615814209,0.002083440311253071,0.001003804849460721,0.000687285210005939,2.2114667785899655e-07,True
r4_shuffled,clipart,400,art,clipart,0.9999962449073792,0.006923211272805929,0.003633991116657853,0.001145475427620113,2.6115690161532257e-06,True
r4_shuffled,clipart,400,product,art,0.9999591708183289,0.024739133194088936,0.009837514720857143,0.003436426166445017,2.3921011234051548e-05,True
r4_shuffled,clipart,400,product,real_world,0.9999556541442871,0.02419031411409378,0.010246128775179386,0.002978235948830843,2.3161019271356054e-05,True
r4_shuffled,clipart,400,product,pooled,0.9999630451202393,0.023227887228131294,0.009330489672720432,0.002749140840023756,2.097872675221879e-05,True
r4_shuffled,clipart,400,product,clipart,0.9999750256538391,0.02048748917877674,0.008382434956729412,0.002749140840023756,1.7946495063370094e-05,True
r4_shuffled,clipart,400,real_world,art,0.9999974370002747,0.005750988144427538,0.003507989924401045,0.000458190159406513,2.2817259832663694e-06,True
r4_shuffled,clipart,400,real_world,product,0.9999556541442871,0.02419031411409378,0.010246128775179386,0.002978235948830843,2.316785503353458e-05,True
r4_shuffled,clipart,400,real_world,pooled,0.9999983310699463,0.004426700063049793,0.0027664995286613703,0.000687285210005939,1.3871933788323076e-06,True
r4_shuffled,clipart,400,real_world,clipart,0.9999901652336121,0.010776171460747719,0.006569207645952702,0.001145475427620113,7.875787559896708e-06,True
r4_shuffled,clipart,400,pooled,art,1.0,0.0,0.0,0.0,3.754241084674703e-10,False
r4_shuffled,clipart,400,pooled,product,1.0,0.0,0.0,0.0,3.754241084674703e-10,False
r4_shuffled,clipart,400,pooled,real_world,1.0,0.0,0.0,0.0,3.754241084674703e-10,False
r4_shuffled,clipart,400,pooled,clipart,1.0,0.0,0.0,0.0,3.754241084674703e-10,False
r4_shuffled,clipart,400,clipart,art,0.9999974370002747,0.005899621173739433,0.004981381818652153,0.002290950855240226,5.802137820865028e-06,True
r4_shuffled,clipart,400,clipart,product,0.9999765157699585,0.01828845962882042,0.01525682769715786,0.004352806601673365,5.368615529732779e-05,True
r4_shuffled,clipart,400,clipart,real_world,0.999988853931427,0.012440658174455166,0.01051497645676136,0.002978235948830843,2.5623357942095026e-05,True
r4_shuffled,clipart,400,clipart,pooled,0.9999962449073792,0.007158552762120962,0.006048847455531359,0.002290950855240226,8.504777724738233e-06,True
r4_shuffled,clipart,600,art,product,0.9999071359634399,0.07404659688472748,0.016712933778762817,0.004352806601673365,6.624861998716369e-05,True
r4_shuffled,clipart,600,art,real_world,0.9999967217445374,0.008642669767141342,0.0035561404656618834,0.0,2.5799226932576858e-06,True
r4_shuffled,clipart,600,art,pooled,0.9999992847442627,0.005756549071520567,0.0014515900984406471,0.0,4.6349066451512044e-07,True
r4_shuffled,clipart,600,art,clipart,0.999995768070221,0.014671009965240955,0.004544614814221859,0.001145475427620113,4.595125119521981e-06,True
r4_shuffled,clipart,600,product,art,0.9999071359634399,0.07404659688472748,0.016712933778762817,0.004352806601673365,6.626902904827148e-05,True
r4_shuffled,clipart,600,product,real_world,0.9999218583106995,0.06801724433898926,0.015867961570620537,0.004352806601673365,5.8640813222154975e-05,True
r4_shuffled,clipart,600,product,pooled,0.9999209046363831,0.06852438300848007,0.015519123524427414,0.004352806601673365,5.705370494979434e-05,True
r4_shuffled,clipart,600,product,clipart,0.9999359250068665,0.060265008360147476,0.013737344183027744,0.003665521275252104,4.545018236967735e-05,True
r4_shuffled,clipart,600,real_world,art,0.9999967217445374,0.008642669767141342,0.0035561404656618834,0.0,2.577057784947101e-06,True
r4_shuffled,clipart,600,real_world,product,0.9999218583106995,0.06801724433898926,0.015867961570620537,0.004352806601673365,5.861049794475548e-05,True
r4_shuffled,clipart,600,real_world,pooled,0.9999985694885254,0.004560357425361872,0.0026516998186707497,0.0,1.4263383718571276e-06,True
r4_shuffled,clipart,600,real_world,clipart,0.9999926090240479,0.012617702595889568,0.006563944276422262,0.001145475427620113,9.00675786397187e-06,True
r4_shuffled,clipart,600,pooled,art,1.0,0.0,0.0,0.0,2.610770211131097e-10,False
r4_shuffled,clipart,600,pooled,product,1.0,0.0,0.0,0.0,2.610770211131097e-10,False
r4_shuffled,clipart,600,pooled,real_world,1.0,0.0,0.0,0.0,2.610770211131097e-10,False
r4_shuffled,clipart,600,pooled,clipart,1.0,0.0,0.0,0.0,2.610770211131097e-10,False
r4_shuffled,clipart,600,clipart,art,0.9999968409538269,0.007454859558492899,0.005338805727660656,0.000916380318813026,6.524749096570304e-06,True
r4_shuffled,clipart,600,clipart,product,0.9999720454216003,0.022842267528176308,0.015923719853162766,0.003665521275252104,5.858550866832957e-05,True
r4_shuffled,clipart,600,clipart,real_world,0.9999860525131226,0.01615738496184349,0.011260505765676498,0.002290950855240226,2.910971852543298e-05,True
r4_shuffled,clipart,600,clipart,pooled,0.9999952912330627,0.009216775186359882,0.006477224174886942,0.000916380318813026,9.613669135433156e-06,True
r4_shuffled,clipart,800,art,product,0.9996803998947144,0.08728564530611038,0.0334966816008091,0.011225658468902111,0.000216011525481008,True
r4_shuffled,clipart,800,art,real_world,0.9999915361404419,0.012999939732253551,0.005147220101207495,0.001603665528818965,5.499593953572912e-06,True
r4_shuffled,clipart,800,art,pooled,0.9999971985816956,0.008465927094221115,0.0030006689485162497,0.001145475427620113,1.8275767388331587e-06,True
r4_shuffled,clipart,800,art,clipart,0.9999896883964539,0.017335254698991776,0.00670704897493124,0.0025200459640473127,8.160994184436277e-06,True
r4_shuffled,clipart,800,product,art,0.9996803998947144,0.08728564530611038,0.0334966816008091,0.011225658468902111,0.00021582968474831432,True
r4_shuffled,clipart,800,product,real_world,0.9997618198394775,0.07545659691095352,0.029588608071208,0.009621993638575077,0.00016425616922788322,True
r4_shuffled,clipart,800,product,pooled,0.9997360110282898,0.07893762737512589,0.030597327277064323,0.010080183856189251,0.00017903486150316894,True
r4_shuffled,clipart,800,product,clipart,0.9997766613960266,0.07066848874092102,0.02764403074979782,0.009163803420960903,0.00014955921506043524,True
r4_shuffled,clipart,800,real_world,art,0.9999915361404419,0.012999939732253551,0.005147220101207495,0.001603665528818965,5.496749054145766e-06,True
r4_shuffled,clipart,800,real_world,product,0.9997618198394775,0.07545659691095352,0.029588608071208,0.009621993638575077,0.00016441065235994756,True
r4_shuffled,clipart,800,real_world,pooled,0.9999980330467224,0.005308344028890133,0.002758570248261094,0.000916380318813026,1.503859607510094e-06,True
r4_shuffled,clipart,800,real_world,clipart,0.9999934434890747,0.010108568705618382,0.0062153637409210205,0.002290950855240226,6.709734407195356e-06,True
r4_shuffled,clipart,800,pooled,art,1.0,0.0,0.0,0.0,-2.2910781605212094e-10,False
r4_shuffled,clipart,800,pooled,product,1.0,0.0,0.0,0.0,-2.2910781605212094e-10,False
r4_shuffled,clipart,800,pooled,real_world,1.0,0.0,0.0,0.0,-2.2910781605212094e-10,False
r4_shuffled,clipart,800,pooled,clipart,1.0,0.0,0.0,0.0,-2.2910781605212094e-10,False
r4_shuffled,clipart,800,clipart,art,0.9999976754188538,0.00579607579857111,0.0047960528172552586,0.001145475427620113,5.117412001709454e-06,True
r4_shuffled,clipart,800,clipart,product,0.9999779462814331,0.01766568049788475,0.014483485370874405,0.004352806601673365,4.683036604546942e-05,True
r4_shuffled,clipart,800,clipart,real_world,0.9999894499778748,0.012245547957718372,0.010158327408134937,0.002061855746433139,2.2858777811052278e-05,True
r4_shuffled,clipart,800,clipart,pooled,0.9999964833259583,0.007031482178717852,0.005834678187966347,0.001145475427620113,7.538517365901498e-06,True
r4_shuffled,clipart,1000,art,product,0.9993337988853455,0.0983535647392273,0.05731625109910965,0.016036655753850937,0.0005643533659167588,True
r4_shuffled,clipart,1000,art,real_world,0.9999656081199646,0.021892836317420006,0.012352763675153255,0.002978235948830843,2.786826553347055e-05,True
r4_shuffled,clipart,1000,art,pooled,0.9999909400939941,0.011584747582674026,0.0064570107497274876,0.001374570420011878,7.4327394941064995e-06,True
r4_shuffled,clipart,1000,art,clipart,0.999985933303833,0.015460369177162647,0.008728984743356705,0.002749140840023756,1.315135341428686e-05,True
r4_shuffled,clipart,1000,product,art,0.9993337988853455,0.0983535647392273,0.05731625109910965,0.016036655753850937,0.0005632679094560444,True
r4_shuffled,clipart,1000,product,real_world,0.9995899200439453,0.07754608243703842,0.045638080686330795,0.013058419339358807,0.00035205140011385083,True
r4_shuffled,clipart,1000,product,pooled,0.9994775652885437,0.08695623278617859,0.05095338448882103,0.014662085101008415,0.00044312956742942333,True
r4_shuffled,clipart,1000,product,clipart,0.999504566192627,0.08356606215238571,0.04916398227214813,0.013745704665780067,0.000416337774368003,True
r4_shuffled,clipart,1000,real_world,art,0.9999656081199646,0.021892836317420006,0.012352763675153255,0.002978235948830843,2.7871716156369075e-05,True
r4_shuffled,clipart,1000,real_world,product,0.9995899200439453,0.07754608243703842,0.045638080686330795,0.013058419339358807,0.000352701754309237,True
r4_shuffled,clipart,1000,real_world,pooled,0.9999914169311523,0.010545236989855766,0.006074763834476471,0.001603665528818965,6.938376827747561e-06,True
r4_shuffled,clipart,1000,real_world,clipart,0.9999890923500061,0.011127444915473461,0.007032649125903845,0.0025200459640473127,1.0068805750051979e-05,True
r4_shuffled,clipart,1000,pooled,art,1.0,0.0,0.0,0.0,6.246100303641811e-10,False
r4_shuffled,clipart,1000,pooled,product,1.0,0.0,0.0,0.0,6.246100303641811e-10,False
r4_shuffled,clipart,1000,pooled,real_world,1.0,0.0,0.0,0.0,6.246100303641811e-10,False
r4_shuffled,clipart,1000,pooled,clipart,1.0,0.0,0.0,0.0,6.246100303641811e-10,False
r4_shuffled,clipart,1000,clipart,art,0.9999967217445374,0.007331264205276966,0.0052476259879767895,0.001374570420011878,5.5646987675572746e-06,True
r4_shuffled,clipart,1000,clipart,product,0.9999710321426392,0.02207145094871521,0.015577743761241436,0.004581901710480452,4.9685226258588955e-05,True
r4_shuffled,clipart,1000,clipart,real_world,0.999985933303833,0.015629306435585022,0.010976801626384258,0.002749140840023756,2.4333037799806334e-05,True
r4_shuffled,clipart,1000,clipart,pooled,0.9999952912330627,0.008958076126873493,0.006333508528769016,0.001374570420011878,8.089430593827274e-06,True
r4_shuffled,product,0,art,clipart,0.9992077350616455,0.16343499720096588,0.12098121643066406,0.09056093543767929,0.005829263012856245,True
r4_shuffled,product,0,art,real_world,0.9983416199684143,0.22751352190971375,0.1730177253484726,0.14552827179431915,0.016138624399900436,True
r4_shuffled,product,0,art,pooled,0.9990434050559998,0.22919848561286926,0.1556684970855713,0.09709393978118896,0.008802566677331924,True
r4_shuffled,product,0,art,product,0.9944765567779541,0.5384728908538818,0.35956209897994995,0.20792971551418304,0.04918774217367172,True
r4_shuffled,product,0,clipart,art,0.9992077350616455,0.16343499720096588,0.12098121643066406,0.09056093543767929,0.005976221989840269,True
r4_shuffled,product,0,clipart,real_world,0.9969191551208496,0.280261754989624,0.2224450558423996,0.20635278522968292,0.030150387436151505,True
r4_shuffled,product,0,clipart,pooled,0.9985786080360413,0.2263122797012329,0.20087020099163055,0.09574228525161743,0.012058427557349205,True
r4_shuffled,product,0,clipart,product,0.9936396479606628,0.50865238904953,0.39097291231155396,0.21243523061275482,0.05816527083516121,True
r4_shuffled,product,0,real_world,art,0.9983416199684143,0.22751352190971375,0.1730177253484726,0.14552827179431915,0.015854964032769203,True
r4_shuffled,product,0,real_world,clipart,0.9969191551208496,0.280261754989624,0.2224450558423996,0.20635278522968292,0.029237503185868263,True
r4_shuffled,product,0,real_world,pooled,0.9984787106513977,0.22014403343200684,0.15883417427539825,0.1567920744419098,0.01560397632420063,True
r4_shuffled,product,0,real_world,product,0.9958949089050293,0.4526383578777313,0.2973325848579407,0.19599008560180664,0.0370519757270813,True
r4_shuffled,product,0,pooled,art,1.0,0.0,0.0,0.0,1.5551545606840023e-09,False
r4_shuffled,product,0,pooled,clipart,1.0,0.0,0.0,0.0,1.5551545606840023e-09,False
r4_shuffled,product,0,pooled,real_world,1.0,0.0,0.0,0.0,1.5551545606840023e-09,False
r4_shuffled,product,0,pooled,product,1.0,0.0,0.0,0.0,1.5551545606840023e-09,False
r4_shuffled,product,0,product,art,0.9944765567779541,0.5384728908538818,0.35956209897994995,0.20792971551418304,0.04430488124489784,True
r4_shuffled,product,0,product,clipart,0.9936396479606628,0.50865238904953,0.39097291231155396,0.21243523061275482,0.048712629824876785,True
r4_shuffled,product,0,product,real_world,0.9958949089050293,0.4526383578777313,0.2973325848579407,0.19599008560180664,0.033960163593292236,True
r4_shuffled,product,0,product,pooled,0.9978236556053162,0.3178023099899292,0.214298814535141,0.13516557216644287,0.017961302772164345,True
r4_shuffled,product,200,art,clipart,0.9999990463256836,0.005347211379557848,0.0024376071523875,0.00022527595865540206,5.528398219212249e-07,True
r4_shuffled,product,200,art,real_world,0.9999990463256836,0.0055825551971793175,0.0025526550598442554,0.0,6.122049285295361e-07,True
r4_shuffled,product,200,art,pooled,0.9999997615814209,0.002470187610015273,0.001412006327882409,0.0,1.9771687220782042e-07,True
r4_shuffled,product,200,art,product,0.9999968409538269,0.008955834433436394,0.0047889347188174725,0.0,2.224812533313525e-06,True
r4_shuffled,product,200,clipart,art,0.9999990463256836,0.005347211379557848,0.0024376071523875,0.00022527595865540206,5.45505656646128e-07,True
r4_shuffled,product,200,clipart,real_world,0.9999967217445374,0.010779467411339283,0.004846942611038685,0.00022527595865540206,2.1832579477631953e-06,True
r4_shuffled,product,200,clipart,pooled,0.9999982118606567,0.007354244589805603,0.0035807895474135876,0.00022527595865540206,1.2178103361293324e-06,True
r4_shuffled,product,200,clipart,product,0.9999933242797852,0.013870182447135448,0.006963355932384729,0.00022527595865540206,4.6395466597459745e-06,True
r4_shuffled,product,200,real_world,art,0.9999990463256836,0.0055825551971793175,0.0025526550598442554,0.0,6.072658038647205e-07,True
r4_shuffled,product,200,real_world,clipart,0.9999967217445374,0.010779467411339283,0.004846942611038685,0.00022527595865540206,2.185201992688235e-06,True
r4_shuffled,product,200,real_world,pooled,0.9999997615814209,0.003677808679640293,0.0014469949528574944,0.0,1.824178923470754e-07,True
r4_shuffled,product,200,real_world,product,0.9999991655349731,0.004108272027224302,0.002514672465622425,0.0,6.141986546026601e-07,True
r4_shuffled,product,200,pooled,art,1.0,0.0,0.0,0.0,3.19820059324627e-10,False
r4_shuffled,product,200,pooled,clipart,1.0,0.0,0.0,0.0,3.19820059324627e-10,False
r4_shuffled,product,200,pooled,real_world,1.0,0.0,0.0,0.0,3.19820059324627e-10,False
r4_shuffled,product,200,pooled,product,1.0,0.0,0.0,0.0,3.19820059324627e-10,False
r4_shuffled,product,200,product,art,0.9999769926071167,0.022864433005452156,0.01595303788781166,0.002027483657002449,2.637943543959409e-05,True
r4_shuffled,product,200,product,clipart,0.9999492764472961,0.03368415683507919,0.02363676019012928,0.002703311387449503,5.8028996136272326e-05,True
r4_shuffled,product,200,product,real_world,0.9999934434890747,0.012386293150484562,0.008460409939289093,0.0013516556937247515,7.3501059887348674e-06,True
r4_shuffled,product,200,product,pooled,0.9999880194664001,0.01649082452058792,0.011516372673213482,0.002027483657002449,1.3735535503656138e-05,True
r4_shuffled,product,400,art,clipart,0.9999988079071045,0.005234773736447096,0.002706835512071848,0.00022527595865540206,5.84526503644156e-07,True
r4_shuffled,product,400,art,real_world,0.9999985694885254,0.00645721610635519,0.0029176860116422176,0.00045055191731080413,7.428704975609435e-07,True
r4_shuffled,product,400,art,pooled,0.9999996423721313,0.003040754236280918,0.001453827484510839,0.0,1.7888062586735032e-07,True
r4_shuffled,product,400,art,product,0.9999958872795105,0.010631846264004707,0.00511131901293993,0.00045055191731080413,2.208758132837829e-06,True
r4_shuffled,product,400,clipart,art,0.9999988079071045,0.005234773736447096,0.002706835512071848,0.00022527595865540206,5.850000093232666e-07,True
r4_shuffled,product,400,clipart,real_world,0.9999952912330627,0.011508670635521412,0.005463744513690472,0.0006758278468623757,2.507256795070134e-06,True
r4_shuffled,product,400,clipart,pooled,0.9999976754188538,0.00801211129873991,0.00393905583769083,0.00022527595865540206,1.269201675313525e-06,True
r4_shuffled,product,400,clipart,product,0.9999911785125732,0.01561057474464178,0.007604043465107679,0.0006758278468623757,4.797989276994485e-06,True
r4_shuffled,product,400,real_world,art,0.9999985694885254,0.00645721610635519,0.0029176860116422176,0.00045055191731080413,7.379999829026929e-07,True
r4_shuffled,product,400,real_world,clipart,0.9999952912330627,0.011508670635521412,0.005463744513690472,0.0006758278468623757,2.501567678336869e-06,True
r4_shuffled,product,400,real_world,pooled,0.9999995231628418,0.003672313177958131,0.0016618042718619108,0.00045055191731080413,2.390673330410209e-07,True
r4_shuffled,product,400,real_world,product,0.9999990463256836,0.004563118331134319,0.00243704067543149,0.0,4.843432748202758e-07,True
r4_shuffled,product,400,pooled,art,1.0,0.0,0.0,0.0,7.27081450602185e-11,False
r4_shuffled,product,400,pooled,clipart,1.0,0.0,0.0,0.0,7.27081450602185e-11,False
r4_shuffled,product,400,pooled,real_world,1.0,0.0,0.0,0.0,7.27081450602185e-11,False
r4_shuffled,product,400,pooled,product,1.0,0.0,0.0,0.0,7.27081450602185e-11,False
r4_shuffled,product,400,product,art,0.9999827742576599,0.019341977313160896,0.01378320436924696,0.0011263798223808408,1.690262979536783e-05,True
r4_shuffled,product,400,product,clipart,0.9999624490737915,0.028323590755462646,0.02029438316822052,0.001576931681483984,3.680910594994202e-05,True
r4_shuffled,product,400,product,real_world,0.9999954104423523,0.009870274923741817,0.006965164560824633,0.0,4.222084953653393e-06,True
r4_shuffled,product,400,product,pooled,0.9999910593032837,0.013849031180143356,0.009912991896271706,0.00045055191731080413,8.759837328398135e-06,True
r4_shuffled,product,600,art,clipart,0.9999985694885254,0.006358191836625338,0.003484276821836829,0.00045055191731080413,8.591535447521892e-07,True
r4_shuffled,product,600,art,real_world,0.9999979138374329,0.00834439042955637,0.004444135818630457,0.0,1.3425997167360038e-06,True
r4_shuffled,product,600,art,pooled,0.9999994039535522,0.004069359041750431,0.0022544292733073235,0.0,3.33506307015341e-07,True
r4_shuffled,product,600,art,product,0.9999934434890747,0.013936173170804977,0.007631529122591019,0.0009011038346216083,3.9145716073107906e-06,True
r4_shuffled,product,600,clipart,art,0.9999985694885254,0.006358191836625338,0.003484276821836829,0.00045055191731080413,8.612087185611017e-07,True
r4_shuffled,product,600,clipart,real_world,0.9999932050704956,0.014621768146753311,0.00783286802470684,0.00045055191731080413,4.260431978764245e-06,True
r4_shuffled,product,600,clipart,pooled,0.9999967217445374,0.01016797125339508,0.0054733953438699245,0.00045055191731080413,2.076456439681351e-06,True
r4_shuffled,product,600,clipart,product,0.9999868273735046,0.020028458908200264,0.010846512392163277,0.0013516556937247515,8.071096999628935e-06,True
r4_shuffled,product,600,real_world,art,0.9999979138374329,0.00834439042955637,0.004444135818630457,0.0,1.345531813967682e-06,True
r4_shuffled,product,600,real_world,clipart,0.9999932050704956,0.014621768146753311,0.00783286802470684,0.00045055191731080413,4.262684797140537e-06,True
r4_shuffled,product,600,real_world,pooled,0.9999992847442627,0.004620464984327555,0.002497732639312744,0.0,4.390751087157696e-07,True
r4_shuffled,product,600,real_world,product,0.9999985694885254,0.006015483755618334,0.003507510758936405,0.0009011038346216083,8.271842375506822e-07,True
r4_shuffled,product,600,pooled,art,1.0,0.0,0.0,0.0,-5.41005240606296e-10,False
r4_shuffled,product,600,pooled,clipart,1.0,0.0,0.0,0.0,-5.41005240606296e-10,False
r4_shuffled,product,600,pooled,real_world,1.0,0.0,0.0,0.0,-5.41005240606296e-10,False
r4_shuffled,product,600,pooled,product,1.0,0.0,0.0,0.0,-5.41005240606296e-10,False
r4_shuffled,product,600,product,art,0.9999824166297913,0.017887528985738754,0.013882623985409737,0.002027483657002449,1.4996499885455705e-05,True
r4_shuffled,product,600,product,clipart,0.9999619722366333,0.026036880910396576,0.020397385582327843,0.002703311387449503,3.2446234399685636e-05,True
r4_shuffled,product,600,product,real_world,0.9999952912330627,0.008868305012583733,0.006970769725739956,0.0009011038346216083,3.7368533867265796e-06,True
r4_shuffled,product,600,product,pooled,0.9999909400939941,0.012785341590642929,0.009972446598112583,0.0013516556937247515,7.759344043734018e-06,True
r4_shuffled,product,800,art,clipart,0.9999988079071045,0.0055274697951972485,0.0027831452898681164,0.00022527595865540206,8.133406481647398e-07,True
r4_shuffled,product,800,art,real_world,0.9999979138374329,0.007048357743769884,0.0033943261951208115,0.00022527595865540206,1.208185381074145e-06,True
r4_shuffled,product,800,art,pooled,0.9999995231628418,0.003148130839690566,0.0015813532518222928,0.00022527595865540206,2.1582249587481783e-07,True
r4_shuffled,product,800,art,product,0.9999952912330627,0.010985016822814941,0.005472872406244278,0.0006758278468623757,2.831638312272844e-06,True
r4_shuffled,product,800,clipart,art,0.9999988079071045,0.0055274697951972485,0.0027831452898681164,0.00022527595865540206,8.151167207870458e-07,True
r4_shuffled,product,800,clipart,real_world,0.9999940395355225,0.012448874302208424,0.006049665156751871,0.00045055191731080413,3.900701813108753e-06,True
r4_shuffled,product,800,clipart,pooled,0.9999974370002747,0.008429696783423424,0.004138301592320204,0.00045055191731080413,1.7418753941456089e-06,True
r4_shuffled,product,800,clipart,product,0.999989926815033,0.01626903936266899,0.008035507053136826,0.0009011038346216083,6.440341167035513e-06,True
r4_shuffled,product,800,real_world,art,0.9999979138374329,0.007048357743769884,0.0033943261951208115,0.00022527595865540206,1.2093044006178388e-06,True
r4_shuffled,product,800,real_world,clipart,0.9999940395355225,0.012448874302208424,0.006049665156751871,0.00045055191731080413,3.900943738699425e-06,True
r4_shuffled,product,800,real_world,pooled,0.9999992847442627,0.004166519735008478,0.0020476053468883038,0.0,4.684957275458146e-07,True
r4_shuffled,product,800,real_world,product,0.9999991655349731,0.004366566892713308,0.0024177704472094774,0.00045055191731080413,4.6115985696815187e-07,True
r4_shuffled,product,800,pooled,art,1.0,0.0,0.0,0.0,-4.85450124543263e-10,False
r4_shuffled,product,800,pooled,clipart,1.0,0.0,0.0,0.0,-4.85450124543263e-10,False
r4_shuffled,product,800,pooled,real_world,1.0,0.0,0.0,0.0,-4.85450124543263e-10,False
r4_shuffled,product,800,pooled,product,1.0,0.0,0.0,0.0,-4.85450124543263e-10,False
r4_shuffled,product,800,product,art,0.9999741911888123,0.019515223801136017,0.014825006946921349,0.0011263798223808408,1.9730694475583732e-05,True
r4_shuffled,product,800,product,clipart,0.9999445080757141,0.0285186804831028,0.021689699962735176,0.0022527596447616816,4.2385858250781894e-05,True
r4_shuffled,product,800,product,real_world,0.9999924898147583,0.010134311392903328,0.007779632695019245,0.0009011038346216083,5.386285465647234e-06,True
r4_shuffled,product,800,product,pooled,0.9999866485595703,0.013984477147459984,0.010642418637871742,0.0009011038346216083,1.0223016943200491e-05,True
r4_shuffled,product,1000,art,clipart,0.999998927116394,0.004238627385348082,0.0030237433966249228,0.00022527595865540206,8.303391041408759e-07,True
r4_shuffled,product,1000,art,real_world,0.9999985694885254,0.004290570039302111,0.003322582459077239,0.00022527595865540206,9.67820255937113e-07,True
r4_shuffled,product,1000,art,pooled,0.9999997615814209,0.0017941126134246588,0.0013222132110968232,0.0,1.3295927203671454e-07,True
r4_shuffled,product,1000,art,product,0.9999971985816956,0.0063457004725933075,0.004710086155682802,0.00022527595865540206,1.7888088450490613e-06,True
r4_shuffled,product,1000,clipart,art,0.999998927116394,0.004238627385348082,0.0030237433966249228,0.00022527595865540206,8.286791626233025e-07,True
r4_shuffled,product,1000,clipart,real_world,0.9999952912330627,0.00837222021073103,0.0062694307416677475,0.00045055191731080413,3.513831643431331e-06,True
r4_shuffled,product,1000,clipart,pooled,0.999998152256012,0.005422026850283146,0.003949838224798441,0.00022527595865540206,1.3579611959357862e-06,True
r4_shuffled,product,1000,clipart,product,0.9999934434890747,0.010012302547693253,0.007375702261924744,0.00045055191731080413,4.628374881576747e-06,True
r4_shuffled,product,1000,real_world,art,0.9999985694885254,0.004290570039302111,0.003322582459077239,0.00022527595865540206,9.64745936471445e-07,True
r4_shuffled,product,1000,real_world,clipart,0.9999952912330627,0.00837222021073103,0.0062694307416677475,0.00045055191731080413,3.513914634822868e-06,True
r4_shuffled,product,1000,real_world,pooled,0.9999992847442627,0.003200972219929099,0.0025011070538312197,0.00022527595865540206,5.786691303910629e-07,True
r4_shuffled,product,1000,real_world,product,0.9999995231628418,0.003073622239753604,0.002216689521446824,0.0,3.8581165995310585e-07,True
r4_shuffled,product,1000,pooled,art,1.0,0.0,0.0,0.0,-2.697468359791344e-10,False
r4_shuffled,product,1000,pooled,clipart,1.0,0.0,0.0,0.0,-2.697468359791344e-10,False
r4_shuffled,product,1000,pooled,real_world,1.0,0.0,0.0,0.0,-2.697468359791344e-10,False
r4_shuffled,product,1000,pooled,product,1.0,0.0,0.0,0.0,-2.697468359791344e-10,False
r4_shuffled,product,1000,product,art,0.9999815821647644,0.016494473442435265,0.01291709579527378,0.00045055191731080413,1.390185298077995e-05,True
r4_shuffled,product,1000,product,clipart,0.99996018409729,0.024318194016814232,0.018916020169854164,0.00045055191731080413,2.9886195989092812e-05,True
r4_shuffled,product,1000,product,real_world,0.9999944567680359,0.008881188929080963,0.006834325846284628,0.00045055191731080413,3.7051875096949516e-06,True
r4_shuffled,product,1000,product,pooled,0.9999904036521912,0.01190060656517744,0.009286511689424515,0.00045055191731080413,7.199861556728138e-06,True
r4_shuffled,real_world,0,art,clipart,0.9992008805274963,0.12415026128292084,0.08674480020999908,0.06587100774049759,0.0035980420652776957,True
r4_shuffled,real_world,0,art,product,0.9952300786972046,0.4181187152862549,0.30414652824401855,0.20725269615650177,0.03145308792591095,True
r4_shuffled,real_world,0,art,pooled,0.9984985589981079,0.22059248387813568,0.16322298347949982,0.11383979767560959,0.009878206066787243,True
r4_shuffled,real_world,0,art,real_world,0.9984311461448669,0.20279599726200104,0.1450749933719635,0.12256139516830444,0.010581186972558498,True
r4_shuffled,real_world,0,clipart,art,0.9992008805274963,0.12415026128292084,0.08674480020999908,0.06587100774049759,0.003584383288398385,True
r4_shuffled,real_world,0,clipart,product,0.994584321975708,0.4004852771759033,0.3088521361351013,0.20403946936130524,0.03137592971324921,True
r4_shuffled,real_world,0,clipart,pooled,0.9977964162826538,0.2287348210811615,0.17874108254909515,0.12003672122955322,0.012090436182916164,True
r4_shuffled,real_world,0,clipart,real_world,0.9969150424003601,0.26243141293525696,0.18568283319473267,0.15079182386398315,0.017530417069792747,True
r4_shuffled,real_world,0,product,art,0.9952300786972046,0.4181187152862549,0.30414652824401855,0.20725269615650177,0.03134848177433014,True
r4_shuffled,real_world,0,product,clipart,0.994584321975708,0.4004852771759033,0.3088521361351013,0.20403946936130524,0.031328439712524414,True
r4_shuffled,real_world,0,product,pooled,0.9986616969108582,0.22299835085868835,0.16019971668720245,0.12279091030359268,0.009269865229725838,True
r4_shuffled,real_world,0,product,real_world,0.9965388178825378,0.36819756031036377,0.2600726783275604,0.17397291958332062,0.022464139387011528,True
r4_shuffled,real_world,0,pooled,art,1.0,0.0,0.0,0.0,2.1851780385162556e-09,False
r4_shuffled,real_world,0,pooled,clipart,1.0,0.0,0.0,0.0,2.1851780385162556e-09,False
r4_shuffled,real_world,0,pooled,product,1.0,0.0,0.0,0.0,2.1851780385162556e-09,False
r4_shuffled,real_world,0,pooled,real_world,1.0,0.0,0.0,0.0,2.1851780385162556e-09,False
r4_shuffled,real_world,0,real_world,art,0.9984311461448669,0.20279599726200104,0.1450749933719635,0.12256139516830444,0.010718571953475475,True
r4_shuffled,real_world,0,real_world,clipart,0.9969150424003601,0.26243141293525696,0.18568283319473267,0.15079182386398315,0.017804063856601715,True
r4_shuffled,real_world,0,real_world,product,0.9965388178825378,0.36819756031036377,0.2600726783275604,0.17397291958332062,0.022360743954777718,True
r4_shuffled,real_world,0,real_world,pooled,0.9991485476493835,0.16917617619037628,0.1208532303571701,0.08698645979166031,0.005387194454669952,True
r4_shuffled,real_world,200,art,clipart,0.9999968409538269,0.009976259432733059,0.00652089761570096,0.0004590314347296953,3.952479346480686e-06,True
r4_shuffled,real_world,200,art,product,0.9999880194664001,0.017784183844923973,0.011631958186626434,0.0004590314347296953,1.2084931768185925e-05,True
r4_shuffled,real_world,200,art,pooled,0.9999975562095642,0.00809814129024744,0.0050770132802426815,0.00022951571736484766,2.2664726202492602e-06,True
r4_shuffled,real_world,200,art,real_world,0.999998152256012,0.006780706346035004,0.004579707980155945,0.00022951571736484766,1.8930439864561777e-06,True
r4_shuffled,real_world,200,clipart,art,0.9999968409538269,0.009976259432733059,0.00652089761570096,0.0004590314347296953,3.955781266995473e-06,True
r4_shuffled,real_world,200,clipart,product,0.9999773502349854,0.02504671923816204,0.017303671687841415,0.0004590314347296953,2.745714482443873e-05,True
r4_shuffled,real_world,200,clipart,pooled,0.9999915361404419,0.015440858900547028,0.01077951304614544,0.00022951571736484766,1.0733003364293836e-05,True
r4_shuffled,real_world,200,clipart,real_world,0.9999915361404419,0.015248281881213188,0.010624081827700138,0.00022951571736484766,1.0510177162359469e-05,True
r4_shuffled,real_world,200,product,art,0.9999880194664001,0.017784183844923973,0.011631958186626434,0.0004590314347296953,1.2069394870195538e-05,True
r4_shuffled,real_world,200,product,clipart,0.9999773502349854,0.02504671923816204,0.017303671687841415,0.0004590314347296953,2.7399253667681478e-05,True
r4_shuffled,real_world,200,product,pooled,0.9999963641166687,0.009980564936995506,0.0066633205860853195,0.00022951571736484766,3.997017756773857e-06,True
r4_shuffled,real_world,200,product,real_world,0.9999948143959045,0.011739219538867474,0.00742678577080369,0.00022951571736484766,4.821328275284031e-06,True
r4_shuffled,real_world,200,pooled,art,1.0,0.0,0.0,0.0,1.4564603689759537e-10,False
r4_shuffled,real_world,200,pooled,clipart,1.0,0.0,0.0,0.0,1.4564603689759537e-10,False
r4_shuffled,real_world,200,pooled,product,1.0,0.0,0.0,0.0,1.4564603689759537e-10,False
r4_shuffled,real_world,200,pooled,real_world,1.0,0.0,0.0,0.0,1.4564603689759537e-10,False
r4_shuffled,real_world,200,real_world,art,0.999998152256012,0.007869628258049488,0.004565781448036432,0.000688547152094543,1.8973487385665067e-06,True
r4_shuffled,real_world,200,real_world,clipart,0.9999929666519165,0.015549737960100174,0.009173600003123283,0.0011475785868242383,7.493905741284834e-06,True
r4_shuffled,real_world,200,real_world,product,0.9999983310699463,0.007606834638863802,0.0044637518003582954,0.0009180628694593906,1.7827659348768066e-06,True
r4_shuffled,real_world,200,real_world,pooled,1.0,0.0009200509521178901,0.0006037894636392593,0.00022951571736484766,3.460648301256697e-08,True
r4_shuffled,real_world,400,art,clipart,0.9999979138374329,0.007427351549267769,0.005053466185927391,0.0,2.2319450181385037e-06,True
r4_shuffled,real_world,400,art,product,0.9999904036521912,0.015604942105710506,0.009253013879060745,0.000688547152094543,6.726908395648934e-06,True
r4_shuffled,real_world,400,art,pooled,0.999998152256012,0.007029213476926088,0.00399220734834671,0.00022951571736484766,1.225202595378505e-06,True
r4_shuffled,real_world,400,art,real_world,0.9999986886978149,0.005293281748890877,0.0032612509094178677,0.00022951571736484766,7.9022987620192e-07,True
r4_shuffled,real_world,400,clipart,art,0.9999979138374329,0.007427351549267769,0.005053466185927391,0.0,2.229688561783405e-06,True
r4_shuffled,real_world,400,clipart,product,0.9999836683273315,0.020000146701931953,0.01298978179693222,0.000688547152094543,1.3512610166799277e-05,True
r4_shuffled,real_world,400,clipart,pooled,0.9999942779541016,0.011695438995957375,0.007784644607454538,0.00022951571736484766,4.930682734993752e-06,True
r4_shuffled,real_world,400,clipart,real_world,0.9999944567680359,0.011152801103889942,0.007471419870853424,0.00022951571736484766,4.675388936448144e-06,True
r4_shuffled,real_world,400,product,art,0.9999904036521912,0.015604942105710506,0.009253013879060745,0.000688547152094543,6.7211744863016065e-06,True
r4_shuffled,real_world,400,product,clipart,0.9999836683273315,0.020000146701931953,0.01298978179693222,0.000688547152094543,1.3496543033397757e-05,True
r4_shuffled,real_world,400,product,pooled,0.9999969601631165,0.008812672458589077,0.005445980932563543,0.0004590314347296953,2.3492284526582807e-06,True
r4_shuffled,real_world,400,product,real_world,0.9999950528144836,0.011214476078748703,0.0066341739147901535,0.0004590314347296953,3.5235334507888183e-06,True
r4_shuffled,real_world,400,pooled,art,1.0,0.0,0.0,0.0,-2.873725701846297e-10,False
r4_shuffled,real_world,400,pooled,clipart,1.0,0.0,0.0,0.0,-2.873725701846297e-10,False
r4_shuffled,real_world,400,pooled,product,1.0,0.0,0.0,0.0,-2.873725701846297e-10,False
r4_shuffled,real_world,400,pooled,real_world,1.0,0.0,0.0,0.0,-2.873725701846297e-10,False
r4_shuffled,real_world,400,real_world,art,0.9999963641166687,0.009004652500152588,0.0056778909638524055,0.0004590314347296953,2.8632634894165676e-06,True
r4_shuffled,real_world,400,real_world,clipart,0.9999868273735046,0.01682739332318306,0.010779849253594875,0.0004590314347296953,1.0618276974128094e-05,True
r4_shuffled,real_world,400,real_world,product,0.999997079372406,0.007775195874273777,0.005004201550036669,0.000688547152094543,2.2620652089244686e-06,True
r4_shuffled,real_world,400,real_world,pooled,1.0,0.001173621043562889,0.0007485595997422934,0.00022951571736484766,5.454013063399543e-08,True
r4_shuffled,real_world,600,art,clipart,0.9999968409538269,0.00880630686879158,0.005664144176989794,0.0,2.7532835247257026e-06,True
r4_shuffled,real_world,600,art,product,0.999947190284729,0.04699157178401947,0.023899216204881668,0.0022951571736484766,5.49123105884064e-05,True
r4_shuffled,real_world,600,art,pooled,0.9999867081642151,0.023811914026737213,0.011979466304183006,0.001377094304189086,1.3696914720640052e-05,True
r4_shuffled,real_world,600,art,real_world,0.9999910593032837,0.019266583025455475,0.009946883656084538,0.0011475785868242383,8.896211511455476e-06,True
r4_shuffled,real_world,600,clipart,art,0.9999968409538269,0.00880630686879158,0.005664144176989794,0.0,2.7564906304178294e-06,True
r4_shuffled,real_world,600,clipart,product,0.9999287724494934,0.05341462418437004,0.028025424107909203,0.0022951571736484766,7.444508810294792e-05,True
r4_shuffled,real_world,600,clipart,pooled,0.9999762773513794,0.030388865619897842,0.016193125396966934,0.001377094304189086,2.4398234018008225e-05,True
r4_shuffled,real_world,600,clipart,real_world,0.999980628490448,0.026369448751211166,0.014508536085486412,0.0011475785868242383,1.8651335267350078e-05,True
r4_shuffled,real_world,600,product,art,0.999947190284729,0.04699157178401947,0.023899216204881668,0.0022951571736484766,5.5095209972932935e-05,True
r4_shuffled,real_world,600,product,clipart,0.9999287724494934,0.05341462418437004,0.028025424107909203,0.0022951571736484766,7.470591663150117e-05,True
r4_shuffled,real_world,600,product,pooled,0.9999866485595703,0.023312417790293694,0.012019583024084568,0.0009180628694593906,1.3999219845572952e-05,True
r4_shuffled,real_world,600,product,real_world,0.9999797940254211,0.028421729803085327,0.014429059810936451,0.0011475785868242383,2.0673649487434886e-05,True
r4_shuffled,real_world,600,pooled,art,1.0,0.0,0.0,0.0,3.3132863119789135e-10,False
r4_shuffled,real_world,600,pooled,clipart,1.0,0.0,0.0,0.0,3.3132863119789135e-10,False
r4_shuffled,real_world,600,pooled,product,1.0,0.0,0.0,0.0,3.3132863119789135e-10,False
r4_shuffled,real_world,600,pooled,real_world,1.0,0.0,0.0,0.0,3.3132863119789135e-10,False
r4_shuffled,real_world,600,real_world,art,0.9999954104423523,0.009486084803938866,0.005630757659673691,0.0009180628694593906,3.2015136639529373e-06,True
r4_shuffled,real_world,600,real_world,clipart,0.9999833106994629,0.017672223970294,0.010872980579733849,0.001377094304189086,1.2153266652603634e-05,True
r4_shuffled,real_world,600,real_world,product,0.9999962449073792,0.00800691731274128,0.0051659392192959785,0.0004590314347296953,2.6623401936376467e-06,True
r4_shuffled,real_world,600,real_world,pooled,1.0,0.0013191115576773882,0.0007316363626159728,0.0,5.649946643870862e-08,True
r4_shuffled,real_world,800,art,clipart,0.9999980330467224,0.006691195070743561,0.004265922121703625,0.00022951571736484766,1.7380905319441808e-06,True
r4_shuffled,real_world,800,art,product,0.9999274611473083,0.04852729290723801,0.028514880686998367,0.002754188608378172,7.561687380075455e-05,True
r4_shuffled,real_world,800,art,pooled,0.9999818205833435,0.024391397833824158,0.014230665750801563,0.0009180628694593906,1.8883107259171084e-05,True
r4_shuffled,real_world,800,art,real_world,0.9999886155128479,0.018671205267310143,0.011102292686700821,0.0004590314347296953,1.1603633538470604e-05,True
r4_shuffled,real_world,800,clipart,art,0.9999980330467224,0.006691195070743561,0.004265922121703625,0.00022951571736484766,1.7390223092661472e-06,True
r4_shuffled,real_world,800,clipart,product,0.9999122023582458,0.05180852860212326,0.031364284455776215,0.0029837042093276978,9.246312401955947e-05,True
r4_shuffled,real_world,800,clipart,pooled,0.9999732375144958,0.027951760217547417,0.01717272773385048,0.0011475785868242383,2.7957734346273355e-05,True
r4_shuffled,real_world,800,clipart,real_world,0.9999802708625793,0.023093100637197495,0.01435700710862875,0.000688547152094543,1.962573514902033e-05,True
r4_shuffled,real_world,800,product,art,0.9999274611473083,0.04852729290723801,0.028514880686998367,0.002754188608378172,7.596957584610209e-05,True
r4_shuffled,real_world,800,product,clipart,0.9999122023582458,0.05180852860212326,0.031364284455776215,0.0029837042093276978,9.291638707509264e-05,True
r4_shuffled,real_world,800,product,pooled,0.999981701374054,0.024210937321186066,0.014343646354973316,0.0018361257389187813,1.9162600437994115e-05,True
r4_shuffled,real_world,800,product,real_world,0.9999714493751526,0.030651547014713287,0.017803877592086792,0.0022951571736484766,2.9186130632297136e-05,True
r4_shuffled,real_world,800,pooled,art,1.0,0.0,0.0,0.0,-6.25366078366163e-11,False
r4_shuffled,real_world,800,pooled,clipart,1.0,0.0,0.0,0.0,-6.25366078366163e-11,False
r4_shuffled,real_world,800,pooled,product,1.0,0.0,0.0,0.0,-6.25366078366163e-11,False
r4_shuffled,real_world,800,pooled,real_world,1.0,0.0,0.0,0.0,-6.25366078366163e-11,False
r4_shuffled,real_world,800,real_world,art,0.9999976754188538,0.006600572261959314,0.004701980855315924,0.0009180628694593906,1.7525509292681818e-06,True
r4_shuffled,real_world,800,real_world,clipart,0.999990701675415,0.013417494483292103,0.009430638514459133,0.001377094304189086,7.216679023258621e-06,True
r4_shuffled,real_world,800,real_world,product,0.9999976754188538,0.0067286244593560696,0.004569971468299627,0.00022951571736484766,1.7015263438224792e-06,True
r4_shuffled,real_world,800,real_world,pooled,1.0,0.0008836044580675662,0.0006527871591970325,0.0,4.019633692564639e-08,True
r4_shuffled,real_world,1000,art,clipart,0.9999921321868896,0.01372325699776411,0.009614856913685799,0.0009180628694593906,7.83199448051164e-06,True
r4_shuffled,real_world,1000,art,product,0.9997880458831787,0.0885339081287384,0.05298125743865967,0.00573789281770587,0.00024815244250930846,True
r4_shuffled,real_world,1000,art,pooled,0.999949038028717,0.04348459094762802,0.026086678728461266,0.002754188608378172,6.03372318437323e-05,True
r4_shuffled,real_world,1000,art,real_world,0.9999646544456482,0.03493008762598038,0.021695420145988464,0.0022951571736484766,4.109714791411534e-05,True
r4_shuffled,real_world,1000,clipart,art,0.9999921321868896,0.01372325699776411,0.009614856913685799,0.0009180628694593906,7.818576705176383e-06,True
r4_shuffled,real_world,1000,clipart,product,0.9997161626815796,0.10030372440814972,0.061294544488191605,0.00665595568716526,0.00032952247420325875,True
r4_shuffled,real_world,1000,clipart,pooled,0.9999096393585205,0.05553653463721275,0.03460944816470146,0.0036722514778375626,0.00010482144716661423,True
r4_shuffled,real_world,1000,clipart,real_world,0.9999285340309143,0.04750833287835121,0.030544400215148926,0.0032132200431078672,8.072968921624124e-05,True
r4_shuffled,real_world,1000,product,art,0.9997880458831787,0.0885339081287384,0.05298125743865967,0.00573789281770587,0.00025069183902814984,True
r4_shuffled,real_world,1000,product,clipart,0.9997161626815796,0.10030372440814972,0.061294544488191605,0.00665595568716526,0.0003333229979034513,True
r4_shuffled,real_world,1000,product,pooled,0.9999441504478455,0.045177675783634186,0.02701081708073616,0.0029837042093276978,6.489916995633394e-05,True
r4_shuffled,real_world,1000,product,real_world,0.9999200701713562,0.05450162664055824,0.03197849914431572,0.0034427358768880367,9.168801625492051e-05,True
r4_shuffled,real_world,1000,pooled,art,1.0,0.0,0.0,0.0,-2.605328452975897e-10,False
r4_shuffled,real_world,1000,pooled,clipart,1.0,0.0,0.0,0.0,-2.605328452975897e-10,False
r4_shuffled,real_world,1000,pooled,product,1.0,0.0,0.0,0.0,-2.605328452975897e-10,False
r4_shuffled,real_world,1000,pooled,real_world,1.0,0.0,0.0,0.0,-2.605328452975897e-10,False
r4_shuffled,real_world,1000,real_world,art,0.9999962449073792,0.008235795423388481,0.00528981676325202,0.0004590314347296953,2.3643444819754222e-06,True
r4_shuffled,real_world,1000,real_world,clipart,0.9999853372573853,0.015908440575003624,0.010460050776600838,0.0009180628694593906,9.377350579597987e-06,True
r4_shuffled,real_world,1000,real_world,product,0.9999966025352478,0.007662390824407339,0.005018931347876787,0.00022951571736484766,2.131318069586996e-06,True
r4_shuffled,real_world,1000,real_world,pooled,1.0,0.0011346230749040842,0.0007146776770241559,0.00022951571736484766,4.658290109205154e-08,True
r4_random,art,0,clipart,product,0.9177082180976868,1.4082900285720825,1.045569896697998,0.6567779183387756,0.4024083912372589,True
r4_random,art,0,clipart,real_world,0.8911625742912292,1.9056203365325928,1.5022554397583008,0.7231149673461914,0.6303771138191223,True
r4_random,art,0,clipart,pooled,0.9394762516021729,1.1343668699264526,0.872837483882904,0.5628347396850586,0.33919718861579895,True
r4_random,art,0,clipart,art,0.9214077591896057,1.5360760688781738,1.2521662712097168,0.6415327787399292,0.4656507074832916,True
r4_random,art,0,product,clipart,0.9177082180976868,1.4082900285720825,1.045569896697998,0.6567779183387756,0.4361664354801178,True
r4_random,art,0,product,real_world,0.8723307251930237,1.9628548622131348,1.470261573791504,0.7284713387489319,0.6797386407852173,True
r4_random,art,0,product,pooled,0.927273154258728,1.2386016845703125,0.9640083312988281,0.5644828677177429,0.37420016527175903,True
r4_random,art,0,product,art,0.8937583565711975,1.5339492559432983,1.2773691415786743,0.6716110110282898,0.5453692078590393,True
r4_random,art,0,real_world,clipart,0.8911625742912292,1.9056203365325928,1.5022554397583008,0.7231149673461914,0.8317672610282898,True
r4_random,art,0,real_world,product,0.8723307251930237,1.9628548622131348,1.470261573791504,0.7284713387489319,0.6912623643875122,True
r4_random,art,0,real_world,pooled,0.8943618535995483,1.8755682706832886,1.3863403797149658,0.6720230579376221,0.6652188301086426,True
r4_random,art,0,real_world,art,0.8928544521331787,2.021751642227173,1.5216463804244995,0.6304079294204712,0.6426799297332764,True
r4_random,art,0,pooled,clipart,1.0,0.0,0.0,0.0,1.7463386292604355e-09,False
r4_random,art,0,pooled,product,1.0,0.0,0.0,0.0,1.7463386292604355e-09,False
r4_random,art,0,pooled,real_world,1.0,0.0,0.0,0.0,1.7463386292604355e-09,False
r4_random,art,0,pooled,art,1.0,0.0,0.0,0.0,1.7463386292604355e-09,False
r4_random,art,0,art,clipart,0.9214077591896057,1.5360760688781738,1.2521662712097168,0.6415327787399292,0.5273882150650024,True
r4_random,art,0,art,product,0.8937583565711975,1.5339492559432983,1.2773691415786743,0.6716110110282898,0.5272932052612305,True
r4_random,art,0,art,real_world,0.8928544521331787,2.021751642227173,1.5216463804244995,0.6304079294204712,0.6125737428665161,True
r4_random,art,0,art,pooled,0.9324235320091248,1.272697925567627,1.0836139917373657,0.49526163935661316,0.33731213212013245,True
r4_random,art,200,clipart,product,0.98455411195755,1.0824722051620483,0.38464120030403137,0.06015657261013985,0.02200823277235031,True
r4_random,art,200,clipart,real_world,0.978143572807312,0.7073243856430054,0.4453221559524536,0.061804696917533875,0.027707647532224655,True
r4_random,art,200,clipart,pooled,0.9943320751190186,0.4325059652328491,0.2281269133090973,0.032550472766160965,0.00766906188800931,True
r4_random,art,200,clipart,art,0.993834376335144,0.4491795003414154,0.23743760585784912,0.03378656879067421,0.00828560721129179,True
r4_random,art,200,product,clipart,0.98455411195755,1.0824722051620483,0.38464120030403137,0.06015657261013985,0.02221180871129036,True
r4_random,art,200,product,real_world,0.9732179641723633,1.2966711521148682,0.4979165494441986,0.07828594744205475,0.03674653172492981,True
r4_random,art,200,product,pooled,0.9926290512084961,0.741528332233429,0.253680557012558,0.04285125434398651,0.009150685742497444,True
r4_random,art,200,product,art,0.9928584098815918,0.7359599471092224,0.2484367936849594,0.041615162044763565,0.008835360407829285,True
r4_random,art,200,real_world,clipart,0.978143572807312,0.7073243856430054,0.4453221559524536,0.061804696917533875,0.02722131833434105,True
r4_random,art,200,real_world,product,0.9732179641723633,1.2966711521148682,0.4979165494441986,0.07828594744205475,0.035814691334962845,True
r4_random,art,200,real_world,pooled,0.9903058409690857,0.6439081430435181,0.30485478043556213,0.043675318360328674,0.013441848568618298,True
r4_random,art,200,real_world,art,0.9906853437423706,0.6328151822090149,0.3008096516132355,0.04285125434398651,0.013055630959570408,True
r4_random,art,200,pooled,clipart,1.0,0.0,0.0,0.0,3.9539410634503724e-10,False
r4_random,art,200,pooled,product,1.0,0.0,0.0,0.0,3.9539410634503724e-10,False
r4_random,art,200,pooled,real_world,1.0,0.0,0.0,0.0,3.9539410634503724e-10,False
r4_random,art,200,pooled,art,1.0,0.0,0.0,0.0,3.9539410634503724e-10,False
r4_random,art,200,art,clipart,0.9988539218902588,0.15341795980930328,0.1038186103105545,0.012360939756035805,0.0014852448366582394,True
r4_random,art,200,art,product,0.9989449381828308,0.15049295127391815,0.0984419509768486,0.011536876671016216,0.0013446101220324636,True
r4_random,art,200,art,real_world,0.9988493919372559,0.1554335653781891,0.10365419089794159,0.012360939756035805,0.0014833349268883467,True
r4_random,art,200,art,pooled,0.9986597895622253,0.1655149757862091,0.11191599071025848,0.014833127148449421,0.0017494113417342305,True
r4_random,art,400,clipart,product,0.9347972273826599,1.2901009321212769,0.7557289600372314,0.12402142584323883,0.10630340129137039,True
r4_random,art,400,clipart,real_world,0.9325680136680603,1.2178008556365967,0.8538865447044373,0.1293778270483017,0.11847298592329025,True
r4_random,art,400,clipart,pooled,0.9681761264801025,0.8316118121147156,0.5468579530715942,0.09270704537630081,0.05731264129281044,True
r4_random,art,400,clipart,art,0.9664660096168518,0.8647338151931763,0.5522745847702026,0.09353110939264297,0.05842948704957962,True
r4_random,art,400,product,clipart,0.9347972273826599,1.2901009321212769,0.7557289600372314,0.12402142584323883,0.10865192860364914,True
r4_random,art,400,product,real_world,0.9790422320365906,0.7958512306213379,0.49238255620002747,0.0704573541879654,0.03178339824080467,True
r4_random,art,400,product,pooled,0.9883284568786621,0.602716863155365,0.32407939434051514,0.04697157070040703,0.016395416110754013,True
r4_random,art,400,product,art,0.9895694255828857,0.5679454803466797,0.31136447191238403,0.04655953869223595,0.015106276609003544,True
r4_random,art,400,real_world,clipart,0.9325680136680603,1.2178008556365967,0.8538865447044373,0.1293778270483017,0.1263752579689026,True
r4_random,art,400,real_world,product,0.9790422320365906,0.7958512306213379,0.49238255620002747,0.0704573541879654,0.032918982207775116,True
r4_random,art,400,real_world,pooled,0.988269031047821,0.5263274312019348,0.39539942145347595,0.0543881319463253,0.019589493051171303,True
r4_random,art,400,real_world,art,0.988589346408844,0.5161474347114563,0.3931061923503876,0.054800163954496384,0.019614780321717262,True
r4_random,art,400,pooled,clipart,1.0,0.0,0.0,0.0,-7.038156724092914e-10,False
r4_random,art,400,pooled,product,1.0,0.0,0.0,0.0,-7.038156724092914e-10,False
r4_random,art,400,pooled,real_world,1.0,0.0,0.0,0.0,-7.038156724092914e-10,False
r4_random,art,400,pooled,art,1.0,0.0,0.0,0.0,-7.038156724092914e-10,False
r4_random,art,400,art,clipart,0.9991105198860168,0.127834290266037,0.09366294741630554,0.011948907747864723,0.0012538126902654767,True
r4_random,art,400,art,product,0.9991485476493835,0.12762287259101868,0.09064529836177826,0.011536876671016216,0.001179928774945438,True
r4_random,art,400,art,real_world,0.9990878701210022,0.12998002767562866,0.09490667283535004,0.012360939756035805,0.0012837833492085338,True
r4_random,art,400,art,pooled,0.9989752173423767,0.1379183530807495,0.10028822720050812,0.012772970832884312,0.0014395227190107107,True
r4_random,art,600,clipart,product,0.918363630771637,1.4606685638427734,0.7968598008155823,0.1203131452202797,0.10362928360700607,True
r4_random,art,600,clipart,real_world,0.9018521308898926,1.332188606262207,0.8385484218597412,0.12072517722845078,0.11312094330787659,True
r4_random,art,600,clipart,pooled,0.9540547132492065,0.9332523941993713,0.6039863228797913,0.0906468853354454,0.061691075563430786,True
r4_random,art,600,clipart,art,0.9513455033302307,0.9642683267593384,0.6131267547607422,0.09394314140081406,0.06343574076890945,True
r4_random,art,600,product,clipart,0.918363630771637,1.4606685638427734,0.7968598008155823,0.1203131452202797,0.11210236698389053,True
r4_random,art,600,product,real_world,0.9670194387435913,1.016872525215149,0.5124262571334839,0.07993407547473907,0.03818473219871521,True
r4_random,art,600,product,pooled,0.9856929183006287,0.7205280065536499,0.34525227546691895,0.05644828826189041,0.017502499744296074,True
r4_random,art,600,product,art,0.9870082139968872,0.7247711420059204,0.33265724778175354,0.05150391533970833,0.01636849343776703,True
r4_random,art,600,real_world,clipart,0.9018521308898926,1.332188606262207,0.8385484218597412,0.12072517722845078,0.12153412401676178,True
r4_random,art,600,real_world,product,0.9670194387435913,1.016872525215149,0.5124262571334839,0.07993407547473907,0.037908926606178284,True
r4_random,art,600,real_world,pooled,0.9835159182548523,0.6014924645423889,0.34909504652023315,0.05109188333153725,0.016678454354405403,True
r4_random,art,600,real_world,art,0.9843765497207642,0.5551915764808655,0.34324976801872253,0.05109188333153725,0.01627696119248867,True
r4_random,art,600,pooled,clipart,1.0,0.0,0.0,0.0,-7.230486764875366e-10,False
r4_random,art,600,pooled,product,1.0,0.0,0.0,0.0,-7.230486764875366e-10,False
r4_random,art,600,pooled,real_world,1.0,0.0,0.0,0.0,-7.230486764875366e-10,False
r4_random,art,600,pooled,art,1.0,0.0,0.0,0.0,-7.230486764875366e-10,False
r4_random,art,600,art,clipart,0.9989174604415894,0.1506958305835724,0.09781481325626373,0.014009064063429832,0.0013387317303568125,True
r4_random,art,600,art,product,0.9989274144172668,0.14465387165546417,0.09492383152246475,0.012360939756035805,0.001276679104194045,True
r4_random,art,600,art,real_world,0.9988769292831421,0.15745055675506592,0.09814119338989258,0.013185001909732819,0.0013535061152651906,True
r4_random,art,600,art,pooled,0.9987492561340332,0.1603681445121765,0.10497019439935684,0.015245158225297928,0.0015396451344713569,True
r4_random,art,800,clipart,product,0.8664785027503967,2.171552896499634,1.078105092048645,0.1565718948841095,0.1830395609140396,True
r4_random,art,800,clipart,real_world,0.8203008770942688,1.8485307693481445,1.2484865188598633,0.16275236010551453,0.21810585260391235,True
r4_random,art,800,clipart,pooled,0.9302554726600647,1.3174545764923096,0.8025605082511902,0.11742892116308212,0.10666930675506592,True
r4_random,art,800,clipart,art,0.9272465705871582,1.3332439661026,0.8094305396080017,0.11742892116308212,0.10791626572608948,True
r4_random,art,800,product,clipart,0.8664785027503967,2.171552896499634,1.078105092048645,0.1565718948841095,0.20338405668735504,True
r4_random,art,800,product,real_world,0.9373214840888977,1.45005202293396,0.7423017024993896,0.099711574614048,0.0728067010641098,True
r4_random,art,800,product,pooled,0.9742153286933899,1.0431699752807617,0.47872474789619446,0.06839719414710999,0.03226363658905029,True
r4_random,art,800,product,art,0.9768574237823486,1.0249297618865967,0.46179208159446716,0.06592500954866409,0.030432462692260742,True
r4_random,art,800,real_world,clipart,0.8203008770942688,1.8485307693481445,1.2484865188598633,0.16275236010551453,0.2594091296195984,True
r4_random,art,800,real_world,product,0.9373214840888977,1.45005202293396,0.7423017024993896,0.099711574614048,0.07737507671117783,True
r4_random,art,800,real_world,pooled,0.9555895328521729,0.9541264176368713,0.6145564913749695,0.07622579485177994,0.04412063583731651,True
r4_random,art,800,real_world,art,0.9570069313049316,0.925609827041626,0.6114993691444397,0.07663782685995102,0.04406221956014633,True
r4_random,art,800,pooled,clipart,1.0,0.0,0.0,0.0,-6.004938907233637e-11,False
r4_random,art,800,pooled,product,1.0,0.0,0.0,0.0,-6.004938907233637e-11,False
r4_random,art,800,pooled,real_world,1.0,0.0,0.0,0.0,-6.004938907233637e-11,False
r4_random,art,800,pooled,art,1.0,0.0,0.0,0.0,-6.004938907233637e-11,False
r4_random,art,800,art,clipart,0.9985302090644836,0.1710437685251236,0.11193904280662537,0.01565719023346901,0.0018116283463314176,True
r4_random,art,800,art,product,0.9985713362693787,0.16263432800769806,0.10751020908355713,0.015245158225297928,0.0016718856059014797,True
r4_random,art,800,art,real_world,0.9984827041625977,0.17412659525871277,0.11215455085039139,0.014009064063429832,0.0017951159970834851,True
r4_random,art,800,art,pooled,0.9982945322990417,0.18380078673362732,0.12038625776767731,0.015245158225297928,0.002103077480569482,True
r4_random,art,1000,clipart,product,0.8702262043952942,2.4729530811309814,1.0451035499572754,0.1405026763677597,0.16050103306770325,True
r4_random,art,1000,clipart,real_world,0.863676130771637,1.5451360940933228,1.1316434144973755,0.15780799090862274,0.17647019028663635,True
r4_random,art,1000,clipart,pooled,0.9558608531951904,1.2305527925491333,0.6653127670288086,0.09682735800743103,0.06709062308073044,True
r4_random,art,1000,clipart,art,0.9523218274116516,1.2421680688858032,0.6800891160964966,0.10053563863039017,0.0696331188082695,True
r4_random,art,1000,product,clipart,0.8702262043952942,2.4729530811309814,1.0451035499572754,0.1405026763677597,0.16738297045230865,True
r4_random,art,1000,product,real_world,0.9058237671852112,2.1030874252319336,0.9690886735916138,0.12196126580238342,0.11386439204216003,True
r4_random,art,1000,product,pooled,0.9557967782020569,1.4374723434448242,0.6360490918159485,0.07622579485177994,0.052252210676670074,True
r4_random,art,1000,product,art,0.9597153663635254,1.4137611389160156,0.6158015131950378,0.07375360280275345,0.049513958394527435,True
r4_random,art,1000,real_world,clipart,0.863676130771637,1.5451360940933228,1.1316434144973755,0.15780799090862274,0.19784513115882874,True
r4_random,art,1000,real_world,product,0.9058237671852112,2.1030874252319336,0.9690886735916138,0.12196126580238342,0.12469877302646637,True
r4_random,art,1000,real_world,pooled,0.9495619535446167,1.089471459388733,0.6690617203712463,0.0906468853354454,0.05382479727268219,True
r4_random,art,1000,real_world,art,0.9520114660263062,1.062137246131897,0.6610623598098755,0.08899876475334167,0.05304231494665146,True
r4_random,art,1000,pooled,clipart,1.0,0.0,0.0,0.0,7.216034436652308e-10,False
r4_random,art,1000,pooled,product,1.0,0.0,0.0,0.0,7.216034436652308e-10,False
r4_random,art,1000,pooled,real_world,1.0,0.0,0.0,0.0,7.216034436652308e-10,False
r4_random,art,1000,pooled,art,1.0,0.0,0.0,0.0,7.216034436652308e-10,False
r4_random,art,1000,art,clipart,0.9982494711875916,0.17842252552509308,0.12486518174409866,0.017305314540863037,0.002078956924378872,True
r4_random,art,1000,art,product,0.9983383417129517,0.17025676369667053,0.11862055212259293,0.01606922037899494,0.0019194987835362554,True
r4_random,art,1000,art,real_world,0.9982131719589233,0.17813019454479218,0.12390941381454468,0.016893284395337105,0.002092534676194191,True
r4_random,art,1000,art,pooled,0.9979691505432129,0.19393351674079895,0.1347680687904358,0.0181293785572052,0.002403664868324995,True
r4_random,clipart,0,art,product,0.9005599021911621,1.3373744487762451,1.0253212451934814,0.5108820199966431,0.33966612815856934,True
r4_random,clipart,0,art,real_world,0.8988589644432068,2.0334861278533936,1.5379681587219238,0.597709059715271,0.45726120471954346,True
r4_random,clipart,0,art,pooled,0.9377421140670776,1.0460580587387085,0.9262436032295227,0.41695305705070496,0.22457440197467804,True
r4_random,clipart,0,art,clipart,0.9259500503540039,1.1401160955429077,0.8884222507476807,0.5351660847663879,0.3770221471786499,True
r4_random,clipart,0,product,art,0.9005599021911621,1.3373744487762451,1.0253212451934814,0.5108820199966431,0.3693627417087555,True
r4_random,clipart,0,product,real_world,0.8766046166419983,2.0800721645355225,1.725992202758789,0.6524627804756165,0.5385095477104187,True
r4_random,clipart,0,product,pooled,0.9169882535934448,1.4293409585952759,1.1463005542755127,0.46804124116897583,0.34062331914901733,True
r4_random,clipart,0,product,clipart,0.9152464866638184,1.414929986000061,1.0266156196594238,0.5303550958633423,0.36700859665870667,True
r4_random,clipart,0,real_world,art,0.8988589644432068,2.0334861278533936,1.5379681587219238,0.597709059715271,0.5712323784828186,True
r4_random,clipart,0,real_world,product,0.8766046166419983,2.0800721645355225,1.725992202758789,0.6524627804756165,0.6492586731910706,True
r4_random,clipart,0,real_world,pooled,0.8887751698493958,2.143667459487915,1.7200578451156616,0.6199312806129456,0.6244828104972839,True
r4_random,clipart,0,real_world,clipart,0.8888062834739685,2.0349268913269043,1.6501916646957397,0.660252034664154,0.6512184143066406,True
r4_random,clipart,0,pooled,art,1.0,0.0,0.0,0.0,2.4824513555898875e-09,False
r4_random,clipart,0,pooled,product,1.0,0.0,0.0,0.0,2.4824513555898875e-09,False
r4_random,clipart,0,pooled,real_world,1.0,0.0,0.0,0.0,2.4824513555898875e-09,False
r4_random,clipart,0,pooled,clipart,1.0,0.0,0.0,0.0,2.4824513555898875e-09,False
r4_random,clipart,0,clipart,art,0.9259500503540039,1.1401160955429077,0.8884222507476807,0.5351660847663879,0.3641338646411896,True
r4_random,clipart,0,clipart,product,0.9152464866638184,1.414929986000061,1.0266156196594238,0.5303550958633423,0.3008812367916107,True
r4_random,clipart,0,clipart,real_world,0.8888062834739685,2.0349268913269043,1.6501916646957397,0.660252034664154,0.46777454018592834,True
r4_random,clipart,0,clipart,pooled,0.9341793060302734,1.1067997217178345,0.9603562951087952,0.5147766470909119,0.28323182463645935,True
r4_random,clipart,200,art,product,0.989546537399292,0.5389765501022339,0.2993936836719513,0.08132874965667725,0.017047053202986717,True
r4_random,clipart,200,art,real_world,0.9829117655754089,0.7770105004310608,0.3115193843841553,0.08980526775121689,0.023749392479658127,True
r4_random,clipart,200,art,pooled,0.9936370849609375,0.41258761286735535,0.20264901220798492,0.05658648535609245,0.009195294231176376,True
r4_random,clipart,200,art,clipart,0.9939300417900085,0.41499608755111694,0.1985219120979309,0.054295532405376434,0.008782347664237022,True
r4_random,clipart,200,product,art,0.989546537399292,0.5389765501022339,0.2993936836719513,0.08132874965667725,0.017273999750614166,True
r4_random,clipart,200,product,real_world,0.9870635867118835,0.5420804619789124,0.3135688602924347,0.08407789468765259,0.01990203931927681,True
r4_random,clipart,200,product,pooled,0.9966934323310852,0.24692440032958984,0.1760444939136505,0.0460481122136116,0.0053182425908744335,True
r4_random,clipart,200,product,clipart,0.996972918510437,0.23767602443695068,0.16855858266353607,0.04421535134315491,0.004925221670418978,True
r4_random,clipart,200,real_world,art,0.9829117655754089,0.7770105004310608,0.3115193843841553,0.08980526775121689,0.023806758224964142,True
r4_random,clipart,200,real_world,product,0.9870635867118835,0.5420804619789124,0.3135688602924347,0.08407789468765259,0.02002231404185295,True
r4_random,clipart,200,real_world,pooled,0.9948397278785706,0.43140023946762085,0.1783944070339203,0.05154639109969139,0.007524052169173956,True
r4_random,clipart,200,real_world,clipart,0.994451105594635,0.4291868507862091,0.18742644786834717,0.055670104920864105,0.008161450736224651,True
r4_random,clipart,200,pooled,art,1.0,0.0,0.0,0.0,-1.3534005860460496e-10,False
r4_random,clipart,200,pooled,product,1.0,0.0,0.0,0.0,-1.3534005860460496e-10,False
r4_random,clipart,200,pooled,real_world,1.0,0.0,0.0,0.0,-1.3534005860460496e-10,False
r4_random,clipart,200,pooled,clipart,1.0,0.0,0.0,0.0,-1.3534005860460496e-10,False
r4_random,clipart,200,clipart,art,0.9987072348594666,0.16242331266403198,0.09195183962583542,0.025429554283618927,0.0019787405617535114,True
r4_random,clipart,200,clipart,product,0.9990414977073669,0.1302185356616974,0.07765697687864304,0.022451316937804222,0.001407367060892284,True
r4_random,clipart,200,clipart,real_world,0.9988526701927185,0.1430196613073349,0.08438840508460999,0.02451317384839058,0.001673926948569715,True
r4_random,clipart,200,clipart,pooled,0.9991024136543274,0.12261316925287247,0.07541311532258987,0.021993126720190048,0.0013251738855615258,True
r4_random,clipart,400,art,product,0.9637837409973145,0.967496931552887,0.6676294207572937,0.157159224152565,0.07828886806964874,True
r4_random,clipart,400,art,real_world,0.9362916350364685,1.0716303586959839,0.6412602663040161,0.16609393060207367,0.09882745891809464,True
r4_random,clipart,400,art,pooled,0.9790775179862976,0.6197968125343323,0.42582958936691284,0.10080183297395706,0.03627762198448181,True
r4_random,clipart,400,art,clipart,0.982163667678833,0.581875741481781,0.40258991718292236,0.09690722078084946,0.03178292140364647,True
r4_random,clipart,400,product,art,0.9637837409973145,0.967496931552887,0.6676294207572937,0.157159224152565,0.07428238540887833,True
r4_random,clipart,400,product,real_world,0.9487776756286621,1.0443545579910278,0.5520002841949463,0.16815578937530518,0.07246674597263336,True
r4_random,clipart,400,product,pooled,0.9862807989120483,0.571892499923706,0.3611745238304138,0.09301260113716125,0.022133182734251022,True
r4_random,clipart,400,product,clipart,0.9874173402786255,0.5704683065414429,0.3592509925365448,0.0900343656539917,0.021697962656617165,True
r4_random,clipart,400,real_world,art,0.9362916350364685,1.0716303586959839,0.6412602663040161,0.16609393060207367,0.09341590851545334,True
r4_random,clipart,400,real_world,product,0.9487776756286621,1.0443545579910278,0.5520002841949463,0.16815578937530518,0.07085461914539337,True
r4_random,clipart,400,real_world,pooled,0.9801945090293884,0.6393787264823914,0.33771127462387085,0.10675830394029617,0.03041856363415718,True
r4_random,clipart,400,real_world,clipart,0.9761247038841248,0.6781574487686157,0.36671993136405945,0.11386025696992874,0.03527391701936722,True
r4_random,clipart,400,pooled,art,1.0,0.0,0.0,0.0,2.674539478775273e-10,False
r4_random,clipart,400,pooled,product,1.0,0.0,0.0,0.0,2.674539478775273e-10,False
r4_random,clipart,400,pooled,real_world,1.0,0.0,0.0,0.0,2.674539478775273e-10,False
r4_random,clipart,400,pooled,clipart,1.0,0.0,0.0,0.0,2.674539478775273e-10,False
r4_random,clipart,400,clipart,art,0.9988030195236206,0.15553779900074005,0.09155536442995071,0.021534938365221024,0.0016028204699978232,True
r4_random,clipart,400,clipart,product,0.9990879893302917,0.12938426434993744,0.07932392507791519,0.018327606841921806,0.0011971605708822608,True
r4_random,clipart,400,clipart,real_world,0.9989214539527893,0.14124394953250885,0.08566099405288696,0.020618557929992676,0.0013960404321551323,True
r4_random,clipart,400,clipart,pooled,0.9991491436958313,0.11964170634746552,0.07577760517597198,0.018327606841921806,0.0010891655692830682,True
r4_random,clipart,600,art,product,0.9182606935501099,1.3788748979568481,0.7542514801025391,0.1592210829257965,0.1023138090968132,True
r4_random,clipart,600,art,real_world,0.926276683807373,0.9653291702270508,0.5744599103927612,0.14707903563976288,0.06905034184455872,True
r4_random,clipart,600,art,pooled,0.9606631994247437,0.8196623921394348,0.4795997440814972,0.1092783510684967,0.042078450322151184,True
r4_random,clipart,600,art,clipart,0.9625998735427856,0.8117886781692505,0.47496482729911804,0.10859106481075287,0.04103938117623329,True
r4_random,clipart,600,product,art,0.9182606935501099,1.3788748979568481,0.7542514801025391,0.1592210829257965,0.09649655967950821,True
r4_random,clipart,600,product,real_world,0.9357115626335144,0.9295011162757874,0.5956264138221741,0.13562428951263428,0.06729740649461746,True
r4_random,clipart,600,product,pooled,0.9737165570259094,0.7285696864128113,0.44238904118537903,0.09873998165130615,0.03414272889494896,True
r4_random,clipart,600,product,clipart,0.9744860529899597,0.7248206734657288,0.4354862570762634,0.09713631123304367,0.03331201896071434,True
r4_random,clipart,600,real_world,art,0.926276683807373,0.9653291702270508,0.5744599103927612,0.14707903563976288,0.06766770035028458,True
r4_random,clipart,600,real_world,product,0.9357115626335144,0.9295011162757874,0.5956264138221741,0.13562428951263428,0.07110738754272461,True
r4_random,clipart,600,real_world,pooled,0.9833163022994995,0.3953284025192261,0.2480902522802353,0.06231386214494705,0.013909782283008099,True
r4_random,clipart,600,real_world,clipart,0.9821023941040039,0.40084612369537354,0.2584562599658966,0.0650629997253418,0.015051929280161858,True
r4_random,clipart,600,pooled,art,1.0,0.0,0.0,0.0,-5.012542048099533e-10,False
r4_random,clipart,600,pooled,product,1.0,0.0,0.0,0.0,-5.012542048099533e-10,False
r4_random,clipart,600,pooled,real_world,1.0,0.0,0.0,0.0,-5.012542048099533e-10,False
r4_random,clipart,600,pooled,clipart,1.0,0.0,0.0,0.0,-5.012542048099533e-10,False
r4_random,clipart,600,clipart,art,0.9991574883460999,0.1453782021999359,0.07711926847696304,0.01878579705953598,0.00106191320810467,True
r4_random,clipart,600,clipart,product,0.9993545413017273,0.12187472730875015,0.06573934108018875,0.014432989992201328,0.0007763378671370447,True
r4_random,clipart,600,clipart,real_world,0.999249279499054,0.13137049973011017,0.07018259912729263,0.016036655753850937,0.0008856928907334805,True
r4_random,clipart,600,clipart,pooled,0.9993906021118164,0.113458551466465,0.06371870636940002,0.015349370427429676,0.0007260224665515125,True
r4_random,clipart,800,art,product,0.8890398740768433,1.6539264917373657,1.0159484148025513,0.21008019149303436,0.17812654376029968,True
r4_random,clipart,800,art,real_world,0.9154934287071228,1.2188342809677124,0.7929564118385315,0.17113402485847473,0.11670725047588348,True
r4_random,clipart,800,art,pooled,0.9504849910736084,1.0272902250289917,0.642483115196228,0.1397479921579361,0.07486726343631744,True
r4_random,clipart,800,art,clipart,0.9518053531646729,1.0125746726989746,0.6401544809341431,0.13837343454360962,0.07337455451488495,True
r4_random,clipart,800,product,art,0.8890398740768433,1.6539264917373657,1.0159484148025513,0.21008019149303436,0.1647299826145172,True
r4_random,clipart,800,product,real_world,0.9387804269790649,0.9573989510536194,0.689809262752533,0.15097366273403168,0.07805854082107544,True
r4_random,clipart,800,product,pooled,0.9682338833808899,0.8151695132255554,0.5698457360267639,0.11408934742212296,0.04679502174258232,True
r4_random,clipart,800,product,clipart,0.9692060947418213,0.8118379712104797,0.5540578365325928,0.11248568445444107,0.04532486945390701,True
r4_random,clipart,800,real_world,art,0.9154934287071228,1.2188342809677124,0.7929564118385315,0.17113402485847473,0.1120397225022316,True
r4_random,clipart,800,real_world,product,0.9387804269790649,0.9573989510536194,0.689809262752533,0.15097366273403168,0.0818464383482933,True
r4_random,clipart,800,real_world,pooled,0.984176754951477,0.4291614294052124,0.3023732602596283,0.07766323536634445,0.018874559551477432,True
r4_random,clipart,800,real_world,clipart,0.9829440116882324,0.43969810009002686,0.31651657819747925,0.08064147084951401,0.020325366407632828,True
r4_random,clipart,800,pooled,art,1.0,0.0,0.0,0.0,7.516566258303214e-10,False
r4_random,clipart,800,pooled,product,1.0,0.0,0.0,0.0,7.516566258303214e-10,False
r4_random,clipart,800,pooled,real_world,1.0,0.0,0.0,0.0,7.516566258303214e-10,False
r4_random,clipart,800,pooled,clipart,1.0,0.0,0.0,0.0,7.516566258303214e-10,False
r4_random,clipart,800,clipart,art,0.9989678263664246,0.15888167917728424,0.07972805947065353,0.017869416624307632,0.0011304456274956465,True
r4_random,clipart,800,clipart,product,0.999225914478302,0.1367327868938446,0.06766243278980255,0.015578465536236763,0.000809382414445281,True
r4_random,clipart,800,clipart,real_world,0.9990830421447754,0.14961673319339752,0.07318107038736343,0.01649484597146511,0.0009483119356445968,True
r4_random,clipart,800,clipart,pooled,0.9992741346359253,0.12619462609291077,0.06561476737260818,0.014891180209815502,0.0007640730473212898,True
r4_random,clipart,1000,art,product,0.9178019762039185,1.4057599306106567,0.9232088923454285,0.21168385446071625,0.15975701808929443,True
r4_random,clipart,1000,art,real_world,0.911872386932373,1.3285597562789917,0.7669315338134766,0.1761741191148758,0.11155456304550171,True
r4_random,clipart,1000,art,pooled,0.9568348526954651,0.9740907549858093,0.6070043444633484,0.14226804673671722,0.06930642575025558,True
r4_random,clipart,1000,art,clipart,0.9585428237915039,0.9505465626716614,0.599621057510376,0.14112256467342377,0.067192941904068,True
r4_random,clipart,1000,product,art,0.9178019762039185,1.4057599306106567,0.9232088923454285,0.21168385446071625,0.15268099308013916,True
r4_random,clipart,1000,product,real_world,0.9555977582931519,0.8528742790222168,0.6003351807594299,0.13310423493385315,0.06191470846533775,True
r4_random,clipart,1000,product,pooled,0.9778814315795898,0.6962195634841919,0.5008825063705444,0.10904926061630249,0.040196266025304794,True
r4_random,clipart,1000,product,clipart,0.9788010120391846,0.6902902126312256,0.4904273748397827,0.10652921348810196,0.039243217557668686,True
r4_random,clipart,1000,real_world,art,0.911872386932373,1.3285597562789917,0.7669315338134766,0.1761741191148758,0.10880593955516815,True
r4_random,clipart,1000,real_world,product,0.9555977582931519,0.8528742790222168,0.6003351807594299,0.13310423493385315,0.06262804567813873,True
r4_random,clipart,1000,real_world,pooled,0.9848360419273376,0.4747560918331146,0.277058482170105,0.06964490562677383,0.015495269559323788,True
r4_random,clipart,1000,real_world,clipart,0.9833935499191284,0.503783106803894,0.2924302816390991,0.07353951781988144,0.01734929531812668,True
r4_random,clipart,1000,pooled,art,1.0,0.0,0.0,0.0,7.919667699418653e-10,False
r4_random,clipart,1000,pooled,product,1.0,0.0,0.0,0.0,7.919667699418653e-10,False
r4_random,clipart,1000,pooled,real_world,1.0,0.0,0.0,0.0,7.919667699418653e-10,False
r4_random,clipart,1000,pooled,clipart,1.0,0.0,0.0,0.0,7.919667699418653e-10,False
r4_random,clipart,1000,clipart,art,0.9983696341514587,0.204507514834404,0.10413818806409836,0.025200458243489265,0.0019565150141716003,True
r4_random,clipart,1000,clipart,product,0.9987595677375793,0.1828070729970932,0.08944292366504669,0.02222222276031971,0.0014346458483487368,True
r4_random,clipart,1000,clipart,real_world,0.9985518455505371,0.19939659535884857,0.09661170095205307,0.02359679341316223,0.0016756606055423617,True
r4_random,clipart,1000,clipart,pooled,0.9988399744033813,0.1690472662448883,0.08643443137407303,0.021534938365221024,0.0013454692671075463,True
r4_random,product,0,art,clipart,0.9263935685157776,1.4420701265335083,1.1608413457870483,0.6116242408752441,0.5542131662368774,True
r4_random,product,0,art,real_world,0.903998851776123,2.0863523483276367,1.4394208192825317,0.6600585579872131,0.6999987363815308,True
r4_random,product,0,art,pooled,0.9375598430633545,1.1599315404891968,0.9447082281112671,0.5521513819694519,0.48720359802246094,True
r4_random,product,0,art,product,0.900895357131958,1.7725739479064941,1.3135570287704468,0.5683712363243103,0.561191976070404,True
r4_random,product,0,clipart,art,0.9263935685157776,1.4420701265335083,1.1608413457870483,0.6116242408752441,0.5199900269508362,True
r4_random,product,0,clipart,real_world,0.8991459608078003,1.909304141998291,1.5075644254684448,0.6654651761054993,0.5985870361328125,True
r4_random,product,0,clipart,pooled,0.9389567375183105,1.146512746810913,0.9366399049758911,0.6442892551422119,0.44148436188697815,True
r4_random,product,0,clipart,product,0.9188370108604431,1.4302672147750854,1.0852168798446655,0.5562063455581665,0.3540089726448059,True
r4_random,product,0,real_world,art,0.903998851776123,2.0863523483276367,1.4394208192825317,0.6600585579872131,0.8985724449157715,True
r4_random,product,0,real_world,clipart,0.8991459608078003,1.909304141998291,1.5075644254684448,0.6654651761054993,0.9233104586601257,True
r4_random,product,0,real_world,pooled,0.8977863192558289,1.9787812232971191,1.43767249584198,0.7528722286224365,1.2122009992599487,True
r4_random,product,0,real_world,product,0.8802741765975952,2.0615599155426025,1.4794691801071167,0.6949763298034668,0.9141004085540771,True
r4_random,product,0,pooled,art,1.0,0.0,0.0,0.0,1.5551545606840023e-09,False
r4_random,product,0,pooled,clipart,1.0,0.0,0.0,0.0,1.5551545606840023e-09,False
r4_random,product,0,pooled,real_world,1.0,0.0,0.0,0.0,1.5551545606840023e-09,False
r4_random,product,0,pooled,product,1.0,0.0,0.0,0.0,1.5551545606840023e-09,False
r4_random,product,0,product,art,0.900895357131958,1.7725739479064941,1.3135570287704468,0.5683712363243103,0.5805522203445435,True
r4_random,product,0,product,clipart,0.9188370108604431,1.4302672147750854,1.0852168798446655,0.5562063455581665,0.409950315952301,True
r4_random,product,0,product,real_world,0.8802741765975952,2.0615599155426025,1.4794691801071167,0.6949763298034668,0.6806502342224121,True
r4_random,product,0,product,pooled,0.9259287714958191,1.401063323020935,1.0702557563781738,0.5665690302848816,0.4793279469013214,True
r4_random,product,200,art,clipart,0.899215817451477,1.7135618925094604,0.8233492374420166,0.07298941165208817,0.0729123055934906,True
r4_random,product,200,art,real_world,0.9912740588188171,0.4625451862812042,0.3220519423484802,0.023653974756598473,0.007931912317872047,True
r4_random,product,200,art,pooled,0.9880191683769226,0.5511768460273743,0.34913766384124756,0.027483666315674782,0.009462709538638592,True
r4_random,product,200,art,product,0.9881486296653748,0.5463925004005432,0.3488457500934601,0.027258390560746193,0.009375005960464478,True
r4_random,product,200,clipart,art,0.899215817451477,1.7135618925094604,0.8233492374420166,0.07298941165208817,0.06469176709651947,True
r4_random,product,200,clipart,real_world,0.9258297681808472,1.5495508909225464,0.691658079624176,0.06285199522972107,0.05003047734498978,True
r4_random,product,200,clipart,pooled,0.9469770789146423,1.3148711919784546,0.5976275205612183,0.05564316362142563,0.03711064159870148,True
r4_random,product,200,clipart,product,0.9463791847229004,1.3233619928359985,0.601488471031189,0.05541788414120674,0.03754434734582901,True
r4_random,product,200,real_world,art,0.9912740588188171,0.4625451862812042,0.3220519423484802,0.023653974756598473,0.008011029101908207,True
r4_random,product,200,real_world,clipart,0.9258297681808472,1.5495508909225464,0.691658079624176,0.06285199522972107,0.056636396795511246,True
r4_random,product,200,real_world,pooled,0.997097909450531,0.2851047217845917,0.13573385775089264,0.010587969794869423,0.002055329969152808,True
r4_random,product,200,real_world,product,0.9972211122512817,0.27772825956344604,0.13525304198265076,0.010813245549798012,0.001978498650714755,True
r4_random,product,200,pooled,art,1.0,0.0,0.0,0.0,1.4902339084965632e-10,False
r4_random,product,200,pooled,clipart,1.0,0.0,0.0,0.0,1.4902339084965632e-10,False
r4_random,product,200,pooled,real_world,1.0,0.0,0.0,0.0,1.4902339084965632e-10,False
r4_random,product,200,pooled,product,1.0,0.0,0.0,0.0,1.4902339084965632e-10,False
r4_random,product,200,product,art,0.9981511235237122,0.2003641426563263,0.14308777451515198,0.011263797990977764,0.0021536904387176037,True
r4_random,product,200,product,clipart,0.9982212781906128,0.19227764010429382,0.13914261758327484,0.011714349500834942,0.0020427105482667685,True
r4_random,product,200,product,real_world,0.9983230829238892,0.1881573349237442,0.13500463962554932,0.011263797990977764,0.001956417690962553,True
r4_random,product,200,product,pooled,0.9979819655418396,0.20915688574314117,0.14973630011081696,0.012615453451871872,0.0023858100175857544,True
r4_random,product,400,art,clipart,0.8984508514404297,1.7423105239868164,1.0245964527130127,0.08583013713359833,0.09725306183099747,True
r4_random,product,400,art,real_world,0.9536457657814026,1.1053502559661865,0.6825098395347595,0.05068708956241608,0.03676850348711014,True
r4_random,product,400,art,pooled,0.9798792600631714,0.8955392241477966,0.5077968835830688,0.0400991216301918,0.019736729562282562,True
r4_random,product,400,art,product,0.9794895052909851,0.904486894607544,0.5154103636741638,0.04077494889497757,0.01997612603008747,True
r4_random,product,400,clipart,art,0.8984508514404297,1.7423105239868164,1.0245964527130127,0.08583013713359833,0.08885543048381805,True
r4_random,product,400,clipart,real_world,0.8882989287376404,1.6307294368743896,1.009809970855713,0.08785762637853622,0.08968249708414078,True
r4_random,product,400,clipart,pooled,0.926343560218811,1.3987431526184082,0.8246506452560425,0.0743410661816597,0.061306823045015335,True
r4_random,product,400,clipart,product,0.9260714054107666,1.408574104309082,0.8269459009170532,0.07546744495630264,0.061784494668245316,True
r4_random,product,400,real_world,art,0.9536457657814026,1.1053502559661865,0.6825098395347595,0.05068708956241608,0.038139231503009796,True
r4_random,product,400,real_world,clipart,0.8882989287376404,1.6307294368743896,1.009809970855713,0.08785762637853622,0.09897977858781815,True
r4_random,product,400,real_world,pooled,0.9890725016593933,0.4075829088687897,0.3223724067211151,0.023653974756598473,0.007942460477352142,True
r4_random,product,400,real_world,product,0.9890131950378418,0.4050320088863373,0.3256668448448181,0.02432980388402939,0.008013071492314339,True
r4_random,product,400,pooled,art,1.0,0.0,0.0,0.0,1.694854256939493e-10,False
r4_random,product,400,pooled,clipart,1.0,0.0,0.0,0.0,1.694854256939493e-10,False
r4_random,product,400,pooled,real_world,1.0,0.0,0.0,0.0,1.694854256939493e-10,False
r4_random,product,400,pooled,product,1.0,0.0,0.0,0.0,1.694854256939493e-10,False
r4_random,product,400,product,art,0.9985268115997314,0.17606672644615173,0.12749841809272766,0.012164901942014694,0.0015522509347647429,True
r4_random,product,400,product,clipart,0.9985660314559937,0.17302456498146057,0.12450744211673737,0.012615453451871872,0.001502286409959197,True
r4_random,product,400,product,real_world,0.998649001121521,0.16937877237796783,0.12047917395830154,0.012164901942014694,0.0014178786659613252,True
r4_random,product,400,product,pooled,0.9983888864517212,0.18406105041503906,0.13316579163074493,0.012390177696943283,0.001714850775897503,True
r4_random,product,600,art,clipart,0.9021975994110107,2.14982271194458,1.0824016332626343,0.08785762637853622,0.09691513329744339,True
r4_random,product,600,art,real_world,0.9253893494606018,1.9949712753295898,0.7903754711151123,0.06397837400436401,0.04607110470533371,True
r4_random,product,600,art,pooled,0.97171950340271,1.3464921712875366,0.5232573747634888,0.041450776159763336,0.019995570182800293,True
r4_random,product,600,art,product,0.9716431498527527,1.368135690689087,0.5225592255592346,0.041450776159763336,0.01988808624446392,True
r4_random,product,600,clipart,art,0.9021975994110107,2.14982271194458,1.0824016332626343,0.08785762637853622,0.0862978994846344,True
r4_random,product,600,clipart,real_world,0.8746545314788818,1.5731828212738037,1.0292994976043701,0.08695652335882187,0.09464836865663528,True
r4_random,product,600,clipart,pooled,0.93310546875,1.2699711322784424,0.844026505947113,0.07118720561265945,0.057644136250019073,True
r4_random,product,600,clipart,product,0.9336594939231873,1.2668150663375854,0.8420270681381226,0.0702861025929451,0.05735358968377113,True
r4_random,product,600,real_world,art,0.9253893494606018,1.9949712753295898,0.7903754711151123,0.06397837400436401,0.045044492930173874,True
r4_random,product,600,real_world,clipart,0.8746545314788818,1.5731828212738037,1.0292994976043701,0.08695652335882187,0.10033451020717621,True
r4_random,product,600,real_world,pooled,0.9808061718940735,0.76953125,0.39390212297439575,0.03131335973739624,0.011930828914046288,True
r4_random,product,600,real_world,product,0.9805209040641785,0.7517759203910828,0.3993097245693207,0.03153863549232483,0.01227402314543724,True
r4_random,product,600,pooled,art,1.0,0.0,0.0,0.0,4.2714706771640465e-10,False
r4_random,product,600,pooled,clipart,1.0,0.0,0.0,0.0,4.2714706771640465e-10,False
r4_random,product,600,pooled,real_world,1.0,0.0,0.0,0.0,4.2714706771640465e-10,False
r4_random,product,600,pooled,product,1.0,0.0,0.0,0.0,4.2714706771640465e-10,False
r4_random,product,600,product,art,0.9983577132225037,0.18737301230430603,0.1383550763130188,0.012164901942014694,0.0017496366053819656,True
r4_random,product,600,product,clipart,0.9984049797058105,0.18371860682964325,0.13515202701091766,0.012390177696943283,0.0016890797996893525,True
r4_random,product,600,product,real_world,0.9984828233718872,0.18067900836467743,0.13199923932552338,0.011263797990977764,0.0016262868884950876,True
r4_random,product,600,product,pooled,0.9981921911239624,0.19642147421836853,0.1449899673461914,0.01284072920680046,0.0019341158913448453,True
r4_random,product,800,art,clipart,0.8822016716003418,2.117112398147583,1.090146541595459,0.0943906232714653,0.09744228422641754,True
r4_random,product,800,art,real_world,0.8795720934867859,1.9745818376541138,0.9641637802124023,0.08470375835895538,0.08129966259002686,True
r4_random,product,800,art,pooled,0.959817111492157,1.3294538259506226,0.6406875252723694,0.05924757570028305,0.037540145218372345,True
r4_random,product,800,art,product,0.9593037366867065,1.3555521965026855,0.641746997833252,0.05947285145521164,0.037556108087301254,True
r4_random,product,800,clipart,art,0.8822016716003418,2.117112398147583,1.090146541595459,0.0943906232714653,0.09173112362623215,True
r4_random,product,800,clipart,real_world,0.8549578189849854,1.6288974285125732,1.0698004961013794,0.0804235190153122,0.07734908908605576,True
r4_random,product,800,clipart,pooled,0.93895423412323,1.2035428285598755,0.7670550346374512,0.05406622961163521,0.03766224533319473,True
r4_random,product,800,clipart,product,0.9388134479522705,1.2030613422393799,0.7652913331985474,0.05361567810177803,0.037186168134212494,True
r4_random,product,800,real_world,art,0.8795720934867859,1.9745818376541138,0.9641637802124023,0.08470375835895538,0.08731771260499954,True
r4_random,product,800,real_world,clipart,0.8549578189849854,1.6288974285125732,1.0698004961013794,0.0804235190153122,0.08610478043556213,True
r4_random,product,800,real_world,pooled,0.9617354869842529,0.8601720333099365,0.5161832571029663,0.038071636110544205,0.01902938075363636,True
r4_random,product,800,real_world,product,0.9619237780570984,0.8359009623527527,0.5186389684677124,0.03919801861047745,0.01942148618400097,True
r4_random,product,800,pooled,art,1.0,0.0,0.0,0.0,-4.046152579650908e-10,False
r4_random,product,800,pooled,clipart,1.0,0.0,0.0,0.0,-4.046152579650908e-10,False
r4_random,product,800,pooled,real_world,1.0,0.0,0.0,0.0,-4.046152579650908e-10,False
r4_random,product,800,pooled,product,1.0,0.0,0.0,0.0,-4.046152579650908e-10,False
r4_random,product,800,product,art,0.9984062910079956,0.17659005522727966,0.1288089007139206,0.010813245549798012,0.0013281021965667605,True
r4_random,product,800,product,clipart,0.9984583854675293,0.17322126030921936,0.12599100172519684,0.010362694039940834,0.0012754458002746105,True
r4_random,product,800,product,real_world,0.9985290765762329,0.170332133769989,0.123652882874012,0.010362694039940834,0.001220037927851081,True
r4_random,product,800,product,pooled,0.9982295036315918,0.18694435060024261,0.13650333881378174,0.011489073745906353,0.0014980335254222155,True
r4_random,product,1000,art,clipart,0.894166886806488,1.9931612014770508,1.057849645614624,0.08109934628009796,0.08496807515621185,True
r4_random,product,1000,art,real_world,0.9001633524894714,1.6054141521453857,0.9677717685699463,0.06893444061279297,0.06480283290147781,True
r4_random,product,1000,art,pooled,0.9672814011573792,1.149312973022461,0.599014401435852,0.04460464045405388,0.02597765251994133,True
r4_random,product,1000,art,product,0.9668645262718201,1.1758239269256592,0.601023256778717,0.04370353743433952,0.026109853759407997,True
r4_random,product,1000,clipart,art,0.894166886806488,1.9931612014770508,1.057849645614624,0.08109934628009796,0.07769124954938889,True
r4_random,product,1000,clipart,real_world,0.8481512069702148,1.5889432430267334,1.1828309297561646,0.08064879477024078,0.09103745967149734,True
r4_random,product,1000,clipart,pooled,0.9402550458908081,1.1871452331542969,0.8161923885345459,0.06104978546500206,0.044006794691085815,True
r4_random,product,1000,clipart,product,0.9417740106582642,1.1674920320510864,0.805715024471283,0.060148682445287704,0.04295463487505913,True
r4_random,product,1000,real_world,art,0.9001633524894714,1.6054141521453857,0.9677717685699463,0.06893444061279297,0.06818285584449768,True
r4_random,product,1000,real_world,clipart,0.8481512069702148,1.5889432430267334,1.1828309297561646,0.08064879477024078,0.10578695684671402,True
r4_random,product,1000,real_world,pooled,0.9615787267684937,0.7576655745506287,0.5707104802131653,0.0421266034245491,0.021475663408637047,True
r4_random,product,1000,real_world,product,0.9604968428611755,0.7577963471412659,0.5797666311264038,0.043478261679410934,0.022151518613100052,True
r4_random,product,1000,pooled,art,1.0,0.0,0.0,0.0,-9.066999928641906e-11,False
r4_random,product,1000,pooled,clipart,1.0,0.0,0.0,0.0,-9.066999928641906e-11,False
r4_random,product,1000,pooled,real_world,1.0,0.0,0.0,0.0,-9.066999928641906e-11,False
r4_random,product,1000,pooled,product,1.0,0.0,0.0,0.0,-9.066999928641906e-11,False
r4_random,product,1000,product,art,0.9986845850944519,0.1617601364850998,0.12191735208034515,0.007659382652491331,0.0010820070747286081,True
r4_random,product,1000,product,clipart,0.9986953735351562,0.15963833034038544,0.12067902833223343,0.007884658873081207,0.001060197944752872,True
r4_random,product,1000,product,real_world,0.9987730979919434,0.15554922819137573,0.1181858479976654,0.007434106431901455,0.0010046216193586588,True
r4_random,product,1000,product,pooled,0.9985548853874207,0.16999278962612152,0.1275382786989212,0.008109934628009796,0.001196230761706829,True
r4_random,real_world,0,art,clipart,0.9188763499259949,1.5983065366744995,1.3171186447143555,0.5753958821296692,0.6053544878959656,True
r4_random,real_world,0,art,product,0.897304892539978,1.6000139713287354,1.2394914627075195,0.6004131436347961,0.5726319551467896,True
r4_random,real_world,0,art,pooled,0.9387184381484985,1.1040241718292236,0.8194853663444519,0.477163165807724,0.35313722491264343,True
r4_random,real_world,0,art,real_world,0.9102098345756531,1.8696547746658325,1.2866288423538208,0.5405095219612122,0.5597890615463257,True
r4_random,real_world,0,clipart,art,0.9188763499259949,1.5983065366744995,1.3171186447143555,0.5753958821296692,0.5189841389656067,True
r4_random,real_world,0,clipart,product,0.9145928025245667,1.4387259483337402,1.128918170928955,0.6440210938453674,0.45314720273017883,True
r4_random,real_world,0,clipart,pooled,0.9353358149528503,1.4567315578460693,1.2854214906692505,0.5591002702713013,0.3554948568344116,True
r4_random,real_world,0,clipart,real_world,0.8991842865943909,1.9214707612991333,1.5759817361831665,0.6293321251869202,0.5258724689483643,True
r4_random,real_world,0,product,art,0.897304892539978,1.6000139713287354,1.2394914627075195,0.6004131436347961,0.6714334487915039,True
r4_random,real_world,0,product,clipart,0.9145928025245667,1.4387259483337402,1.128918170928955,0.6440210938453674,0.5682675838470459,True
r4_random,real_world,0,product,pooled,0.9253966212272644,1.4608500003814697,1.249682903289795,0.5953637957572937,0.5394175052642822,True
r4_random,real_world,0,product,real_world,0.8883049488067627,1.777583122253418,1.2835015058517456,0.6006426215171814,0.5012539625167847,True
r4_random,real_world,0,pooled,art,1.0,0.0,0.0,0.0,2.1851780385162556e-09,False
r4_random,real_world,0,pooled,clipart,1.0,0.0,0.0,0.0,2.1851780385162556e-09,False
r4_random,real_world,0,pooled,product,1.0,0.0,0.0,0.0,2.1851780385162556e-09,False
r4_random,real_world,0,pooled,real_world,1.0,0.0,0.0,0.0,2.1851780385162556e-09,False
r4_random,real_world,0,real_world,art,0.9102098345756531,1.8696547746658325,1.2866288423538208,0.5405095219612122,0.6973220109939575,True
r4_random,real_world,0,real_world,clipart,0.8991842865943909,1.9214707612991333,1.5759817361831665,0.6293321251869202,0.7731208801269531,True
r4_random,real_world,0,real_world,product,0.8883049488067627,1.777583122253418,1.2835015058517456,0.6006426215171814,0.5243100523948669,True
r4_random,real_world,0,real_world,pooled,0.9054932594299316,1.7965099811553955,1.3314343690872192,0.6095937490463257,0.7976940274238586,True
r4_random,real_world,200,art,clipart,0.9571908712387085,1.6472477912902832,0.7166147232055664,0.05646086484193802,0.038467295467853546,True
r4_random,real_world,200,art,product,0.9717739224433899,1.4524846076965332,0.6328830122947693,0.05072297528386116,0.030202407389879227,True
r4_random,real_world,200,art,pooled,0.986195981502533,0.9447351694107056,0.43244338035583496,0.03488638997077942,0.014091878198087215,True
r4_random,real_world,200,art,real_world,0.9852390885353088,0.9867764115333557,0.4465715289115906,0.03580445051193237,0.01482266467064619,True
r4_random,real_world,200,clipart,art,0.9571908712387085,1.6472477912902832,0.7166147232055664,0.05646086484193802,0.03858402743935585,True
r4_random,real_world,200,clipart,product,0.9841995239257812,0.6643986105918884,0.3303737938404083,0.03488638997077942,0.01171787641942501,True
r4_random,real_world,200,clipart,pooled,0.98783278465271,0.7698398232460022,0.33702975511550903,0.0293780118227005,0.009534393437206745,True
r4_random,real_world,200,clipart,real_world,0.9887742400169373,0.7284567356109619,0.3246670365333557,0.02823043242096901,0.008844682015478611,True
r4_random,real_world,200,product,art,0.9717739224433899,1.4524846076965332,0.6328830122947693,0.05072297528386116,0.03210745006799698,True
r4_random,real_world,200,product,clipart,0.9841995239257812,0.6643986105918884,0.3303737938404083,0.03488638997077942,0.012378886342048645,True
r4_random,real_world,200,product,pooled,0.9948501586914062,0.5764432549476624,0.243962362408638,0.020426899194717407,0.005268137902021408,True
r4_random,real_world,200,product,real_world,0.994976818561554,0.5417644381523132,0.2331601083278656,0.020885929465293884,0.005071055144071579,True
r4_random,real_world,200,pooled,art,1.0,0.0,0.0,0.0,2.928027820203738e-10,False
r4_random,real_world,200,pooled,clipart,1.0,0.0,0.0,0.0,2.928027820203738e-10,False
r4_random,real_world,200,pooled,product,1.0,0.0,0.0,0.0,2.928027820203738e-10,False
r4_random,real_world,200,pooled,real_world,1.0,0.0,0.0,0.0,2.928027820203738e-10,False
r4_random,real_world,200,real_world,art,0.999760091304779,0.08332399278879166,0.06097792834043503,0.005049346014857292,0.00031139314523898065,True
r4_random,real_world,200,real_world,clipart,0.9997631311416626,0.08214639872312546,0.059111617505550385,0.0059674084186553955,0.00030266004614531994,True
r4_random,real_world,200,real_world,product,0.9997445940971375,0.08998763561248779,0.06436409056186676,0.00573789281770587,0.00034146575490012765,True
r4_random,real_world,200,real_world,pooled,0.9997362494468689,0.08287998288869858,0.06412741541862488,0.00573789281770587,0.00034382857847958803,True
r4_random,real_world,400,art,clipart,0.9064513444900513,1.7809216976165771,0.9234376549720764,0.07895340770483017,0.08444546908140182,True
r4_random,real_world,400,art,product,0.9595840573310852,1.4404596090316772,0.8280102014541626,0.058067478239536285,0.04746885597705841,True
r4_random,real_world,400,art,pooled,0.9774191379547119,0.9297521710395813,0.5347291231155396,0.04131282866001129,0.020700305700302124,True
r4_random,real_world,400,art,real_world,0.9752215147018433,0.9679461121559143,0.5630183815956116,0.04246040806174278,0.022906702011823654,True
r4_random,real_world,400,clipart,art,0.9064513444900513,1.7809216976165771,0.9234376549720764,0.07895340770483017,0.07391969114542007,True
r4_random,real_world,400,clipart,product,0.9331794381141663,1.2167950868606567,0.6777304410934448,0.07275648415088654,0.0602760948240757,True
r4_random,real_world,400,clipart,pooled,0.9668449759483337,0.9886025786399841,0.4963967502117157,0.0509524904191494,0.028576238080859184,True
r4_random,real_world,400,clipart,real_world,0.9692268371582031,0.9567878246307373,0.47265228629112244,0.04934588074684143,0.02644006907939911,True
r4_random,real_world,400,product,art,0.9595840573310852,1.4404596090316772,0.8280102014541626,0.058067478239536285,0.04810390993952751,True
r4_random,real_world,400,product,clipart,0.9331794381141663,1.2167950868606567,0.6777304410934448,0.07275648415088654,0.06933660805225372,True
r4_random,real_world,400,product,pooled,0.9829862117767334,0.772102415561676,0.4264485239982605,0.033968325704336166,0.01680724136531353,True
r4_random,real_world,400,product,real_world,0.9830648303031921,0.7514498233795166,0.415387362241745,0.03511590510606766,0.016872333362698555,True
r4_random,real_world,400,pooled,art,1.0,0.0,0.0,0.0,-3.3469738092151147e-10,False
r4_random,real_world,400,pooled,clipart,1.0,0.0,0.0,0.0,-3.3469738092151147e-10,False
r4_random,real_world,400,pooled,product,1.0,0.0,0.0,0.0,-3.3469738092151147e-10,False
r4_random,real_world,400,pooled,real_world,1.0,0.0,0.0,0.0,-3.3469738092151147e-10,False
r4_random,real_world,400,real_world,art,0.9997673630714417,0.0694642886519432,0.05284823849797249,0.0036722514778375626,0.0002231710823252797,True
r4_random,real_world,400,real_world,clipart,0.9997753500938416,0.0707348883152008,0.05122220888733864,0.0029837042093276978,0.00021389311586972326,True
r4_random,real_world,400,real_world,product,0.9997490644454956,0.07718014717102051,0.05508523806929588,0.0034427358768880367,0.00024239336198661476,True
r4_random,real_world,400,real_world,pooled,0.9997501969337463,0.07132425159215927,0.05453541502356529,0.004131282679736614,0.00024269623099826276,True
r4_random,real_world,600,art,clipart,0.9100658893585205,1.7467992305755615,0.9170098900794983,0.08170759677886963,0.08085522055625916,True
r4_random,real_world,600,art,product,0.933814287185669,1.6048102378845215,0.9584194421768188,0.07688776403665543,0.0755554661154747,True
r4_random,real_world,600,art,pooled,0.9754557609558105,0.9687718749046326,0.5576911568641663,0.04567362740635872,0.02368505485355854,True
r4_random,real_world,600,art,real_world,0.9734917283058167,0.9995778799057007,0.5875347256660461,0.04705072194337845,0.02615674026310444,True
r4_random,real_world,600,clipart,art,0.9100658893585205,1.7467992305755615,0.9170098900794983,0.08170759677886963,0.0696955993771553,True
r4_random,real_world,600,clipart,product,0.8906785249710083,1.5754907131195068,0.9618822932243347,0.08537984639406204,0.0868556797504425,True
r4_random,real_world,600,clipart,pooled,0.9583612084388733,1.0889828205108643,0.5833677053451538,0.056919898837804794,0.0343419685959816,True
r4_random,real_world,600,clipart,real_world,0.9577839970588684,1.1070550680160522,0.5831776857376099,0.05623134970664978,0.034505121409893036,True
r4_random,real_world,600,product,art,0.933814287185669,1.6048102378845215,0.9584194421768188,0.07688776403665543,0.0767107829451561,True
r4_random,real_world,600,product,clipart,0.8906785249710083,1.5754907131195068,0.9618822932243347,0.08537984639406204,0.10226280987262726,True
r4_random,real_world,600,product,pooled,0.9694064855575562,0.991370677947998,0.5695508122444153,0.04429653286933899,0.028276829048991203,True
r4_random,real_world,600,product,real_world,0.9718540906906128,0.95931077003479,0.5467222332954407,0.042230892926454544,0.02618306316435337,True
r4_random,real_world,600,pooled,art,1.0,0.0,0.0,0.0,-2.357280204368095e-10,False
r4_random,real_world,600,pooled,clipart,1.0,0.0,0.0,0.0,-2.357280204368095e-10,False
r4_random,real_world,600,pooled,product,1.0,0.0,0.0,0.0,-2.357280204368095e-10,False
r4_random,real_world,600,pooled,real_world,1.0,0.0,0.0,0.0,-2.357280204368095e-10,False
r4_random,real_world,600,real_world,art,0.9996612668037415,0.08081778883934021,0.06040258705615997,0.00573789281770587,0.0002933928044512868,True
r4_random,real_world,600,real_world,clipart,0.9997187852859497,0.07436985522508621,0.05447237566113472,0.005278861615806818,0.0002300053311046213,True
r4_random,real_world,600,real_world,product,0.9997230172157288,0.07418440282344818,0.05429120734333992,0.005508377216756344,0.00021727742569055408,True
r4_random,real_world,600,real_world,pooled,0.9997000098228455,0.07521664351224899,0.05707157775759697,0.005508377216756344,0.0002520803827792406,True
r4_random,real_world,800,art,clipart,0.9171481728553772,1.806888222694397,1.0238574743270874,0.08010098338127136,0.08385834842920303,True
r4_random,real_world,800,art,product,0.9047974944114685,1.9106113910675049,1.1443769931793213,0.07780582457780838,0.08428133279085159,True
r4_random,real_world,800,art,pooled,0.9666358232498169,1.2342833280563354,0.6884130835533142,0.048886846750974655,0.029181746765971184,True
r4_random,real_world,800,art,real_world,0.965182363986969,1.2484697103500366,0.7058761715888977,0.050263941287994385,0.030680261552333832,True
r4_random,real_world,800,clipart,art,0.9171481728553772,1.806888222694397,1.0238574743270874,0.08010098338127136,0.06961830705404282,True
r4_random,real_world,800,clipart,product,0.9020660519599915,1.410679578781128,0.9534651637077332,0.07757630944252014,0.07310294359922409,True
r4_random,real_world,800,clipart,pooled,0.9745896458625793,0.7937101721763611,0.5256783366203308,0.046132657676935196,0.024878472089767456,True
r4_random,real_world,800,clipart,real_world,0.9753807783126831,0.7889867424964905,0.5168975591659546,0.044755563139915466,0.024493364617228508,True
r4_random,real_world,800,product,art,0.9047974944114685,1.9106113910675049,1.1443769931793213,0.07780582457780838,0.07904016226530075,True
r4_random,real_world,800,product,clipart,0.9020660519599915,1.410679578781128,0.9534651637077332,0.07757630944252014,0.0825406089425087,True
r4_random,real_world,800,product,pooled,0.9560234546661377,1.0500949621200562,0.6669131517410278,0.04544411227107048,0.030722694471478462,True
r4_random,real_world,800,product,real_world,0.9565781950950623,1.0402110815048218,0.6583208441734314,0.04636217653751373,0.030244838446378708,True
r4_random,real_world,800,pooled,art,1.0,0.0,0.0,0.0,-3.3073355165669227e-10,False
r4_random,real_world,800,pooled,clipart,1.0,0.0,0.0,0.0,-3.3073355165669227e-10,False
r4_random,real_world,800,pooled,product,1.0,0.0,0.0,0.0,-3.3073355165669227e-10,False
r4_random,real_world,800,pooled,real_world,1.0,0.0,0.0,0.0,-3.3073355165669227e-10,False
r4_random,real_world,800,real_world,art,0.9995923638343811,0.08704447746276855,0.0615563802421093,0.004819829948246479,0.0003193549928255379,True
r4_random,real_world,800,real_world,clipart,0.9996469616889954,0.0803104117512703,0.056465961039066315,0.005049346014857292,0.0002717579482123256,True
r4_random,real_world,800,real_world,product,0.9996715784072876,0.07820374518632889,0.054036155343055725,0.004590314347296953,0.00024434368242509663,True
r4_random,real_world,800,real_world,pooled,0.9996293187141418,0.08265537768602371,0.05894574150443077,0.005049346014857292,0.0002918761456385255,True
r4_random,real_world,1000,art,clipart,0.9174904227256775,1.6780102252960205,1.0620898008346558,0.07918292284011841,0.09423061460256577,True
r4_random,real_world,1000,art,product,0.8832387924194336,2.0869171619415283,1.2084128856658936,0.08354371786117554,0.1011970266699791,True
r4_random,real_world,1000,art,pooled,0.9643656015396118,1.1541748046875,0.7252384424209595,0.05232958495616913,0.034719694405794144,True
r4_random,real_world,1000,art,real_world,0.959745466709137,1.2079102993011475,0.7708683013916016,0.055313289165496826,0.038572318851947784,True
r4_random,real_world,1000,clipart,art,0.9174904227256775,1.6780102252960205,1.0620898008346558,0.07918292284011841,0.0785008892416954,True
r4_random,real_world,1000,clipart,product,0.8697333931922913,1.9060453176498413,1.1015838384628296,0.08836355060338974,0.10323363542556763,True
r4_random,real_world,1000,clipart,pooled,0.9717722535133362,0.8381873369216919,0.587071418762207,0.04865733161568642,0.03364855796098709,True
r4_random,real_world,1000,clipart,real_world,0.9726109504699707,0.8308606743812561,0.5747076869010925,0.05049345642328262,0.03335915878415108,True
r4_random,real_world,1000,product,art,0.8832387924194336,2.0869171619415283,1.2084128856658936,0.08354371786117554,0.10570836067199707,True
r4_random,real_world,1000,product,clipart,0.8697333931922913,1.9060453176498413,1.1015838384628296,0.08836355060338974,0.12401185184717178,True
r4_random,real_world,1000,product,pooled,0.9396133422851562,1.4003665447235107,0.7453431487083435,0.054395224899053574,0.0414583683013916,True
r4_random,real_world,1000,product,real_world,0.942383885383606,1.3693900108337402,0.7235212922096252,0.0509524904191494,0.03940669819712639,True
r4_random,real_world,1000,pooled,art,1.0,0.0,0.0,0.0,-4.5754783295492985e-10,False
r4_random,real_world,1000,pooled,clipart,1.0,0.0,0.0,0.0,-4.5754783295492985e-10,False
r4_random,real_world,1000,pooled,product,1.0,0.0,0.0,0.0,-4.5754783295492985e-10,False
r4_random,real_world,1000,pooled,real_world,1.0,0.0,0.0,0.0,-4.5754783295492985e-10,False
r4_random,real_world,1000,real_world,art,0.9997074007987976,0.07189956307411194,0.05166194587945938,0.002754188608378172,0.00019916583551093936,True
r4_random,real_world,1000,real_world,clipart,0.9997140765190125,0.07166197150945663,0.050639502704143524,0.002754188608378172,0.00018787974840961397,True
r4_random,real_world,1000,real_world,product,0.9997432827949524,0.07008326798677444,0.04768654331564903,0.0016066100215539336,0.00016420656174886972,True
r4_random,real_world,1000,real_world,pooled,0.9997288584709167,0.06913404166698456,0.04897437244653702,0.0032132200431078672,0.00018469945644028485,True
